============================================================
   Tang Dynasty, V6.2.168116
   Copyright (c) 2012-2025 Anlogic Inc.
   Executable = F:/AnlogicFpga/TD_6.2.1_Engineer_6.2.168.116/bin/td_commands_prompt.exe
   Built at =   16:32:07 Jun 12 2025
   Run by =     pc
   Run Date =   Tue Sep 29 17:53:13 2026

   Run on =     CIRBUG
============================================================
RUN-1002 : start command "import_device ph1_35p.db -package PH1P35MDG324 -speed 3"
ARC-1001 : Device Initialization.
ARC-1001 : ----------------------------------------------------------------
ARC-1001 :           OPTION          |          IO           |   SETTING   
ARC-1001 : ----------------------------------------------------------------
ARC-1001 :   non_jtag_persist(none)  |        35 IOs         |    gpio    
ARC-1001 :            jtag           |  P13/P15/L14/R13/T13  |  dedicate  
ARC-1001 : ----------------------------------------------------------------
RUN-1003 : finish command "import_device ph1_35p.db -package PH1P35MDG324 -speed 3" in  2.353897s wall, 2.093750s user + 0.093750s system = 2.187500s CPU (92.9%)

RUN-1004 : used memory is 338 MB, reserved memory is 321 MB, peak memory is 338 MB
RUN-1002 : start command "open_project camera_to_dsi_display.prj -noanalyze"
RUN-1002 : start command "import_db ../syn_1/camera_to_dsi_display_gate.db"
RUN-1001 : Importing database generated by Tang Dynasty, V6.2.168116.
RUN-1001 : Database version number 46207
RUN-1001 : Import flow parameters
RUN-1001 : Import netlist
RUN-1001 : Import timing constraints
RUN-1001 : Import IO constraints
RUN-1001 : Import Inst constraints
RUN-1001 : Import ChipWatcher
RUN-1001 : Import design success TD_VERSION=6.2.168116 , DB_VERSION=46207
RUN-1003 : finish command "import_db ../syn_1/camera_to_dsi_display_gate.db" in  1.172457s wall, 0.765625s user + 0.078125s system = 0.843750s CPU (72.0%)

RUN-1004 : used memory is 555 MB, reserved memory is 547 MB, peak memory is 555 MB
RUN-1002 : start command "commit_param -step place"
RUN-1001 : Print Global Property
RUN-1001 : -------------------------------------------------------------
RUN-1001 :     Parameters    |   Settings   |  Default Values  |  Note  
RUN-1001 : -------------------------------------------------------------
RUN-1001 :    enable_seed    |     off      |       off        |        
RUN-1001 :    hfn_to_clock   |  1000000000  |    1000000000    |        
RUN-1001 :      message      |   standard   |     standard     |        
RUN-1001 :    qor_monitor    |      on      |        on        |        
RUN-1001 :   speedup_effort  |      0       |        0         |        
RUN-1001 :    syn_ip_flow    |     off      |       off        |        
RUN-1001 :       thread      |      32      |       auto       |   *    
RUN-1001 : -------------------------------------------------------------
RUN-1001 : Print Place Property
RUN-1001 : ---------------------------------------------------------------
RUN-1001 :       Parameters      |  Settings  |  Default Values  |  Note  
RUN-1001 : ---------------------------------------------------------------
RUN-1001 :         effort        |   medium   |      medium      |        
RUN-1001 :     hfn_opt_effort    |   medium   |      medium      |        
RUN-1001 :    logic_level_opt    |    off     |       off        |        
RUN-1001 :   macro_performance   |    auto    |       auto       |        
RUN-1001 :       max_fanout      |   999999   |      999999      |        
RUN-1001 :       opt_timing      |   medium   |      medium      |        
RUN-1001 :     post_place_opt    |    auto    |       auto       |        
RUN-1001 :      pr_strategy      |     1      |        1         |        
RUN-1001 :   preplace_floorplan  |    off     |       off        |        
RUN-1001 : ---------------------------------------------------------------
RUN-1002 : start command "insert_debugger ../../chip_debugger"
RUN-1002 : start command "config_chipwatcher ../../chip_debugger/user.cfg"
RUN-1002 : start command "update_timing"
RUN-1002 : start command "start_timer"
USR-1002 : Derived clock:  create_generated_clock -name {u_PLL/ph1p_phy_pll_wrapper_25a56e5ce2f9_Inst/u_PH1P_PHY_PLL.clkc[0]} -source [get_ports {I_sys_clk}] -master_clock {sys_clk_50m} -multiply_by 2.0000 -duty_cycle 50.0000 [get_pins {u_PLL/ph1p_phy_pll_wrapper_25a56e5ce2f9_Inst/u_PH1P_PHY_PLL.clkc[0]}]
USR-1002 : Derived clock:  create_generated_clock -name {u_PLL/ph1p_phy_pll_wrapper_25a56e5ce2f9_Inst/u_PH1P_PHY_PLL.clkc[1]} -source [get_ports {I_sys_clk}] -master_clock {sys_clk_50m} -divide_by 2.1000 -duty_cycle 50.0000 [get_pins {u_PLL/ph1p_phy_pll_wrapper_25a56e5ce2f9_Inst/u_PH1P_PHY_PLL.clkc[1]}]
USR-1002 : Derived clock:  create_generated_clock -name {u_PLL/ph1p_phy_pll_wrapper_25a56e5ce2f9_Inst/u_PH1P_PHY_PLL.clkc[2]} -source [get_ports {I_sys_clk}] -master_clock {sys_clk_50m} -multiply_by 1.0000 -duty_cycle 50.0000 [get_pins {u_PLL/ph1p_phy_pll_wrapper_25a56e5ce2f9_Inst/u_PH1P_PHY_PLL.clkc[2]}]
USR-1002 : Derived clock:  create_generated_clock -name {u_PLL/ph1p_phy_pll_wrapper_25a56e5ce2f9_Inst/u_PH1P_PHY_PLL.clkc[3]} -source [get_ports {I_sys_clk}] -master_clock {sys_clk_50m} -multiply_by 6.0000 -duty_cycle 50.0000 [get_pins {u_PLL/ph1p_phy_pll_wrapper_25a56e5ce2f9_Inst/u_PH1P_PHY_PLL.clkc[3]}]
USR-1002 : Derived clock:  create_generated_clock -name {u_PLL/ph1p_phy_pll_wrapper_25a56e5ce2f9_Inst/u_PH1P_PHY_PLL.clkc[4]} -source [get_ports {I_sys_clk}] -master_clock {sys_clk_50m} -multiply_by 1.5000 -duty_cycle 50.0000 [get_pins {u_PLL/ph1p_phy_pll_wrapper_25a56e5ce2f9_Inst/u_PH1P_PHY_PLL.clkc[4]}]
USR-1002 : Derived clock:  create_generated_clock -name {u_PLL/ph1p_phy_pll_wrapper_25a56e5ce2f9_Inst/u_PH1P_PHY_PLL.clkc[5]} -source [get_ports {I_sys_clk}] -master_clock {sys_clk_50m} -multiply_by 7.5000 -duty_cycle 50.0000 [get_pins {u_PLL/ph1p_phy_pll_wrapper_25a56e5ce2f9_Inst/u_PH1P_PHY_PLL.clkc[5]}]
USR-1002 : Derived clock:  create_generated_clock -name {u_ph1p35_324_ddr_wrapper/u_ddr2/ph1p_ddrmc_wrapper/ph1p_ddrmc_top/u_ddr_phy/u_ddrphy_top/u_ddrphy_clk/u_pll0/u_pll_inst.clkc[0]} -source [get_ports {I_sys_clk}] -master_clock {sys_clk_50m} -multiply_by 1.3333 -duty_cycle 50.0000 [get_pins {u_ph1p35_324_ddr_wrapper/u_ddr2/ph1p_ddrmc_wrapper/ph1p_ddrmc_top/u_ddr_phy/u_ddrphy_top/u_ddrphy_clk/u_pll0/u_pll_inst.clkc[0]}]
USR-1002 : Derived clock:  create_generated_clock -name {u_ph1p35_324_ddr_wrapper/u_ddr2/ph1p_ddrmc_wrapper/ph1p_ddrmc_top/u_ddr_phy/u_ddrphy_top/u_ddrphy_clk/u_pll0/u_pll_inst.clkc[1]} -source [get_ports {I_sys_clk}] -master_clock {sys_clk_50m} -multiply_by 1.3333 -duty_cycle 50.0000 [get_pins {u_ph1p35_324_ddr_wrapper/u_ddr2/ph1p_ddrmc_wrapper/ph1p_ddrmc_top/u_ddr_phy/u_ddrphy_top/u_ddrphy_clk/u_pll0/u_pll_inst.clkc[1]}]
USR-1002 : Derived clock:  create_generated_clock -name {u_ph1p35_324_ddr_wrapper/u_ddr2/ph1p_ddrmc_wrapper/ph1p_ddrmc_top/u_ddr_phy/u_ddrphy_top/u_ddrphy_clk/u_pll0/u_pll_inst.clkc[2]} -source [get_ports {I_sys_clk}] -master_clock {sys_clk_50m} -multiply_by 5.3333 -duty_cycle 50.0000 [get_pins {u_ph1p35_324_ddr_wrapper/u_ddr2/ph1p_ddrmc_wrapper/ph1p_ddrmc_top/u_ddr_phy/u_ddrphy_top/u_ddrphy_clk/u_pll0/u_pll_inst.clkc[2]}]
USR-1002 : Derived clock:  create_generated_clock -name {u_ph1p35_324_ddr_wrapper/u_ddr2/ph1p_ddrmc_wrapper/ph1p_ddrmc_top/u_ddr_phy/u_ddrphy_top/u_ddrphy_clk/u_pll0/u_pll_inst.clkc[3]} -source [get_ports {I_sys_clk}] -master_clock {sys_clk_50m} -divide_by 1.9687 -duty_cycle 50.0000 [get_pins {u_ph1p35_324_ddr_wrapper/u_ddr2/ph1p_ddrmc_wrapper/ph1p_ddrmc_top/u_ddr_phy/u_ddrphy_top/u_ddrphy_clk/u_pll0/u_pll_inst.clkc[3]}]
USR-1002 : Derived clock:  create_generated_clock -name {u_ph1p35_324_ddr_wrapper/u_ddr2/ph1p_ddrmc_wrapper/ph1p_ddrmc_top/u_ddr_phy/u_ddrphy_top/u_ddrphy_clk/u_pll1/u_pll_inst.clkc[0]} -source [get_pins {u_ph1p35_324_ddr_wrapper/u_ddr2/ph1p_ddrmc_wrapper/ph1p_ddrmc_top/u_ddr_phy/u_ddrphy_top/u_ddrphy_clk/u_pll0/u_pll_inst.clkc[0]}] -master_clock {u_ph1p35_324_ddr_wrapper/u_ddr2/ph1p_ddrmc_wrapper/ph1p_ddrmc_top/u_ddr_phy/u_ddrphy_top/u_ddrphy_clk/u_pll0/u_pll_inst.clkc[0]} -multiply_by 1.0000 -duty_cycle 50.0000 [get_pins {u_ph1p35_324_ddr_wrapper/u_ddr2/ph1p_ddrmc_wrapper/ph1p_ddrmc_top/u_ddr_phy/u_ddrphy_top/u_ddrphy_clk/u_pll1/u_pll_inst.clkc[0]}]
8.888000
15.000000
15.000000
13.333000
RUN-1003 : finish command "start_timer" in  2.385725s wall, 2.343750s user + 0.015625s system = 2.359375s CPU (98.9%)

RUN-1004 : used memory is 722 MB, reserved memory is 713 MB, peak memory is 722 MB
TMR-2502 : Net delay update with mode: Synthesized
RUN-1003 : finish command "update_timing" in  3.658423s wall, 3.609375s user + 0.015625s system = 3.625000s CPU (99.1%)

RUN-1004 : used memory is 812 MB, reserved memory is 802 MB, peak memory is 812 MB
KIT-5603 WARNING: Net S_mcu_gpio0_out is invalid in chipwatcher, ignored.
KIT-5603 WARNING: Net S_mcu_gpio1_out is invalid in chipwatcher, ignored.
KIT-5603 WARNING: Net S_mcu_gpio3_out is invalid in chipwatcher, ignored.
KIT-5603 WARNING: Net S_mcu_gpio4_out is invalid in chipwatcher, ignored.
KIT-1004 : chipwatcher: sanity check successfully
KIT-1004 : Chipwatcher code = 0011110000000000
KIT-1004 : import watcher inst auto_created_cwc1 completed, there are 2 view node(s), 2 trigger net(s), 2 data net(s).
RUN-1003 : finish command "config_chipwatcher ../../chip_debugger/user.cfg" in  3.676741s wall, 3.609375s user + 0.015625s system = 3.625000s CPU (98.6%)

RUN-1004 : used memory is 812 MB, reserved memory is 803 MB, peak memory is 812 MB
RUN-1002 : start command "compile_watcher"
KIT-1004 : Ooc flow for module top_debug_hub is running...
RUN-1002 : start command "import_db -mode ooc cw/debug_hub/top_debug_hub_ooc.db"
USR-1600 : Load OOC design OOC Model: top_debug_hub .
RUN-1001 : Import OOC design success TD_VERSION=6.2.168116 , DB_VERSION=46207
KIT-1004 : Ooc flow for module auto_created_cwc1 is running...
RUN-1002 : start command "import_db -mode ooc cw/auto_created_cwc1/auto_created_cwc1_ooc.db"
USR-1600 : Load OOC design OOC Model: auto_created_cwc1 .
RUN-1001 : Import OOC design success TD_VERSION=6.2.168116 , DB_VERSION=46207
RUN-1003 : finish command "compile_watcher" in  8.869598s wall, 0.281250s user + 0.046875s system = 0.328125s CPU (3.7%)

RUN-1004 : used memory is 827 MB, reserved memory is 842 MB, peak memory is 827 MB
RUN-1002 : start command "pack -eco"
SYN-4002 : Packing 0 DFF/LATCH to SEQ ...
RUN-1002 : start command "legalize_phy_inst"
SYN-1001 : Stage 1 | Legalize Phy Inst
SYN-1011 : Flatten model design_top_wrapper
SYN-1001 : ADC: Instance "u_ph1p35_324_ddr_wrapper/u_ddr2/ph1p_ddrmc_wrapper/ph1p_ddrmc_top/u_ddr_phy/u_ddrphy_top/u_ddrphy/ac_byte[0]$ac_byte_used$u_ddrphy_ac_byte_wrapper/u_ddrphy_byte" LOCATION="X0Y70Z0"
SYN-1001 : ADC: Instance "u_ph1p35_324_ddr_wrapper/u_ddr2/ph1p_ddrmc_wrapper/ph1p_ddrmc_top/u_ddr_phy/u_ddrphy_top/u_ddrphy/ac_byte[1]$ac_byte_used$u_ddrphy_ac_byte_wrapper/u_ddrphy_byte" LOCATION="X0Y60Z0"
SYN-1001 : ADC: Instance "u_ph1p35_324_ddr_wrapper/u_ddr2/ph1p_ddrmc_wrapper/ph1p_ddrmc_top/u_ddr_phy/u_ddrphy_top/u_ddrphy/ac_byte[2]$ac_byte_used$u_ddrphy_ac_byte_wrapper/u_ddrphy_byte" LOCATION="X0Y50Z0"
SYN-1001 : ADC: Instance "u_ph1p35_324_ddr_wrapper/u_ddr2/ph1p_ddrmc_wrapper/ph1p_ddrmc_top/u_ddr_phy/u_ddrphy_top/u_ddrphy/ac_byte[3]$ac_byte_used$u_ddrphy_ac_byte_wrapper/u_ddrphy_byte" LOCATION="X0Y40Z0"
SYN-1001 : ADC: Instance "u_ph1p35_324_ddr_wrapper/u_ddr2/ph1p_ddrmc_wrapper/ph1p_ddrmc_top/u_ddr_phy/u_ddrphy_top/u_ddrphy/bkref[0]$u_ddrphy_bankref" LOCATION="X0Y19Z0"
SYN-1001 : ADC: Instance "u_ph1p35_324_ddr_wrapper/u_ddr2/ph1p_ddrmc_wrapper/ph1p_ddrmc_top/u_ddr_phy/u_ddrphy_top/u_ddrphy/bkref[1]$u_ddrphy_bankref" LOCATION="X0Y59Z0"
SYN-1001 : ADC: Instance "u_ph1p35_324_ddr_wrapper/u_ddr2/ph1p_ddrmc_wrapper/ph1p_ddrmc_top/u_ddr_phy/u_ddrphy_top/u_ddrphy/dx_byte[0]$dx_byte_used$u_ddrphy_dx_byte_wrapper/u_ddrphy_byte" LOCATION="X0Y30Z0"
SYN-1001 : ADC: Instance "u_ph1p35_324_ddr_wrapper/u_ddr2/ph1p_ddrmc_wrapper/ph1p_ddrmc_top/u_ddr_phy/u_ddrphy_top/u_ddrphy/dx_byte[1]$dx_byte_used$u_ddrphy_dx_byte_wrapper/u_ddrphy_byte" LOCATION="X0Y10Z0"
SYN-1001 : ADC: Instance "u_ph1p35_324_ddr_wrapper/u_ddr2/ph1p_ddrmc_wrapper/ph1p_ddrmc_top/u_ddr_phy/u_ddrphy_top/u_ddrphy_clk/ioclk[0]$u_ioclk_0" LOCATION="X0Y59Z0"
SYN-1001 : ADC: Instance "u_ph1p35_324_ddr_wrapper/u_ddr2/ph1p_ddrmc_wrapper/ph1p_ddrmc_top/u_ddr_phy/u_ddrphy_top/u_ddrphy_clk/ioclk[0]$u_ioclk_1" LOCATION="X0Y59Z1"
SYN-1001 : ADC: Instance "u_ph1p35_324_ddr_wrapper/u_ddr2/ph1p_ddrmc_wrapper/ph1p_ddrmc_top/u_ddr_phy/u_ddrphy_top/u_ddrphy_clk/ioclk[1]$u_ioclk_0" LOCATION="X0Y19Z0"
SYN-1001 : ADC: Instance "u_ph1p35_324_ddr_wrapper/u_ddr2/ph1p_ddrmc_wrapper/ph1p_ddrmc_top/u_ddr_phy/u_ddrphy_top/u_ddrphy_clk/ioclk[1]$u_ioclk_1" LOCATION="X0Y19Z1"
SYN-1001 : ADC: Instance "u_ph1p35_324_ddr_wrapper/u_ddr2/ph1p_ddrmc_wrapper/ph1p_ddrmc_top/u_ddr_phy/u_ddrphy_top/u_ddrphy_clk/u_mlclk_1" LOCATION="X0Y59Z0"
SYN-1001 : ADC: Instance "u_ph1p35_324_ddr_wrapper/u_ddr2/ph1p_ddrmc_wrapper/ph1p_ddrmc_top/u_ddr_phy/u_ddrphy_top/u_ddrphy_clk/u_mlclk_2" LOCATION="X0Y59Z1"
SYN-1001 : ADC: Instance "u_ph1p35_324_ddr_wrapper/u_ddr2/ph1p_ddrmc_wrapper/ph1p_ddrmc_top/u_ddr_phy/u_ddrphy_top/u_ddrphy_clk/u_pll0/u_pll_inst" LOCATION="X0Y40Z0"
SYN-1001 : ADC: Instance "u_ph1p35_324_ddr_wrapper/u_ddr2/ph1p_ddrmc_wrapper/ph1p_ddrmc_top/u_ddr_phy/u_ddrphy_top/u_ddrphy_clk/u_pll1/u_pll_inst" LOCATION="X0Y79Z0"
SYN-1001 : End Stage 1 | Legalize Phy Inst; Time: 0.147436s wall, 0.109375s user + 0.031250s system = 0.140625s CPU (95.4%); Memory(MB): used = 827, reserved = 842, peak = 827;

RUN-1003 : finish command "insert_debugger ../../chip_debugger" in  12.714636s wall, 4.031250s user + 0.093750s system = 4.125000s CPU (32.4%)

RUN-1004 : used memory is 827 MB, reserved memory is 842 MB, peak memory is 827 MB
RUN-1002 : start command "place"
RUN-1001 : Open license file F:/AnlogicFpga/TD_6.2.1_Engineer_6.2.168.116/license/Anlogic.lic
PHY-3001 : Placer runs in 32 thread(s).
PHY-1001 : Stage 1 | Initialize Design
PHY-1001 : Stage 1.1 | Build Design
PHY-1001 : 11046 luts, 15272 seqs, 408 mslices, 3497 lslices, 53 pads, 50 brams, 8 dsps
RUN-1002 : start command "legalize_phy_inst"
SYN-1011 : Flatten model design_top_wrapper
SYN-1001 : ADC: Instance "u_ph1p35_324_ddr_wrapper/u_ddr2/ph1p_ddrmc_wrapper/ph1p_ddrmc_top/u_ddr_phy/u_ddrphy_top/u_ddrphy/ac_byte[0]$ac_byte_used$u_ddrphy_ac_byte_wrapper/u_ddrphy_byte" LOCATION="X0Y70Z0"
SYN-1001 : ADC: Instance "u_ph1p35_324_ddr_wrapper/u_ddr2/ph1p_ddrmc_wrapper/ph1p_ddrmc_top/u_ddr_phy/u_ddrphy_top/u_ddrphy/ac_byte[1]$ac_byte_used$u_ddrphy_ac_byte_wrapper/u_ddrphy_byte" LOCATION="X0Y60Z0"
SYN-1001 : ADC: Instance "u_ph1p35_324_ddr_wrapper/u_ddr2/ph1p_ddrmc_wrapper/ph1p_ddrmc_top/u_ddr_phy/u_ddrphy_top/u_ddrphy/ac_byte[2]$ac_byte_used$u_ddrphy_ac_byte_wrapper/u_ddrphy_byte" LOCATION="X0Y50Z0"
SYN-1001 : ADC: Instance "u_ph1p35_324_ddr_wrapper/u_ddr2/ph1p_ddrmc_wrapper/ph1p_ddrmc_top/u_ddr_phy/u_ddrphy_top/u_ddrphy/ac_byte[3]$ac_byte_used$u_ddrphy_ac_byte_wrapper/u_ddrphy_byte" LOCATION="X0Y40Z0"
SYN-1001 : ADC: Instance "u_ph1p35_324_ddr_wrapper/u_ddr2/ph1p_ddrmc_wrapper/ph1p_ddrmc_top/u_ddr_phy/u_ddrphy_top/u_ddrphy/bkref[0]$u_ddrphy_bankref" LOCATION="X0Y19Z0"
SYN-1001 : ADC: Instance "u_ph1p35_324_ddr_wrapper/u_ddr2/ph1p_ddrmc_wrapper/ph1p_ddrmc_top/u_ddr_phy/u_ddrphy_top/u_ddrphy/bkref[1]$u_ddrphy_bankref" LOCATION="X0Y59Z0"
SYN-1001 : ADC: Instance "u_ph1p35_324_ddr_wrapper/u_ddr2/ph1p_ddrmc_wrapper/ph1p_ddrmc_top/u_ddr_phy/u_ddrphy_top/u_ddrphy/dx_byte[0]$dx_byte_used$u_ddrphy_dx_byte_wrapper/u_ddrphy_byte" LOCATION="X0Y30Z0"
SYN-1001 : ADC: Instance "u_ph1p35_324_ddr_wrapper/u_ddr2/ph1p_ddrmc_wrapper/ph1p_ddrmc_top/u_ddr_phy/u_ddrphy_top/u_ddrphy/dx_byte[1]$dx_byte_used$u_ddrphy_dx_byte_wrapper/u_ddrphy_byte" LOCATION="X0Y10Z0"
SYN-1001 : ADC: Instance "u_ph1p35_324_ddr_wrapper/u_ddr2/ph1p_ddrmc_wrapper/ph1p_ddrmc_top/u_ddr_phy/u_ddrphy_top/u_ddrphy_clk/ioclk[0]$u_ioclk_0" LOCATION="X0Y59Z0"
SYN-1001 : ADC: Instance "u_ph1p35_324_ddr_wrapper/u_ddr2/ph1p_ddrmc_wrapper/ph1p_ddrmc_top/u_ddr_phy/u_ddrphy_top/u_ddrphy_clk/ioclk[0]$u_ioclk_1" LOCATION="X0Y59Z1"
SYN-1001 : ADC: Instance "u_ph1p35_324_ddr_wrapper/u_ddr2/ph1p_ddrmc_wrapper/ph1p_ddrmc_top/u_ddr_phy/u_ddrphy_top/u_ddrphy_clk/ioclk[1]$u_ioclk_0" LOCATION="X0Y19Z0"
SYN-1001 : ADC: Instance "u_ph1p35_324_ddr_wrapper/u_ddr2/ph1p_ddrmc_wrapper/ph1p_ddrmc_top/u_ddr_phy/u_ddrphy_top/u_ddrphy_clk/ioclk[1]$u_ioclk_1" LOCATION="X0Y19Z1"
SYN-1001 : ADC: Instance "u_ph1p35_324_ddr_wrapper/u_ddr2/ph1p_ddrmc_wrapper/ph1p_ddrmc_top/u_ddr_phy/u_ddrphy_top/u_ddrphy_clk/u_mlclk_1" LOCATION="X0Y59Z0"
SYN-1001 : ADC: Instance "u_ph1p35_324_ddr_wrapper/u_ddr2/ph1p_ddrmc_wrapper/ph1p_ddrmc_top/u_ddr_phy/u_ddrphy_top/u_ddrphy_clk/u_mlclk_2" LOCATION="X0Y59Z1"
SYN-1001 : ADC: Instance "u_ph1p35_324_ddr_wrapper/u_ddr2/ph1p_ddrmc_wrapper/ph1p_ddrmc_top/u_ddr_phy/u_ddrphy_top/u_ddrphy_clk/u_pll0/u_pll_inst" LOCATION="X0Y40Z0"
SYN-1001 : ADC: Instance "u_ph1p35_324_ddr_wrapper/u_ddr2/ph1p_ddrmc_wrapper/ph1p_ddrmc_top/u_ddr_phy/u_ddrphy_top/u_ddrphy_clk/u_pll1/u_pll_inst" LOCATION="X0Y79Z0"
PHY-1001 : Remove keep and sweep redundant instances ...
PHY-1001 : 10743 luts, 14906 seqs, 408 mslices, 3466 lslices, 53 pads, 50 brams, 8 dsps
PHY-1001 : End Stage 1.1 | Build Design; Time: 0.525762s wall, 0.531250s user + 0.000000s system = 0.531250s CPU (101.0%); Memory(MB): used = 827, reserved = 842, peak = 827;

PHY-1001 : Stage 1.2 | Optimize Design
OPT-1001 : Stage 1.2.1 | Simplify Lut
OPT-1001 : End Stage 1.2.1 | Simplify Lut; Time: 0.074096s wall, 0.078125s user + 0.000000s system = 0.078125s CPU (105.4%); Memory(MB): used = 829, reserved = 842, peak = 829;

OPT-1001 : Stage 1.2.2 | Sweep
OPT-1001 : End Stage 1.2.2 | Sweep; Time: 0.026174s wall, 0.015625s user + 0.000000s system = 0.015625s CPU (59.7%); Memory(MB): used = 829, reserved = 842, peak = 829;

OPT-1001 : Stage 1.2.3 | Merge Lut
OPT-1001 : Start remap optimization ...
RUN-1001 :   Added 0 lut1 for undup drivers
OPT-1001 : skip lut merge since lut number 10740 is similar to or less than reg number 14906
OPT-1001 : End Stage 1.2.3 | Merge Lut; Time: 0.040887s wall, 0.031250s user + 0.000000s system = 0.031250s CPU (76.4%); Memory(MB): used = 829, reserved = 842, peak = 829;

OPT-1001 : Stage 1.2.4 | Synthesize High-fanout Net
OPT-1001 : Start high-fanout net optimization in pre-place flow with medium effort ...
RUN-1001 : HFN opt statistic
RUN-1001 : ------------------------------------------------------
RUN-1001 :   DriverCell type  |  HFN count  |  Duplicated count  
RUN-1001 : ------------------------------------------------------
RUN-1001 :       LSLICE       |      0      |         0          
RUN-1001 :       MSLICE       |      0      |         0          
RUN-1001 :        TOTAL       |      0      |         0          
RUN-1001 : ------------------------------------------------------
OPT-1001 : End high-fanout net optimization;  0.000095s wall, 0.000000s user + 0.000000s system = 0.000000s CPU (n/a%)

OPT-1001 : Current memory(MB): used = 829, reserved = 842, peak = 829.
OPT-1001 : End Stage 1.2.4 | Synthesize High-fanout Net; Time: 0.000170s wall, 0.000000s user + 0.000000s system = 0.000000s CPU (n/a%); Memory(MB): used = 829, reserved = 842, peak = 829;

OPT-1001 : End physical optimization;  0.141633s wall, 0.140625s user + 0.000000s system = 0.140625s CPU (99.3%)

PHY-1001 : End Stage 1.2 | Optimize Design; Time: 0.141708s wall, 0.140625s user + 0.000000s system = 0.140625s CPU (99.2%); Memory(MB): used = 829, reserved = 842, peak = 829;

PHY-1001 : Stage 1.3 | Initialize Clock
PHY-1001 : Start to synthesize physical clock networks.
RUN-1002 : start command "start_timer"
RUN-1003 : finish command "start_timer" in  1.636011s wall, 1.531250s user + 0.031250s system = 1.562500s CPU (95.5%)

RUN-1004 : used memory is 860 MB, reserved memory is 851 MB, peak memory is 860 MB
PHY-5060 CRITICAL-WARNING: Clock net candidate u_uicfgcs500/uii2c_inst/scl_clk has mixed fanouts of 1 clock pins; 2 data/ctrl pins. Please check connection of the net in design.
PHY-5060 CRITICAL-WARNING: Clock net candidate O_cam_24m_syn_3 has mixed fanouts of 150 clock pins; 1 data/ctrl pins. Please check connection of the net in design.
PHY-1001 : Populate physical database on model design_top_wrapper.
RUN-1001 : There are total 29749 instances
RUN-0007 : 10740 luts, 14906 seqs, 408 mslices, 3466 lslices, 53 pads, 50 brams, 8 dsps
RUN-1001 : There are total 40551 nets
RUN-1001 : 27689 nets have 2 pins
RUN-1001 : 10229 nets have [3 - 5] pins
RUN-1001 : 1822 nets have [6 - 10] pins
RUN-1001 : 450 nets have [11 - 20] pins
RUN-1001 : 313 nets have [21 - 99] pins
RUN-1001 : 48 nets have 100+ pins
PHY-1001 : Start to check user instance location assignments; please refer to ADC constraint.
PHY-1001 : End Stage 1.3 | Initialize Clock; Time: 3.171243s wall, 3.015625s user + 0.078125s system = 3.093750s CPU (97.6%); Memory(MB): used = 870, reserved = 860, peak = 870;

PHY-1001 : End Stage 1 | Initialize Design; Time: 3.890397s wall, 3.734375s user + 0.078125s system = 3.812500s CPU (98.0%); Memory(MB): used = 870, reserved = 860, peak = 870;

PHY-1001 : Stage 2 | Global Placement
RUN-1001 : Report Control nets information:
RUN-1001 : DFF Distribution
RUN-1001 : -------------------------------------
RUN-1001 :   CE   |  SSR  |  ASR  |  DFF Count  
RUN-1001 : -------------------------------------
RUN-1001 :   No   |  No   |  No   |    6792     
RUN-1001 :   No   |  No   |  Yes  |    4086     
RUN-1001 :   No   |  Yes  |  No   |     218     
RUN-1001 :   Yes  |  No   |  No   |     376     
RUN-1001 :   Yes  |  No   |  Yes  |    3512     
RUN-1001 :   Yes  |  Yes  |  No   |     146     
RUN-1001 : -------------------------------------
RUN-1001 : Control Group Statistic
RUN-1001 : -----------------------------
RUN-1001 :   #CLK  |  #CE  |  #SSR/ASR  
RUN-1001 : -----------------------------
RUN-1001 :    12   |  156  |     31     
RUN-1001 : -----------------------------
RUN-0007 : Control Set = 201
PHY-1001 : Stage 2.1 | Place Fixed Instances
PHY-1001 : Processing 2 clock pins of DDR instance u_ph1p35_324_ddr_wrapper/u_ddr2/ph1p_ddrmc_wrapper/ph1p_ddrmc_top/u_ddr_phy/u_ddrphy_top/u_ddrphy/ac_byte[0]$ac_byte_used$u_ddrphy_ac_byte_wrapper/u_ddrphy_byte, location = x0y70z0.
PHY-1001 :   User location X0Y59Z1 of ioclk instance u_ph1p35_324_ddr_wrapper/u_ddr2/ph1p_ddrmc_wrapper/ph1p_ddrmc_top/u_ddr_phy/u_ddrphy_top/u_ddrphy_clk/ioclk[0]$u_ioclk_1.
PHY-1001 :   Placement of ioclk instance u_ph1p35_324_ddr_wrapper/u_ddr2/ph1p_ddrmc_wrapper/ph1p_ddrmc_top/u_ddr_phy/u_ddrphy_top/u_ddrphy_clk/ioclk[0]$u_ioclk_1; location = x0y59z1.
PHY-1001 :   User location X0Y59Z0 of ioclk instance u_ph1p35_324_ddr_wrapper/u_ddr2/ph1p_ddrmc_wrapper/ph1p_ddrmc_top/u_ddr_phy/u_ddrphy_top/u_ddrphy_clk/ioclk[0]$u_ioclk_0.
PHY-1001 :   Placement of ioclk instance u_ph1p35_324_ddr_wrapper/u_ddr2/ph1p_ddrmc_wrapper/ph1p_ddrmc_top/u_ddr_phy/u_ddrphy_top/u_ddrphy_clk/ioclk[0]$u_ioclk_0; location = x0y59z0.
PHY-1001 : Processing 2 clock pins of DDR instance u_ph1p35_324_ddr_wrapper/u_ddr2/ph1p_ddrmc_wrapper/ph1p_ddrmc_top/u_ddr_phy/u_ddrphy_top/u_ddrphy/ac_byte[1]$ac_byte_used$u_ddrphy_ac_byte_wrapper/u_ddrphy_byte, location = x0y60z0.
PHY-1001 :   Placed ioclk instance u_ph1p35_324_ddr_wrapper/u_ddr2/ph1p_ddrmc_wrapper/ph1p_ddrmc_top/u_ddr_phy/u_ddrphy_top/u_ddrphy_clk/ioclk[0]$u_ioclk_1, location = x0y59z1.
PHY-1001 :   Placed ioclk instance u_ph1p35_324_ddr_wrapper/u_ddr2/ph1p_ddrmc_wrapper/ph1p_ddrmc_top/u_ddr_phy/u_ddrphy_top/u_ddrphy_clk/ioclk[0]$u_ioclk_0, location = x0y59z0.
PHY-1001 : Processing 2 clock pins of DDR instance u_ph1p35_324_ddr_wrapper/u_ddr2/ph1p_ddrmc_wrapper/ph1p_ddrmc_top/u_ddr_phy/u_ddrphy_top/u_ddrphy/ac_byte[2]$ac_byte_used$u_ddrphy_ac_byte_wrapper/u_ddrphy_byte, location = x0y50z0.
PHY-1001 :   Placed ioclk instance u_ph1p35_324_ddr_wrapper/u_ddr2/ph1p_ddrmc_wrapper/ph1p_ddrmc_top/u_ddr_phy/u_ddrphy_top/u_ddrphy_clk/ioclk[0]$u_ioclk_1, location = x0y59z1.
PHY-1001 :   Placed ioclk instance u_ph1p35_324_ddr_wrapper/u_ddr2/ph1p_ddrmc_wrapper/ph1p_ddrmc_top/u_ddr_phy/u_ddrphy_top/u_ddrphy_clk/ioclk[0]$u_ioclk_0, location = x0y59z0.
PHY-1001 : Processing 2 clock pins of DDR instance u_ph1p35_324_ddr_wrapper/u_ddr2/ph1p_ddrmc_wrapper/ph1p_ddrmc_top/u_ddr_phy/u_ddrphy_top/u_ddrphy/ac_byte[3]$ac_byte_used$u_ddrphy_ac_byte_wrapper/u_ddrphy_byte, location = x0y40z0.
PHY-1001 :   Placed ioclk instance u_ph1p35_324_ddr_wrapper/u_ddr2/ph1p_ddrmc_wrapper/ph1p_ddrmc_top/u_ddr_phy/u_ddrphy_top/u_ddrphy_clk/ioclk[0]$u_ioclk_1, location = x0y59z1.
PHY-1001 :   Placed ioclk instance u_ph1p35_324_ddr_wrapper/u_ddr2/ph1p_ddrmc_wrapper/ph1p_ddrmc_top/u_ddr_phy/u_ddrphy_top/u_ddrphy_clk/ioclk[0]$u_ioclk_0, location = x0y59z0.
PHY-1001 : Processing 2 clock pins of DDR instance u_ph1p35_324_ddr_wrapper/u_ddr2/ph1p_ddrmc_wrapper/ph1p_ddrmc_top/u_ddr_phy/u_ddrphy_top/u_ddrphy/dx_byte[0]$dx_byte_used$u_ddrphy_dx_byte_wrapper/u_ddrphy_byte, location = x0y30z0.
PHY-1001 :   User location X0Y19Z1 of ioclk instance u_ph1p35_324_ddr_wrapper/u_ddr2/ph1p_ddrmc_wrapper/ph1p_ddrmc_top/u_ddr_phy/u_ddrphy_top/u_ddrphy_clk/ioclk[1]$u_ioclk_1.
PHY-1001 :   Placement of ioclk instance u_ph1p35_324_ddr_wrapper/u_ddr2/ph1p_ddrmc_wrapper/ph1p_ddrmc_top/u_ddr_phy/u_ddrphy_top/u_ddrphy_clk/ioclk[1]$u_ioclk_1; location = x0y19z1.
PHY-1001 :   User location X0Y19Z0 of ioclk instance u_ph1p35_324_ddr_wrapper/u_ddr2/ph1p_ddrmc_wrapper/ph1p_ddrmc_top/u_ddr_phy/u_ddrphy_top/u_ddrphy_clk/ioclk[1]$u_ioclk_0.
PHY-1001 :   Placement of ioclk instance u_ph1p35_324_ddr_wrapper/u_ddr2/ph1p_ddrmc_wrapper/ph1p_ddrmc_top/u_ddr_phy/u_ddrphy_top/u_ddrphy_clk/ioclk[1]$u_ioclk_0; location = x0y19z0.
PHY-1001 : Processing 2 clock pins of DDR instance u_ph1p35_324_ddr_wrapper/u_ddr2/ph1p_ddrmc_wrapper/ph1p_ddrmc_top/u_ddr_phy/u_ddrphy_top/u_ddrphy/dx_byte[1]$dx_byte_used$u_ddrphy_dx_byte_wrapper/u_ddrphy_byte, location = x0y10z0.
PHY-1001 :   Placed ioclk instance u_ph1p35_324_ddr_wrapper/u_ddr2/ph1p_ddrmc_wrapper/ph1p_ddrmc_top/u_ddr_phy/u_ddrphy_top/u_ddrphy_clk/ioclk[1]$u_ioclk_1, location = x0y19z1.
PHY-1001 :   Placed ioclk instance u_ph1p35_324_ddr_wrapper/u_ddr2/ph1p_ddrmc_wrapper/ph1p_ddrmc_top/u_ddr_phy/u_ddrphy_top/u_ddrphy_clk/ioclk[1]$u_ioclk_0, location = x0y19z0.
PHY-1001 : DDR MLCLK topology u_ph1p35_324_ddr_wrapper/u_ddr2/ph1p_ddrmc_wrapper/ph1p_ddrmc_top/u_ddr_phy/u_ddrphy_top/u_ddrphy_clk/u_mlclk_1.
PHY-1001 :   Driver: PH1P_PHY_PLL_V2 u_ph1p35_324_ddr_wrapper/u_ddr2/ph1p_ddrmc_wrapper/ph1p_ddrmc_top/u_ddr_phy/u_ddrphy_top/u_ddrphy_clk/u_pll0/u_pll_inst.clkc[1], user location :X0Y40Z0.
PHY-1001 :   Sink: PH1P_PHY_IOCLK u_ph1p35_324_ddr_wrapper/u_ddr2/ph1p_ddrmc_wrapper/ph1p_ddrmc_top/u_ddr_phy/u_ddrphy_top/u_ddrphy_clk/ioclk[0]$u_ioclk_0, location = x0y59z0, sectorID = 1.
PHY-1001 :   Sink: PH1P_PHY_IOCLK u_ph1p35_324_ddr_wrapper/u_ddr2/ph1p_ddrmc_wrapper/ph1p_ddrmc_top/u_ddr_phy/u_ddrphy_top/u_ddrphy_clk/ioclk[1]$u_ioclk_0, location = x0y19z0, sectorID = 0.
PHY-1001 : Placement of MLCLK instance u_ph1p35_324_ddr_wrapper/u_ddr2/ph1p_ddrmc_wrapper/ph1p_ddrmc_top/u_ddr_phy/u_ddrphy_top/u_ddrphy_clk/u_mlclk_1; location = x0y59z0,  sectorID = 1.
PHY-1001 : DDR MLCLK topology u_ph1p35_324_ddr_wrapper/u_ddr2/ph1p_ddrmc_wrapper/ph1p_ddrmc_top/u_ddr_phy/u_ddrphy_top/u_ddrphy_clk/u_mlclk_2.
PHY-1001 :   Driver: PH1P_PHY_PLL_V2 u_ph1p35_324_ddr_wrapper/u_ddr2/ph1p_ddrmc_wrapper/ph1p_ddrmc_top/u_ddr_phy/u_ddrphy_top/u_ddrphy_clk/u_pll0/u_pll_inst.clkc[2], user location :X0Y40Z0.
PHY-1001 :   Sink: PH1P_PHY_IOCLK u_ph1p35_324_ddr_wrapper/u_ddr2/ph1p_ddrmc_wrapper/ph1p_ddrmc_top/u_ddr_phy/u_ddrphy_top/u_ddrphy_clk/ioclk[0]$u_ioclk_1, location = x0y59z1, sectorID = 1.
PHY-1001 :   Sink: PH1P_PHY_IOCLK u_ph1p35_324_ddr_wrapper/u_ddr2/ph1p_ddrmc_wrapper/ph1p_ddrmc_top/u_ddr_phy/u_ddrphy_top/u_ddrphy_clk/ioclk[1]$u_ioclk_1, location = x0y19z1, sectorID = 0.
PHY-1001 : Placement of MLCLK instance u_ph1p35_324_ddr_wrapper/u_ddr2/ph1p_ddrmc_wrapper/ph1p_ddrmc_top/u_ddr_phy/u_ddrphy_top/u_ddrphy_clk/u_mlclk_2; location = x0y59z1,  sectorID = 1.
PHY-5016 WARNING: PLL clkc is driving an IO without location.
PHY-5016 WARNING: PLL clkc is not driving a clock-capable IO.
PHY-5016 WARNING: PLL clkc is driving an IO without location.
PHY-5016 WARNING: PLL clkc is driving an IO without location.
PHY-5016 WARNING: PLL clkc is driving an IO without location.
PHY-5016 WARNING: PLL clkc is not driving a clock-capable IO.
PHY-1001 : End Stage 2.1 | Place Fixed Instances; Time: 0.081299s wall, 0.078125s user + 0.000000s system = 0.078125s CPU (96.1%); Memory(MB): used = 895, reserved = 886, peak = 895;

PHY-1001 : Stage 2.2 | Pre-Place DRC Check
PHY-1001 : Stage 2.2.1 | Force Route Constraint Check
PHY-1001 : Check Pass.
PHY-1001 : End Stage 2.2.1 | Force Route Constraint Check; Time: 0.003884s wall, 0.000000s user + 0.000000s system = 0.000000s CPU (n/a%); Memory(MB): used = 895, reserved = 886, peak = 895;

PHY-1001 : End Stage 2.2 | Pre-Place DRC Check; Time: 0.003924s wall, 0.000000s user + 0.000000s system = 0.000000s CPU (n/a%); Memory(MB): used = 895, reserved = 886, peak = 895;

PHY-1001 : Clock GCLK Statistics:
RUN-1001 : GCLK Index: 
RUN-1001 : -------------------------------------------------------------------------------------------------------------------------------------------------------
RUN-1001 :   Index  |                                                          Clock GCLK                                                           |  Location   
RUN-1001 : -------------------------------------------------------------------------------------------------------------------------------------------------------
RUN-1001 :     1    |                           u_mipi_dphy_rx_ph1p_mipiio_wrapper/u_ph1p_mipiio_rx_wrapper/bufg_feedback                           |  x23y39z1   
RUN-1001 :     2    |   u_ph1p35_324_ddr_wrapper/u_ddr2/ph1p_ddrmc_wrapper/ph1p_ddrmc_top/u_ddr_phy/u_ddrphy_top/u_ddrphy_clk/u_pll1/u_bufg_fbclk   |  x23y39z16  
RUN-1001 :     3    |                                               S_hdmi_pixel_clk_created_gclkinst                                               |  x23y39z17  
RUN-1001 :     4    |                                          u_lens_i2c_ctrl/u_bus/clk_created_gclkinst                                           |  x23y39z18  
RUN-1001 :     5    |                                     u_mcu/MCU_521bd43d073e_Inst/core_clk_created_gclkinst                                     |  x23y39z19  
RUN-1001 :     6    |                                                   cwc_jtck_created_gclkinst                                                   |  x23y39z0   
RUN-1001 :     7    |                                               O_cam_24m_dup_1_created_gclkinst                                                |  x23y39z20  
RUN-1001 :     8    |                                               I_sys_clk_dup_6_created_gclkinst                                                |  x23y39z24  
RUN-1001 :     9    |                          u_hdmi_tx/u_hdmi2phy_wrapper/u0_lane_lvds_8_1/I_serial_clk_created_gclkinst                          |  x23y39z21  
RUN-1001 :    10    |  u_ph1p35_324_ddr_wrapper/u_ddr2/ph1p_ddrmc_wrapper/ph1p_ddrmc_top/u_ddr_phy/u_ddrphy_top/u_ddrphy/apb_pclk_created_gclkinst  |  x23y39z22  
RUN-1001 :    11    |                                       u_uicfgcs500/uii2c_inst/scl_clk_created_gclkinst                                        |  x23y39z2   
RUN-1001 :    12    |                                                      u_PLL/bufg_feedback                                                      |  x23y39z23  
RUN-1001 :    13    |                                                S_mcu_ahb_clk_created_gclkinst                                                 |  x23y39z3   
RUN-1001 : -------------------------------------------------------------------------------------------------------------------------------------------------------
RUN-1001 : Clock Nets Connect To GCLK Statistics: 
RUN-1001 : -----------------------------------------------------------------------------------------------------------------------------------------------------------------------------------------
RUN-1001 :   Index  |                        Leading Net                        |  CLK/DATA/IO/PLL Sink(s)  |                       Following Net                       |  CLK/DATA/IO/PLL Sink(s)  
RUN-1001 : -----------------------------------------------------------------------------------------------------------------------------------------------------------------------------------------
RUN-1001 :     1    | u_mipi_dphy_rx_ph1p_mipiio_wrapper/u_ph1p_mipiio_rx_w...  |          1/0/0/0          | u_isp_top/u_rgb96_downscale_crop/u_scale_line_buffer/...  |        8723/0/0/0         
RUN-1001 :     2    | u_ph1p35_324_ddr_wrapper/u_ddr2/ph1p_ddrmc_wrapper/ph...  |          1/0/0/0          | u_ph1p35_324_ddr_wrapper/u_ddr2/ph1p_ddrmc_wrapper/ph...  |        3545/0/0/0         
RUN-1001 :     3    |                     S_hdmi_pixel_clk                      |          1/0/0/0          |                 S_hdmi_pixel_clk_syn_652                  |        1582/0/0/0         
RUN-1001 :     4    |                 u_lens_i2c_ctrl/u_bus/clk                 |          1/0/0/0          |              u_lens_i2c_ctrl/u_bus/clk_syn_1              |         476/0/0/0         
RUN-1001 :     5    |           u_mcu/MCU_521bd43d073e_Inst/core_clk            |          1/0/0/0          |        u_mcu/MCU_521bd43d073e_Inst/core_clk_syn_1         |         252/0/0/0         
RUN-1001 :     6    |                         cwc_jtck                          |          1/0/0/0          |                      cwc_jtck_syn_1                       |         189/0/0/0         
RUN-1001 :     7    |                      O_cam_24m_dup_1                      |          1/0/0/0          |                      O_cam_24m_syn_3                      |         150/1/0/0         
RUN-1001 :     8    |                      I_sys_clk_dup_6                      |          3/0/0/0          |                      I_sys_clk_syn_8                      |         137/0/0/0         
RUN-1001 :     9    | u_hdmi_tx/u_hdmi2phy_wrapper/u0_lane_lvds_8_1/I_seria...  |          1/0/0/0          | u_hdmi_tx/u_hdmi2phy_wrapper/u0_lane_lvds_8_1/I_seria...  |         61/0/0/0          
RUN-1001 :    10    | u_ph1p35_324_ddr_wrapper/u_ddr2/ph1p_ddrmc_wrapper/ph...  |          1/0/0/0          | u_ph1p35_324_ddr_wrapper/u_ddr2/ph1p_ddrmc_wrapper/ph...  |         43/0/0/0          
RUN-1001 :    11    |              u_uicfgcs500/uii2c_inst/scl_clk              |          1/2/0/0          |           u_uicfgcs500/uii2c_inst/scl_clk_syn_9           |         24/0/0/0          
RUN-1001 :    12    |                      u_PLL/clk0_buf                       |          1/0/0/0          |         g_u4_key_debounce[0]$u_u4_key_test/I_clk          |         14/0/0/0          
RUN-1001 :    13    |                       S_mcu_ahb_clk                       |          1/0/0/0          |                    S_mcu_ahb_clk_syn_5                    |          1/0/0/0          
RUN-1001 : -----------------------------------------------------------------------------------------------------------------------------------------------------------------------------------------
PHY-1001 : Stage 2.3 | Global Placement Step 1
PHY-3001 : Target density is 60%
PHY-1001 : Stage 2.3.1 | Update Timing
RUN-1002 : start command "start_timer"
RUN-1003 : finish command "start_timer" in  1.716240s wall, 1.609375s user + 0.093750s system = 1.703125s CPU (99.2%)

RUN-1004 : used memory is 934 MB, reserved memory is 926 MB, peak memory is 934 MB
PHY-1001 : SWNS: -575, STNS: -8539, FEP: 24
PHY-3001 : tot_pins 292780 tot_hfn_pins 22788 perc. 7 tot_hhfn_pins 6384 perc. 2
PHY-1001 : End Stage 2.3.1 | Update Timing; Time: 3.240036s wall, 3.046875s user + 0.156250s system = 3.203125s CPU (98.9%); Memory(MB): used = 935, reserved = 926, peak = 935;

PHY-0007 : Cell area utilization is 53%
RUN-1001 : Huge Net Statistic
RUN-1001 : ----------------------------------------------------------------------------------------------------------------------------------------------------------------------------------------
RUN-1001 :   Fanout  |  Slack  |                                                                                Net                                                                                
RUN-1001 : ----------------------------------------------------------------------------------------------------------------------------------------------------------------------------------------
RUN-1001 :    3823   |   Inf   |                                u_ph1p35_324_ddr_wrapper/u_ddr2/ph1p_ddrmc_wrapper/ph1p_ddrmc_top/u_ddr_phy/u_ddrphy_top/sys_rst_n                                 
RUN-1001 :    1472   |  11982  |                                u_ph1p35_324_ddr_wrapper/u_ddr2/ph1p_ddrmc_wrapper/ph1p_ddrmc_top/u_alc_mc_top/u_rbuf_addr_fifo/rst                                
RUN-1001 :    1089   |   Inf   |  u_ph1p35_324_ddr_wrapper/u_ddr2/ph1p_ddrmc_wrapper/ph1p_ddrmc_top/u_ddr_phy/u_ddrphy_top/u_ddrphy/dx_byte[1]$dx_byte_used$u_ddrphy_dx_byte_wrapper/dx_phy_rst_n  
RUN-1001 : ----------------------------------------------------------------------------------------------------------------------------------------------------------------------------------------
PHY-3001 : Clustering ...
PHY-3001 : End clustering;  0.163067s wall, 0.453125s user + 0.453125s system = 0.906250s CPU (555.8%)

PHY-3001 : Target density is 60%
PHY-1001 : Stage 2.3.2 | GP Iteration
PHY-1001 : End Stage 2.3.2 | GP Iteration; Time: 2.529142s wall, 9.703125s user + 3.906250s system = 13.609375s CPU (538.1%); Memory(MB): used = 945, reserved = 936, peak = 945;

PHY-3001 : Multithread accelerating rate: 5.33
RUN-1002 : start command "start_timer"
USR-1002 : Derived clock:  create_generated_clock -name {u_PLL/ph1p_phy_pll_wrapper_25a56e5ce2f9_Inst/u_PH1P_PHY_PLL.clkc[0]} -source [get_ports {I_sys_clk}] -master_clock {sys_clk_50m} -multiply_by 2.0000 -duty_cycle 50.0000 [get_pins {u_PLL/ph1p_phy_pll_wrapper_25a56e5ce2f9_Inst/u_PH1P_PHY_PLL.clkc[0]}]
USR-1002 : Derived clock:  create_generated_clock -name {u_PLL/ph1p_phy_pll_wrapper_25a56e5ce2f9_Inst/u_PH1P_PHY_PLL.clkc[1]} -source [get_ports {I_sys_clk}] -master_clock {sys_clk_50m} -divide_by 2.1000 -duty_cycle 50.0000 [get_pins {u_PLL/ph1p_phy_pll_wrapper_25a56e5ce2f9_Inst/u_PH1P_PHY_PLL.clkc[1]}]
USR-1002 : Derived clock:  create_generated_clock -name {u_PLL/ph1p_phy_pll_wrapper_25a56e5ce2f9_Inst/u_PH1P_PHY_PLL.clkc[2]} -source [get_ports {I_sys_clk}] -master_clock {sys_clk_50m} -multiply_by 1.0000 -duty_cycle 50.0000 [get_pins {u_PLL/ph1p_phy_pll_wrapper_25a56e5ce2f9_Inst/u_PH1P_PHY_PLL.clkc[2]}]
USR-1002 : Derived clock:  create_generated_clock -name {u_PLL/ph1p_phy_pll_wrapper_25a56e5ce2f9_Inst/u_PH1P_PHY_PLL.clkc[3]} -source [get_ports {I_sys_clk}] -master_clock {sys_clk_50m} -multiply_by 6.0000 -duty_cycle 50.0000 [get_pins {u_PLL/ph1p_phy_pll_wrapper_25a56e5ce2f9_Inst/u_PH1P_PHY_PLL.clkc[3]}]
USR-1002 : Derived clock:  create_generated_clock -name {u_PLL/ph1p_phy_pll_wrapper_25a56e5ce2f9_Inst/u_PH1P_PHY_PLL.clkc[4]} -source [get_ports {I_sys_clk}] -master_clock {sys_clk_50m} -multiply_by 1.5000 -duty_cycle 50.0000 [get_pins {u_PLL/ph1p_phy_pll_wrapper_25a56e5ce2f9_Inst/u_PH1P_PHY_PLL.clkc[4]}]
USR-1002 : Derived clock:  create_generated_clock -name {u_PLL/ph1p_phy_pll_wrapper_25a56e5ce2f9_Inst/u_PH1P_PHY_PLL.clkc[5]} -source [get_ports {I_sys_clk}] -master_clock {sys_clk_50m} -multiply_by 7.5000 -duty_cycle 50.0000 [get_pins {u_PLL/ph1p_phy_pll_wrapper_25a56e5ce2f9_Inst/u_PH1P_PHY_PLL.clkc[5]}]
USR-1002 : Derived clock:  create_generated_clock -name {u_ph1p35_324_ddr_wrapper/u_ddr2/ph1p_ddrmc_wrapper/ph1p_ddrmc_top/u_ddr_phy/u_ddrphy_top/u_ddrphy_clk/u_pll0/u_pll_inst.clkc[0]} -source [get_ports {I_sys_clk}] -master_clock {sys_clk_50m} -multiply_by 1.3333 -duty_cycle 50.0000 [get_pins {u_ph1p35_324_ddr_wrapper/u_ddr2/ph1p_ddrmc_wrapper/ph1p_ddrmc_top/u_ddr_phy/u_ddrphy_top/u_ddrphy_clk/u_pll0/u_pll_inst.clkc[0]}]
USR-1002 : Derived clock:  create_generated_clock -name {u_ph1p35_324_ddr_wrapper/u_ddr2/ph1p_ddrmc_wrapper/ph1p_ddrmc_top/u_ddr_phy/u_ddrphy_top/u_ddrphy_clk/u_pll0/u_pll_inst.clkc[1]} -source [get_ports {I_sys_clk}] -master_clock {sys_clk_50m} -multiply_by 1.3333 -duty_cycle 50.0000 [get_pins {u_ph1p35_324_ddr_wrapper/u_ddr2/ph1p_ddrmc_wrapper/ph1p_ddrmc_top/u_ddr_phy/u_ddrphy_top/u_ddrphy_clk/u_pll0/u_pll_inst.clkc[1]}]
USR-1002 : Derived clock:  create_generated_clock -name {u_ph1p35_324_ddr_wrapper/u_ddr2/ph1p_ddrmc_wrapper/ph1p_ddrmc_top/u_ddr_phy/u_ddrphy_top/u_ddrphy_clk/u_pll0/u_pll_inst.clkc[2]} -source [get_ports {I_sys_clk}] -master_clock {sys_clk_50m} -multiply_by 5.3333 -duty_cycle 50.0000 [get_pins {u_ph1p35_324_ddr_wrapper/u_ddr2/ph1p_ddrmc_wrapper/ph1p_ddrmc_top/u_ddr_phy/u_ddrphy_top/u_ddrphy_clk/u_pll0/u_pll_inst.clkc[2]}]
USR-1002 : Derived clock:  create_generated_clock -name {u_ph1p35_324_ddr_wrapper/u_ddr2/ph1p_ddrmc_wrapper/ph1p_ddrmc_top/u_ddr_phy/u_ddrphy_top/u_ddrphy_clk/u_pll0/u_pll_inst.clkc[3]} -source [get_ports {I_sys_clk}] -master_clock {sys_clk_50m} -divide_by 1.9687 -duty_cycle 50.0000 [get_pins {u_ph1p35_324_ddr_wrapper/u_ddr2/ph1p_ddrmc_wrapper/ph1p_ddrmc_top/u_ddr_phy/u_ddrphy_top/u_ddrphy_clk/u_pll0/u_pll_inst.clkc[3]}]
USR-1002 : Derived clock:  create_generated_clock -name {u_ph1p35_324_ddr_wrapper/u_ddr2/ph1p_ddrmc_wrapper/ph1p_ddrmc_top/u_ddr_phy/u_ddrphy_top/u_ddrphy_clk/u_pll1/u_pll_inst.clkc[0]} -source [get_pins {u_ph1p35_324_ddr_wrapper/u_ddr2/ph1p_ddrmc_wrapper/ph1p_ddrmc_top/u_ddr_phy/u_ddrphy_top/u_ddrphy_clk/u_pll0/u_pll_inst.clkc[0]}] -master_clock {u_ph1p35_324_ddr_wrapper/u_ddr2/ph1p_ddrmc_wrapper/ph1p_ddrmc_top/u_ddr_phy/u_ddrphy_top/u_ddrphy_clk/u_pll0/u_pll_inst.clkc[0]} -multiply_by 1.0000 -duty_cycle 50.0000 [get_pins {u_ph1p35_324_ddr_wrapper/u_ddr2/ph1p_ddrmc_wrapper/ph1p_ddrmc_top/u_ddr_phy/u_ddrphy_top/u_ddrphy_clk/u_pll1/u_pll_inst.clkc[0]}]
8.888000
15.000000
15.000000
13.333000
RUN-1003 : finish command "start_timer" in  2.685277s wall, 2.484375s user + 0.171875s system = 2.656250s CPU (98.9%)

RUN-1004 : used memory is 945 MB, reserved memory is 936 MB, peak memory is 945 MB
TMR-2502 : Net delay update with mode: Placed
PHY-3001 : No need to merge 9x9 Dsps.
PHY-1001 : Populate physical database on model design_top_wrapper.
PHY-1001 : End Stage 2.3 | Global Placement Step 1; Time: 10.701421s wall, 17.671875s user + 4.906250s system = 22.578125s CPU (211.0%); Memory(MB): used = 1005, reserved = 995, peak = 1005;

PHY-1001 : Stage 2.4 | RAM/DSP Legalization and Detailed Placement
PHY-1001 : Stage 2.4.1 | Legalization
PHY-3001 : Before Legalized: Len = 1.82632e+06
PHY-3001 : After Legalized: Len = 1.82693e+06, Over = 102.125
PHY-1001 : End Stage 2.4.1 | Legalization; Time: 1.880482s wall, 1.781250s user + 0.062500s system = 1.843750s CPU (98.0%); Memory(MB): used = 1007, reserved = 997, peak = 1007;

PHY-1001 : Stage 2.4.2 | Detailed Placement
PHY-1001 : Stage 2.4.2.1 | Simulated Annealing Based DP
PHY-0007 : Initial: WL Cost = 151384, TD Cost = 180608, SWNS = 319, STNS = 0, Nums per T = 580, Range Limit = 2x32
PHY-0007 : Finally: WL Cost = 148930, TD Cost = 179316, WL Ratio = 0.983792, TD Ratio = 0.992844, SWNS = 319, STNS = 0
RUN-1001 : Print Detailed placement's Summary information
RUN-1001 : -------------------------------------------------------------------------------------------------------------------------------
RUN-1001 :             |  Total  |  Accept  |  Reject by overFlow  |  Reject by worseCost  |  Failed by noTarget  |  Failed by gridCheck  
RUN-1001 : -------------------------------------------------------------------------------------------------------------------------------
RUN-1001 :   RAM/DSPs  |  2900   |    47    |          0           |         2853          |          0           |           0           
RUN-1001 :    Macros   |   401   |    7     |          0           |          394          |          0           |           0           
RUN-1001 : -------------------------------------------------------------------------------------------------------------------------------
PHY-1001 : End Stage 2.4.2.1 | Simulated Annealing Based DP; Time: 2.036248s wall, 3.046875s user + 0.234375s system = 3.281250s CPU (161.1%); Memory(MB): used = 1009, reserved = 999, peak = 1009;

PHY-3001 : End Detailed Place; 
PHY-1001 : End Stage 2.4.2 | Detailed Placement; Time: 2.246556s wall, 3.250000s user + 0.234375s system = 3.484375s CPU (155.1%); Memory(MB): used = 1009, reserved = 999, peak = 1009;

PHY-1001 : End Stage 2.4 | RAM/DSP Legalization and Detailed Placement; Time: 4.127583s wall, 5.031250s user + 0.296875s system = 5.328125s CPU (129.1%); Memory(MB): used = 1009, reserved = 999, peak = 1009;

PHY-1001 : Stage 2.5 | Global Placement Step 2
PHY-3001 : Target density is 60%
PHY-1001 : Stage 2.5.1 | Update Timing
PHY-1001 : SWNS: 319, STNS: 0, FEP: 0
PHY-1001 : End Stage 2.5.1 | Update Timing; Time: 0.172705s wall, 0.125000s user + 0.031250s system = 0.156250s CPU (90.5%); Memory(MB): used = 1009, reserved = 999, peak = 1009;

PHY-1001 : Stage 2.5.2 | Refresh Congestion
RUN-1001 : Generating global routing grids ...
RUN-1001 : Building simple global routing graph ...
PHY-1001 : Generate routing nets ...
PHY-1001 : Reuse net number 0/13998.
PHY-1001 : Global iterations in 32 thread ...
PHY-1002 : len = 1.86861e+06, over cnt = 2439(3%), over = 13647, worst = 67
PHY-1001 : End global iterations;  0.557317s wall, 0.937500s user + 0.093750s system = 1.031250s CPU (185.0%)

PHY-1001 : Congestion index:
PHY-1001 : top1  = 196.96(S 136.29, N 122.74, E 163.57, W 144.74, I 366.89, O 441.12)
PHY-1001 : top5  = 132.87(S 79.18, N 79.61, E 98.16, W 97.39, I 189.64, O 251.64)
PHY-1001 : top10 = 108.05(S 59.07, N 60.85, E 73.43, W 75.93, I 130.91, O 176.14)
PHY-1001 : top15 = 93.45(S 48.31, N 50.54, E 59.90, W 63.21, I 99.94, O 136.72)
PHY-1001 : End Stage 2.5.2 | Refresh Congestion; Time: 1.060955s wall, 1.390625s user + 0.140625s system = 1.531250s CPU (144.3%); Memory(MB): used = 1092, reserved = 1083, peak = 1092;

PHY-1001 : Stage 2.5.3 | GP Iteration
PHY-1001 : End Stage 2.5.3 | GP Iteration; Time: 2.921097s wall, 25.703125s user + 1.375000s system = 27.078125s CPU (927.0%); Memory(MB): used = 1098, reserved = 1089, peak = 1098;

PHY-3001 : Multithread accelerating rate: 9.15
PHY-1001 : End Stage 2.5 | Global Placement Step 2; Time: 6.020018s wall, 28.953125s user + 1.625000s system = 30.578125s CPU (507.9%); Memory(MB): used = 1102, reserved = 1092, peak = 1102;

PHY-1001 : Stage 2.6 | RAM/DSP Detailed Placement
PHY-1001 : Stage 2.6.1 | Detailed Placement
PHY-1001 : Stage 2.6.1.1 | Simulated Annealing Based DP
PHY-0007 : Initial: WL Cost = 117922, TD Cost = 147399, SWNS = 411, STNS = 0, Nums per T = 580, Range Limit = 2x32
PHY-0007 : Finally: WL Cost = 117993, TD Cost = 146682, WL Ratio = 1.0006, TD Ratio = 0.995141, SWNS = 411, STNS = 0
RUN-1001 : Print Detailed placement's Summary information
RUN-1001 : -------------------------------------------------------------------------------------------------------------------------------
RUN-1001 :             |  Total  |  Accept  |  Reject by overFlow  |  Reject by worseCost  |  Failed by noTarget  |  Failed by gridCheck  
RUN-1001 : -------------------------------------------------------------------------------------------------------------------------------
RUN-1001 :   RAM/DSPs  |  1740   |    5     |          0           |         1735          |          0           |           0           
RUN-1001 :    Macros   |   244   |    2     |          0           |          242          |          0           |           0           
RUN-1001 : -------------------------------------------------------------------------------------------------------------------------------
PHY-1001 : End Stage 2.6.1.1 | Simulated Annealing Based DP; Time: 1.814922s wall, 1.765625s user + 0.046875s system = 1.812500s CPU (99.9%); Memory(MB): used = 1104, reserved = 1095, peak = 1104;

PHY-3001 : End Detailed Place; 
PHY-1001 : End Stage 2.6.1 | Detailed Placement; Time: 2.019818s wall, 1.968750s user + 0.046875s system = 2.015625s CPU (99.8%); Memory(MB): used = 1104, reserved = 1095, peak = 1104;

PHY-1001 : Stage 2.6.2 | Spreading
OPT-1001 : Total overflow 623.44 peak overflow 5.25
PHY-3001 : Spreading for sector grids.
PHY-3001 : Iter 1, total overflow: 0
PHY-3001 : tot_capacity: 48, usage_cnt: 26, movable_cnt: 31
PHY-3001 : End spreading;  0.107080s wall, 0.093750s user + 0.000000s system = 0.093750s CPU (87.6%)

PHY-1001 : End Stage 2.6.2 | Spreading; Time: 0.107171s wall, 0.093750s user + 0.000000s system = 0.093750s CPU (87.5%); Memory(MB): used = 1104, reserved = 1095, peak = 1104;

PHY-1001 : End Stage 2.6 | RAM/DSP Detailed Placement; Time: 2.348124s wall, 2.281250s user + 0.046875s system = 2.328125s CPU (99.1%); Memory(MB): used = 1104, reserved = 1095, peak = 1104;

PHY-1001 : Stage 2.7 | Optimize Design
OPT-1001 : Start physical optimization ...
OPT-1001 : Total overflow 623.44 peak overflow 5.25
OPT-1001 : Stage 2.7.1 | Synthesize High-fanout Net
OPT-1001 : Start high-fanout net optimization in pre-pack flow with medium effort ...
OPT-1001 : Update timing in Manhattan mode
OPT-1001 : End timing update;  1.777564s wall, 1.671875s user + 0.046875s system = 1.718750s CPU (96.7%)

OPT-1001 : Start: SWNS 411 STNS 0 NUM_FEPS 0
OPT-1001 : Total overflow 623.44 peak overflow 5.25
PHY-1001 : Populate physical database on model design_top_wrapper.
OPT-1001 : 7 high-fanout net processed.
PHY-3001 : Start incremental placement ...
PHY-1001 : Populate physical database on model design_top_wrapper.
PHY-1001 : Processing 2 clock pins of DDR instance u_ph1p35_324_ddr_wrapper/u_ddr2/ph1p_ddrmc_wrapper/ph1p_ddrmc_top/u_ddr_phy/u_ddrphy_top/u_ddrphy/ac_byte[0]$ac_byte_used$u_ddrphy_ac_byte_wrapper/u_ddrphy_byte, location = x0y70z0.
PHY-1001 :   Placed ioclk instance u_ph1p35_324_ddr_wrapper/u_ddr2/ph1p_ddrmc_wrapper/ph1p_ddrmc_top/u_ddr_phy/u_ddrphy_top/u_ddrphy_clk/ioclk[0]$u_ioclk_1, location = x0y59z1.
PHY-1001 :   Placed ioclk instance u_ph1p35_324_ddr_wrapper/u_ddr2/ph1p_ddrmc_wrapper/ph1p_ddrmc_top/u_ddr_phy/u_ddrphy_top/u_ddrphy_clk/ioclk[0]$u_ioclk_0, location = x0y59z0.
PHY-1001 : Processing 2 clock pins of DDR instance u_ph1p35_324_ddr_wrapper/u_ddr2/ph1p_ddrmc_wrapper/ph1p_ddrmc_top/u_ddr_phy/u_ddrphy_top/u_ddrphy/ac_byte[1]$ac_byte_used$u_ddrphy_ac_byte_wrapper/u_ddrphy_byte, location = x0y60z0.
PHY-1001 :   Placed ioclk instance u_ph1p35_324_ddr_wrapper/u_ddr2/ph1p_ddrmc_wrapper/ph1p_ddrmc_top/u_ddr_phy/u_ddrphy_top/u_ddrphy_clk/ioclk[0]$u_ioclk_1, location = x0y59z1.
PHY-1001 :   Placed ioclk instance u_ph1p35_324_ddr_wrapper/u_ddr2/ph1p_ddrmc_wrapper/ph1p_ddrmc_top/u_ddr_phy/u_ddrphy_top/u_ddrphy_clk/ioclk[0]$u_ioclk_0, location = x0y59z0.
PHY-1001 : Processing 2 clock pins of DDR instance u_ph1p35_324_ddr_wrapper/u_ddr2/ph1p_ddrmc_wrapper/ph1p_ddrmc_top/u_ddr_phy/u_ddrphy_top/u_ddrphy/ac_byte[2]$ac_byte_used$u_ddrphy_ac_byte_wrapper/u_ddrphy_byte, location = x0y50z0.
PHY-1001 :   Placed ioclk instance u_ph1p35_324_ddr_wrapper/u_ddr2/ph1p_ddrmc_wrapper/ph1p_ddrmc_top/u_ddr_phy/u_ddrphy_top/u_ddrphy_clk/ioclk[0]$u_ioclk_1, location = x0y59z1.
PHY-1001 :   Placed ioclk instance u_ph1p35_324_ddr_wrapper/u_ddr2/ph1p_ddrmc_wrapper/ph1p_ddrmc_top/u_ddr_phy/u_ddrphy_top/u_ddrphy_clk/ioclk[0]$u_ioclk_0, location = x0y59z0.
PHY-1001 : Processing 2 clock pins of DDR instance u_ph1p35_324_ddr_wrapper/u_ddr2/ph1p_ddrmc_wrapper/ph1p_ddrmc_top/u_ddr_phy/u_ddrphy_top/u_ddrphy/ac_byte[3]$ac_byte_used$u_ddrphy_ac_byte_wrapper/u_ddrphy_byte, location = x0y40z0.
PHY-1001 :   Placed ioclk instance u_ph1p35_324_ddr_wrapper/u_ddr2/ph1p_ddrmc_wrapper/ph1p_ddrmc_top/u_ddr_phy/u_ddrphy_top/u_ddrphy_clk/ioclk[0]$u_ioclk_1, location = x0y59z1.
PHY-1001 :   Placed ioclk instance u_ph1p35_324_ddr_wrapper/u_ddr2/ph1p_ddrmc_wrapper/ph1p_ddrmc_top/u_ddr_phy/u_ddrphy_top/u_ddrphy_clk/ioclk[0]$u_ioclk_0, location = x0y59z0.
PHY-1001 : Processing 2 clock pins of DDR instance u_ph1p35_324_ddr_wrapper/u_ddr2/ph1p_ddrmc_wrapper/ph1p_ddrmc_top/u_ddr_phy/u_ddrphy_top/u_ddrphy/dx_byte[0]$dx_byte_used$u_ddrphy_dx_byte_wrapper/u_ddrphy_byte, location = x0y30z0.
PHY-1001 :   Placed ioclk instance u_ph1p35_324_ddr_wrapper/u_ddr2/ph1p_ddrmc_wrapper/ph1p_ddrmc_top/u_ddr_phy/u_ddrphy_top/u_ddrphy_clk/ioclk[1]$u_ioclk_1, location = x0y19z1.
PHY-1001 :   Placed ioclk instance u_ph1p35_324_ddr_wrapper/u_ddr2/ph1p_ddrmc_wrapper/ph1p_ddrmc_top/u_ddr_phy/u_ddrphy_top/u_ddrphy_clk/ioclk[1]$u_ioclk_0, location = x0y19z0.
PHY-1001 : Processing 2 clock pins of DDR instance u_ph1p35_324_ddr_wrapper/u_ddr2/ph1p_ddrmc_wrapper/ph1p_ddrmc_top/u_ddr_phy/u_ddrphy_top/u_ddrphy/dx_byte[1]$dx_byte_used$u_ddrphy_dx_byte_wrapper/u_ddrphy_byte, location = x0y10z0.
PHY-1001 :   Placed ioclk instance u_ph1p35_324_ddr_wrapper/u_ddr2/ph1p_ddrmc_wrapper/ph1p_ddrmc_top/u_ddr_phy/u_ddrphy_top/u_ddrphy_clk/ioclk[1]$u_ioclk_1, location = x0y19z1.
PHY-1001 :   Placed ioclk instance u_ph1p35_324_ddr_wrapper/u_ddr2/ph1p_ddrmc_wrapper/ph1p_ddrmc_top/u_ddr_phy/u_ddrphy_top/u_ddrphy_clk/ioclk[1]$u_ioclk_0, location = x0y19z0.
PHY-3001 : Target density is 60%
PHY-3001 : Target density is 60%
PHY-1001 : Stage 2.7.1.1 | Update Timing
PHY-1001 : SWNS: 360, STNS: 0, FEP: 0
PHY-1001 : End Stage 2.7.1.1 | Update Timing; Time: 1.804295s wall, 1.765625s user + 0.031250s system = 1.796875s CPU (99.6%); Memory(MB): used = 1105, reserved = 1095, peak = 1105;

PHY-1001 : Stage 2.7.1.2 | Refresh Congestion
RUN-1001 : Generating global routing grids ...
PHY-1001 : Generate routing nets ...
PHY-1001 : Reuse net number 297/24422.
PHY-1001 : Global iterations in 32 thread ...
PHY-1002 : len = 1.44674e+06, over cnt = 2994(4%), over = 16191, worst = 68
PHY-1001 : End global iterations;  0.807860s wall, 2.031250s user + 0.015625s system = 2.046875s CPU (253.4%)

PHY-1001 : Congestion index:
PHY-1001 : top1  = 173.51(S 136.40, N 123.68, E 139.90, W 127.14, I 203.37, O 246.38)
PHY-1001 : top5  = 123.60(S 87.33, N 82.47, E 87.60, W 86.71, I 115.09, O 142.30)
PHY-1001 : top10 = 103.05(S 66.91, N 65.20, E 69.10, W 70.67, I 86.81, O 108.71)
PHY-1001 : top15 = 91.44(S 55.84, N 54.94, E 58.31, W 60.85, I 71.88, O 91.17)
PHY-1001 : End Stage 2.7.1.2 | Refresh Congestion; Time: 1.075515s wall, 2.281250s user + 0.015625s system = 2.296875s CPU (213.6%); Memory(MB): used = 1111, reserved = 1102, peak = 1111;

PHY-1001 : Stage 2.7.1.3 | GP Iteration
PHY-1001 : End Stage 2.7.1.3 | GP Iteration; Time: 0.997317s wall, 8.125000s user + 0.171875s system = 8.296875s CPU (831.9%); Memory(MB): used = 1113, reserved = 1104, peak = 1113;

PHY-3001 : Multithread accelerating rate: 8.07
OPT-1001 : Total overflow 649.56 peak overflow 5.59
PHY-3001 : Spreading for sector grids.
PHY-3001 : Iter 1, total overflow: 0
PHY-3001 : tot_capacity: 48, usage_cnt: 26, movable_cnt: 35
PHY-3001 : End spreading;  0.109100s wall, 0.093750s user + 0.015625s system = 0.109375s CPU (100.3%)

PHY-3001 : Final: Len = 1.20646e+06, Over = 190.812
PHY-3001 : End incremental placement;  4.357126s wall, 12.734375s user + 0.265625s system = 13.000000s CPU (298.4%)

OPT-1001 : Total overflow 649.56 peak overflow 5.59
RUN-1001 : HFN opt statistic
RUN-1001 : ------------------------------------------------------
RUN-1001 :   DriverCell type  |  HFN count  |  Duplicated count  
RUN-1001 : ------------------------------------------------------
RUN-1001 :         REG        |      3      |         7          
RUN-1001 :        LUT6        |      1      |         5          
RUN-1001 :        LUT5        |      0      |         0          
RUN-1001 :        LUT4        |      0      |         0          
RUN-1001 :        LUT3        |      0      |         0          
RUN-1001 :        LUT2        |      3      |         9          
RUN-1001 :        TOTAL       |      7      |         21         
RUN-1001 : ------------------------------------------------------
OPT-1001 : End high-fanout net optimization;  6.853966s wall, 15.125000s user + 0.359375s system = 15.484375s CPU (225.9%)

OPT-1001 : Update timing in Manhattan mode
OPT-1001 : End timing update;  1.765967s wall, 1.718750s user + 0.046875s system = 1.765625s CPU (100.0%)

OPT-1001 : Current memory(MB): used = 1114, reserved = 1104, peak = 1114.
OPT-1001 : End Stage 2.7.1 | Synthesize High-fanout Net; Time: 8.829453s wall, 17.031250s user + 0.421875s system = 17.453125s CPU (197.7%); Memory(MB): used = 1114, reserved = 1104, peak = 1114;

OPT-1001 : Stage 2.7.2 | Global Optimization
OPT-1001 : Start global optimization ...
OPT-0007 : Start: SWNS 414 STNS 0 NUM_FEPS 0
OPT-1001 : Start congestion update ...
RUN-1001 : Generating global routing grids ...
PHY-1001 : Generate routing nets ...
PHY-1001 : Reuse net number 8911/22713.
PHY-1001 : Global iterations in 32 thread ...
PHY-1002 : len = 1.38509e+06, over cnt = 2864(3%), over = 10616, worst = 39
PHY-1002 : len = 1.53754e+06, over cnt = 2404(3%), over = 5841, worst = 27
PHY-1002 : len = 1.6427e+06, over cnt = 1227(1%), over = 2592, worst = 24
PHY-1002 : len = 1.71611e+06, over cnt = 289(0%), over = 524, worst = 14
PHY-1002 : len = 1.73024e+06, over cnt = 36(0%), over = 85, worst = 7
PHY-1001 : End global iterations;  2.536106s wall, 3.343750s user + 0.078125s system = 3.421875s CPU (134.9%)

PHY-1001 : Congestion index:
PHY-1001 : top1  = 89.46(S 76.30, N 71.97, E 83.59, W 85.36, I 226.04, O 255.43)
PHY-1001 : top5  = 75.79(S 60.41, N 58.96, E 64.15, W 68.93, I 121.79, O 149.95)
PHY-1001 : top10 = 68.37(S 52.03, N 51.13, E 54.21, W 59.82, I 90.46, O 113.61)
PHY-1001 : top15 = 63.51(S 46.29, N 45.85, E 48.23, W 54.01, I 74.56, O 94.90)
OPT-1001 : End congestion update;  2.950966s wall, 3.734375s user + 0.078125s system = 3.812500s CPU (129.2%)

OPT-0007 : Iter 1: improved SWNS 503 STNS 0 NUM_FEPS 0 with 14 cells processed and 680 slack improved
OPT-0007 : Iter 2: improved SWNS 503 STNS 0 NUM_FEPS 0 with 6 cells processed and 101 slack improved
OPT-0007 : Iter 3: improved SWNS 503 STNS 0 NUM_FEPS 0 with 0 cells processed and 0 slack improved
OPT-1001 : Overall commit ratio 0.43
OPT-1001 : End global optimization;  3.079820s wall, 3.859375s user + 0.078125s system = 3.937500s CPU (127.8%)

OPT-1001 : Current memory(MB): used = 1114, reserved = 1104, peak = 1114.
OPT-1001 : End Stage 2.7.2 | Global Optimization; Time: 3.857631s wall, 4.625000s user + 0.078125s system = 4.703125s CPU (121.9%); Memory(MB): used = 1114, reserved = 1104, peak = 1114;

OPT-0007 : End flow prepack: SWNS 503 STNS 0 NUM_FEPS 0
OPT-1001 : End physical optimization;  12.734846s wall, 22.062500s user + 0.531250s system = 22.593750s CPU (177.4%)

PHY-1001 : End Stage 2.7 | Optimize Design; Time: 12.738203s wall, 22.062500s user + 0.531250s system = 22.593750s CPU (177.4%); Memory(MB): used = 1114, reserved = 1104, peak = 1114;

PHY-1001 : Stage 2.8 | Pack and Legalization
PHY-1001 : Stage 2.8.1 | Direct Legalization
PHY-3001 : Start Direct Legalization ...
PHY-3001 : Get top1 grid util = 0.749640, top1_avg = 0.749640.
PHY-1001 : Populate physical database on model design_top_wrapper.
PHY-3001 : Target density is 60%
PHY-3001 : Before Legalization for Slice Macros, Len = 1.20902e+06.
RUN-1001 : Legalization top10 inst displacement:
RUN-1001 : -------------------------------------------------------------------------------------------------------------------------------------------------------------------------------------------------------------------------
RUN-1001 :   Index  |  Bounded  |  Height  |       Location       |  Disp. (slots)  |  Disp. (grids)  |                                                            Name                                                             
RUN-1001 : -------------------------------------------------------------------------------------------------------------------------------------------------------------------------------------------------------------------------
RUN-1001 :     1    |     N     |    8     |  x1y33z6 to x5y31z0  |       54        |        6        |   u_ph1p35_324_ddr_wrapper/u_ddr2/ph1p_ddrmc_wrapper/ph1p_ddrmc_top/u_ddr_phy/u_ddrphy_top/u_ddrphy_init/ramread0_syn_51    
RUN-1001 :     2    |     N     |    8     |  x1y34z3 to x5y36z0  |       45        |        6        |   u_ph1p35_324_ddr_wrapper/u_ddr2/ph1p_ddrmc_wrapper/ph1p_ddrmc_top/u_ddr_phy/u_ddrphy_top/u_ddrphy_init/ramread0_syn_71    
RUN-1001 :     3    |     N     |    8     |  x2y36z0 to x5y37z0  |       32        |        4        |   u_ph1p35_324_ddr_wrapper/u_ddr2/ph1p_ddrmc_wrapper/ph1p_ddrmc_top/u_ddr_phy/u_ddrphy_top/u_ddrphy_init/ramread0_syn_131   
RUN-1001 :     4    |     N     |    8     |  x2y33z7 to x5y33z0  |       31        |        3        |   u_ph1p35_324_ddr_wrapper/u_ddr2/ph1p_ddrmc_wrapper/ph1p_ddrmc_top/u_ddr_phy/u_ddrphy_top/u_ddrphy_init/ramread0_syn_31    
RUN-1001 :     5    |     N     |    8     |  x2y34z2 to x5y35z0  |       30        |        4        |   u_ph1p35_324_ddr_wrapper/u_ddr2/ph1p_ddrmc_wrapper/ph1p_ddrmc_top/u_ddr_phy/u_ddrphy_top/u_ddrphy_init/ramread0_syn_91    
RUN-1001 :     6    |     N     |    8     |  x2y34z1 to x5y34z0  |       25        |        3        |   u_ph1p35_324_ddr_wrapper/u_ddr2/ph1p_ddrmc_wrapper/ph1p_ddrmc_top/u_ddr_phy/u_ddrphy_top/u_ddrphy_init/ramread0_syn_111   
RUN-1001 :     7    |     N     |    8     |  x2y32z0 to x5y32z0  |       24        |        3        |   u_ph1p35_324_ddr_wrapper/u_ddr2/ph1p_ddrmc_wrapper/ph1p_ddrmc_top/u_ddr_phy/u_ddrphy_top/u_ddrphy_init/ramread0_syn_151   
RUN-1001 :     8    |     N     |    8     |   x3y4z7 to x5y4z0   |       23        |        2        |  u_ph1p35_324_ddr_wrapper/u_ddr2/ph1p_ddrmc_wrapper/ph1p_ddrmc_top/u_phy2mc_fifo/byteIdx_1[1]$u_wfifo_sync/ramread0_syn_88  
RUN-1001 :     9    |     N     |    8     |  x8y14z2 to x9y16z0  |       22        |        3        |  u_ph1p35_324_ddr_wrapper/u_ddr2/ph1p_ddrmc_wrapper/ph1p_ddrmc_top/u_phy2mc_fifo/byteIdx_1[0]$u_wfifo_sync/ramread0_syn_28  
RUN-1001 :    10    |     N     |    8     |   x3y5z3 to x5y6z0   |       21        |        3        |  u_ph1p35_324_ddr_wrapper/u_ddr2/ph1p_ddrmc_wrapper/ph1p_ddrmc_top/u_phy2mc_fifo/byteIdx_1[1]$u_wfifo_sync/ramread0_syn_68  
RUN-1001 : -------------------------------------------------------------------------------------------------------------------------------------------------------------------------------------------------------------------------
PHY-3001 : After Legalization for Slice Macros, Len = 1.25707e+06.
RUN-1001 : Generating global routing grids ...
PHY-1001 : Generate routing nets ...
PHY-1001 : Reuse net number 20061/22915.
RUN-1002 : start command "update_timing -mode MANHATTAN"
RUN-1002 : start command "start_timer"
RUN-1003 : finish command "start_timer" in  1.818238s wall, 1.734375s user + 0.015625s system = 1.750000s CPU (96.2%)

RUN-1004 : used memory is 1151 MB, reserved memory is 1142 MB, peak memory is 1151 MB
RUN-1003 : finish command "update_timing -mode MANHATTAN" in  3.481288s wall, 3.328125s user + 0.062500s system = 3.390625s CPU (97.4%)

RUN-1004 : used memory is 1151 MB, reserved memory is 1142 MB, peak memory is 1151 MB
PHY-1001 : Global iterations in 32 thread ...
PHY-1002 : len = 1.72834e+06, over cnt = 929(1%), over = 2195, worst = 10
PHY-1002 : len = 1.7441e+06, over cnt = 767(1%), over = 1264, worst = 9
PHY-1002 : len = 1.76355e+06, over cnt = 342(0%), over = 526, worst = 8
PHY-1002 : len = 1.77469e+06, over cnt = 86(0%), over = 114, worst = 7
PHY-1002 : len = 1.7783e+06, over cnt = 3(0%), over = 3, worst = 1
PHY-1001 : End global iterations;  0.931629s wall, 1.265625s user + 0.062500s system = 1.328125s CPU (142.6%)

PHY-1001 : Congestion index:
PHY-1001 : top1  = 87.41(S 73.91, N 69.91, E 81.50, W 83.96, I 220.42, O 251.07)
PHY-1001 : top5  = 75.05(S 59.68, N 58.34, E 64.40, W 68.56, I 118.07, O 146.39)
PHY-1001 : top10 = 67.80(S 51.79, N 50.87, E 54.74, W 59.78, I 88.86, O 112.62)
PHY-1001 : top15 = 63.27(S 46.38, N 45.51, E 48.88, W 54.08, I 73.77, O 94.53)
PHY-3001 : Total Iter 138, legal = 25108 / 25108 (100.00%), avg_move = 30.89, max_move = 338.
PHY-3001 : There are no illegal insts.
PHY-1001 : Populate physical database on model design_top_wrapper.
PHY-3001 : End Direct Legalization;  27.915337s wall, 293.031250s user + 3.000000s system = 296.031250s CPU (1060.5%)

RUN-1001 : Summary of LUT-FF Pairs
RUN-1001 : ---------------------------------------------------------------
RUN-1001 :   Num of Fanout Seqs  |   1x   |  2x  |  3~5  |  6~10  |  >10  
RUN-1001 : ---------------------------------------------------------------
RUN-1001 :         Total         |  7308  |  13  |  45   |   0    |  23   
RUN-1001 :          Grid         |  7298  |  13  |  42   |   0    |  23   
RUN-1001 :          Bank         |  7127  |  13  |  40   |   0    |  19   
RUN-1001 :         Paired        |  7102  |  13  |  39   |   0    |  18   
RUN-1001 : ---------------------------------------------------------------
RUN-1001 : Summary of LUT Pairs
RUN-1001 : ---------------------------------------------------------------------------------------------------------------------
RUN-1001 :            |           |           |           |           |           |  O5 + O6  |  Only O5  |  Only O6  |  Total  
RUN-1001 : ---------------------------------------------------------------------------------------------------------------------
RUN-1001 :   5 Share  |  4 Share  |  3 Share  |  2 Share  |  1 Share  |  0 Share  |           |           |           |         
RUN-1001 :     44     |    164    |    270    |    459    |   1810    |   3715    |   6462    |   2643    |   2119    |  11224  
RUN-1001 : ---------------------------------------------------------------------------------------------------------------------
PHY-1001 : End Stage 2.8.1 | Direct Legalization; Time: 27.984371s wall, 293.078125s user + 3.015625s system = 296.093750s CPU (1058.1%); Memory(MB): used = 1240, reserved = 1230, peak = 1241;

PHY-3001 : Target density is 60%
PHY-3001 : After Direct Legalization, Len = 1.6295e+06.
PHY-1001 : End Stage 2.8 | Pack and Legalization; Time: 28.196746s wall, 293.281250s user + 3.031250s system = 296.312500s CPU (1050.9%); Memory(MB): used = 1240, reserved = 1230, peak = 1241;

RUN-1002 : start command "start_timer"
RUN-1003 : finish command "start_timer" in  3.712439s wall, 3.531250s user + 0.156250s system = 3.687500s CPU (99.3%)

RUN-1004 : used memory is 1240 MB, reserved memory is 1230 MB, peak memory is 1241 MB
PHY-1001 : End Stage 2 | Global Placement; Time: 69.732355s wall, 374.609375s user + 10.671875s system = 385.281250s CPU (552.5%); Memory(MB): used = 1241, reserved = 1230, peak = 1241;

PHY-1001 : Stage 3 | Detailed Placement
PHY-1001 : Stage 3.1 | SLICE Detailed Placement
PHY-1001 : Stage 3.1.1 | Spreading
PHY-3001 : Design contains 156 ce signals.
PHY-3001 : Spreading for sector grids.
PHY-3001 : Iter 1, total overflow: 0
PHY-3001 : tot_capacity: 36, usage_cnt: 22, movable_cnt: 22
PHY-3001 : Spreading for clock grids.
PHY-3001 : clock grid count for 24 x 4 grids
PHY-3001 : Spreading for plb grids.
PHY-3001 : total displace: 0, max displace: 0.
PHY-3001 : End spreading;  0.392055s wall, 0.343750s user + 0.046875s system = 0.390625s CPU (99.6%)

PHY-1001 : End Stage 3.1.1 | Spreading; Time: 0.392157s wall, 0.343750s user + 0.046875s system = 0.390625s CPU (99.6%); Memory(MB): used = 1243, reserved = 1233, peak = 1243;

PHY-1001 : Stage 3.1.2 | Simulated Annealing Based DP
RUN-1001 : Generating global routing grids ...
PHY-1001 : Generate routing nets ...
PHY-1001 : Reuse net number 2126/18809.
PHY-1001 : Global iterations in 32 thread ...
PHY-1002 : len = 1.77326e+06, over cnt = 1517(2%), over = 3050, worst = 9
PHY-1002 : len = 1.80387e+06, over cnt = 950(1%), over = 1645, worst = 9
PHY-1002 : len = 1.82981e+06, over cnt = 339(0%), over = 548, worst = 6
PHY-1002 : len = 1.84051e+06, over cnt = 97(0%), over = 148, worst = 5
PHY-1002 : len = 1.84326e+06, over cnt = 5(0%), over = 5, worst = 1
PHY-1001 : End global iterations;  2.063974s wall, 2.875000s user + 0.046875s system = 2.921875s CPU (141.6%)

PHY-1001 : Congestion index:
PHY-1001 : top1  = 77.51(S 60.45, N 59.68, E 73.27, W 70.97, I 63.16, O 72.94)
PHY-1001 : top5  = 65.92(S 49.02, N 49.16, E 58.13, W 58.21, I 52.34, O 61.88)
PHY-1001 : top10 = 60.20(S 42.35, N 42.65, E 50.43, W 51.56, I 46.56, O 55.51)
PHY-1001 : top15 = 56.43(S 38.14, N 38.43, E 45.42, W 47.20, I 42.58, O 51.18)
PHY-0007 : Initial: WL Cost = 128633, TD Cost = 127102, SWNS = 133, STNS = 0, Nums per T = 104540, Range Limit = 4x8
PHY-0007 : Finally: WL Cost = 115009, TD Cost = 95073.1, WL Ratio = 0.894087, TD Ratio = 0.748008, SWNS = 255, STNS = 0
RUN-1001 : Print Detailed placement's Summary information
RUN-1001 : -------------------------------------------------------------------------------------------------------------------------------
RUN-1001 :           |   Total   |  Accept  |  Reject by overFlow  |  Reject by worseCost  |  Failed by noTarget  |  Failed by gridCheck  
RUN-1001 : -------------------------------------------------------------------------------------------------------------------------------
RUN-1001 :   Slices  |  1045400  |  26976   |         1852         |        1002229        |         539          |         13804         
RUN-1001 :   Macros  |   23771   |   140    |         275          |         23254         |          85          |          17           
RUN-1001 : -------------------------------------------------------------------------------------------------------------------------------
PHY-1001 : End Stage 3.1.2 | Simulated Annealing Based DP; Time: 26.539375s wall, 27.687500s user + 0.953125s system = 28.640625s CPU (107.9%); Memory(MB): used = 1252, reserved = 1243, peak = 1254;

PHY-3001 : End Detailed Place; 
PHY-3001 : Final: Len = 1.43218e+06, Over = 0
PHY-1001 : End Stage 3.1 | SLICE Detailed Placement; Time: 27.325261s wall, 28.390625s user + 1.031250s system = 29.421875s CPU (107.7%); Memory(MB): used = 1252, reserved = 1243, peak = 1254;

PHY-3001 : End Detailed Place; 
PHY-1001 : Stage 3.2 | Optimize Design
OPT-1001 : Start physical optimization ...
OPT-1001 : Total overflow 0.00 peak overflow 0.00
OPT-1001 : Stage 3.2.1 | Physical Optimization
OPT-1001 : Start high-fanout net optimization in optimize equivalent flow with medium effort ...
OPT-1001 : Clean unloaded insts before merging registers
PHY-1001 : Populate physical database on model design_top_wrapper.
PHY-1001 : Populate physical database on model design_top_wrapper.
OPT-1001 : Total overflow 0.00 peak overflow 0.00
OPT-1001 : End optimize duplicated nets. Total 11 instances are merged and 202 sinks are reconnected,  2.732898s wall, 3.109375s user + 0.046875s system = 3.156250s CPU (115.5%)

OPT-1001 : End high-fanout net optimization;  2.735173s wall, 3.125000s user + 0.046875s system = 3.171875s CPU (116.0%)

OPT-1001 : Update timing in Manhattan mode
RUN-1002 : start command "start_timer"
RUN-1003 : finish command "start_timer" in  2.990375s wall, 2.843750s user + 0.109375s system = 2.953125s CPU (98.8%)

RUN-1004 : used memory is 1252 MB, reserved memory is 1243 MB, peak memory is 1254 MB
OPT-1001 : End timing update;  4.675695s wall, 4.421875s user + 0.218750s system = 4.640625s CPU (99.2%)

OPT-1001 : Current memory(MB): used = 1253, reserved = 1243, peak = 1254.
OPT-1001 : End Stage 3.2.1 | Physical Optimization; Time: 7.601508s wall, 7.718750s user + 0.296875s system = 8.015625s CPU (105.4%); Memory(MB): used = 1253, reserved = 1243, peak = 1254;

OPT-1001 : Stage 3.2.2 | Synthesize High-fanout Net
OPT-1001 : Start high-fanout net optimization in post-pack flow with medium effort ...
OPT-1001 : Start: SWNS 255 STNS 0 NUM_FEPS 0
OPT-1001 : Total overflow 0.00 peak overflow 0.00
PHY-1001 : Populate physical database on model design_top_wrapper.
OPT-1001 : 15 high-fanout net processed.
OPT-1001 : Total overflow 0.00 peak overflow 0.00
RUN-1001 : HFN opt statistic
RUN-1001 : ------------------------------------------------------
RUN-1001 :   DriverCell type  |  HFN count  |  Duplicated count  
RUN-1001 : ------------------------------------------------------
RUN-1001 :       LSLICE       |      0      |         0          
RUN-1001 :       MSLICE       |      0      |         0          
RUN-1001 :        OTHER       |     15      |         11         
RUN-1001 :        TOTAL       |     15      |         11         
RUN-1001 : ------------------------------------------------------
OPT-1001 : End high-fanout net optimization;  1.101415s wall, 1.421875s user + 0.015625s system = 1.437500s CPU (130.5%)

OPT-1001 : Current memory(MB): used = 1253, reserved = 1243, peak = 1254.
OPT-1001 : End Stage 3.2.2 | Synthesize High-fanout Net; Time: 1.293782s wall, 1.593750s user + 0.015625s system = 1.609375s CPU (124.4%); Memory(MB): used = 1253, reserved = 1243, peak = 1254;

OPT-1001 : Stage 3.2.3 | Optimize Path
OPT-1001 : Start unpack path based optimization ...
OPT-0007 : Start: SWNS 255 STNS 0 NUM_FEPS 0 with mode 2
OPT-1001 : Start congestion update ...
RUN-1001 : Generating global routing grids ...
PHY-1001 : Generate routing nets ...
PHY-1001 : Reuse net number 6435/19525.
PHY-1001 : Global iterations in 32 thread ...
PHY-1002 : len = 1.66445e+06, over cnt = 1810(2%), over = 3676, worst = 9
PHY-1002 : len = 1.70893e+06, over cnt = 1069(1%), over = 1818, worst = 9
PHY-1002 : len = 1.73976e+06, over cnt = 373(0%), over = 669, worst = 9
PHY-1002 : len = 1.75074e+06, over cnt = 160(0%), over = 274, worst = 8
PHY-1002 : len = 1.75781e+06, over cnt = 0(0%), over = 0, worst = 0
PHY-1001 : End global iterations;  2.045023s wall, 2.890625s user + 0.062500s system = 2.953125s CPU (144.4%)

PHY-1001 : Congestion index:
PHY-1001 : top1  = 79.03(S 61.96, N 59.36, E 73.03, W 73.27, I 62.53, O 70.72)
PHY-1001 : top5  = 66.64(S 49.76, N 49.08, E 58.67, W 58.54, I 51.04, O 58.97)
PHY-1001 : top10 = 60.74(S 43.36, N 43.06, E 50.33, W 51.18, I 45.81, O 53.61)
PHY-1001 : top15 = 56.79(S 39.18, N 38.97, E 45.23, W 46.91, I 42.12, O 49.85)
OPT-1001 : End congestion update;  2.553410s wall, 3.828125s user + 0.078125s system = 3.906250s CPU (153.0%)

OPT-0007 : Iter 1: improved SWNS 411 STNS 0 NUM_FEPS 0 with 74(2826) cells and 1413(1413) paths processed with 7178 slack improved, crit_thod: 2160 ratio: 0.94(85/90) rt: 0.7s
OPT-0007 : Iter 2: improved SWNS 411 STNS 0 NUM_FEPS 0 with 33(3092) cells and 1546(1546) paths processed with 2853 slack improved, crit_thod: 2464 ratio: 0.91(41/45) rt: 0.7s
OPT-0007 : Iter 3: improved SWNS 411 STNS 0 NUM_FEPS 0 with 9(3128) cells and 1564(1564) paths processed with 324 slack improved, crit_thod: 2512 ratio: 0.77(10/13) rt: 0.5s
OPT-1001 : End path based optimization;  4.541941s wall, 5.609375s user + 0.140625s system = 5.750000s CPU (126.6%)

OPT-1001 : Current memory(MB): used = 1253, reserved = 1243, peak = 1254.
OPT-1001 : End Stage 3.2.3 | Optimize Path; Time: 4.734877s wall, 5.796875s user + 0.156250s system = 5.953125s CPU (125.7%); Memory(MB): used = 1253, reserved = 1243, peak = 1254;

OPT-1001 : Stage 3.2.4 | Optimize Duplicated Nets
OPT-1001 : Start: WNS 411 TNS 0 NUM_FEPS 0
OPT-1001 : Clean unloaded insts before merging registers
PHY-1001 : Populate physical database on model design_top_wrapper.
PHY-1001 : Populate physical database on model design_top_wrapper.
OPT-1001 : Total overflow 0.00 peak overflow 0.00
OPT-1001 : End optimize duplicated nets. Total 0 instances are merged and 270 sinks are reconnected,  2.690676s wall, 2.531250s user + 0.156250s system = 2.687500s CPU (99.9%)

OPT-1001 : Update timing in Manhattan mode
RUN-1002 : start command "start_timer"
RUN-1003 : finish command "start_timer" in  3.028327s wall, 2.937500s user + 0.031250s system = 2.968750s CPU (98.0%)

RUN-1004 : used memory is 1253 MB, reserved memory is 1243 MB, peak memory is 1254 MB
OPT-1001 : End timing update;  4.775901s wall, 4.593750s user + 0.125000s system = 4.718750s CPU (98.8%)

OPT-1001 : Current memory(MB): used = 1253, reserved = 1243, peak = 1254.
OPT-1001 : End Stage 3.2.4 | Optimize Duplicated Nets; Time: 7.661881s wall, 7.281250s user + 0.312500s system = 7.593750s CPU (99.1%); Memory(MB): used = 1253, reserved = 1243, peak = 1254;

OPT-1001 : Stage 3.2.5 | Swap Pins
OPT-1001 : Start pin optimization...
OPT-1001 : Start: SWNS 411 STNS 0 NUM_FEPS 0
OPT-1001 : Successfully optimized 751 instances
OPT-1001 : Successfully optimized 217 instances
OPT-1001 : End pin optimization;  1.591470s wall, 1.484375s user + 0.078125s system = 1.562500s CPU (98.2%)

OPT-1001 : Current memory(MB): used = 1253, reserved = 1243, peak = 1254.
OPT-1001 : End Stage 3.2.5 | Swap Pins; Time: 1.782527s wall, 1.656250s user + 0.093750s system = 1.750000s CPU (98.2%); Memory(MB): used = 1253, reserved = 1243, peak = 1254;

OPT-1001 : Stage 3.2.6 | Optimize Beeline
OPT-1001 : Start beeline optimization...
OPT-1001 : Start: SWNS 411 STNS 0 NUM_FEPS 0
PHY-1001 : Beeline DP, 663 out of 5269 (12.58)%; hop = 896.
PHY-1001 : Beeline DP, 231 out of 4626 (4.99)%; hop = 329.
PHY-1001 : Beeline DP, 116 out of 4473 (2.59)%; hop = 166.
PHY-1001 : Beeline DP, 88 out of 4430 (1.99)%; hop = 126.
PHY-1001 : Beeline DP, 72 out of 4392 (1.64)%; hop = 103.
PHY-1001 : Beeline optimization intraPLB, 2449 1-hop(39.70%), 2579 2-hop(41.81%), 468 3-hop( 7.59%), 673 others (10.91%)
PHY-1001 :  13.150840s wall, 12.718750s user + 0.312500s system = 13.031250s CPU (99.1%)

RUN-1001 : Beeline optimization outerPLB: 1-hop 1930, 2-hop 3688, 3-hop 2130, 4-hop 672, other 1833 
OPT-1001 : End beeline optimization;  13.917911s wall, 13.500000s user + 0.312500s system = 13.812500s CPU (99.2%)

OPT-1001 : Update timing in Manhattan mode
OPT-1001 : End timing update;  1.771048s wall, 1.671875s user + 0.062500s system = 1.734375s CPU (97.9%)

OPT-1001 : End Stage 3.2.6 | Optimize Beeline; Time: 16.027108s wall, 15.500000s user + 0.390625s system = 15.890625s CPU (99.1%); Memory(MB): used = 1254, reserved = 1244, peak = 1254;

OPT-0007 : End flow postpack: SWNS 370 STNS 0 NUM_FEPS 0
RUN-1001 : Generating global routing grids ...
PHY-1001 : Generate routing nets ...
PHY-1001 : Reuse net number 17311/18885.
PHY-1001 : Global iterations in 32 thread ...
PHY-1002 : len = 1.76965e+06, over cnt = 405(0%), over = 606, worst = 7
PHY-1002 : len = 1.77664e+06, over cnt = 221(0%), over = 299, worst = 5
PHY-1002 : len = 1.78192e+06, over cnt = 75(0%), over = 99, worst = 4
PHY-1002 : len = 1.79389e+06, over cnt = 23(0%), over = 28, worst = 3
PHY-1002 : len = 1.79486e+06, over cnt = 0(0%), over = 0, worst = 0
PHY-1001 : End global iterations;  0.720265s wall, 0.828125s user + 0.015625s system = 0.843750s CPU (117.1%)

PHY-1001 : Congestion index:
PHY-1001 : top1  = 78.82(S 62.12, N 59.49, E 73.77, W 72.70, I 62.69, O 71.71)
PHY-1001 : top5  = 66.58(S 50.28, N 49.20, E 58.95, W 58.66, I 50.78, O 59.16)
PHY-1001 : top10 = 60.88(S 43.93, N 43.33, E 50.34, W 51.64, I 45.42, O 53.52)
PHY-1001 : top15 = 57.03(S 39.73, N 39.22, E 45.27, W 47.40, I 41.69, O 49.78)
RUN-1001 : QoR Analysis:
OPT-0007 :   SWNS 370 STNS 0 NUM_FEPS 0
RUN-1001 :   No local congestion issue, and most congested 1% tile average routing util is 78.526316
RUN-1001 :   Top critical paths
RUN-1001 :       #1 path slack 370ps with logic level 1 
RUN-1001 :       #2 path slack 370ps with logic level 1 
RUN-1001 :       #3 path slack 372ps with logic level 1 
RUN-1001 :       #4 path slack 372ps with logic level 1 
RUN-1001 :       #5 path slack 381ps with logic level 1 
RUN-1001 :       #6 path slack 411ps with logic level 1 
RUN-1001 :       #7 path slack 411ps with logic level 1 
RUN-1001 :       #8 path slack 430ps with logic level 1 
RUN-1001 :       #9 path slack 430ps with logic level 1 
RUN-1001 :       #10 path slack 430ps with logic level 1 
OPT-1001 : End physical optimization;  40.536254s wall, 41.078125s user + 1.281250s system = 42.359375s CPU (104.5%)

PHY-1001 : End Stage 3.2 | Optimize Design; Time: 40.536487s wall, 41.078125s user + 1.281250s system = 42.359375s CPU (104.5%); Memory(MB): used = 1254, reserved = 1244, peak = 1254;

RUN-1001 : Report Control nets information:
RUN-1001 : DFF Distribution
RUN-1001 : -------------------------------------
RUN-1001 :   CE   |  SSR  |  ASR  |  DFF Count  
RUN-1001 : -------------------------------------
RUN-1001 :   No   |  No   |  No   |     224     
RUN-1001 :   No   |  No   |  Yes  |      0      
RUN-1001 :   No   |  Yes  |  No   |      0      
RUN-1001 :   Yes  |  No   |  No   |    6944     
RUN-1001 :   Yes  |  No   |  Yes  |    7601     
RUN-1001 :   Yes  |  Yes  |  No   |     364     
RUN-1001 : -------------------------------------
RUN-1001 : Control Group Statistic
RUN-1001 : -----------------------------
RUN-1001 :   #CLK  |  #CE  |  #SSR/ASR  
RUN-1001 : -----------------------------
RUN-1001 :    14   |  489  |     36     
RUN-1001 : -----------------------------
RUN-0007 : Control Set = 587
PHY-1001 : End Stage 3 | Detailed Placement; Time: 68.078855s wall, 69.671875s user + 2.312500s system = 71.984375s CPU (105.7%); Memory(MB): used = 1254, reserved = 1244, peak = 1254;

PHY-1001 : Populate physical database on model design_top_wrapper.
PHY-1001 : Stage 4 | Optimize Design
PHY-3001 : Start incremental legalization ...
PHY-1001 : Populate physical database on model design_top_wrapper.
PHY-1001 : Processing 2 clock pins of DDR instance u_ph1p35_324_ddr_wrapper/u_ddr2/ph1p_ddrmc_wrapper/ph1p_ddrmc_top/u_ddr_phy/u_ddrphy_top/u_ddrphy/ac_byte[0]$ac_byte_used$u_ddrphy_ac_byte_wrapper/u_ddrphy_byte, location = x0y70z0.
PHY-1001 :   Placed ioclk instance u_ph1p35_324_ddr_wrapper/u_ddr2/ph1p_ddrmc_wrapper/ph1p_ddrmc_top/u_ddr_phy/u_ddrphy_top/u_ddrphy_clk/ioclk[0]$u_ioclk_1, location = x0y59z1.
PHY-1001 :   Placed ioclk instance u_ph1p35_324_ddr_wrapper/u_ddr2/ph1p_ddrmc_wrapper/ph1p_ddrmc_top/u_ddr_phy/u_ddrphy_top/u_ddrphy_clk/ioclk[0]$u_ioclk_0, location = x0y59z0.
PHY-1001 : Processing 2 clock pins of DDR instance u_ph1p35_324_ddr_wrapper/u_ddr2/ph1p_ddrmc_wrapper/ph1p_ddrmc_top/u_ddr_phy/u_ddrphy_top/u_ddrphy/ac_byte[1]$ac_byte_used$u_ddrphy_ac_byte_wrapper/u_ddrphy_byte, location = x0y60z0.
PHY-1001 :   Placed ioclk instance u_ph1p35_324_ddr_wrapper/u_ddr2/ph1p_ddrmc_wrapper/ph1p_ddrmc_top/u_ddr_phy/u_ddrphy_top/u_ddrphy_clk/ioclk[0]$u_ioclk_1, location = x0y59z1.
PHY-1001 :   Placed ioclk instance u_ph1p35_324_ddr_wrapper/u_ddr2/ph1p_ddrmc_wrapper/ph1p_ddrmc_top/u_ddr_phy/u_ddrphy_top/u_ddrphy_clk/ioclk[0]$u_ioclk_0, location = x0y59z0.
PHY-1001 : Processing 2 clock pins of DDR instance u_ph1p35_324_ddr_wrapper/u_ddr2/ph1p_ddrmc_wrapper/ph1p_ddrmc_top/u_ddr_phy/u_ddrphy_top/u_ddrphy/ac_byte[2]$ac_byte_used$u_ddrphy_ac_byte_wrapper/u_ddrphy_byte, location = x0y50z0.
PHY-1001 :   Placed ioclk instance u_ph1p35_324_ddr_wrapper/u_ddr2/ph1p_ddrmc_wrapper/ph1p_ddrmc_top/u_ddr_phy/u_ddrphy_top/u_ddrphy_clk/ioclk[0]$u_ioclk_1, location = x0y59z1.
PHY-1001 :   Placed ioclk instance u_ph1p35_324_ddr_wrapper/u_ddr2/ph1p_ddrmc_wrapper/ph1p_ddrmc_top/u_ddr_phy/u_ddrphy_top/u_ddrphy_clk/ioclk[0]$u_ioclk_0, location = x0y59z0.
PHY-1001 : Processing 2 clock pins of DDR instance u_ph1p35_324_ddr_wrapper/u_ddr2/ph1p_ddrmc_wrapper/ph1p_ddrmc_top/u_ddr_phy/u_ddrphy_top/u_ddrphy/ac_byte[3]$ac_byte_used$u_ddrphy_ac_byte_wrapper/u_ddrphy_byte, location = x0y40z0.
PHY-1001 :   Placed ioclk instance u_ph1p35_324_ddr_wrapper/u_ddr2/ph1p_ddrmc_wrapper/ph1p_ddrmc_top/u_ddr_phy/u_ddrphy_top/u_ddrphy_clk/ioclk[0]$u_ioclk_1, location = x0y59z1.
PHY-1001 :   Placed ioclk instance u_ph1p35_324_ddr_wrapper/u_ddr2/ph1p_ddrmc_wrapper/ph1p_ddrmc_top/u_ddr_phy/u_ddrphy_top/u_ddrphy_clk/ioclk[0]$u_ioclk_0, location = x0y59z0.
PHY-1001 : Processing 2 clock pins of DDR instance u_ph1p35_324_ddr_wrapper/u_ddr2/ph1p_ddrmc_wrapper/ph1p_ddrmc_top/u_ddr_phy/u_ddrphy_top/u_ddrphy/dx_byte[0]$dx_byte_used$u_ddrphy_dx_byte_wrapper/u_ddrphy_byte, location = x0y30z0.
PHY-1001 :   Placed ioclk instance u_ph1p35_324_ddr_wrapper/u_ddr2/ph1p_ddrmc_wrapper/ph1p_ddrmc_top/u_ddr_phy/u_ddrphy_top/u_ddrphy_clk/ioclk[1]$u_ioclk_1, location = x0y19z1.
PHY-1001 :   Placed ioclk instance u_ph1p35_324_ddr_wrapper/u_ddr2/ph1p_ddrmc_wrapper/ph1p_ddrmc_top/u_ddr_phy/u_ddrphy_top/u_ddrphy_clk/ioclk[1]$u_ioclk_0, location = x0y19z0.
PHY-1001 : Processing 2 clock pins of DDR instance u_ph1p35_324_ddr_wrapper/u_ddr2/ph1p_ddrmc_wrapper/ph1p_ddrmc_top/u_ddr_phy/u_ddrphy_top/u_ddrphy/dx_byte[1]$dx_byte_used$u_ddrphy_dx_byte_wrapper/u_ddrphy_byte, location = x0y10z0.
PHY-1001 :   Placed ioclk instance u_ph1p35_324_ddr_wrapper/u_ddr2/ph1p_ddrmc_wrapper/ph1p_ddrmc_top/u_ddr_phy/u_ddrphy_top/u_ddrphy_clk/ioclk[1]$u_ioclk_1, location = x0y19z1.
PHY-1001 :   Placed ioclk instance u_ph1p35_324_ddr_wrapper/u_ddr2/ph1p_ddrmc_wrapper/ph1p_ddrmc_top/u_ddr_phy/u_ddrphy_top/u_ddrphy_clk/ioclk[1]$u_ioclk_0, location = x0y19z0.
PHY-3001 : Target density is 60%
PHY-3001 : Target density is 60%
PHY-3001 : Initial: Len = 1.45909e+06, Over = 0
PHY-1001 : Stage 4.1 | Spreading
PHY-3001 : Design contains 157 ce signals.
PHY-3001 : Spreading for sector grids.
PHY-3001 : Iter 1, total overflow: 0
PHY-3001 : tot_capacity: 36, usage_cnt: 23, movable_cnt: 24
PHY-3001 : Spreading for clock grids.
PHY-3001 : clock grid count for 24 x 4 grids
PHY-3001 : Spreading for plb grids.
PHY-3001 : total displace: 0, max displace: 0.
PHY-3001 : End spreading;  0.401783s wall, 0.375000s user + 0.031250s system = 0.406250s CPU (101.1%)

PHY-1001 : End Stage 4.1 | Spreading; Time: 0.401900s wall, 0.375000s user + 0.031250s system = 0.406250s CPU (101.1%); Memory(MB): used = 1254, reserved = 1244, peak = 1254;

PHY-3001 : Final: Len = 1.45909e+06, Over = 0
PHY-3001 : End incremental legalization;  0.749190s wall, 0.687500s user + 0.046875s system = 0.734375s CPU (98.0%)

RUN-1002 : start command "report_qor -step place -file place.qor"
RUN-1002 : start command "start_timer"
RUN-1003 : finish command "start_timer" in  2.215151s wall, 2.156250s user + 0.015625s system = 2.171875s CPU (98.0%)

RUN-1004 : used memory is 1254 MB, reserved memory is 1244 MB, peak memory is 1254 MB
RUN-1001 : Generating global routing grids ...
-----------------------------------------------------------
| QoR metrics               |         value               |
-----------------------------------------------------------
| Timing                    |                             |
|     Setup WNS             |          370                |
|     Setup TNS             |            0                |
|     Num of violated S-EP  |            0                |
|     FMAX                  |   337.496MHz                |
|     SWNS path clock period |       3333ps                |
|     Hold WNS              |         -257                |
|     Hold TNS              |       -57003                |
|     Num of violated H-EP  |          509                |
-----------------------------------------------------------
| Routing Resource          |                             |
|     Wire length           |      1454287                |
|     Route Net Num         |        24026                |
|     DontRoute Net Num     |         9686                |
|     RouteSinks Num        |        72685                |
-----------------------------------------------------------
| Utilization               |                             |
|     #slices               |        14117                |
|     slices percentage     |       66.54%                |
|     #RAMs                 |           50                |
|     #DSPs                 |            8                |
|     #DRAMHARDCON          |           37                |
-----------------------------------------------------------
| Congestion                |                             |
|     Top 1% tile util      |           71                |
|     Top 1% tile avg util  |       78.53%                |
|     Over 100% util #tile  |            0                |
-----------------------------------------------------------
Report place stage QoR done.

RUN-1003 : finish command "report_qor -step place -file place.qor" in  4.829675s wall, 4.671875s user + 0.125000s system = 4.796875s CPU (99.3%)

RUN-1004 : used memory is 1254 MB, reserved memory is 1244 MB, peak memory is 1254 MB
PHY-1001 : End Stage 4 | Optimize Design; Time: 5.603239s wall, 5.390625s user + 0.171875s system = 5.562500s CPU (99.3%); Memory(MB): used = 1254, reserved = 1244, peak = 1254;

PHY-1001 : Stage 5 | DRC Check
PHY-1001 : Stage 5.1 | Slice Attributes Check
PHY-1035 : Redundant attributes/nets in slice detected. You can use tcl "check_slice_attr -verbose" to get full message.
PHY-1039 : Found 112 mslices getting no used reg attributes, eg: u_hdmi_tx/u_hdmi_1_4b_transmitter_core_wrapper/u_hdmi_tx_controller_wrapper/u_hdmi_video_data_assemble/S_island_guard_band_1d_syn_10.
PHY-1039 : Found 112 mslices getting no used ce attributes, eg: u_hdmi_tx/u_hdmi_1_4b_transmitter_core_wrapper/u_hdmi_tx_controller_wrapper/u_hdmi_video_data_assemble/S_island_guard_band_1d_syn_10.
PHY-1001 : End Stage 5.1 | Slice Attributes Check; Time: 0.068195s wall, 0.046875s user + 0.015625s system = 0.062500s CPU (91.6%); Memory(MB): used = 1254, reserved = 1244, peak = 1254;

PHY-1001 : Stage 5.2 | Clock Bound Check
PHY-1001 : Check pass.
PHY-1001 : End Stage 5.2 | Clock Bound Check; Time: 0.002947s wall, 0.000000s user + 0.000000s system = 0.000000s CPU (n/a%); Memory(MB): used = 1254, reserved = 1244, peak = 1254;

PHY-1001 : Stage 5.3 | Force Route Constraint Check
PHY-1001 : Check Pass.
PHY-1001 : End Stage 5.3 | Force Route Constraint Check; Time: 0.003080s wall, 0.015625s user + 0.000000s system = 0.015625s CPU (507.4%); Memory(MB): used = 1254, reserved = 1244, peak = 1254;

PHY-1001 : Stage 5.4 | Sigmap Check
PHY-1001 : Check pass.
PHY-1001 : End Stage 5.4 | Sigmap Check; Time: 0.113453s wall, 0.109375s user + 0.000000s system = 0.109375s CPU (96.4%); Memory(MB): used = 1254, reserved = 1244, peak = 1254;

PHY-1001 : Stage 5.5 | Duplicated SelfDriven Check
PHY-1001 : Check pass.
PHY-1001 : End Stage 5.5 | Duplicated SelfDriven Check; Time: 0.479223s wall, 0.453125s user + 0.000000s system = 0.453125s CPU (94.6%); Memory(MB): used = 1254, reserved = 1244, peak = 1254;

PHY-1001 : Stage 5.6 | Clock Rule Check
PHY-5088 WARNING: Clock_Analyzer: Detected 1 buffer(s) clkin net because they drive non-clock sinks. Run "analyze_clock -detail" for more infomation.
PHY-5088 WARNING: Clock_Analyzer: Detected 1 buffer(s) clkout net because they drive non-clock sinks. Run "analyze_clock -detail" for more infomation.
PHY-5088 WARNING: Clock_Analyzer: 3 clock-net(s) because they drive other clock net, may cause clock skew. Run "analyze_clock -detail" for more infomation.
PHY-1001 : End Stage 5.6 | Clock Rule Check; Time: 0.096811s wall, 0.078125s user + 0.000000s system = 0.078125s CPU (80.7%); Memory(MB): used = 1254, reserved = 1244, peak = 1254;

PHY-1001 : End Stage 5 | DRC Check; Time: 0.843572s wall, 0.781250s user + 0.015625s system = 0.796875s CPU (94.5%); Memory(MB): used = 1254, reserved = 1244, peak = 1254;

OPT-1001 : QoR tracer report on placement steps:
    SWNS [   incr ]    STNS [   incr ]    FEPS [   incr ]    CRIT [   incr ]      CELL [     incr ]        WL [     incr ]    CONG [   incr ]    PDES [   incr ]   RT(s) [   incr ]   MEM(mb) [     incr ]
       0 [      0 ]       0 [      0 ]       0 [      0 ]       0 [      0 ]     29739 [        0 ]         0 [        0 ]    0.00 [   0.00 ]       0 [      0 ]       0 [      0 ]       829 [        0 ] : preplace:simplify_lut
       0 [      0 ]       0 [      0 ]       0 [      0 ]       0 [      0 ]     29739 [        0 ]         0 [        0 ]    0.00 [   0.00 ]       0 [      0 ]       0 [      0 ]       829 [        0 ] : preplace:sweep
       0 [      0 ]       0 [      0 ]       0 [      0 ]       0 [      0 ]     29739 [        0 ]         0 [        0 ]    0.00 [   0.00 ]       0 [      0 ]       0 [      0 ]       829 [        0 ] : preplace:lut_merge
       0 [      0 ]       0 [      0 ]       0 [      0 ]       0 [      0 ]     29739 [        0 ]         0 [        0 ]    0.00 [   0.00 ]       0 [      0 ]       0 [      0 ]       829 [        0 ] : preplace:hfn_opt
     319 [    319 ]       0 [      0 ]       0 [      0 ]    4478 [   4478 ]     31529 [     1790 ]   1820620 [  1820620 ]    0.00 [   0.00 ]       0 [      0 ]      14 [     14 ]      1002 [      173 ] : step1_gp
     319 [      0 ]       0 [      0 ]       0 [      0 ]    4496 [     18 ]     31529 [        0 ]   1820896 [      276 ]    0.00 [   0.00 ]       0 [      0 ]      16 [      2 ]      1007 [        5 ] : step1_legal
     319 [      0 ]       0 [      0 ]       0 [      0 ]    4498 [      2 ]     31529 [        0 ]   1786819 [   -34077 ]    0.00 [   0.00 ]       0 [      0 ]      18 [      2 ]      1009 [        2 ] : step1_dp
     411 [     92 ]       0 [      0 ]       0 [      0 ]    4661 [    163 ]     31529 [        0 ]   1326379 [  -460440 ]  196.47 [ 196.47 ]       0 [      0 ]      24 [      6 ]      1102 [       93 ] : step2_gp
     411 [      0 ]       0 [      0 ]       0 [      0 ]    4659 [     -2 ]     31529 [        0 ]   1327509 [     1130 ]  196.47 [   0.00 ]       0 [      0 ]      27 [      3 ]      1104 [        2 ] : step2_dp
     411 [      0 ]       0 [      0 ]       0 [      0 ]    4659 [      0 ]     31529 [        0 ]   1327509 [        0 ]  196.47 [   0.00 ]       0 [      0 ]      27 [      0 ]      1104 [        0 ] : prepack_spreading
     414 [      3 ]       0 [      0 ]       0 [      0 ]    4708 [     49 ]     31550 [       21 ]   1199813 [  -127696 ]  172.97 [ -23.50 ]       0 [      0 ]      36 [      9 ]      1114 [       10 ] : prepack:hfn_opt
     503 [     89 ]       0 [      0 ]       0 [      0 ]    4708 [      0 ]     31550 [        0 ]   1200355 [      542 ]   89.00 [ -83.97 ]       0 [      0 ]      40 [      4 ]      1114 [        0 ] : prepack:global_opt
     133 [   -370 ]       0 [      0 ]       0 [      0 ]    4943 [    235 ]     16098 [   -15452 ]   1624696 [   424341 ]   87.03 [  -1.97 ]       0 [      0 ]      73 [     33 ]      1241 [      127 ] : direct_legalization
     133 [      0 ]       0 [      0 ]       0 [      0 ]    4943 [      0 ]     16098 [        0 ]   1624696 [        0 ]   87.03 [   0.00 ]       0 [      0 ]      74 [      1 ]      1243 [        2 ] : post_pack_spreading
     255 [    122 ]       0 [      0 ]       0 [      0 ]    5059 [    116 ]     16098 [        0 ]   1427376 [  -197320 ]   77.13 [  -9.89 ]       0 [      0 ]     101 [     27 ]      1254 [       11 ] : post_pack_dp
     255 [      0 ]       0 [      0 ]       0 [      0 ]    5064 [      5 ]     16092 [       -6 ]   1425608 [    -1768 ]   77.13 [   0.00 ]       0 [      0 ]     108 [      7 ]      1254 [        0 ] : postpack:optimize_equivalent_quick
     255 [      0 ]       0 [      0 ]       0 [      0 ]    5065 [      1 ]     16103 [       11 ]   1426732 [     1124 ]   77.13 [   0.00 ]       0 [      0 ]     110 [      2 ]      1254 [        0 ] : postpack:hfn_opt
     411 [    156 ]       0 [      0 ]       0 [      0 ]    5065 [      0 ]     16127 [       24 ]   1432521 [     5789 ]   78.79 [   1.66 ]       0 [      0 ]     114 [      4 ]      1254 [        0 ] : postpack:path_opt
     411 [      0 ]       0 [      0 ]       0 [      0 ]    5067 [      2 ]     16126 [       -1 ]   1431979 [     -542 ]   78.79 [   0.00 ]       0 [      0 ]     122 [      8 ]      1254 [        0 ] : postpack:optimize_equivalent
     411 [      0 ]       0 [      0 ]       0 [      0 ]    5297 [    230 ]     16126 [        0 ]   1431979 [        0 ]   78.79 [   0.00 ]       0 [      0 ]     124 [      2 ]      1254 [        0 ] : postpack:pin_opt
     370 [    -41 ]       0 [      0 ]       0 [      0 ]    5265 [    -32 ]     16126 [        0 ]   1470781 [    38802 ]   78.79 [   0.00 ]       0 [      0 ]     140 [     16 ]      1254 [        0 ] : postpack:beeline_opt

RUN-1003 : finish command "place" in  148.376010s wall, 454.406250s user + 13.250000s system = 467.656250s CPU (315.2%)

RUN-1004 : used memory is 1254 MB, reserved memory is 1244 MB, peak memory is 1254 MB
RUN-1002 : start command "update_timing -mode manhattan"
RUN-1002 : start command "start_timer"
RUN-1003 : finish command "start_timer" in  2.248885s wall, 2.031250s user + 0.015625s system = 2.046875s CPU (91.0%)

RUN-1004 : used memory is 1254 MB, reserved memory is 1244 MB, peak memory is 1254 MB
RUN-1003 : finish command "update_timing -mode manhattan" in  3.898359s wall, 3.562500s user + 0.125000s system = 3.687500s CPU (94.6%)

RUN-1004 : used memory is 1254 MB, reserved memory is 1244 MB, peak memory is 1254 MB
RUN-1002 : start command "report_timing_summary -file camera_to_dsi_display_place.timing"
RUN-1002 : start command "report_area -io_info -file camera_to_dsi_display_phy.area"
SYN-4034 : The count of slices with lut is 7791.
SYN-4035 : The count of slices with lut+ripple is 3447.
RUN-1001 : standard
***Report Model: design_top_wrapper Device: PH1P35MDG324***

Design Statistics
#IO                        70   out of    160   43.75%
  #input                    9
  #output                  35
  #inout                   26
#lut6                   11646   out of  21216   54.89%
#reg                    14909
  #slice reg            14909   out of  42432   35.14%
  #pad reg                  0

Utilization Statistics
#slice                  14117   out of  21216   66.54%
  #used ram               408
    #dram lut             296
    #shifter lut          112
  #used logic           13709
    #with luts           7791
    #with adder          3447
    #reg only            2471
#f7mux                      0   out of  10608    0.00%
#f8mux                      0   out of   5304    0.00%
#eram                      50   out of    108   46.30%
  #eram20k                 50
  #fifo20k                  0
#dsp                        8   out of     40   20.00%
#mcu                        1   out of      1  100.00%
#ddr_byte                   6   out of     12   50.00%
#mipi_tx                    0   out of      2    0.00%
#mipi_rx                    1   out of      2   50.00%
#pad                       29   out of    160   18.12%
#pll                        3   out of      6   50.00%
#gclk                      13   out of     32   40.62%
#lclk                       0   out of     12    0.00%
#sclk                       0   out of     48    0.00%
#mlclk                      2   out of      6   33.33%
#ioclk                      4   out of     18   22.22%

RUN-1002 : start command "flow_status -file place_flow.status"
Location         : D:\2026fpga\lab_hd_1_mipi_hdmi\td_project\camera_to_dsi_display_Runs\phy_1
Running with     : Tang Dynasty v6.2.168116
                   Copyright (c) 2012-2025 Anlogic Inc.
Top Model        : design_top_wrapper
Device           : PH1P35MDG324
Speed            : 3

Timing Mode      : manhattan
Setup            : WNS   370ps  TNS        0ps  NUM_FEPS     0
Hold             : WNS  -257ps  TNS   -57003ps  NUM_FEPS   509

Flow Statistics  :
RUN-1001 : Flow Statistics:
RUN-1001 : ---------------------------------------------------------------------------------------------------
RUN-1001 :      command     |  #calls  |  wall time   |  cpu time(s)  |  used memory(mb)  |  peak memory(mb)  
RUN-1001 : ---------------------------------------------------------------------------------------------------
RUN-1001 :       place      |    1     |  2m28s(98%)  |   467(99%)    |       1254        |       1254        
RUN-1001 :   import_device  |    1     |    2s(1%)    |     2(0%)     |        338        |        338        
RUN-1001 :     import_db    |    3     |    1s(0%)    |     0(0%)     |        827        |        827        
RUN-1001 :       pack       |    1     |    0s(0%)    |     0(0%)     |        827        |        827        
RUN-1001 : ---------------------------------------------------------------------------------------------------
RUN-1001 :       total      |    6     |    2m31s     |      469      |       1254        |       1254        
RUN-1001 : ---------------------------------------------------------------------------------------------------
RUN-1002 : start command "report_clock_utilization -file place_clock_utilization.txt"
RUN-1002 : start command "export_db camera_to_dsi_display_place.db"
RUN-1001 : Exported flow parameters
RUN-1001 : Exported /
RUN-1001 : Exported libs
RUN-1001 : Exported entities
RUN-1001 : Exported ports
RUN-1001 : Exported pins
RUN-1001 : Exported instances
RUN-1001 : Exported nets
RUN-1001 : Exported buses
RUN-1001 : Exported models
RUN-1001 : Exported phy database
RUN-1001 : Exported packer
RUN-1001 : Exported congestions
RUN-1001 : Exported violations
RUN-1001 : Exported ATMR Setting
RUN-1001 : Exported timing constraints
RUN-1001 : Exported IO constraints
RUN-1001 : Exported Inst constraints
RUN-1001 : Exported ChipWatcher
RUN-1003 : finish command "export_db camera_to_dsi_display_place.db" in  1.066188s wall, 1.625000s user + 0.031250s system = 1.656250s CPU (155.3%)

RUN-1004 : used memory is 1274 MB, reserved memory is 1357 MB, peak memory is 1274 MB
RUN-1002 : start command "commit_param -step route"
RUN-1001 : Print Global Property
RUN-1001 : -------------------------------------------------------------
RUN-1001 :     Parameters    |   Settings   |  Default Values  |  Note  
RUN-1001 : -------------------------------------------------------------
RUN-1001 :    enable_seed    |     off      |       off        |        
RUN-1001 :    hfn_to_clock   |  1000000000  |    1000000000    |        
RUN-1001 :      message      |   standard   |     standard     |        
RUN-1001 :    qor_monitor    |      on      |        on        |        
RUN-1001 :   speedup_effort  |      0       |        0         |        
RUN-1001 :    syn_ip_flow    |     off      |       off        |        
RUN-1001 :       thread      |      32      |       auto       |   *    
RUN-1001 : -------------------------------------------------------------
RUN-1001 : Print Route Property
RUN-1001 : ---------------------------------------------------------------
RUN-1001 :       Parameters      |  Settings  |  Default Values  |  Note  
RUN-1001 : ---------------------------------------------------------------
RUN-1001 :         effort        |   normal   |      normal      |        
RUN-1001 :        fix_hold       |     on     |        on        |        
RUN-1001 :   hold_fix_iteration  |     5      |        5         |        
RUN-1001 :     post_route_opt    |    auto    |       auto       |        
RUN-1001 :         timing        |     on     |        on        |        
RUN-1001 : ---------------------------------------------------------------
RUN-1002 : start command "route"
RUN-1001 : Open license file F:/AnlogicFpga/TD_6.2.1_Engineer_6.2.168.116/license/Anlogic.lic
PHY-1001 : Reconnected 30 VDD pins with routing demanding
PHY-1001 : Populate physical database on model design_top_wrapper.
RUN-1001 : Dedicate pll clock connection statistics:
RUN-1001 : Clock Region s_1_l [0,40][23,79]; Utilization: 1 out of 12
RUN-1001 : ----------------------------------------------------------------------------------------------------------------------------------------------------------------------------------------------------------------------------------
RUN-1001 :   Index  |                                    Leading Clock                                     |                                                          Special Sink                                                           
RUN-1001 : ----------------------------------------------------------------------------------------------------------------------------------------------------------------------------------------------------------------------------------
RUN-1001 :     1    |  u_ph1p35_324_ddr_wrapper/u_ddr2/ph1p_ddrmc_wrapper/ph1p_ddrmc_top/u_alc_mc_top/clk  |  u_ph1p35_324_ddr_wrapper/u_ddr2/ph1p_ddrmc_wrapper/ph1p_ddrmc_top/u_ddr_phy/u_ddrphy_top/u_ddrphy_clk/u_pll1/u_pll_inst.fbclk  
RUN-1001 : ----------------------------------------------------------------------------------------------------------------------------------------------------------------------------------------------------------------------------------
RUN-1001 : Clock Region s_1_r [24,40][43,79]; Utilization: 1 out of 12
RUN-1001 : ----------------------------------------------------------------------------------------------------------------------------
RUN-1001 :   Index  |               Leading Clock                |                            Special Sink                             
RUN-1001 : ----------------------------------------------------------------------------------------------------------------------------
RUN-1001 :     1    |  g_u4_key_debounce[0]$u_u4_key_test/I_clk  |  u_PLL/ph1p_phy_pll_wrapper_25a56e5ce2f9_Inst/u_PH1P_PHY_PLL.fbclk  
RUN-1001 : ----------------------------------------------------------------------------------------------------------------------------
PHY-1001 : Working orders of clock nets being processed in bank assignment:
PHY-1001 : u_ph1p35_324_ddr_wrapper/u_ddr2/ph1p_ddrmc_wrapper/ph1p_ddrmc_top/u_alc_mc_top/clk;
PHY-1001 : g_u4_key_debounce[0]$u_u4_key_test/I_clk;
PHY-1001 : u_isp_top/u_rgb96_downscale_crop/u_scale_line_buffer/ram_f84573da5ab5_Inst/clkb;
PHY-1001 : S_hdmi_pixel_clk_syn_652;
PHY-1001 : u_lens_i2c_ctrl/u_bus/clk_syn_1;
PHY-1001 : u_mcu/MCU_521bd43d073e_Inst/core_clk_syn_1;
PHY-1001 : cwc_jtck_syn_1;
PHY-1001 : O_cam_24m_syn_3;
PHY-1001 : I_sys_clk_syn_8;
PHY-1001 : u_hdmi_tx/u_hdmi2phy_wrapper/u0_lane_lvds_8_1/I_serial_clk_syn_1;
PHY-1001 : u_ph1p35_324_ddr_wrapper/u_ddr2/ph1p_ddrmc_wrapper/ph1p_ddrmc_top/u_ddr_phy/u_ddrphy_top/u_ddrphy/apb_pclk_syn_1;
PHY-1001 : u_uicfgcs500/uii2c_inst/scl_clk_syn_9;
PHY-1001 : S_mcu_ahb_clk_syn_5;
PHY-1001 : Internal bound Intnl_0_0_25_40 is being created by clock u_ph1p35_324_ddr_wrapper/u_ddr2/usr_clk through SCLK.
PHY-1001 : Internal bound Intnl_25_0_23_40 is being created by clock MIPI_RX_BYTE_CLK through SCLK.
PHY-1001 : Internal bound Intnl_0_40_25_40 is being created by clock u_ph1p35_324_ddr_wrapper/u_ddr2/usr_clk through SCLK.
PHY-1001 : Internal bound Intnl_25_40_19_40 is being created by clock MIPI_RX_BYTE_CLK through SCLK.
RUN-1001 : Clock region assignment statistics:
RUN-1001 : Clock Region s_0_l [0,0][23,39]; Utilization: 7 out of 12
RUN-1001 : ----------------------------------------------------------------------------------------------------------------------------------------------------------------------------------------------------------------------------------------------------------------------------------------------------------------------------------------
RUN-1001 :   Bank  |                                                   Leading Clock                                                    |       Type        |                                                                          Buffer                                                                           |  Regional Clock Fanouts  
RUN-1001 : ----------------------------------------------------------------------------------------------------------------------------------------------------------------------------------------------------------------------------------------------------------------------------------------------------------------------------------------
RUN-1001 :    1    |                 u_ph1p35_324_ddr_wrapper/u_ddr2/ph1p_ddrmc_wrapper/ph1p_ddrmc_top/u_alc_mc_top/clk                 |  (infered sclk)   |   u_ph1p35_324_ddr_wrapper/u_ddr2/ph1p_ddrmc_wrapper/ph1p_ddrmc_top/u_ddr_phy/u_ddrphy_top/u_ddrphy_clk/u_pll1/u_bufg_fbclk_auto_created_sclk_s_0_l_bk1   |           2090           
RUN-1001 :    2    |                  u_isp_top/u_rgb96_downscale_crop/u_scale_line_buffer/ram_f84573da5ab5_Inst/clkb                   |  (infered sclk)   |                           u_mipi_dphy_rx_ph1p_mipiio_wrapper/u_ph1p_mipiio_rx_wrapper/bufg_feedback_auto_created_sclk_s_0_l_bk2                           |           617            
RUN-1001 :    3    |                                              S_hdmi_pixel_clk_syn_652                                              |  (infered sclk)   |                                               S_hdmi_pixel_clk_created_gclkinst_auto_created_sclk_s_0_l_bk3                                               |            85            
RUN-1001 :    4    |                                                  I_sys_clk_syn_8                                                   |  (infered sclk)   |                                               I_sys_clk_dup_6_created_gclkinst_auto_created_sclk_s_0_l_bk4                                                |            81            
RUN-1001 :    5    |  u_ph1p35_324_ddr_wrapper/u_ddr2/ph1p_ddrmc_wrapper/ph1p_ddrmc_top/u_ddr_phy/u_ddrphy_top/u_ddrphy/apb_pclk_syn_1  |  (infered sclk)   |  u_ph1p35_324_ddr_wrapper/u_ddr2/ph1p_ddrmc_wrapper/ph1p_ddrmc_top/u_ddr_phy/u_ddrphy_top/u_ddrphy/apb_pclk_created_gclkinst_auto_created_sclk_s_0_l_bk5  |            25            
RUN-1001 :    6    |                                                  O_cam_24m_syn_3                                                   |  (infered sclk)   |                                               O_cam_24m_dup_1_created_gclkinst_auto_created_sclk_s_0_l_bk6                                                |            7             
RUN-1001 :    7    |                                          u_lens_i2c_ctrl/u_bus/clk_syn_1                                           |  (infered sclk)   |                                          u_lens_i2c_ctrl/u_bus/clk_created_gclkinst_auto_created_sclk_s_0_l_bk7                                           |            1             
RUN-1001 : ----------------------------------------------------------------------------------------------------------------------------------------------------------------------------------------------------------------------------------------------------------------------------------------------------------------------------------------
RUN-1001 : Clock Region s_0_r [24,0][47,39]; Utilization: 10 out of 12
RUN-1001 : --------------------------------------------------------------------------------------------------------------------------------------------------------------------------------------------------------------------------------------------------------------------------------------------------------
RUN-1001 :   Bank  |                                    Leading Clock                                     |       Type        |                                                                         Buffer                                                                          |  Regional Clock Fanouts  
RUN-1001 : --------------------------------------------------------------------------------------------------------------------------------------------------------------------------------------------------------------------------------------------------------------------------------------------------------
RUN-1001 :    1    |   u_isp_top/u_rgb96_downscale_crop/u_scale_line_buffer/ram_f84573da5ab5_Inst/clkb    |  (infered sclk)   |                          u_mipi_dphy_rx_ph1p_mipiio_wrapper/u_ph1p_mipiio_rx_wrapper/bufg_feedback_auto_created_sclk_s_0_r_bk1                          |           1340           
RUN-1001 :    2    |                           u_lens_i2c_ctrl/u_bus/clk_syn_1                            |  (infered sclk)   |                                         u_lens_i2c_ctrl/u_bus/clk_created_gclkinst_auto_created_sclk_s_0_r_bk2                                          |           280            
RUN-1001 :    3    |                               S_hdmi_pixel_clk_syn_652                               |  (infered sclk)   |                                              S_hdmi_pixel_clk_created_gclkinst_auto_created_sclk_s_0_r_bk3                                              |           277            
RUN-1001 :    4    |                      u_mcu/MCU_521bd43d073e_Inst/core_clk_syn_1                      |  (infered sclk)   |                                    u_mcu/MCU_521bd43d073e_Inst/core_clk_created_gclkinst_auto_created_sclk_s_0_r_bk4                                    |           158            
RUN-1001 :    5    |                                    cwc_jtck_syn_1                                    |  (infered sclk)   |                                                  cwc_jtck_created_gclkinst_auto_created_sclk_s_0_r_bk5                                                  |           116            
RUN-1001 :    6    |                                   O_cam_24m_syn_3                                    |  (infered sclk)   |                                              O_cam_24m_dup_1_created_gclkinst_auto_created_sclk_s_0_r_bk6                                               |            96            
RUN-1001 :    7    |                        u_uicfgcs500/uii2c_inst/scl_clk_syn_9                         |  (infered sclk)   |                                      u_uicfgcs500/uii2c_inst/scl_clk_created_gclkinst_auto_created_sclk_s_0_r_bk7                                       |            16            
RUN-1001 :    8    |  u_ph1p35_324_ddr_wrapper/u_ddr2/ph1p_ddrmc_wrapper/ph1p_ddrmc_top/u_alc_mc_top/clk  |  (infered sclk)   |  u_ph1p35_324_ddr_wrapper/u_ddr2/ph1p_ddrmc_wrapper/ph1p_ddrmc_top/u_ddr_phy/u_ddrphy_top/u_ddrphy_clk/u_pll1/u_bufg_fbclk_auto_created_sclk_s_0_r_bk8  |            11            
RUN-1001 :    9    |                       g_u4_key_debounce[0]$u_u4_key_test/I_clk                       |  (infered sclk)   |                                                     u_PLL/bufg_feedback_auto_created_sclk_s_0_r_bk9                                                     |            8             
RUN-1001 :    10   |                                 S_mcu_ahb_clk_syn_5                                  |  (infered sclk)   |                                               S_mcu_ahb_clk_created_gclkinst_auto_created_sclk_s_0_r_bk10                                               |            1             
RUN-1001 : --------------------------------------------------------------------------------------------------------------------------------------------------------------------------------------------------------------------------------------------------------------------------------------------------------
RUN-1001 : Clock Region s_1_l [0,40][23,79]; Utilization: 4 out of 12
RUN-1001 : ----------------------------------------------------------------------------------------------------------------------------------------------------------------------------------------------------------------------------------------------------------------------------------------------------------------------------------------
RUN-1001 :   Bank  |                                                   Leading Clock                                                    |       Type        |                                                                          Buffer                                                                           |  Regional Clock Fanouts  
RUN-1001 : ----------------------------------------------------------------------------------------------------------------------------------------------------------------------------------------------------------------------------------------------------------------------------------------------------------------------------------------
RUN-1001 :    1    |                 u_ph1p35_324_ddr_wrapper/u_ddr2/ph1p_ddrmc_wrapper/ph1p_ddrmc_top/u_alc_mc_top/clk                 |  (infered sclk)   |   u_ph1p35_324_ddr_wrapper/u_ddr2/ph1p_ddrmc_wrapper/ph1p_ddrmc_top/u_ddr_phy/u_ddrphy_top/u_ddrphy_clk/u_pll1/u_bufg_fbclk_auto_created_sclk_s_1_l_bk1   |            51            
RUN-1001 :    2    |                  u_isp_top/u_rgb96_downscale_crop/u_scale_line_buffer/ram_f84573da5ab5_Inst/clkb                   |  (infered sclk)   |                           u_mipi_dphy_rx_ph1p_mipiio_wrapper/u_ph1p_mipiio_rx_wrapper/bufg_feedback_auto_created_sclk_s_1_l_bk2                           |           1903           
RUN-1001 :    3    |                                              S_hdmi_pixel_clk_syn_652                                              |  (infered sclk)   |                                               S_hdmi_pixel_clk_created_gclkinst_auto_created_sclk_s_1_l_bk3                                               |            27            
RUN-1001 :    4    |  u_ph1p35_324_ddr_wrapper/u_ddr2/ph1p_ddrmc_wrapper/ph1p_ddrmc_top/u_ddr_phy/u_ddrphy_top/u_ddrphy/apb_pclk_syn_1  |  (infered sclk)   |  u_ph1p35_324_ddr_wrapper/u_ddr2/ph1p_ddrmc_wrapper/ph1p_ddrmc_top/u_ddr_phy/u_ddrphy_top/u_ddrphy/apb_pclk_created_gclkinst_auto_created_sclk_s_1_l_bk4  |            5             
RUN-1001 : ----------------------------------------------------------------------------------------------------------------------------------------------------------------------------------------------------------------------------------------------------------------------------------------------------------------------------------------
RUN-1001 : Clock Region s_1_r [24,40][43,79]; Utilization: 6 out of 12
RUN-1001 : --------------------------------------------------------------------------------------------------------------------------------------------------------------------------------------------------------------------------------------------------------------------------------------------------------
RUN-1001 :   Bank  |                                    Leading Clock                                     |       Type        |                                                                         Buffer                                                                          |  Regional Clock Fanouts  
RUN-1001 : --------------------------------------------------------------------------------------------------------------------------------------------------------------------------------------------------------------------------------------------------------------------------------------------------------
RUN-1001 :    1    |                       g_u4_key_debounce[0]$u_u4_key_test/I_clk                       |  (infered sclk)   |                                                     u_PLL/bufg_feedback_auto_created_sclk_s_1_r_bk1                                                     |            1             
RUN-1001 :    2    |   u_isp_top/u_rgb96_downscale_crop/u_scale_line_buffer/ram_f84573da5ab5_Inst/clkb    |  (infered sclk)   |                          u_mipi_dphy_rx_ph1p_mipiio_wrapper/u_ph1p_mipiio_rx_wrapper/bufg_feedback_auto_created_sclk_s_1_r_bk2                          |           1165           
RUN-1001 :    3    |                               S_hdmi_pixel_clk_syn_652                               |  (infered sclk)   |                                              S_hdmi_pixel_clk_created_gclkinst_auto_created_sclk_s_1_r_bk3                                              |           585            
RUN-1001 :    4    |           u_hdmi_tx/u_hdmi2phy_wrapper/u0_lane_lvds_8_1/I_serial_clk_syn_1           |  (infered sclk)   |                         u_hdmi_tx/u_hdmi2phy_wrapper/u0_lane_lvds_8_1/I_serial_clk_created_gclkinst_auto_created_sclk_s_1_r_bk4                         |            38            
RUN-1001 :    5    |  u_ph1p35_324_ddr_wrapper/u_ddr2/ph1p_ddrmc_wrapper/ph1p_ddrmc_top/u_alc_mc_top/clk  |  (infered sclk)   |  u_ph1p35_324_ddr_wrapper/u_ddr2/ph1p_ddrmc_wrapper/ph1p_ddrmc_top/u_ddr_phy/u_ddrphy_top/u_ddrphy_clk/u_pll1/u_bufg_fbclk_auto_created_sclk_s_1_r_bk5  |            20            
RUN-1001 :    6    |                           u_lens_i2c_ctrl/u_bus/clk_syn_1                            |  (infered sclk)   |                                         u_lens_i2c_ctrl/u_bus/clk_created_gclkinst_auto_created_sclk_s_1_r_bk6                                          |            18            
RUN-1001 : --------------------------------------------------------------------------------------------------------------------------------------------------------------------------------------------------------------------------------------------------------------------------------------------------------
PHY-1001 : Populate physical database on model design_top_wrapper.
PHY-1001 : Route runs in 32 thread(s)
RUN-1001 : There are total 14664 instances
RUN-1001 : 408 mslices, 13709 lslices, 53 pads, 50 brams, 8 dsps
RUN-1001 : There are total 34045 nets
RUN-1001 : 21803 nets have 2 pins
RUN-1001 : 9639 nets have [3 - 5] pins
RUN-1001 : 1765 nets have [6 - 10] pins
RUN-1001 : 564 nets have [11 - 20] pins
RUN-1001 : 237 nets have [21 - 99] pins
RUN-1001 : 37 nets have 100+ pins
RUN-1002 : start command "start_timer"
RUN-1003 : finish command "start_timer" in  3.761128s wall, 3.625000s user + 0.109375s system = 3.734375s CPU (99.3%)

RUN-1004 : used memory is 1277 MB, reserved memory is 1357 MB, peak memory is 1277 MB
PHY-1001 : 408 mslices, 13709 lslices, 53 pads, 50 brams, 8 dsps

PHY-1001 : Stage 1 | Global Routing
PHY-1001 : Start global routing, caller is route ...
RUN-1001 : Generating global routing grids ...
PHY-1001 : Generate routing nets ...
RUN-1001 : Generate nets statistics:
RUN-1001 : ----------------------------
RUN-1001 :        Type       |  Nets   
RUN-1001 : ----------------------------
RUN-1001 :   TotalRouteNets  |  24053  
RUN-1001 :   DontRouteNets   |  5168   
RUN-1001 :     RouteNets     |  18885  
RUN-1001 :     RouteSinks    |  35838  
RUN-1001 : ----------------------------
PHY-1001 : Global iterations in 32 thread ...
PHY-1002 : len = 1.63022e+06, over cnt = 1998(2%), over = 4358, worst = 9
PHY-1002 : len = 1.68512e+06, over cnt = 1379(1%), over = 2351, worst = 9
PHY-1002 : len = 1.73354e+06, over cnt = 369(0%), over = 625, worst = 9
PHY-1002 : len = 1.76378e+06, over cnt = 0(0%), over = 0, worst = 0
PHY-1001 : End global iterations;  2.490299s wall, 3.375000s user + 0.109375s system = 3.484375s CPU (139.9%)

PHY-1001 : Congestion index:
PHY-1001 : top1  = 78.91(S 62.29, N 58.64, E 72.53, W 73.93, I 69.52, O 79.44)
PHY-1001 : top5  = 66.66(S 50.12, N 49.02, E 58.12, W 58.97, I 52.48, O 60.60)
PHY-1001 : top10 = 60.74(S 43.44, N 42.97, E 49.89, W 51.81, I 46.37, O 54.21)
PHY-1001 : top15 = 56.86(S 39.12, N 38.95, E 44.95, W 47.30, I 42.38, O 50.22)
PHY-1001 : End global routing;  2.972422s wall, 3.812500s user + 0.140625s system = 3.953125s CPU (133.0%)

PHY-1001 : End Stage 1 | Global Routing; Time: 2.972487s wall, 3.812500s user + 0.140625s system = 3.953125s CPU (133.0%); Memory(MB): used = 1302, reserved = 1357, peak = 1302;

PHY-1001 : Stage 2 | Detail Routing
PHY-1001 : Stage 2.1 | Build Routing Design
PHY-1001 : Routing in high effort: false
PHY-1001 : Routing Mode: normal
PHY-1001 : Generate detailed routing grids ...
RUN-1001 : Constructing routing connections ...
PHY-1001 : End build routing graph; 3.434653s wall, 24.437500s user + 0.343750s system = 24.781250s CPU (721.5%)

PHY-1001 : Generate nets ...
RUN-1001 : Generate nets statistics:
RUN-1001 : ------------------------------
RUN-1001 :         Type        |  Nets   
RUN-1001 : ------------------------------
RUN-1001 :        Route        |  24362  
RUN-1001 :      DontRoute      |  9683   
RUN-1001 :      RouteSinks     |  74682  
RUN-1001 :   RouteEntitySinks  |    0    
RUN-1001 :       Lut2Dff       |    0    
RUN-1001 :       Ram2Dff       |    0    
RUN-1001 :      Carry2Dff      |    0    
RUN-1001 : ------------------------------
RUN-1001 : DR clock net summary:
RUN-1001 : ---------------------------------------------------------------------------------------------------------------------------------------------------
RUN-1001 :   Net Idx  |                                                        Net Name                                                        |  Clock Type  
RUN-1001 : ---------------------------------------------------------------------------------------------------------------------------------------------------
RUN-1001 :      1     |                                                    I_sys_clk_dup_6                                                     |    Normal    
RUN-1001 :      2     |                                                    I_sys_clk_syn_8                                                     |    Normal    
RUN-1001 :      3     |                                                    O_cam_24m_dup_1                                                     |    Normal    
RUN-1001 :      4     |                                                    O_cam_24m_syn_3                                                     |    Normal    
RUN-1001 :      5     |                                                    S_hdmi_pixel_clk                                                    |    Normal    
RUN-1001 :      6     |                                                S_hdmi_pixel_clk_syn_652                                                |    Normal    
RUN-1001 :      7     |                                                     S_mcu_ahb_clk                                                      |    Normal    
RUN-1001 :      8     |                                                  S_mcu_ahb_clk_syn_5                                                   |    Normal    
RUN-1001 :      9     |                                                        cwc_jtck                                                        |    Normal    
RUN-1001 :     10     |                                                     cwc_jtck_syn_1                                                     |    Normal    
RUN-1001 :     11     |                                        g_u4_key_debounce[0]$u_u4_key_test/I_clk                                        |    Normal    
RUN-1001 :     12     |                                                     u_PLL/clk0_buf                                                     |    Normal    
RUN-1001 :     13     |                               u_hdmi_tx/u_hdmi2phy_wrapper/u0_lane_lvds_8_1/I_serial_clk                               |    Normal    
RUN-1001 :     14     |                            u_hdmi_tx/u_hdmi2phy_wrapper/u0_lane_lvds_8_1/I_serial_clk_syn_1                            |    Normal    
RUN-1001 :     15     |                    u_isp_top/u_rgb96_downscale_crop/u_scale_line_buffer/ram_f84573da5ab5_Inst/clkb                     |    Normal    
RUN-1001 :     16     |                                               u_lens_i2c_ctrl/u_bus/clk                                                |    Normal    
RUN-1001 :     17     |                                            u_lens_i2c_ctrl/u_bus/clk_syn_1                                             |    Normal    
RUN-1001 :     18     |                                          u_mcu/MCU_521bd43d073e_Inst/core_clk                                          |    Normal    
RUN-1001 :     19     |                                       u_mcu/MCU_521bd43d073e_Inst/core_clk_syn_1                                       |    Normal    
RUN-1001 :     20     |                     u_mipi_dphy_rx_ph1p_mipiio_wrapper/u_ph1p_mipiio_rx_wrapper/S_mipiio_hs_rx_clk                     |    Normal    
RUN-1001 :     21     |                   u_ph1p35_324_ddr_wrapper/u_ddr2/ph1p_ddrmc_wrapper/ph1p_ddrmc_top/u_alc_mc_top/clk                   |    Normal    
RUN-1001 :     22     |       u_ph1p35_324_ddr_wrapper/u_ddr2/ph1p_ddrmc_wrapper/ph1p_ddrmc_top/u_ddr_phy/u_ddrphy_top/u_ddrphy/apb_pclk       |    Normal    
RUN-1001 :     23     |    u_ph1p35_324_ddr_wrapper/u_ddr2/ph1p_ddrmc_wrapper/ph1p_ddrmc_top/u_ddr_phy/u_ddrphy_top/u_ddrphy/apb_pclk_syn_1    |    Normal    
RUN-1001 :     24     |      u_ph1p35_324_ddr_wrapper/u_ddr2/ph1p_ddrmc_wrapper/ph1p_ddrmc_top/u_ddr_phy/u_ddrphy_top/u_ddrphy/ctl_clk[0]      |    Normal    
RUN-1001 :     25     |      u_ph1p35_324_ddr_wrapper/u_ddr2/ph1p_ddrmc_wrapper/ph1p_ddrmc_top/u_ddr_phy/u_ddrphy_top/u_ddrphy/ctl_clk[1]      |    Normal    
RUN-1001 :     26     |      u_ph1p35_324_ddr_wrapper/u_ddr2/ph1p_ddrmc_wrapper/ph1p_ddrmc_top/u_ddr_phy/u_ddrphy_top/u_ddrphy/ddr_clk[0]      |    Normal    
RUN-1001 :     27     |      u_ph1p35_324_ddr_wrapper/u_ddr2/ph1p_ddrmc_wrapper/ph1p_ddrmc_top/u_ddr_phy/u_ddrphy_top/u_ddrphy/ddr_clk[1]      |    Normal    
RUN-1001 :     28     |    u_ph1p35_324_ddr_wrapper/u_ddr2/ph1p_ddrmc_wrapper/ph1p_ddrmc_top/u_ddr_phy/u_ddrphy_top/u_ddrphy_clk/pll0_clk_1    |    Normal    
RUN-1001 :     29     |    u_ph1p35_324_ddr_wrapper/u_ddr2/ph1p_ddrmc_wrapper/ph1p_ddrmc_top/u_ddr_phy/u_ddrphy_top/u_ddrphy_clk/pll0_clk_2    |    Normal    
RUN-1001 :     30     |   u_ph1p35_324_ddr_wrapper/u_ddr2/ph1p_ddrmc_wrapper/ph1p_ddrmc_top/u_ddr_phy/u_ddrphy_top/u_ddrphy_clk/pll0_mlclk_1   |    Normal    
RUN-1001 :     31     |   u_ph1p35_324_ddr_wrapper/u_ddr2/ph1p_ddrmc_wrapper/ph1p_ddrmc_top/u_ddr_phy/u_ddrphy_top/u_ddrphy_clk/pll0_mlclk_2   |    Normal    
RUN-1001 :     32     |  u_ph1p35_324_ddr_wrapper/u_ddr2/ph1p_ddrmc_wrapper/ph1p_ddrmc_top/u_ddr_phy/u_ddrphy_top/u_ddrphy_clk/u_pll1/clkc[0]  |    Normal    
RUN-1001 :     33     |  u_ph1p35_324_ddr_wrapper/u_ddr2/ph1p_ddrmc_wrapper/ph1p_ddrmc_top/u_ddr_phy/u_ddrphy_top/u_ddrphy_clk/u_pll1/refclk   |    Normal    
RUN-1001 :     34     |                                            u_uicfgcs500/uii2c_inst/scl_clk                                             |    Normal    
RUN-1001 :     35     |                                         u_uicfgcs500/uii2c_inst/scl_clk_syn_9                                          |    Normal    
RUN-1001 : ---------------------------------------------------------------------------------------------------------------------------------------------------
RUN-1001 : DR clock buffer summary:
RUN-1001 : -------------------------------------------------------------------------------------------------------------------------------------------------------------------
RUN-1001 :   Idx  |                                                                           Name                                                                            
RUN-1001 : -------------------------------------------------------------------------------------------------------------------------------------------------------------------
RUN-1001 :    1   |   u_ph1p35_324_ddr_wrapper/u_ddr2/ph1p_ddrmc_wrapper/ph1p_ddrmc_top/u_ddr_phy/u_ddrphy_top/u_ddrphy_clk/u_pll1/u_bufg_fbclk_auto_created_sclk_s_0_l_bk1   
RUN-1001 :    2   |                           u_mipi_dphy_rx_ph1p_mipiio_wrapper/u_ph1p_mipiio_rx_wrapper/bufg_feedback_auto_created_sclk_s_0_l_bk2                           
RUN-1001 :    3   |                                               S_hdmi_pixel_clk_created_gclkinst_auto_created_sclk_s_0_l_bk3                                               
RUN-1001 :    4   |                                               I_sys_clk_dup_6_created_gclkinst_auto_created_sclk_s_0_l_bk4                                                
RUN-1001 :    5   |  u_ph1p35_324_ddr_wrapper/u_ddr2/ph1p_ddrmc_wrapper/ph1p_ddrmc_top/u_ddr_phy/u_ddrphy_top/u_ddrphy/apb_pclk_created_gclkinst_auto_created_sclk_s_0_l_bk5  
RUN-1001 :    6   |                                               O_cam_24m_dup_1_created_gclkinst_auto_created_sclk_s_0_l_bk6                                                
RUN-1001 :    7   |                                          u_lens_i2c_ctrl/u_bus/clk_created_gclkinst_auto_created_sclk_s_0_l_bk7                                           
RUN-1001 :    8   |                           u_mipi_dphy_rx_ph1p_mipiio_wrapper/u_ph1p_mipiio_rx_wrapper/bufg_feedback_auto_created_sclk_s_0_r_bk1                           
RUN-1001 :    9   |                                          u_lens_i2c_ctrl/u_bus/clk_created_gclkinst_auto_created_sclk_s_0_r_bk2                                           
RUN-1001 :   10   |                                               S_hdmi_pixel_clk_created_gclkinst_auto_created_sclk_s_0_r_bk3                                               
RUN-1001 :   11   |                                     u_mcu/MCU_521bd43d073e_Inst/core_clk_created_gclkinst_auto_created_sclk_s_0_r_bk4                                     
RUN-1001 :   12   |                                                   cwc_jtck_created_gclkinst_auto_created_sclk_s_0_r_bk5                                                   
RUN-1001 :   13   |                                               O_cam_24m_dup_1_created_gclkinst_auto_created_sclk_s_0_r_bk6                                                
RUN-1001 :   14   |                                       u_uicfgcs500/uii2c_inst/scl_clk_created_gclkinst_auto_created_sclk_s_0_r_bk7                                        
RUN-1001 :   15   |   u_ph1p35_324_ddr_wrapper/u_ddr2/ph1p_ddrmc_wrapper/ph1p_ddrmc_top/u_ddr_phy/u_ddrphy_top/u_ddrphy_clk/u_pll1/u_bufg_fbclk_auto_created_sclk_s_0_r_bk8   
RUN-1001 :   16   |                                                      u_PLL/bufg_feedback_auto_created_sclk_s_0_r_bk9                                                      
RUN-1001 :   17   |                                                S_mcu_ahb_clk_created_gclkinst_auto_created_sclk_s_0_r_bk10                                                
RUN-1001 :   18   |   u_ph1p35_324_ddr_wrapper/u_ddr2/ph1p_ddrmc_wrapper/ph1p_ddrmc_top/u_ddr_phy/u_ddrphy_top/u_ddrphy_clk/u_pll1/u_bufg_fbclk_auto_created_sclk_s_1_l_bk1   
RUN-1001 :   19   |                           u_mipi_dphy_rx_ph1p_mipiio_wrapper/u_ph1p_mipiio_rx_wrapper/bufg_feedback_auto_created_sclk_s_1_l_bk2                           
RUN-1001 :   20   |                                               S_hdmi_pixel_clk_created_gclkinst_auto_created_sclk_s_1_l_bk3                                               
RUN-1001 :   21   |  u_ph1p35_324_ddr_wrapper/u_ddr2/ph1p_ddrmc_wrapper/ph1p_ddrmc_top/u_ddr_phy/u_ddrphy_top/u_ddrphy/apb_pclk_created_gclkinst_auto_created_sclk_s_1_l_bk4  
RUN-1001 :   22   |                                                      u_PLL/bufg_feedback_auto_created_sclk_s_1_r_bk1                                                      
RUN-1001 :   23   |                           u_mipi_dphy_rx_ph1p_mipiio_wrapper/u_ph1p_mipiio_rx_wrapper/bufg_feedback_auto_created_sclk_s_1_r_bk2                           
RUN-1001 :   24   |                                               S_hdmi_pixel_clk_created_gclkinst_auto_created_sclk_s_1_r_bk3                                               
RUN-1001 :   25   |                          u_hdmi_tx/u_hdmi2phy_wrapper/u0_lane_lvds_8_1/I_serial_clk_created_gclkinst_auto_created_sclk_s_1_r_bk4                          
RUN-1001 :   26   |   u_ph1p35_324_ddr_wrapper/u_ddr2/ph1p_ddrmc_wrapper/ph1p_ddrmc_top/u_ddr_phy/u_ddrphy_top/u_ddrphy_clk/u_pll1/u_bufg_fbclk_auto_created_sclk_s_1_r_bk5   
RUN-1001 :   27   |                                          u_lens_i2c_ctrl/u_bus/clk_created_gclkinst_auto_created_sclk_s_1_r_bk6                                           
RUN-1001 : -------------------------------------------------------------------------------------------------------------------------------------------------------------------
PHY-1001 : End Stage 2.1 | Build Routing Design; Time: 4.052188s wall, 25.031250s user + 0.359375s system = 25.390625s CPU (626.6%); Memory(MB): used = 1631, reserved = 1621, peak = 1631;

RUN-1001 : Top Percentage Crit. Net Stat.
RUN-1001 : -------------------------------------------------------
RUN-1001 :   Top %  |  Net Count  |  Avg. Fanout  |  Avg. Slack   
RUN-1001 : -------------------------------------------------------
RUN-1001 :     1    |     340     |   3.123529    |  1453.782353  
RUN-1001 :     2    |     680     |   3.042647    |  2377.614706  
RUN-1001 :     3    |    1021     |   3.342801    |  3157.846229  
RUN-1001 :     4    |    1361     |   3.363703    |  3615.058780  
RUN-1001 :     5    |    1702     |   3.267920    |  3925.169800  
RUN-1001 :     6    |    2042     |   3.212537    |  4154.385896  
RUN-1001 :     7    |    2383     |   3.161981    |  4336.182963  
RUN-1001 :     8    |    2723     |   3.111642    |  4484.988983  
RUN-1001 :     9    |    3064     |   3.031005    |  4610.767298  
RUN-1001 :    10    |    3404     |   2.982374    |  4718.923619  
RUN-1001 : -------------------------------------------------------
PHY-1001 : Stage 2.2 | Tile Base Routing
PHY-1001 : 209 nets need to preroute.
PHY-1001 : len = 0, over cnt = 0(0%), over = 0, worst = 0, crit = 0
PHY-1001 : End Stage 2.2 | Tile Base Routing; Time: 0.337810s wall, 8.015625s user + 0.093750s system = 8.109375s CPU (2400.6%); Memory(MB): used = 1634, reserved = 1624, peak = 1634;

PHY-1001 : Stage 2.3 | Clock Nets Routing
PHY-1001 : Routed 0% nets.
PHY-1001 : len = 403744, over cnt = 0(0%), over = 0, worst = 0, crit = 0
PHY-1001 : End Stage 2.3 | Clock Nets Routing; Time: 2.456883s wall, 2.796875s user + 0.062500s system = 2.859375s CPU (116.4%); Memory(MB): used = 1677, reserved = 1666, peak = 1677;

PHY-1001 : Stage 2.4 | Routing Initialization
PHY-1001 : Mark 1% net(place mode slack < 2485ps) as critical nets.
PHY-1001 : Stage 2.4.1 | Normal Nets Routing
PHY-1001 : Routed 71% nets.
PHY-1001 : len = 2.80939e+06, over cnt = 14195(0%), over = 15196, worst = 7, crit = 0
PHY-1001 : End Stage 2.4.1 | Normal Nets Routing; Time: 12.445612s wall, 22.296875s user + 0.640625s system = 22.937500s CPU (184.3%); Memory(MB): used = 1715, reserved = 1705, peak = 1715;

PHY-1001 : Stage 2.4.2 | Update Timing
RUN-1002 : start command "start_timer"
USR-1002 : Derived clock:  create_generated_clock -name {u_PLL/ph1p_phy_pll_wrapper_25a56e5ce2f9_Inst/u_PH1P_PHY_PLL.clkc[0]} -source [get_ports {I_sys_clk}] -master_clock {sys_clk_50m} -multiply_by 2.0000 -duty_cycle 50.0000 [get_pins {u_PLL/ph1p_phy_pll_wrapper_25a56e5ce2f9_Inst/u_PH1P_PHY_PLL.clkc[0]}]
USR-1002 : Derived clock:  create_generated_clock -name {u_PLL/ph1p_phy_pll_wrapper_25a56e5ce2f9_Inst/u_PH1P_PHY_PLL.clkc[1]} -source [get_ports {I_sys_clk}] -master_clock {sys_clk_50m} -divide_by 2.1000 -duty_cycle 50.0000 [get_pins {u_PLL/ph1p_phy_pll_wrapper_25a56e5ce2f9_Inst/u_PH1P_PHY_PLL.clkc[1]}]
USR-1002 : Derived clock:  create_generated_clock -name {u_PLL/ph1p_phy_pll_wrapper_25a56e5ce2f9_Inst/u_PH1P_PHY_PLL.clkc[2]} -source [get_ports {I_sys_clk}] -master_clock {sys_clk_50m} -multiply_by 1.0000 -duty_cycle 50.0000 [get_pins {u_PLL/ph1p_phy_pll_wrapper_25a56e5ce2f9_Inst/u_PH1P_PHY_PLL.clkc[2]}]
USR-1002 : Derived clock:  create_generated_clock -name {u_PLL/ph1p_phy_pll_wrapper_25a56e5ce2f9_Inst/u_PH1P_PHY_PLL.clkc[3]} -source [get_ports {I_sys_clk}] -master_clock {sys_clk_50m} -multiply_by 6.0000 -duty_cycle 50.0000 [get_pins {u_PLL/ph1p_phy_pll_wrapper_25a56e5ce2f9_Inst/u_PH1P_PHY_PLL.clkc[3]}]
USR-1002 : Derived clock:  create_generated_clock -name {u_PLL/ph1p_phy_pll_wrapper_25a56e5ce2f9_Inst/u_PH1P_PHY_PLL.clkc[4]} -source [get_ports {I_sys_clk}] -master_clock {sys_clk_50m} -multiply_by 1.5000 -duty_cycle 50.0000 [get_pins {u_PLL/ph1p_phy_pll_wrapper_25a56e5ce2f9_Inst/u_PH1P_PHY_PLL.clkc[4]}]
USR-1002 : Derived clock:  create_generated_clock -name {u_PLL/ph1p_phy_pll_wrapper_25a56e5ce2f9_Inst/u_PH1P_PHY_PLL.clkc[5]} -source [get_ports {I_sys_clk}] -master_clock {sys_clk_50m} -multiply_by 7.5000 -duty_cycle 50.0000 [get_pins {u_PLL/ph1p_phy_pll_wrapper_25a56e5ce2f9_Inst/u_PH1P_PHY_PLL.clkc[5]}]
USR-1002 : Derived clock:  create_generated_clock -name {u_ph1p35_324_ddr_wrapper/u_ddr2/ph1p_ddrmc_wrapper/ph1p_ddrmc_top/u_ddr_phy/u_ddrphy_top/u_ddrphy_clk/u_pll0/u_pll_inst.clkc[0]} -source [get_ports {I_sys_clk}] -master_clock {sys_clk_50m} -multiply_by 1.3333 -duty_cycle 50.0000 [get_pins {u_ph1p35_324_ddr_wrapper/u_ddr2/ph1p_ddrmc_wrapper/ph1p_ddrmc_top/u_ddr_phy/u_ddrphy_top/u_ddrphy_clk/u_pll0/u_pll_inst.clkc[0]}]
USR-1002 : Derived clock:  create_generated_clock -name {u_ph1p35_324_ddr_wrapper/u_ddr2/ph1p_ddrmc_wrapper/ph1p_ddrmc_top/u_ddr_phy/u_ddrphy_top/u_ddrphy_clk/u_pll0/u_pll_inst.clkc[1]} -source [get_ports {I_sys_clk}] -master_clock {sys_clk_50m} -multiply_by 1.3333 -duty_cycle 50.0000 [get_pins {u_ph1p35_324_ddr_wrapper/u_ddr2/ph1p_ddrmc_wrapper/ph1p_ddrmc_top/u_ddr_phy/u_ddrphy_top/u_ddrphy_clk/u_pll0/u_pll_inst.clkc[1]}]
USR-1002 : Derived clock:  create_generated_clock -name {u_ph1p35_324_ddr_wrapper/u_ddr2/ph1p_ddrmc_wrapper/ph1p_ddrmc_top/u_ddr_phy/u_ddrphy_top/u_ddrphy_clk/u_pll0/u_pll_inst.clkc[2]} -source [get_ports {I_sys_clk}] -master_clock {sys_clk_50m} -multiply_by 5.3333 -duty_cycle 50.0000 [get_pins {u_ph1p35_324_ddr_wrapper/u_ddr2/ph1p_ddrmc_wrapper/ph1p_ddrmc_top/u_ddr_phy/u_ddrphy_top/u_ddrphy_clk/u_pll0/u_pll_inst.clkc[2]}]
USR-1002 : Derived clock:  create_generated_clock -name {u_ph1p35_324_ddr_wrapper/u_ddr2/ph1p_ddrmc_wrapper/ph1p_ddrmc_top/u_ddr_phy/u_ddrphy_top/u_ddrphy_clk/u_pll0/u_pll_inst.clkc[3]} -source [get_ports {I_sys_clk}] -master_clock {sys_clk_50m} -divide_by 1.9687 -duty_cycle 50.0000 [get_pins {u_ph1p35_324_ddr_wrapper/u_ddr2/ph1p_ddrmc_wrapper/ph1p_ddrmc_top/u_ddr_phy/u_ddrphy_top/u_ddrphy_clk/u_pll0/u_pll_inst.clkc[3]}]
USR-1002 : Derived clock:  create_generated_clock -name {u_ph1p35_324_ddr_wrapper/u_ddr2/ph1p_ddrmc_wrapper/ph1p_ddrmc_top/u_ddr_phy/u_ddrphy_top/u_ddrphy_clk/u_pll1/u_pll_inst.clkc[0]} -source [get_pins {u_ph1p35_324_ddr_wrapper/u_ddr2/ph1p_ddrmc_wrapper/ph1p_ddrmc_top/u_ddr_phy/u_ddrphy_top/u_ddrphy_clk/u_pll0/u_pll_inst.clkc[0]}] -master_clock {u_ph1p35_324_ddr_wrapper/u_ddr2/ph1p_ddrmc_wrapper/ph1p_ddrmc_top/u_ddr_phy/u_ddrphy_top/u_ddrphy_clk/u_pll0/u_pll_inst.clkc[0]} -multiply_by 1.0000 -duty_cycle 50.0000 [get_pins {u_ph1p35_324_ddr_wrapper/u_ddr2/ph1p_ddrmc_wrapper/ph1p_ddrmc_top/u_ddr_phy/u_ddrphy_top/u_ddrphy_clk/u_pll1/u_pll_inst.clkc[0]}]
8.888000
15.000000
15.000000
13.333000
RUN-1003 : finish command "start_timer" in  3.035596s wall, 2.968750s user + 0.031250s system = 3.000000s CPU (98.8%)

RUN-1004 : used memory is 1716 MB, reserved memory is 1705 MB, peak memory is 1716 MB
TMR-2502 : Net delay update with mode: Routed
PHY-1001 : 1/24053(0%) critical/total net(s).
PHY-1001 : Setup: WNS(ns) = -0.133, TNS(ns) = -0.133, FEP = 1 | Hold: WNS(ns) = -0.155, TNS(ns) = -9.307, FEP = 222.
PHY-1001 : End Stage 2.4.2 | Update Timing; Time: 7.719711s wall, 7.359375s user + 0.218750s system = 7.578125s CPU (98.2%); Memory(MB): used = 1834, reserved = 1824, peak = 1834;

PHY-1001 : Stage 2.4.3 | Deskew Clock Tree
RUN-1001 : Deskew Summary
RUN-1001 : ---------------------------------------------------------------------------------------------------------------------------------
RUN-1001 :                                                 Clock                                                 |  Pre-Skew  |  Post-Skew  
RUN-1001 : ---------------------------------------------------------------------------------------------------------------------------------
RUN-1001 :                                             mipi_rx_ck_pad                                            |     34     |     34      
RUN-1001 :   u_mipi_dphy_rx_ph1p_mipiio_wrapper/u_ph1p_mipiio_rx_wrapper/u_PH1P_LOGIC_DPHY_MIPI_RX.io_clk_pad_p  |     34     |     34      
RUN-1001 :                                            MIPI_RX_BYTE_CLK                                           |     34     |     34      
RUN-1001 :                                              pll_clk_100m                                             |     11     |     11      
RUN-1001 :                                             HDMI_PIXEL_CLK                                            |     15     |     15      
RUN-1001 :                                u_ph1p35_324_ddr_wrapper/u_ddr2/usr_clk                                |     15     |     15      
RUN-1001 :                  u_PLL/ph1p_phy_pll_wrapper_25a56e5ce2f9_Inst/u_PH1P_PHY_PLL.clkc[2]                  |     13     |     13      
RUN-1001 :                                u_ph1p35_324_ddr_wrapper/u_ddr2/mcu_clk                                |     9      |      9      
RUN-1001 :                                              pll_clk_24m                                              |     3      |      3      
RUN-1001 : ---------------------------------------------------------------------------------------------------------------------------------
PHY-1001 : 1/24053(0%) critical/total net(s).
PHY-1001 : Setup: WNS(ns) = -0.133, TNS(ns) = -0.133, FEP = 1 | Hold: WNS(ns) = -0.155, TNS(ns) = -9.307, FEP = 222.
PHY-1001 : End Stage 2.4.3 | Deskew Clock Tree; Time: 4.745068s wall, 4.562500s user + 0.109375s system = 4.671875s CPU (98.5%); Memory(MB): used = 1867, reserved = 1856, peak = 1867;

PHY-1001 : End Stage 2.4 | Routing Initialization; Time: 25.015191s wall, 34.328125s user + 0.968750s system = 35.296875s CPU (141.1%); Memory(MB): used = 1867, reserved = 1856, peak = 1867;

PHY-1001 : Stage 2.5 | Routing Optimization
PHY-1001 : Build lut bridge;  0.156315s wall, 0.156250s user + 0.000000s system = 0.156250s CPU (100.0%)

PHY-1001 : Stage 2.5.1 | Phase 1
PHY-1001 : Stage 2.5.1.1 | Hold TimeOptimization
PHY-1001 : Iter 0; Processed 306 pins with HWNS -0.130ns HTNS -2.635ns FEP 74 took 0.530568 seconds.
PHY-1001 : Iter 1; Processed 420 pins with HWNS -0.011ns HTNS -0.020ns FEP 2 took 1.22456 seconds.
PHY-1001 : len = 2.8405e+06, over cnt = 14150(0%), over = 15168, worst = 7, crit = 0
PHY-1001 : End Stage 2.5.1.1 | Hold TimeOptimization; Time: 1.851887s wall, 2.234375s user + 0.015625s system = 2.250000s CPU (121.5%); Memory(MB): used = 1869, reserved = 1858, peak = 1869;

PHY-1001 : Stage 2.5.1.2 | High Fanout Nets Optimization
PHY-1001 : High fanout net optimize summary:
PHY-1001 : Process 0 nets and 0 pins with SWNS -0.133ns STNS -0.133ns FEP 1.
PHY-1001 : len = 2.8405e+06, over cnt = 14150(0%), over = 15168, worst = 7, crit = 0
PHY-1001 : End Stage 2.5.1.2 | High Fanout Nets Optimization; Time: 0.262482s wall, 0.421875s user + 0.000000s system = 0.421875s CPU (160.7%); Memory(MB): used = 1869, reserved = 1858, peak = 1869;

PHY-1001 : Stage 2.5.1.3 | Setup TimeOptimization
PHY-1001 : Start to optimize setup violation with net base ...
PHY-1001 : Iter 1; Processed 3 pins with SWNS 0.201ns STNS 0.000ns FEP 0 took 0.160864 seconds.
PHY-1001 : len = 2.8405e+06, over cnt = 14145(0%), over = 15162, worst = 7, crit = 0
PHY-1001 : End Stage 2.5.1.3 | Setup TimeOptimization; Time: 0.434181s wall, 0.437500s user + 0.000000s system = 0.437500s CPU (100.8%); Memory(MB): used = 1869, reserved = 1858, peak = 1869;

PHY-1001 : Stage 2.5.1.4 | Rip-up And ReRoute
PHY-0007 : Congestion: {79.52, 69.78, 65.10, 61.95}; Timing: {0.201ns, 0.000ns, 0}
PHY-1001 : Iter 1: len = 2.93126e+06, over cnt = 7438(0%), over = 7725, worst = 3, crit = 0, time(s) = 6.31
PHY-1001 : Iter 2: len = 2.96758e+06, over cnt = 4433(0%), over = 4522, worst = 3, crit = 0, time(s) = 3.96
PHY-1001 : Iter 3: len = 2.9799e+06, over cnt = 3465(0%), over = 3503, worst = 3, crit = 0, time(s) = 2.35
PHY-1001 : Iter 4: len = 3.03064e+06, over cnt = 1570(0%), over = 1571, worst = 2, crit = 0, time(s) = 3.31
PHY-1001 : Iter 5: len = 3.04202e+06, over cnt = 1077(0%), over = 1077, worst = 1, crit = 0, time(s) = 1.21
PHY-1001 : Iter 6: len = 3.04608e+06, over cnt = 917(0%), over = 917, worst = 1, crit = 0, time(s) = 1.09
PHY-1001 : Iter 7: len = 3.04766e+06, over cnt = 852(0%), over = 852, worst = 1, crit = 0, time(s) = 0.72
PHY-1001 : Marking 17 (0.44%) hot zones with cutoff utilization 80.95.
PHY-1001 : Iter 8: len = 3.08117e+06, over cnt = 273(0%), over = 273, worst = 1, crit = 0, time(s) = 0.78
PHY-1001 : Iter 9: len = 3.08989e+06, over cnt = 126(0%), over = 126, worst = 1, crit = 0, time(s) = 0.49
PHY-1001 : Iter 10: len = 3.09877e+06, over cnt = 47(0%), over = 47, worst = 1, crit = 0, time(s) = 0.31
PHY-1001 : Iter 11: len = 3.10024e+06, over cnt = 20(0%), over = 20, worst = 1, crit = 0, time(s) = 0.16
PHY-1001 : Iter 12: len = 3.102e+06, over cnt = 4(0%), over = 4, worst = 1, crit = 0, time(s) = 0.11
PHY-1001 : Marking 17 (0.44%) hot zones with cutoff utilization 80.95.
PHY-1001 : Iter 13: len = 3.10227e+06, over cnt = 2(0%), over = 2, worst = 1, crit = 0, time(s) = 0.09
PHY-1001 : Iter 14: len = 3.10234e+06, over cnt = 0(0%), over = 0, worst = 0, crit = 0, time(s) = 0.05
PHY-1001 : Marking 17 (0.44%) hot zones with cutoff utilization 80.95.
PHY-1001 : Update congestion ...
PHY-1001 : Marking 17 (0.44%) hot zones with cutoff utilization 80.95.
PHY-1001 : Congestion index:
PHY-1001 : top1  = 84.31(S 68.49, N 66.83, E 75.99, W 81.54, I 69.52, O 79.44)
PHY-1001 : top5  = 75.18(S 59.42, N 58.47, E 66.34, W 72.66, I 52.48, O 60.60)
PHY-1001 : top10 = 70.87(S 54.53, N 53.87, E 60.33, W 67.21, I 46.37, O 54.21)
PHY-1001 : top15 = 67.76(S 51.22, N 50.42, E 56.29, W 63.10, I 42.38, O 50.22)
PHY-1001 : End update congestion; 0.026550s wall, 0.031250s user + 0.000000s system = 0.031250s CPU (117.7%)

PHY-1001 : End Stage 2.5.1.4 | Rip-up And ReRoute; Time: 21.155995s wall, 42.265625s user + 1.234375s system = 43.500000s CPU (205.6%); Memory(MB): used = 1869, reserved = 1858, peak = 1869;

PHY-1001 : Stage 2.5.1.5 | Update Timing
PHY-1001 : 12/24053(0%) critical/total net(s).
PHY-1001 : Setup: WNS(ns) = -0.617, TNS(ns) = -1.292, FEP = 4 | Hold: WNS(ns) = -0.155, TNS(ns) = -3.222, FEP = 64.
PHY-1001 : End Stage 2.5.1.5 | Update Timing; Time: 2.888175s wall, 2.671875s user + 0.171875s system = 2.843750s CPU (98.5%); Memory(MB): used = 1883, reserved = 1872, peak = 1883;

PHY-1001 : Stage 2.5.1.6 | Commit Data
PHY-1001 : Commit better result to database ...
PHY-1001 : End Stage 2.5.1.6 | Commit Data; Time: 0.145056s wall, 0.140625s user + 0.000000s system = 0.140625s CPU (96.9%); Memory(MB): used = 1901, reserved = 1893, peak = 1901;

PHY-1001 : End Stage 2.5.1 | Phase 1; Time: 27.346419s wall, 48.796875s user + 1.421875s system = 50.218750s CPU (183.6%); Memory(MB): used = 1901, reserved = 1893, peak = 1901;

PHY-1001 : Stage 2.5.2 | Phase 2
PHY-1001 : Stage 2.5.2.1 | Hold TimeOptimization
PHY-1001 : Iter 0; Processed 82 pins with HWNS -0.033ns HTNS -0.145ns FEP 12 took 2.38054 seconds.
PHY-1001 : Iter 1; Processed 101 pins with HWNS 0.020ns HTNS 0.000ns FEP 0 took 0.354115 seconds.
PHY-1001 : len = 3.11226e+06, over cnt = 36(0%), over = 53, worst = 3, crit = 0
PHY-1001 : End Stage 2.5.2.1 | Hold TimeOptimization; Time: 2.835879s wall, 2.765625s user + 0.062500s system = 2.828125s CPU (99.7%); Memory(MB): used = 1901, reserved = 1893, peak = 1901;

PHY-1001 : Stage 2.5.2.2 | High Fanout Nets Optimization
PHY-1001 : High fanout net optimize summary:
PHY-1001 : Process 0 nets and 0 pins with SWNS -0.617ns STNS -1.292ns FEP 4.
PHY-1001 : len = 3.11226e+06, over cnt = 36(0%), over = 53, worst = 3, crit = 0
PHY-1001 : End Stage 2.5.2.2 | High Fanout Nets Optimization; Time: 0.260647s wall, 0.250000s user + 0.015625s system = 0.265625s CPU (101.9%); Memory(MB): used = 1901, reserved = 1893, peak = 1901;

PHY-1001 : Stage 2.5.2.3 | Setup TimeOptimization
PHY-1001 : Start to optimize setup violation with net base ...
PHY-1001 : Iter 1; Processed 7 pins with SWNS 0.162ns STNS 0.000ns FEP 0 took 0.181583 seconds.
PHY-1001 : len = 3.11213e+06, over cnt = 45(0%), over = 62, worst = 3, crit = 0
PHY-1001 : End Stage 2.5.2.3 | Setup TimeOptimization; Time: 0.447763s wall, 0.734375s user + 0.015625s system = 0.750000s CPU (167.5%); Memory(MB): used = 1901, reserved = 1893, peak = 1901;

PHY-1001 : Stage 2.5.2.4 | Rip-up And ReRoute
PHY-1001 : Iter 1: len = 3.10931e+06, over cnt = 24(0%), over = 32, worst = 3, crit = 0, time(s) = 0.05
PHY-1001 : Iter 2: len = 3.1069e+06, over cnt = 0(0%), over = 0, worst = 0, crit = 0, time(s) = 0.07
PHY-1001 : Update congestion ...
PHY-1001 : Marking 38 (0.99%) hot zones with cutoff utilization 80.95.
PHY-1001 : Congestion index:
PHY-1001 : top1  = 84.64(S 68.28, N 66.91, E 76.48, W 81.70, I 69.52, O 79.44)
PHY-1001 : top5  = 75.28(S 59.43, N 58.58, E 66.41, W 72.76, I 52.48, O 60.60)
PHY-1001 : top10 = 70.98(S 54.65, N 53.97, E 60.36, W 67.24, I 46.37, O 54.21)
PHY-1001 : top15 = 67.83(S 51.32, N 50.52, E 56.35, W 63.13, I 42.38, O 50.22)
PHY-1001 : End update congestion; 0.029034s wall, 0.031250s user + 0.000000s system = 0.031250s CPU (107.6%)

PHY-1001 : End Stage 2.5.2.4 | Rip-up And ReRoute; Time: 0.202310s wall, 0.296875s user + 0.000000s system = 0.296875s CPU (146.7%); Memory(MB): used = 1901, reserved = 1893, peak = 1901;

PHY-1001 : Stage 2.5.2.5 | Update Timing
PHY-1001 : 5/24053(0%) critical/total net(s).
PHY-1001 : Setup: WNS(ns) = -0.157, TNS(ns) = -0.214, FEP = 2 | Hold: WNS(ns) = -0.155, TNS(ns) = -2.379, FEP = 40.
PHY-1001 : End Stage 2.5.2.5 | Update Timing; Time: 0.323975s wall, 0.296875s user + 0.000000s system = 0.296875s CPU (91.6%); Memory(MB): used = 1901, reserved = 1893, peak = 1901;

PHY-1001 : Stage 2.5.2.6 | Commit Data
PHY-1001 : Commit better result to database ...
PHY-1001 : End Stage 2.5.2.6 | Commit Data; Time: 0.044302s wall, 0.031250s user + 0.000000s system = 0.031250s CPU (70.5%); Memory(MB): used = 1901, reserved = 1893, peak = 1901;

PHY-1001 : End Stage 2.5.2 | Phase 2; Time: 4.528552s wall, 5.031250s user + 0.296875s system = 5.328125s CPU (117.7%); Memory(MB): used = 1901, reserved = 1893, peak = 1901;

PHY-1001 : Stage 2.5.3 | Phase 3
PHY-1001 : Stage 2.5.3.1 | Hold TimeOptimization
PHY-1001 : Iter 0; Processed 45 pins with HWNS 0.020ns HTNS 0.000ns FEP 0 took 1.61194 seconds.
PHY-1001 : len = 3.11208e+06, over cnt = 32(0%), over = 42, worst = 3, crit = 0
PHY-1001 : End Stage 2.5.3.1 | Hold TimeOptimization; Time: 1.712952s wall, 1.921875s user + 0.140625s system = 2.062500s CPU (120.4%); Memory(MB): used = 1901, reserved = 1893, peak = 1901;

PHY-1001 : Stage 2.5.3.2 | High Fanout Nets Optimization
PHY-1001 : High fanout net optimize summary:
PHY-1001 : Process 1 nets and 1 pins with SWNS -0.157ns STNS -0.157ns FEP 1.
PHY-1001 : len = 3.11202e+06, over cnt = 33(0%), over = 43, worst = 3, crit = 0
PHY-1001 : End Stage 2.5.3.2 | High Fanout Nets Optimization; Time: 0.273162s wall, 0.281250s user + 0.000000s system = 0.281250s CPU (103.0%); Memory(MB): used = 1901, reserved = 1893, peak = 1901;

PHY-1001 : Stage 2.5.3.3 | Setup TimeOptimization
PHY-1001 : Start to optimize setup violation with net base ...
PHY-1001 : Iter 1; Processed 1 pins with SWNS 0.105ns STNS 0.000ns FEP 0 took 0.127408 seconds.
PHY-1001 : len = 3.11192e+06, over cnt = 35(0%), over = 45, worst = 3, crit = 0
PHY-1001 : End Stage 2.5.3.3 | Setup TimeOptimization; Time: 0.399577s wall, 0.359375s user + 0.031250s system = 0.390625s CPU (97.8%); Memory(MB): used = 1901, reserved = 1893, peak = 1901;

PHY-1001 : Stage 2.5.3.4 | Rip-up And ReRoute
PHY-1001 : Iter 1: len = 3.10798e+06, over cnt = 2(0%), over = 2, worst = 1, crit = 0, time(s) = 0.08
PHY-1001 : Iter 2: len = 3.108e+06, over cnt = 0(0%), over = 0, worst = 0, crit = 0, time(s) = 0.05
PHY-1001 : Update congestion ...
PHY-1001 : Marking 39 (1.02%) hot zones with cutoff utilization 80.95.
PHY-1001 : Congestion index:
PHY-1001 : top1  = 84.63(S 68.35, N 66.91, E 76.32, W 81.70, I 69.52, O 79.44)
PHY-1001 : top5  = 75.25(S 59.47, N 58.58, E 66.37, W 72.76, I 52.48, O 60.60)
PHY-1001 : top10 = 70.97(S 54.69, N 53.97, E 60.33, W 67.29, I 46.37, O 54.21)
PHY-1001 : top15 = 67.86(S 51.35, N 50.53, E 56.29, W 63.16, I 42.38, O 50.22)
PHY-1001 : End update congestion; 0.026377s wall, 0.031250s user + 0.000000s system = 0.031250s CPU (118.5%)

PHY-1001 : End Stage 2.5.3.4 | Rip-up And ReRoute; Time: 0.200447s wall, 0.687500s user + 0.000000s system = 0.687500s CPU (343.0%); Memory(MB): used = 1901, reserved = 1893, peak = 1901;

PHY-1001 : Stage 2.5.3.5 | Update Timing
PHY-1001 : 0/24053(0%) critical/total net(s).
PHY-1001 : Setup: WNS(ns) = 0.105, TNS(ns) = 0.000, FEP = 0 | Hold: WNS(ns) = -0.155, TNS(ns) = -1.811, FEP = 33.
PHY-1001 : End Stage 2.5.3.5 | Update Timing; Time: 0.298753s wall, 0.296875s user + 0.000000s system = 0.296875s CPU (99.4%); Memory(MB): used = 1901, reserved = 1893, peak = 1901;

PHY-1001 : Stage 2.5.3.6 | Commit Data
PHY-1001 : Commit better result to database ...
PHY-1001 : End Stage 2.5.3.6 | Commit Data; Time: 0.042374s wall, 0.046875s user + 0.000000s system = 0.046875s CPU (110.6%); Memory(MB): used = 1901, reserved = 1893, peak = 1901;

PHY-1001 : End Stage 2.5.3 | Phase 3; Time: 3.287340s wall, 3.953125s user + 0.171875s system = 4.125000s CPU (125.5%); Memory(MB): used = 1901, reserved = 1893, peak = 1901;

PHY-1001 : End Stage 2.5 | Routing Optimization; Time: 40.272864s wall, 62.578125s user + 2.125000s system = 64.703125s CPU (160.7%); Memory(MB): used = 1901, reserved = 1893, peak = 1901;

PHY-1001 : Stage 2.6 | Multi-try route Optimization
PHY-1001 : End Stage 2.6 | Multi-try route Optimization; Time: 0.075368s wall, 0.078125s user + 0.000000s system = 0.078125s CPU (103.7%); Memory(MB): used = 1903, reserved = 1893, peak = 1903;

PHY-1003 : Routed, final wirelength = 3.108e+06
RUN-1001 : Clock region assignment statistics:
RUN-1001 : Clock Region s_0_l [0,0][23,39]; Utilization: 7 out of 12
RUN-1001 : -----------------------------------------------------------------------------------------------------------------------------------------------------------------------------------------------------------------------------------------------------------------------------------------------------------------------------------------------------------------------------------------------------------------------------------------------------
RUN-1001 :   Bank  |                                                   Assigned Clock                                                   |                                                    Route Clock                                                     |  Marking  |                                                                          Buffer                                                                           |  Regional Clock Fanouts  
RUN-1001 : -----------------------------------------------------------------------------------------------------------------------------------------------------------------------------------------------------------------------------------------------------------------------------------------------------------------------------------------------------------------------------------------------------------------------------------------------------
RUN-1001 :    1    |                 u_ph1p35_324_ddr_wrapper/u_ddr2/ph1p_ddrmc_wrapper/ph1p_ddrmc_top/u_alc_mc_top/clk                 |                 u_ph1p35_324_ddr_wrapper/u_ddr2/ph1p_ddrmc_wrapper/ph1p_ddrmc_top/u_alc_mc_top/clk                 |           |   u_ph1p35_324_ddr_wrapper/u_ddr2/ph1p_ddrmc_wrapper/ph1p_ddrmc_top/u_ddr_phy/u_ddrphy_top/u_ddrphy_clk/u_pll1/u_bufg_fbclk_auto_created_sclk_s_0_l_bk1   |           2090           
RUN-1001 :    2    |                  u_isp_top/u_rgb96_downscale_crop/u_scale_line_buffer/ram_f84573da5ab5_Inst/clkb                   |                  u_isp_top/u_rgb96_downscale_crop/u_scale_line_buffer/ram_f84573da5ab5_Inst/clkb                   |           |                           u_mipi_dphy_rx_ph1p_mipiio_wrapper/u_ph1p_mipiio_rx_wrapper/bufg_feedback_auto_created_sclk_s_0_l_bk2                           |           617            
RUN-1001 :    3    |                                              S_hdmi_pixel_clk_syn_652                                              |                                              S_hdmi_pixel_clk_syn_652                                              |           |                                               S_hdmi_pixel_clk_created_gclkinst_auto_created_sclk_s_0_l_bk3                                               |            85            
RUN-1001 :    4    |                                                  I_sys_clk_syn_8                                                   |                                                  I_sys_clk_syn_8                                                   |           |                                               I_sys_clk_dup_6_created_gclkinst_auto_created_sclk_s_0_l_bk4                                                |            81            
RUN-1001 :    5    |  u_ph1p35_324_ddr_wrapper/u_ddr2/ph1p_ddrmc_wrapper/ph1p_ddrmc_top/u_ddr_phy/u_ddrphy_top/u_ddrphy/apb_pclk_syn_1  |  u_ph1p35_324_ddr_wrapper/u_ddr2/ph1p_ddrmc_wrapper/ph1p_ddrmc_top/u_ddr_phy/u_ddrphy_top/u_ddrphy/apb_pclk_syn_1  |           |  u_ph1p35_324_ddr_wrapper/u_ddr2/ph1p_ddrmc_wrapper/ph1p_ddrmc_top/u_ddr_phy/u_ddrphy_top/u_ddrphy/apb_pclk_created_gclkinst_auto_created_sclk_s_0_l_bk5  |            25            
RUN-1001 :    6    |                                                  O_cam_24m_syn_3                                                   |                                                  O_cam_24m_syn_3                                                   |           |                                               O_cam_24m_dup_1_created_gclkinst_auto_created_sclk_s_0_l_bk6                                                |            7             
RUN-1001 :    7    |                                          u_lens_i2c_ctrl/u_bus/clk_syn_1                                           |                                          u_lens_i2c_ctrl/u_bus/clk_syn_1                                           |           |                                          u_lens_i2c_ctrl/u_bus/clk_created_gclkinst_auto_created_sclk_s_0_l_bk7                                           |            1             
RUN-1001 : -----------------------------------------------------------------------------------------------------------------------------------------------------------------------------------------------------------------------------------------------------------------------------------------------------------------------------------------------------------------------------------------------------------------------------------------------------
RUN-1001 : Clock Region s_0_r [24,0][47,39]; Utilization: 10 out of 12
RUN-1001 : ---------------------------------------------------------------------------------------------------------------------------------------------------------------------------------------------------------------------------------------------------------------------------------------------------------------------------------------------------------------------------------------
RUN-1001 :   Bank  |                                    Assigned Clock                                    |                                     Route Clock                                      |  Marking  |                                                                         Buffer                                                                          |  Regional Clock Fanouts  
RUN-1001 : ---------------------------------------------------------------------------------------------------------------------------------------------------------------------------------------------------------------------------------------------------------------------------------------------------------------------------------------------------------------------------------------
RUN-1001 :    1    |   u_isp_top/u_rgb96_downscale_crop/u_scale_line_buffer/ram_f84573da5ab5_Inst/clkb    |   u_isp_top/u_rgb96_downscale_crop/u_scale_line_buffer/ram_f84573da5ab5_Inst/clkb    |           |                          u_mipi_dphy_rx_ph1p_mipiio_wrapper/u_ph1p_mipiio_rx_wrapper/bufg_feedback_auto_created_sclk_s_0_r_bk1                          |           1340           
RUN-1001 :    2    |                           u_lens_i2c_ctrl/u_bus/clk_syn_1                            |                           u_lens_i2c_ctrl/u_bus/clk_syn_1                            |           |                                         u_lens_i2c_ctrl/u_bus/clk_created_gclkinst_auto_created_sclk_s_0_r_bk2                                          |           280            
RUN-1001 :    3    |                               S_hdmi_pixel_clk_syn_652                               |                               S_hdmi_pixel_clk_syn_652                               |           |                                              S_hdmi_pixel_clk_created_gclkinst_auto_created_sclk_s_0_r_bk3                                              |           277            
RUN-1001 :    4    |                      u_mcu/MCU_521bd43d073e_Inst/core_clk_syn_1                      |                      u_mcu/MCU_521bd43d073e_Inst/core_clk_syn_1                      |           |                                    u_mcu/MCU_521bd43d073e_Inst/core_clk_created_gclkinst_auto_created_sclk_s_0_r_bk4                                    |           158            
RUN-1001 :    5    |                                    cwc_jtck_syn_1                                    |                                    cwc_jtck_syn_1                                    |           |                                                  cwc_jtck_created_gclkinst_auto_created_sclk_s_0_r_bk5                                                  |           116            
RUN-1001 :    6    |                                   O_cam_24m_syn_3                                    |                                   O_cam_24m_syn_3                                    |           |                                              O_cam_24m_dup_1_created_gclkinst_auto_created_sclk_s_0_r_bk6                                               |            96            
RUN-1001 :    7    |                        u_uicfgcs500/uii2c_inst/scl_clk_syn_9                         |                        u_uicfgcs500/uii2c_inst/scl_clk_syn_9                         |           |                                      u_uicfgcs500/uii2c_inst/scl_clk_created_gclkinst_auto_created_sclk_s_0_r_bk7                                       |            16            
RUN-1001 :    8    |  u_ph1p35_324_ddr_wrapper/u_ddr2/ph1p_ddrmc_wrapper/ph1p_ddrmc_top/u_alc_mc_top/clk  |  u_ph1p35_324_ddr_wrapper/u_ddr2/ph1p_ddrmc_wrapper/ph1p_ddrmc_top/u_alc_mc_top/clk  |           |  u_ph1p35_324_ddr_wrapper/u_ddr2/ph1p_ddrmc_wrapper/ph1p_ddrmc_top/u_ddr_phy/u_ddrphy_top/u_ddrphy_clk/u_pll1/u_bufg_fbclk_auto_created_sclk_s_0_r_bk8  |            11            
RUN-1001 :    9    |                       g_u4_key_debounce[0]$u_u4_key_test/I_clk                       |                       g_u4_key_debounce[0]$u_u4_key_test/I_clk                       |           |                                                     u_PLL/bufg_feedback_auto_created_sclk_s_0_r_bk9                                                     |            8             
RUN-1001 :    10   |                                 S_mcu_ahb_clk_syn_5                                  |                                 S_mcu_ahb_clk_syn_5                                  |           |                                               S_mcu_ahb_clk_created_gclkinst_auto_created_sclk_s_0_r_bk10                                               |            1             
RUN-1001 : ---------------------------------------------------------------------------------------------------------------------------------------------------------------------------------------------------------------------------------------------------------------------------------------------------------------------------------------------------------------------------------------
RUN-1001 : Clock Region s_1_l [0,40][23,79]; Utilization: 4 out of 12
RUN-1001 : -----------------------------------------------------------------------------------------------------------------------------------------------------------------------------------------------------------------------------------------------------------------------------------------------------------------------------------------------------------------------------------------------------------------------------------------------------
RUN-1001 :   Bank  |                                                   Assigned Clock                                                   |                                                    Route Clock                                                     |  Marking  |                                                                          Buffer                                                                           |  Regional Clock Fanouts  
RUN-1001 : -----------------------------------------------------------------------------------------------------------------------------------------------------------------------------------------------------------------------------------------------------------------------------------------------------------------------------------------------------------------------------------------------------------------------------------------------------
RUN-1001 :    1    |                 u_ph1p35_324_ddr_wrapper/u_ddr2/ph1p_ddrmc_wrapper/ph1p_ddrmc_top/u_alc_mc_top/clk                 |                 u_ph1p35_324_ddr_wrapper/u_ddr2/ph1p_ddrmc_wrapper/ph1p_ddrmc_top/u_alc_mc_top/clk                 |           |   u_ph1p35_324_ddr_wrapper/u_ddr2/ph1p_ddrmc_wrapper/ph1p_ddrmc_top/u_ddr_phy/u_ddrphy_top/u_ddrphy_clk/u_pll1/u_bufg_fbclk_auto_created_sclk_s_1_l_bk1   |            51            
RUN-1001 :    2    |                  u_isp_top/u_rgb96_downscale_crop/u_scale_line_buffer/ram_f84573da5ab5_Inst/clkb                   |                  u_isp_top/u_rgb96_downscale_crop/u_scale_line_buffer/ram_f84573da5ab5_Inst/clkb                   |           |                           u_mipi_dphy_rx_ph1p_mipiio_wrapper/u_ph1p_mipiio_rx_wrapper/bufg_feedback_auto_created_sclk_s_1_l_bk2                           |           1903           
RUN-1001 :    3    |                                              S_hdmi_pixel_clk_syn_652                                              |                                              S_hdmi_pixel_clk_syn_652                                              |           |                                               S_hdmi_pixel_clk_created_gclkinst_auto_created_sclk_s_1_l_bk3                                               |            27            
RUN-1001 :    4    |  u_ph1p35_324_ddr_wrapper/u_ddr2/ph1p_ddrmc_wrapper/ph1p_ddrmc_top/u_ddr_phy/u_ddrphy_top/u_ddrphy/apb_pclk_syn_1  |  u_ph1p35_324_ddr_wrapper/u_ddr2/ph1p_ddrmc_wrapper/ph1p_ddrmc_top/u_ddr_phy/u_ddrphy_top/u_ddrphy/apb_pclk_syn_1  |           |  u_ph1p35_324_ddr_wrapper/u_ddr2/ph1p_ddrmc_wrapper/ph1p_ddrmc_top/u_ddr_phy/u_ddrphy_top/u_ddrphy/apb_pclk_created_gclkinst_auto_created_sclk_s_1_l_bk4  |            5             
RUN-1001 : -----------------------------------------------------------------------------------------------------------------------------------------------------------------------------------------------------------------------------------------------------------------------------------------------------------------------------------------------------------------------------------------------------------------------------------------------------
RUN-1001 : Clock Region s_1_r [24,40][43,79]; Utilization: 6 out of 12
RUN-1001 : ---------------------------------------------------------------------------------------------------------------------------------------------------------------------------------------------------------------------------------------------------------------------------------------------------------------------------------------------------------------------------------------
RUN-1001 :   Bank  |                                    Assigned Clock                                    |                                     Route Clock                                      |  Marking  |                                                                         Buffer                                                                          |  Regional Clock Fanouts  
RUN-1001 : ---------------------------------------------------------------------------------------------------------------------------------------------------------------------------------------------------------------------------------------------------------------------------------------------------------------------------------------------------------------------------------------
RUN-1001 :    1    |                       g_u4_key_debounce[0]$u_u4_key_test/I_clk                       |                       g_u4_key_debounce[0]$u_u4_key_test/I_clk                       |           |                                                     u_PLL/bufg_feedback_auto_created_sclk_s_1_r_bk1                                                     |            1             
RUN-1001 :    2    |   u_isp_top/u_rgb96_downscale_crop/u_scale_line_buffer/ram_f84573da5ab5_Inst/clkb    |   u_isp_top/u_rgb96_downscale_crop/u_scale_line_buffer/ram_f84573da5ab5_Inst/clkb    |           |                          u_mipi_dphy_rx_ph1p_mipiio_wrapper/u_ph1p_mipiio_rx_wrapper/bufg_feedback_auto_created_sclk_s_1_r_bk2                          |           1165           
RUN-1001 :    3    |                               S_hdmi_pixel_clk_syn_652                               |                               S_hdmi_pixel_clk_syn_652                               |           |                                              S_hdmi_pixel_clk_created_gclkinst_auto_created_sclk_s_1_r_bk3                                              |           585            
RUN-1001 :    4    |           u_hdmi_tx/u_hdmi2phy_wrapper/u0_lane_lvds_8_1/I_serial_clk_syn_1           |           u_hdmi_tx/u_hdmi2phy_wrapper/u0_lane_lvds_8_1/I_serial_clk_syn_1           |           |                         u_hdmi_tx/u_hdmi2phy_wrapper/u0_lane_lvds_8_1/I_serial_clk_created_gclkinst_auto_created_sclk_s_1_r_bk4                         |            38            
RUN-1001 :    5    |  u_ph1p35_324_ddr_wrapper/u_ddr2/ph1p_ddrmc_wrapper/ph1p_ddrmc_top/u_alc_mc_top/clk  |  u_ph1p35_324_ddr_wrapper/u_ddr2/ph1p_ddrmc_wrapper/ph1p_ddrmc_top/u_alc_mc_top/clk  |           |  u_ph1p35_324_ddr_wrapper/u_ddr2/ph1p_ddrmc_wrapper/ph1p_ddrmc_top/u_ddr_phy/u_ddrphy_top/u_ddrphy_clk/u_pll1/u_bufg_fbclk_auto_created_sclk_s_1_r_bk5  |            20            
RUN-1001 :    6    |                           u_lens_i2c_ctrl/u_bus/clk_syn_1                            |                           u_lens_i2c_ctrl/u_bus/clk_syn_1                            |           |                                         u_lens_i2c_ctrl/u_bus/clk_created_gclkinst_auto_created_sclk_s_1_r_bk6                                          |            18            
RUN-1001 : ---------------------------------------------------------------------------------------------------------------------------------------------------------------------------------------------------------------------------------------------------------------------------------------------------------------------------------------------------------------------------------------
RUN-1002 : start command "export_db camera_to_dsi_display_pr.db"
RUN-1001 : Exported flow parameters
RUN-1001 : Exported /
RUN-1001 : Exported libs
RUN-1001 : Exported entities
RUN-1001 : Exported ports
RUN-1001 : Exported pins
RUN-1001 : Exported instances
RUN-1001 : Exported nets
RUN-1001 : Exported buses
RUN-1001 : Exported models
RUN-1001 : Exported phy database
RUN-1001 : Exported packer
RUN-1001 : Exported congestions
RUN-1001 : Exported violations
RUN-1001 : Exported ATMR Setting
RUN-1001 : Exported timing constraints
RUN-1001 : Exported IO constraints
RUN-1001 : Exported Inst constraints
RUN-1001 : Exported ChipWatcher
RUN-1003 : finish command "export_db camera_to_dsi_display_pr.db" in  1.455540s wall, 2.031250s user + 0.109375s system = 2.140625s CPU (147.1%)

RUN-1004 : used memory is 1980 MB, reserved memory is 2083 MB, peak memory is 1980 MB
PHY-1001 : Current memory(MB): used = 1980, reserved = 2083, peak = 1980.
PHY-1001 : End export database. 1.535122s wall, 2.109375s user + 0.109375s system = 2.218750s CPU (144.5%)

PHY-1001 : End detail routing;  75.951868s wall, 137.000000s user + 3.750000s system = 140.750000s CPU (185.3%)

PHY-1001 : End Stage 2 | Detail Routing; Time: 75.952138s wall, 137.000000s user + 3.750000s system = 140.750000s CPU (185.3%); Memory(MB): used = 1980, reserved = 2083, peak = 1980;

RUN-1002 : start command "fix_hold"

PHY-1001 : Stage 3 | Hold Fix
PHY-1001 : Stage 3.1 | Load Design Data
PHY-1034 : Refresh detailed routing grids ...
PHY-1001 : Generate nets ...
PHY-1001 : eco open net = 0
PHY-1001 : End Stage 3.1 | Load Design Data; Time: 0.507753s wall, 0.875000s user + 0.062500s system = 0.937500s CPU (184.6%); Memory(MB): used = 2008, reserved = 2083, peak = 2008;

PHY-1001 : Stage 3.2 | Hold Fix Optimization
RUN-1002 : start command "start_timer"
RUN-1003 : finish command "start_timer" in  2.251722s wall, 2.078125s user + 0.125000s system = 2.203125s CPU (97.8%)

RUN-1004 : used memory is 2008 MB, reserved memory is 2083 MB, peak memory is 2008 MB
PHY-1001 : Timing info: SWNS 0.105ns | STNS 0.000ns | HWNS -0.155ns | HTNS -1.811ns.
PHY-1001 : Processing hold violation on 36 end-point, worst slack = -155ps, best slack = 15ps.
PHY-1001 : End timing refresh.  6.748577s wall, 6.421875s user + 0.218750s system = 6.640625s CPU (98.4%)

PHY-1001 : Stage 3.2.1 | Phase 1
PHY-1001 : Stage 3.2.1.1 | Hold Fix By LutBridge
PHY-1001 : len = 3.11085e+06, over cnt = 0(0%), over = 0, worst = 0, crit = 0
PHY-1001 : Bridge count = 6; unresolved count = 0.
PHY-1001 : 0 out of 36 ((0.00)%) EP fixed by LB.
PHY-1001 : End Stage 3.2.1.1 | Hold Fix By LutBridge; Time: 1.278556s wall, 1.187500s user + 0.093750s system = 1.281250s CPU (100.2%); Memory(MB): used = 2008, reserved = 2083, peak = 2008;

PHY-1001 : Timing info: SWNS 0.105ns | STNS 0.000ns | HWNS -0.155ns | HTNS -0.297ns.
PHY-1001 : Processing hold violation on 6 end-point, worst slack = -155ps, best slack = 8ps.
PHY-1001 : End timing refresh.  0.129950s wall, 0.109375s user + 0.000000s system = 0.109375s CPU (84.2%)

PHY-1001 : Stage 3.2.1.2 | Hold Fix By Pin
PHY-1001 : len = 3.1112e+06, over cnt = 0(0%), over = 0, worst = 0, crit = 0
PHY-1001 : 5 out of 6 ((83.33)%) EP fixed by pin delay.
PHY-1001 : End Stage 3.2.1.2 | Hold Fix By Pin; Time: 0.395024s wall, 0.375000s user + 0.015625s system = 0.390625s CPU (98.9%); Memory(MB): used = 2008, reserved = 2083, peak = 2008;

PHY-1001 : Timing info: SWNS 0.105ns | STNS 0.000ns | HWNS -0.019ns | HTNS -0.019ns.
PHY-1001 : Processing hold violation on 1 end-point, worst slack = -19ps, best slack = -19ps.
PHY-1001 : End timing refresh.  0.110301s wall, 0.093750s user + 0.015625s system = 0.109375s CPU (99.2%)

PHY-1001 : Stage 3.2.1.3 | Hold Fix By Net
PHY-1001 : len = 3.11128e+06, over cnt = 0(0%), over = 0, worst = 0, crit = 0
PHY-1001 : 1 out of 1 ((100.00)%) EP fixed by net delay.
PHY-1001 : End Stage 3.2.1.3 | Hold Fix By Net; Time: 0.110891s wall, 0.109375s user + 0.000000s system = 0.109375s CPU (98.6%); Memory(MB): used = 2008, reserved = 2083, peak = 2008;

PHY-1001 : Timing info: SWNS 0.105ns | STNS 0.000ns | HWNS 0.020ns | HTNS 0.000ns.
PHY-1001 : End timing refresh.  0.106644s wall, 0.109375s user + 0.000000s system = 0.109375s CPU (102.6%)

PHY-1001 : End Stage 3.2.1 | Phase 1; Time: 2.167283s wall, 2.015625s user + 0.125000s system = 2.140625s CPU (98.8%); Memory(MB): used = 2008, reserved = 2083, peak = 2008;

PHY-1001 : End Stage 3.2 | Hold Fix Optimization; Time: 8.916925s wall, 8.437500s user + 0.343750s system = 8.781250s CPU (98.5%); Memory(MB): used = 2008, reserved = 2083, peak = 2008;

PHY-1001 : End Stage 3 | Hold Fix; Time: 9.631749s wall, 9.500000s user + 0.421875s system = 9.921875s CPU (103.0%); Memory(MB): used = 2008, reserved = 2083, peak = 2008;

RUN-1003 : finish command "fix_hold" in  9.669439s wall, 9.531250s user + 0.421875s system = 9.953125s CPU (102.9%)

RUN-1004 : used memory is 2008 MB, reserved memory is 2083 MB, peak memory is 2008 MB
PHY-1001 : Stage 4 | Report Route Qor
RUN-1002 : start command "report_qor -step route -file route.qor"
RUN-1002 : start command "start_timer"
RUN-1003 : finish command "start_timer" in  2.260826s wall, 2.203125s user + 0.015625s system = 2.218750s CPU (98.1%)

RUN-1004 : used memory is 2008 MB, reserved memory is 2083 MB, peak memory is 2008 MB
-----------------------------------------------------------
| QoR metrics               |         value               |
-----------------------------------------------------------
| Timing                    |                             |
|     Setup WNS             |          105                |
|     Setup TNS             |            0                |
|     Num of violated S-EP  |            0                |
|     Hold WNS              |           20                |
|     Hold TNS              |            0                |
|     Num of violated H-EP  |            0                |
-----------------------------------------------------------
| Routing Resource          |                             |
|     Wire length           |      3111280                |
-----------------------------------------------------------
| Utilization               |                             |
|     #slices               |        14117                |
|     slices percentage     |       66.54%                |
|     #RAMs                 |           50                |
|     #DSPs                 |            8                |
|     #DRAMHARDCON          |           37                |
-----------------------------------------------------------
Report route stage QoR done.

RUN-1003 : finish command "report_qor -step route -file route.qor" in  6.770519s wall, 6.468750s user + 0.218750s system = 6.687500s CPU (98.8%)

RUN-1004 : used memory is 2008 MB, reserved memory is 2083 MB, peak memory is 2008 MB
RUN-1002 : start command "update_timing -mode final"
RUN-1002 : start command "start_timer"
RUN-1003 : finish command "start_timer" in  2.270427s wall, 2.140625s user + 0.109375s system = 2.250000s CPU (99.1%)

RUN-1004 : used memory is 2008 MB, reserved memory is 2083 MB, peak memory is 2008 MB
RUN-1003 : finish command "update_timing -mode final" in  6.691718s wall, 6.343750s user + 0.218750s system = 6.562500s CPU (98.1%)

RUN-1004 : used memory is 2008 MB, reserved memory is 2083 MB, peak memory is 2008 MB
RUN-1002 : start command "report_timing_summary -file final_timing.rpt"
OPT-1001 : QoR tracer report on route step:
    SWNS [   incr ]    STNS [   incr ]  S-FEPS [   incr ]    HWNS [   incr ]      HTNS [     incr ]    H-FEPS [     incr ]    CELL [   incr ]       WL [    incr ]   RT(s) [   incr ]   MEM(mb) [     incr ]
    -133 [      0 ]    -133 [      0 ]       1 [      0 ]    -155 [      0 ]     -9307 [        0 ]       222 [        0 ]   14664 [      0 ]  2809392 [       0 ]      42 [      0 ]      1867 [        0 ] : dr_initialization
     201 [    334 ]       0 [    133 ]       0 [     -1 ]     -11 [    144 ]       -20 [     9287 ]         2 [     -220 ]   14664 [      0 ]  2840496 [   31104 ]      50 [      8 ]      1869 [        2 ] : dr_timing_opt_phase1
    -617 [   -818 ]   -1292 [  -1292 ]       4 [      4 ]    -155 [   -144 ]     -3222 [    -3202 ]        64 [       62 ]   14664 [      0 ]  3102336 [  261840 ]      75 [     25 ]      1901 [       32 ] : dr_opt_phase1
     162 [    779 ]       0 [   1292 ]       0 [     -4 ]      20 [    175 ]         0 [     3222 ]         0 [      -64 ]   14664 [      0 ]  3112128 [    9792 ]      78 [      3 ]      1901 [        0 ] : dr_timing_opt_phase2
    -157 [   -319 ]    -214 [   -214 ]       2 [      2 ]    -155 [   -175 ]     -2379 [    -2379 ]        40 [       40 ]   14664 [      0 ]  3106896 [   -5232 ]      79 [      1 ]      1901 [        0 ] : dr_opt_phase2
     105 [    262 ]       0 [    214 ]       0 [     -2 ]      20 [    175 ]         0 [     2379 ]         0 [      -40 ]   14664 [      0 ]  3111920 [    5024 ]      82 [      3 ]      1901 [        0 ] : dr_timing_opt_phase3
     105 [      0 ]       0 [      0 ]       0 [      0 ]    -155 [   -175 ]     -1811 [    -1811 ]        33 [       33 ]   14664 [      0 ]  3108000 [   -3920 ]      82 [      0 ]      1901 [        0 ] : dr_opt_phase3
     105 [      0 ]       0 [      0 ]       0 [      0 ]    -155 [      0 ]     -1811 [        0 ]        33 [        0 ]   14664 [      0 ]  3108000 [       0 ]      83 [      1 ]      1903 [        2 ] : multi_try_opt
     105 [      0 ]       0 [      0 ]       0 [      0 ]      20 [    175 ]         0 [     1811 ]         0 [      -33 ]   14664 [      0 ]  3111280 [    3280 ]      94 [     11 ]      2008 [      105 ] : fix_hold_opt

PHY-1001 : End Stage 4 | Report Route Qor; Time: 13.684643s wall, 13.031250s user + 0.437500s system = 13.468750s CPU (98.4%); Memory(MB): used = 2008, reserved = 2083, peak = 2008;

PHY-1001 : Stage 5 | Routing DRC
PHY-1001 : Stage 5.1 | Check And Add Lut-bridge
PHY-1001 : End Stage 5.1 | Check And Add Lut-bridge; Time: 0.115580s wall, 0.093750s user + 0.015625s system = 0.109375s CPU (94.6%); Memory(MB): used = 2008, reserved = 2083, peak = 2008;

PHY-1001 : Stage 5.2 | Lut Bridge Check
PHY-1001 : End Stage 5.2 | Lut Bridge Check; Time: 0.288423s wall, 0.296875s user + 0.000000s system = 0.296875s CPU (102.9%); Memory(MB): used = 2008, reserved = 2083, peak = 2008;

PHY-1001 : Stage 5.3 | Physical Net Status Check
PHY-1001 : End Stage 5.3 | Physical Net Status Check; Time: 0.067063s wall, 0.062500s user + 0.000000s system = 0.062500s CPU (93.2%); Memory(MB): used = 2008, reserved = 2083, peak = 2008;

PHY-1001 : Start multi-drive drc check......
PHY-1001 : No multi-drive.
PHY-1001 : Stage 5.4 | Clock Net Status Check
PHY-1001 : 3 clock net(s) utilize local routing resource.
PHY-5079 CRITICAL-WARNING: Marked 1 clock net(s) utilize the local routing resources. Please check log message and the sinks of clock nets.
RUN-1001 : CTS Local Wire Summary
RUN-1001 : ----------------------------------------------------------------------------------------------------------------------------------------------------------------------
RUN-1001 :         ClockName         |   DriverType    |  Clock/Fanout  |  LocalWireNum  |                                  NetName                                   |  Marked  
RUN-1001 : ----------------------------------------------------------------------------------------------------------------------------------------------------------------------
RUN-1001 :   config_inst.cwc_tck_o   |  AL_PHY_CONFIG  |      1/1       |       10       |                                  cwc_jtck                                  |    -     
RUN-1001 :             -             |  AL_PHY_LSLICE  |      1/3       |       18       |                      u_uicfgcs500/uii2c_inst/scl_clk                       |    -     
RUN-1001 :        pll_clk_24m        |   AL_PHY_SCLK   |      6/7       |       3        |  O_cam_24m_dup_1_created_gclkinst_auto_created_sclk_s_0_l_bk6_sclk_outnet  |   true   
RUN-1001 : ----------------------------------------------------------------------------------------------------------------------------------------------------------------------
PHY-5088 WARNING: Clock_Analyzer: Detected 1 buffer(s) clkin net because they drive non-clock sinks. Run "analyze_clock -detail" for more infomation.
PHY-5088 WARNING: Clock_Analyzer: Detected 1 buffer(s) clkout net because they drive non-clock sinks. Run "analyze_clock -detail" for more infomation.
PHY-5088 WARNING: Clock_Analyzer: 2 clock-net(s) because they drive other clock net, may cause clock skew. Run "analyze_clock -detail" for more infomation.
PHY-1001 : End Stage 5.4 | Clock Net Status Check; Time: 0.092779s wall, 0.093750s user + 0.000000s system = 0.093750s CPU (101.0%); Memory(MB): used = 2008, reserved = 2083, peak = 2008;

PHY-1001 : Stage 5.5 | Abnormal Timing Path check
PHY-1001 : No abnormal timing path.
PHY-1001 : End Stage 5.5 | Abnormal Timing Path check; Time: 0.271446s wall, 0.265625s user + 0.000000s system = 0.265625s CPU (97.9%); Memory(MB): used = 2008, reserved = 2083, peak = 2008;

PHY-1001 : Stage 5.6 | Bound Check
PHY-1001 : Check Pass.
PHY-1001 : End Stage 5.6 | Bound Check; Time: 0.004331s wall, 0.000000s user + 0.000000s system = 0.000000s CPU (n/a%); Memory(MB): used = 2008, reserved = 2083, peak = 2008;

PHY-1001 : End Stage 5 | Routing DRC; Time: 0.903806s wall, 0.890625s user + 0.015625s system = 0.906250s CPU (100.3%); Memory(MB): used = 2008, reserved = 2083, peak = 2008;

RUN-1003 : finish command "route" in  109.251995s wall, 169.984375s user + 4.984375s system = 174.968750s CPU (160.2%)

RUN-1004 : used memory is 2008 MB, reserved memory is 2083 MB, peak memory is 2008 MB
RUN-1002 : start command "report_area -io_info -file camera_to_dsi_display_phy.area"
SYN-4034 : The count of slices with lut is 7791.
SYN-4035 : The count of slices with lut+ripple is 3447.
RUN-1001 : standard
***Report Model: design_top_wrapper Device: PH1P35MDG324***

Design Statistics
#IO                        70   out of    160   43.75%
  #input                    9
  #output                  35
  #inout                   26
#lut6                   11646   out of  21216   54.89%
#reg                    14909
  #slice reg            14909   out of  42432   35.14%
  #pad reg                  0

Utilization Statistics
#slice                  14117   out of  21216   66.54%
  #used ram               408
    #dram lut             296
    #shifter lut          112
  #used logic           13709
    #with luts           7791
    #with adder          3447
    #reg only            2471
#feedthrough             2557
#f7mux                      0   out of  10608    0.00%
#f8mux                      0   out of   5304    0.00%
#eram                      50   out of    108   46.30%
  #eram20k                 50
  #fifo20k                  0
#dsp                        8   out of     40   20.00%
#mcu                        1   out of      1  100.00%
#ddr_byte                   6   out of     12   50.00%
#mipi_tx                    0   out of      2    0.00%
#mipi_rx                    1   out of      2   50.00%
#pad                       29   out of    160   18.12%
#pll                        3   out of      6   50.00%
#gclk                      13   out of     32   40.62%
#lclk                       0   out of     12    0.00%
#sclk                      27   out of     48   56.25%
#mlclk                      2   out of      6   33.33%
#ioclk                      4   out of     18   22.22%


DataNet Average Fanout:

   Index     Fanout     Nets   
    #1          1       21612  
    #2          2       7770   
    #3          3       1081   
    #4          4        694   
    #5        5-10      1756   
    #6        11-50      439   
    #7       51-100      44    
    #8       101-500     11    
  Average     2.03             

RUN-1002 : start command "update_timing -mode final"
RUN-1002 : start command "start_timer"
RUN-1003 : finish command "start_timer" in  2.578861s wall, 2.500000s user + 0.015625s system = 2.515625s CPU (97.5%)

RUN-1004 : used memory is 2008 MB, reserved memory is 2083 MB, peak memory is 2008 MB
RUN-1003 : finish command "update_timing -mode final" in  8.721266s wall, 8.546875s user + 0.046875s system = 8.593750s CPU (98.5%)

RUN-1004 : used memory is 2008 MB, reserved memory is 2083 MB, peak memory is 2008 MB
RUN-1002 : start command "report_timing_status -file camera_to_dsi_display_phy.ts"
RUN-1002 : start command "report_timing_summary -file camera_to_dsi_display_pr.timing"
RUN-1002 : start command "report_timing_exception -file camera_to_dsi_display_exception.timing"
RUN-1002 : start command "flow_status -file route_flow.status"
Location         : D:\2026fpga\lab_hd_1_mipi_hdmi\td_project\camera_to_dsi_display_Runs\phy_1
Running with     : Tang Dynasty v6.2.168116
                   Copyright (c) 2012-2025 Anlogic Inc.
Top Model        : design_top_wrapper
Device           : PH1P35MDG324
Speed            : 3

Timing Mode      : final
Setup            : WNS   105ps  TNS        0ps  NUM_FEPS     0
Hold             : WNS    20ps  TNS        0ps  NUM_FEPS     0

Flow Statistics  :
RUN-1001 : Flow Statistics:
RUN-1001 : ---------------------------------------------------------------------------------------------------
RUN-1001 :      command     |  #calls  |  wall time   |  cpu time(s)  |  used memory(mb)  |  peak memory(mb)  
RUN-1001 : ---------------------------------------------------------------------------------------------------
RUN-1001 :       place      |    1     |  2m28s(56%)  |   467(72%)    |       1254        |       1254        
RUN-1001 :       route      |    1     |  1m40s(38%)  |   164(25%)    |       2008        |       2008        
RUN-1001 :     fix_hold     |    1     |    9s(3%)    |     9(1%)     |       2008        |       2008        
RUN-1001 :   import_device  |    1     |    2s(0%)    |     2(0%)     |        338        |        338        
RUN-1001 :     import_db    |    3     |    1s(0%)    |     0(0%)     |        827        |        827        
RUN-1001 :       pack       |    1     |    0s(0%)    |     0(0%)     |        827        |        827        
RUN-1001 : ---------------------------------------------------------------------------------------------------
RUN-1001 :       total      |    8     |    4m20s     |      642      |       2008        |       2008        
RUN-1001 : ---------------------------------------------------------------------------------------------------
RUN-1002 : start command "report_clock_utilization -file route_clock_utilization.txt"
RUN-1002 : start command "export_db camera_to_dsi_display_pr.db"
RUN-1001 : Exported flow parameters
RUN-1001 : Exported /
RUN-1001 : Exported libs
RUN-1001 : Exported entities
RUN-1001 : Exported ports
RUN-1001 : Exported pins
RUN-1001 : Exported instances
RUN-1001 : Exported nets
RUN-1001 : Exported buses
RUN-1001 : Exported models
RUN-1001 : Exported phy database
RUN-1001 : Exported packer
RUN-1001 : Exported congestions
RUN-1001 : Exported violations
RUN-1001 : Exported ATMR Setting
RUN-1001 : Exported timing constraints
RUN-1001 : Exported IO constraints
RUN-1001 : Exported Inst constraints
RUN-1001 : Exported ChipWatcher
RUN-1003 : finish command "export_db camera_to_dsi_display_pr.db" in  1.864220s wall, 2.687500s user + 0.031250s system = 2.718750s CPU (145.8%)

RUN-1004 : used memory is 2008 MB, reserved memory is 2083 MB, peak memory is 2008 MB
RUN-1002 : start command "commit_param -step bitgen"
RUN-1001 : Print Global Property
RUN-1001 : -------------------------------------------------------------
RUN-1001 :     Parameters    |   Settings   |  Default Values  |  Note  
RUN-1001 : -------------------------------------------------------------
RUN-1001 :    enable_seed    |     off      |       off        |        
RUN-1001 :    hfn_to_clock   |  1000000000  |    1000000000    |        
RUN-1001 :      message      |   standard   |     standard     |        
RUN-1001 :    qor_monitor    |      on      |        on        |        
RUN-1001 :   speedup_effort  |      0       |        0         |        
RUN-1001 :    syn_ip_flow    |     off      |       off        |        
RUN-1001 :       thread      |      32      |       auto       |   *    
RUN-1001 : -------------------------------------------------------------
RUN-1002 : start command "set_param bitgen compress on"
RUN-1001 : Print Bitgen Property
RUN-1001 : -------------------------------------------------------------
RUN-1001 :      Parameters     |  Settings  |  Default Values  |  Note  
RUN-1001 : -------------------------------------------------------------
RUN-1001 :         bin         |    off     |       off        |        
RUN-1001 :       compress      |     on     |       off        |   *    
RUN-1001 :       gen_mask      |    off     |       off        |        
RUN-1001 :      max_stream     |     on     |        on        |        
RUN-1001 :      time_info      |     on     |        on        |        
RUN-1001 :   unused_io_status  |   pullup   |      pullup      |        
RUN-1001 :       version       |    0x00    |       0x00       |        
RUN-1001 : -------------------------------------------------------------
RUN-1002 : start command "bitgen -bit camera_to_dsi_display.bit"
RUN-1002 : start command "export_bid camera_to_dsi_display_inst.bid"
BIT-1003 : Start to generate bitstream. 
BIT-1002 : Bitgen processed 3 pll_pd instances.
BIT-1002 : Init instances with 32 threads.
BIT-1002 : Init instances completely, inst num: 14662
BIT-1002 : Init pips with 32 threads.
BIT-1002 : Init pips completely, net num: 24362, pip num: 227950
BIT-1002 : Init feedthrough with 32 threads.
BIT-1002 : Init feedthrough completely, num: 2557
BIT-1003 : Multithreading accelaration with 32 threads.
BIT-1003 : Generate bitstream completely, there are 768684 bits set as '1'.
PRG-1501 : Bit compressed, frame number changed from 3481 to 3465, ratio 0.46%
BIT-1004 : Generate file camera_to_dsi_display_compress.bit.
BIT-1004 : Generate file camera_to_dsi_display.bit.
RUN-1003 : finish command "bitgen -bit camera_to_dsi_display.bit" in  6.130746s wall, 66.625000s user + 2.218750s system = 68.843750s CPU (1122.9%)

RUN-1004 : used memory is 2008 MB, reserved memory is 2084 MB, peak memory is 2009 MB
RUN-1002 : start command "setup_debugger ../../chip_debugger"
KIT-1004 : Update chipwatcher trigger condition
KIT-1004 : Generate chipwatcher configuration file: cw/compiled.cwc
KIT-1004 : Generate chipwatcher bit file: cw/compiled.bit
RUN-1002 : start command "export_bitgen_param -file .bitgen_param.f"
RUN-1002 : start command "export_flow_status -s opt_place -e bitgen"
RUN-1002 : start command "flow_status"

Location         : D:\2026fpga\lab_hd_1_mipi_hdmi\td_project\camera_to_dsi_display_Runs\phy_1
Running with     : Tang Dynasty v6.2.168116
                   Copyright (c) 2012-2025 Anlogic Inc.
Top Model        : design_top_wrapper
Device           : PH1P35MDG324
Speed            : 3

Timing Mode      : final
Setup            : WNS   105ps  TNS        0ps  NUM_FEPS     0
Hold             : WNS    20ps  TNS        0ps  NUM_FEPS     0

RUN-1001 : Flow Statistics:
RUN-1001 : ---------------------------------------------------------------------------------------------------
RUN-1001 :      command     |  #calls  |  wall time   |  cpu time(s)  |  used memory(mb)  |  peak memory(mb)  
RUN-1001 : ---------------------------------------------------------------------------------------------------
RUN-1001 :       place      |    1     |  2m28s(55%)  |   467(65%)    |       1254        |       1254        
RUN-1001 :       route      |    1     |  1m40s(37%)  |   164(23%)    |       2008        |       2008        
RUN-1001 :     fix_hold     |    1     |    9s(3%)    |     9(1%)     |       2008        |       2008        
RUN-1001 :      bitgen      |    1     |    6s(2%)    |    68(9%)     |       2008        |       2009        
RUN-1001 :   import_device  |    1     |    2s(0%)    |     2(0%)     |        338        |        338        
RUN-1001 :     import_db    |    3     |    1s(0%)    |     0(0%)     |        827        |        827        
RUN-1001 :       pack       |    1     |    0s(0%)    |     0(0%)     |        827        |        827        
RUN-1001 : ---------------------------------------------------------------------------------------------------
RUN-1001 :       total      |    9     |    4m26s     |      710      |       2008        |       2009        
RUN-1001 : ---------------------------------------------------------------------------------------------------

