============================================================
   Tang Dynasty, V6.2.168116
   Copyright (c) 2012-2025 Anlogic Inc.
   Executable = F:/AnlogicFpga/TD_6.2.1_Engineer_6.2.168.116/bin/td_commands_prompt.exe
   Built at =   16:32:07 Jun 12 2025
   Run by =     pc
   Run Date =   Wed Sep 16 14:23:41 2026

   Run on =     CIRBUG
============================================================
RUN-1002 : start command "import_device ph1_35p.db -package PH1P35MDG324 -speed 3"
ARC-1001 : Device Initialization.
ARC-1001 : ----------------------------------------------------------------
ARC-1001 :           OPTION          |          IO           |   SETTING   
ARC-1001 : ----------------------------------------------------------------
ARC-1001 :   non_jtag_persist(none)  |        35 IOs         |    gpio    
ARC-1001 :            jtag           |  P13/P15/L14/R13/T13  |  dedicate  
ARC-1001 : ----------------------------------------------------------------
RUN-1003 : finish command "import_device ph1_35p.db -package PH1P35MDG324 -speed 3" in  2.337162s wall, 2.062500s user + 0.046875s system = 2.109375s CPU (90.3%)

RUN-1004 : used memory is 323 MB, reserved memory is 321 MB, peak memory is 323 MB
RUN-1002 : start command "open_project camera_to_dsi_display.prj -noanalyze"
RUN-1002 : start command "import_db ../syn_1/camera_to_dsi_display_gate.db"
RUN-1001 : Importing database generated by Tang Dynasty, V6.2.168116.
RUN-1001 : Database version number 46207
RUN-1001 : Import flow parameters
RUN-1001 : Import netlist
RUN-1001 : Import timing constraints
RUN-1001 : Import IO constraints
RUN-1001 : Import Inst constraints
RUN-1001 : Import ChipWatcher
RUN-1001 : Import design success TD_VERSION=6.2.168116 , DB_VERSION=46207
RUN-1003 : finish command "import_db ../syn_1/camera_to_dsi_display_gate.db" in  1.086773s wall, 0.562500s user + 0.093750s system = 0.656250s CPU (60.4%)

RUN-1004 : used memory is 518 MB, reserved memory is 516 MB, peak memory is 518 MB
RUN-1002 : start command "commit_param -step place"
RUN-1001 : Print Global Property
RUN-1001 : -------------------------------------------------------------
RUN-1001 :     Parameters    |   Settings   |  Default Values  |  Note  
RUN-1001 : -------------------------------------------------------------
RUN-1001 :    enable_seed    |     off      |       off        |        
RUN-1001 :    hfn_to_clock   |  1000000000  |    1000000000    |        
RUN-1001 :      message      |   standard   |     standard     |        
RUN-1001 :    qor_monitor    |      on      |        on        |        
RUN-1001 :   speedup_effort  |      0       |        0         |        
RUN-1001 :    syn_ip_flow    |     off      |       off        |        
RUN-1001 :       thread      |     auto     |       auto       |        
RUN-1001 : -------------------------------------------------------------
RUN-1001 : Print Place Property
RUN-1001 : ---------------------------------------------------------------
RUN-1001 :       Parameters      |  Settings  |  Default Values  |  Note  
RUN-1001 : ---------------------------------------------------------------
RUN-1001 :         effort        |   medium   |      medium      |        
RUN-1001 :     hfn_opt_effort    |   medium   |      medium      |        
RUN-1001 :    logic_level_opt    |    off     |       off        |        
RUN-1001 :   macro_performance   |    auto    |       auto       |        
RUN-1001 :       max_fanout      |   999999   |      999999      |        
RUN-1001 :       opt_timing      |   medium   |      medium      |        
RUN-1001 :     post_place_opt    |    auto    |       auto       |        
RUN-1001 :      pr_strategy      |     1      |        1         |        
RUN-1001 :   preplace_floorplan  |    off     |       off        |        
RUN-1001 : ---------------------------------------------------------------
RUN-1002 : start command "insert_debugger"
RUN-1002 : start command "place"
RUN-1001 : Open license file F:/AnlogicFpga/TD_6.2.1_Engineer_6.2.168.116/license/Anlogic.lic
PHY-3001 : Placer runs in 32 thread(s).
PHY-1001 : Stage 1 | Initialize Design
PHY-1001 : Stage 1.1 | Build Design
PHY-1001 : 9648 luts, 13883 seqs, 408 mslices, 3240 lslices, 54 pads, 46 brams, 8 dsps
RUN-1002 : start command "legalize_phy_inst"
SYN-1011 : Flatten model design_top_wrapper
SYN-1001 : ADC: Instance "u_ph1p35_324_ddr_wrapper/u_ddr2/ph1p_ddrmc_wrapper/ph1p_ddrmc_top/u_ddr_phy/u_ddrphy_top/u_ddrphy/ac_byte[0]$ac_byte_used$u_ddrphy_ac_byte_wrapper/u_ddrphy_byte" LOCATION="X0Y70Z0"
SYN-1001 : ADC: Instance "u_ph1p35_324_ddr_wrapper/u_ddr2/ph1p_ddrmc_wrapper/ph1p_ddrmc_top/u_ddr_phy/u_ddrphy_top/u_ddrphy/ac_byte[1]$ac_byte_used$u_ddrphy_ac_byte_wrapper/u_ddrphy_byte" LOCATION="X0Y60Z0"
SYN-1001 : ADC: Instance "u_ph1p35_324_ddr_wrapper/u_ddr2/ph1p_ddrmc_wrapper/ph1p_ddrmc_top/u_ddr_phy/u_ddrphy_top/u_ddrphy/ac_byte[2]$ac_byte_used$u_ddrphy_ac_byte_wrapper/u_ddrphy_byte" LOCATION="X0Y50Z0"
SYN-1001 : ADC: Instance "u_ph1p35_324_ddr_wrapper/u_ddr2/ph1p_ddrmc_wrapper/ph1p_ddrmc_top/u_ddr_phy/u_ddrphy_top/u_ddrphy/ac_byte[3]$ac_byte_used$u_ddrphy_ac_byte_wrapper/u_ddrphy_byte" LOCATION="X0Y40Z0"
SYN-1001 : ADC: Instance "u_ph1p35_324_ddr_wrapper/u_ddr2/ph1p_ddrmc_wrapper/ph1p_ddrmc_top/u_ddr_phy/u_ddrphy_top/u_ddrphy/bkref[0]$u_ddrphy_bankref" LOCATION="X0Y19Z0"
SYN-1001 : ADC: Instance "u_ph1p35_324_ddr_wrapper/u_ddr2/ph1p_ddrmc_wrapper/ph1p_ddrmc_top/u_ddr_phy/u_ddrphy_top/u_ddrphy/bkref[1]$u_ddrphy_bankref" LOCATION="X0Y59Z0"
SYN-1001 : ADC: Instance "u_ph1p35_324_ddr_wrapper/u_ddr2/ph1p_ddrmc_wrapper/ph1p_ddrmc_top/u_ddr_phy/u_ddrphy_top/u_ddrphy/dx_byte[0]$dx_byte_used$u_ddrphy_dx_byte_wrapper/u_ddrphy_byte" LOCATION="X0Y30Z0"
SYN-1001 : ADC: Instance "u_ph1p35_324_ddr_wrapper/u_ddr2/ph1p_ddrmc_wrapper/ph1p_ddrmc_top/u_ddr_phy/u_ddrphy_top/u_ddrphy/dx_byte[1]$dx_byte_used$u_ddrphy_dx_byte_wrapper/u_ddrphy_byte" LOCATION="X0Y10Z0"
SYN-1001 : ADC: Instance "u_ph1p35_324_ddr_wrapper/u_ddr2/ph1p_ddrmc_wrapper/ph1p_ddrmc_top/u_ddr_phy/u_ddrphy_top/u_ddrphy_clk/ioclk[0]$u_ioclk_0" LOCATION="X0Y59Z0"
SYN-1001 : ADC: Instance "u_ph1p35_324_ddr_wrapper/u_ddr2/ph1p_ddrmc_wrapper/ph1p_ddrmc_top/u_ddr_phy/u_ddrphy_top/u_ddrphy_clk/ioclk[0]$u_ioclk_1" LOCATION="X0Y59Z1"
SYN-1001 : ADC: Instance "u_ph1p35_324_ddr_wrapper/u_ddr2/ph1p_ddrmc_wrapper/ph1p_ddrmc_top/u_ddr_phy/u_ddrphy_top/u_ddrphy_clk/ioclk[1]$u_ioclk_0" LOCATION="X0Y19Z0"
SYN-1001 : ADC: Instance "u_ph1p35_324_ddr_wrapper/u_ddr2/ph1p_ddrmc_wrapper/ph1p_ddrmc_top/u_ddr_phy/u_ddrphy_top/u_ddrphy_clk/ioclk[1]$u_ioclk_1" LOCATION="X0Y19Z1"
SYN-1001 : ADC: Instance "u_ph1p35_324_ddr_wrapper/u_ddr2/ph1p_ddrmc_wrapper/ph1p_ddrmc_top/u_ddr_phy/u_ddrphy_top/u_ddrphy_clk/u_mlclk_1" LOCATION="X0Y59Z0"
SYN-1001 : ADC: Instance "u_ph1p35_324_ddr_wrapper/u_ddr2/ph1p_ddrmc_wrapper/ph1p_ddrmc_top/u_ddr_phy/u_ddrphy_top/u_ddrphy_clk/u_mlclk_2" LOCATION="X0Y59Z1"
SYN-1001 : ADC: Instance "u_ph1p35_324_ddr_wrapper/u_ddr2/ph1p_ddrmc_wrapper/ph1p_ddrmc_top/u_ddr_phy/u_ddrphy_top/u_ddrphy_clk/u_pll0/u_pll_inst" LOCATION="X0Y40Z0"
SYN-1001 : ADC: Instance "u_ph1p35_324_ddr_wrapper/u_ddr2/ph1p_ddrmc_wrapper/ph1p_ddrmc_top/u_ddr_phy/u_ddrphy_top/u_ddrphy_clk/u_pll1/u_pll_inst" LOCATION="X0Y79Z0"
PHY-1001 : Remove keep and sweep redundant instances ...
PHY-1001 : 9198 luts, 13273 seqs, 280 mslices, 3209 lslices, 54 pads, 46 brams, 8 dsps
PHY-1001 : End Stage 1.1 | Build Design; Time: 0.452955s wall, 0.453125s user + 0.000000s system = 0.453125s CPU (100.0%); Memory(MB): used = 519, reserved = 516, peak = 519;

PHY-1001 : Stage 1.2 | Optimize Design
OPT-1001 : Stage 1.2.1 | Simplify Lut
OPT-1001 : End Stage 1.2.1 | Simplify Lut; Time: 0.058161s wall, 0.062500s user + 0.000000s system = 0.062500s CPU (107.5%); Memory(MB): used = 520, reserved = 516, peak = 520;

OPT-1001 : Stage 1.2.2 | Sweep
OPT-1001 : End Stage 1.2.2 | Sweep; Time: 0.020805s wall, 0.015625s user + 0.000000s system = 0.015625s CPU (75.1%); Memory(MB): used = 520, reserved = 516, peak = 520;

OPT-1001 : Stage 1.2.3 | Merge Lut
OPT-1001 : Start remap optimization ...
RUN-1001 :   Added 0 lut1 for undup drivers
OPT-1001 : skip lut merge since lut number 9196 is similar to or less than reg number 13273
OPT-1001 : End Stage 1.2.3 | Merge Lut; Time: 0.027848s wall, 0.031250s user + 0.000000s system = 0.031250s CPU (112.2%); Memory(MB): used = 520, reserved = 516, peak = 520;

OPT-1001 : Stage 1.2.4 | Synthesize High-fanout Net
OPT-1001 : Start high-fanout net optimization in pre-place flow with medium effort ...
RUN-1001 : HFN opt statistic
RUN-1001 : ------------------------------------------------------
RUN-1001 :   DriverCell type  |  HFN count  |  Duplicated count  
RUN-1001 : ------------------------------------------------------
RUN-1001 :       LSLICE       |      0      |         0          
RUN-1001 :       MSLICE       |      0      |         0          
RUN-1001 :        TOTAL       |      0      |         0          
RUN-1001 : ------------------------------------------------------
OPT-1001 : End high-fanout net optimization;  0.000120s wall, 0.000000s user + 0.000000s system = 0.000000s CPU (n/a%)

OPT-1001 : Current memory(MB): used = 520, reserved = 516, peak = 520.
OPT-1001 : End Stage 1.2.4 | Synthesize High-fanout Net; Time: 0.000225s wall, 0.000000s user + 0.000000s system = 0.000000s CPU (n/a%); Memory(MB): used = 520, reserved = 516, peak = 520;

OPT-1001 : End physical optimization;  0.107328s wall, 0.109375s user + 0.000000s system = 0.109375s CPU (101.9%)

PHY-1001 : End Stage 1.2 | Optimize Design; Time: 0.107412s wall, 0.109375s user + 0.000000s system = 0.109375s CPU (101.8%); Memory(MB): used = 520, reserved = 516, peak = 520;

PHY-1001 : Stage 1.3 | Initialize Clock
PHY-1001 : Start to synthesize physical clock networks.
RUN-1002 : start command "start_timer"
USR-1002 : Derived clock:  create_generated_clock -name {u_PLL/ph1p_phy_pll_wrapper_25a56e5ce2f9_Inst/u_PH1P_PHY_PLL.clkc[0]} -source [get_ports {I_sys_clk}] -master_clock {sys_clk_50m} -multiply_by 2.0000 -duty_cycle 50.0000 [get_pins {u_PLL/ph1p_phy_pll_wrapper_25a56e5ce2f9_Inst/u_PH1P_PHY_PLL.clkc[0]}]
USR-1002 : Derived clock:  create_generated_clock -name {u_PLL/ph1p_phy_pll_wrapper_25a56e5ce2f9_Inst/u_PH1P_PHY_PLL.clkc[1]} -source [get_ports {I_sys_clk}] -master_clock {sys_clk_50m} -divide_by 2.1000 -duty_cycle 50.0000 [get_pins {u_PLL/ph1p_phy_pll_wrapper_25a56e5ce2f9_Inst/u_PH1P_PHY_PLL.clkc[1]}]
USR-1002 : Derived clock:  create_generated_clock -name {u_PLL/ph1p_phy_pll_wrapper_25a56e5ce2f9_Inst/u_PH1P_PHY_PLL.clkc[4]} -source [get_ports {I_sys_clk}] -master_clock {sys_clk_50m} -multiply_by 1.5000 -duty_cycle 50.0000 [get_pins {u_PLL/ph1p_phy_pll_wrapper_25a56e5ce2f9_Inst/u_PH1P_PHY_PLL.clkc[4]}]
USR-1002 : Derived clock:  create_generated_clock -name {u_PLL/ph1p_phy_pll_wrapper_25a56e5ce2f9_Inst/u_PH1P_PHY_PLL.clkc[5]} -source [get_ports {I_sys_clk}] -master_clock {sys_clk_50m} -multiply_by 7.5000 -duty_cycle 50.0000 [get_pins {u_PLL/ph1p_phy_pll_wrapper_25a56e5ce2f9_Inst/u_PH1P_PHY_PLL.clkc[5]}]
USR-1002 : Derived clock:  create_generated_clock -name {u_ph1p35_324_ddr_wrapper/u_ddr2/ph1p_ddrmc_wrapper/ph1p_ddrmc_top/u_ddr_phy/u_ddrphy_top/u_ddrphy_clk/u_pll0/u_pll_inst.clkc[0]} -source [get_ports {I_sys_clk}] -master_clock {sys_clk_50m} -multiply_by 1.3333 -duty_cycle 50.0000 [get_pins {u_ph1p35_324_ddr_wrapper/u_ddr2/ph1p_ddrmc_wrapper/ph1p_ddrmc_top/u_ddr_phy/u_ddrphy_top/u_ddrphy_clk/u_pll0/u_pll_inst.clkc[0]}]
USR-1002 : Derived clock:  create_generated_clock -name {u_ph1p35_324_ddr_wrapper/u_ddr2/ph1p_ddrmc_wrapper/ph1p_ddrmc_top/u_ddr_phy/u_ddrphy_top/u_ddrphy_clk/u_pll0/u_pll_inst.clkc[1]} -source [get_ports {I_sys_clk}] -master_clock {sys_clk_50m} -multiply_by 1.3333 -duty_cycle 50.0000 [get_pins {u_ph1p35_324_ddr_wrapper/u_ddr2/ph1p_ddrmc_wrapper/ph1p_ddrmc_top/u_ddr_phy/u_ddrphy_top/u_ddrphy_clk/u_pll0/u_pll_inst.clkc[1]}]
USR-1002 : Derived clock:  create_generated_clock -name {u_ph1p35_324_ddr_wrapper/u_ddr2/ph1p_ddrmc_wrapper/ph1p_ddrmc_top/u_ddr_phy/u_ddrphy_top/u_ddrphy_clk/u_pll0/u_pll_inst.clkc[2]} -source [get_ports {I_sys_clk}] -master_clock {sys_clk_50m} -multiply_by 5.3333 -duty_cycle 50.0000 [get_pins {u_ph1p35_324_ddr_wrapper/u_ddr2/ph1p_ddrmc_wrapper/ph1p_ddrmc_top/u_ddr_phy/u_ddrphy_top/u_ddrphy_clk/u_pll0/u_pll_inst.clkc[2]}]
USR-1002 : Derived clock:  create_generated_clock -name {u_ph1p35_324_ddr_wrapper/u_ddr2/ph1p_ddrmc_wrapper/ph1p_ddrmc_top/u_ddr_phy/u_ddrphy_top/u_ddrphy_clk/u_pll0/u_pll_inst.clkc[3]} -source [get_ports {I_sys_clk}] -master_clock {sys_clk_50m} -divide_by 1.9687 -duty_cycle 50.0000 [get_pins {u_ph1p35_324_ddr_wrapper/u_ddr2/ph1p_ddrmc_wrapper/ph1p_ddrmc_top/u_ddr_phy/u_ddrphy_top/u_ddrphy_clk/u_pll0/u_pll_inst.clkc[3]}]
USR-1002 : Derived clock:  create_generated_clock -name {u_ph1p35_324_ddr_wrapper/u_ddr2/ph1p_ddrmc_wrapper/ph1p_ddrmc_top/u_ddr_phy/u_ddrphy_top/u_ddrphy_clk/u_pll1/u_pll_inst.clkc[0]} -source [get_pins {u_ph1p35_324_ddr_wrapper/u_ddr2/ph1p_ddrmc_wrapper/ph1p_ddrmc_top/u_ddr_phy/u_ddrphy_top/u_ddrphy_clk/u_pll0/u_pll_inst.clkc[0]}] -master_clock {u_ph1p35_324_ddr_wrapper/u_ddr2/ph1p_ddrmc_wrapper/ph1p_ddrmc_top/u_ddr_phy/u_ddrphy_top/u_ddrphy_clk/u_pll0/u_pll_inst.clkc[0]} -multiply_by 1.0000 -duty_cycle 50.0000 [get_pins {u_ph1p35_324_ddr_wrapper/u_ddr2/ph1p_ddrmc_wrapper/ph1p_ddrmc_top/u_ddr_phy/u_ddrphy_top/u_ddrphy_clk/u_pll1/u_pll_inst.clkc[0]}]
8.888000
15.000000
15.000000
13.333000
RUN-1003 : finish command "start_timer" in  1.846016s wall, 1.843750s user + 0.000000s system = 1.843750s CPU (99.9%)

RUN-1004 : used memory is 690 MB, reserved memory is 684 MB, peak memory is 690 MB
TMR-2502 : Net delay update with mode: Synthesized
PHY-5060 CRITICAL-WARNING: Clock net candidate u_uicfgcs500/uii2c_inst/scl_clk has mixed fanouts of 1 clock pins; 2 data/ctrl pins. Please check connection of the net in design.
PHY-5060 CRITICAL-WARNING: Clock net candidate O_cam_24m_syn_3 has mixed fanouts of 102 clock pins; 1 data/ctrl pins. Please check connection of the net in design.
PHY-1001 : Populate physical database on model design_top_wrapper.
RUN-1001 : There are total 26147 instances
RUN-0007 : 9196 luts, 13273 seqs, 280 mslices, 3209 lslices, 54 pads, 46 brams, 8 dsps
RUN-1001 : There are total 35893 nets
RUN-1001 : 24364 nets have 2 pins
RUN-1001 : 9321 nets have [3 - 5] pins
RUN-1001 : 1535 nets have [6 - 10] pins
RUN-1001 : 381 nets have [11 - 20] pins
RUN-1001 : 252 nets have [21 - 99] pins
RUN-1001 : 40 nets have 100+ pins
PHY-1001 : Start to check user instance location assignments; please refer to ADC constraint.
PHY-1001 : End Stage 1.3 | Initialize Clock; Time: 3.095275s wall, 3.078125s user + 0.015625s system = 3.093750s CPU (100.0%); Memory(MB): used = 772, reserved = 765, peak = 772;

PHY-1001 : End Stage 1 | Initialize Design; Time: 3.697800s wall, 3.671875s user + 0.015625s system = 3.687500s CPU (99.7%); Memory(MB): used = 772, reserved = 765, peak = 772;

PHY-1001 : Stage 2 | Global Placement
RUN-1001 : Report Control nets information:
RUN-1001 : DFF Distribution
RUN-1001 : -------------------------------------
RUN-1001 :   CE   |  SSR  |  ASR  |  DFF Count  
RUN-1001 : -------------------------------------
RUN-1001 :   No   |  No   |  No   |    6529     
RUN-1001 :   No   |  No   |  Yes  |    3410     
RUN-1001 :   No   |  Yes  |  No   |     182     
RUN-1001 :   Yes  |  No   |  No   |     376     
RUN-1001 :   Yes  |  No   |  Yes  |    2854     
RUN-1001 :   Yes  |  Yes  |  No   |     146     
RUN-1001 : -------------------------------------
RUN-1001 : Control Group Statistic
RUN-1001 : -----------------------------
RUN-1001 :   #CLK  |  #CE  |  #SSR/ASR  
RUN-1001 : -----------------------------
RUN-1001 :    9    |  120  |     25     
RUN-1001 : -----------------------------
RUN-0007 : Control Set = 155
PHY-1001 : Stage 2.1 | Place Fixed Instances
PHY-1001 : Processing 2 clock pins of DDR instance u_ph1p35_324_ddr_wrapper/u_ddr2/ph1p_ddrmc_wrapper/ph1p_ddrmc_top/u_ddr_phy/u_ddrphy_top/u_ddrphy/ac_byte[0]$ac_byte_used$u_ddrphy_ac_byte_wrapper/u_ddrphy_byte, location = x0y70z0.
PHY-1001 :   User location X0Y59Z1 of ioclk instance u_ph1p35_324_ddr_wrapper/u_ddr2/ph1p_ddrmc_wrapper/ph1p_ddrmc_top/u_ddr_phy/u_ddrphy_top/u_ddrphy_clk/ioclk[0]$u_ioclk_1.
PHY-1001 :   Placement of ioclk instance u_ph1p35_324_ddr_wrapper/u_ddr2/ph1p_ddrmc_wrapper/ph1p_ddrmc_top/u_ddr_phy/u_ddrphy_top/u_ddrphy_clk/ioclk[0]$u_ioclk_1; location = x0y59z1.
PHY-1001 :   User location X0Y59Z0 of ioclk instance u_ph1p35_324_ddr_wrapper/u_ddr2/ph1p_ddrmc_wrapper/ph1p_ddrmc_top/u_ddr_phy/u_ddrphy_top/u_ddrphy_clk/ioclk[0]$u_ioclk_0.
PHY-1001 :   Placement of ioclk instance u_ph1p35_324_ddr_wrapper/u_ddr2/ph1p_ddrmc_wrapper/ph1p_ddrmc_top/u_ddr_phy/u_ddrphy_top/u_ddrphy_clk/ioclk[0]$u_ioclk_0; location = x0y59z0.
PHY-1001 : Processing 2 clock pins of DDR instance u_ph1p35_324_ddr_wrapper/u_ddr2/ph1p_ddrmc_wrapper/ph1p_ddrmc_top/u_ddr_phy/u_ddrphy_top/u_ddrphy/ac_byte[1]$ac_byte_used$u_ddrphy_ac_byte_wrapper/u_ddrphy_byte, location = x0y60z0.
PHY-1001 :   Placed ioclk instance u_ph1p35_324_ddr_wrapper/u_ddr2/ph1p_ddrmc_wrapper/ph1p_ddrmc_top/u_ddr_phy/u_ddrphy_top/u_ddrphy_clk/ioclk[0]$u_ioclk_1, location = x0y59z1.
PHY-1001 :   Placed ioclk instance u_ph1p35_324_ddr_wrapper/u_ddr2/ph1p_ddrmc_wrapper/ph1p_ddrmc_top/u_ddr_phy/u_ddrphy_top/u_ddrphy_clk/ioclk[0]$u_ioclk_0, location = x0y59z0.
PHY-1001 : Processing 2 clock pins of DDR instance u_ph1p35_324_ddr_wrapper/u_ddr2/ph1p_ddrmc_wrapper/ph1p_ddrmc_top/u_ddr_phy/u_ddrphy_top/u_ddrphy/ac_byte[2]$ac_byte_used$u_ddrphy_ac_byte_wrapper/u_ddrphy_byte, location = x0y50z0.
PHY-1001 :   Placed ioclk instance u_ph1p35_324_ddr_wrapper/u_ddr2/ph1p_ddrmc_wrapper/ph1p_ddrmc_top/u_ddr_phy/u_ddrphy_top/u_ddrphy_clk/ioclk[0]$u_ioclk_1, location = x0y59z1.
PHY-1001 :   Placed ioclk instance u_ph1p35_324_ddr_wrapper/u_ddr2/ph1p_ddrmc_wrapper/ph1p_ddrmc_top/u_ddr_phy/u_ddrphy_top/u_ddrphy_clk/ioclk[0]$u_ioclk_0, location = x0y59z0.
PHY-1001 : Processing 2 clock pins of DDR instance u_ph1p35_324_ddr_wrapper/u_ddr2/ph1p_ddrmc_wrapper/ph1p_ddrmc_top/u_ddr_phy/u_ddrphy_top/u_ddrphy/ac_byte[3]$ac_byte_used$u_ddrphy_ac_byte_wrapper/u_ddrphy_byte, location = x0y40z0.
PHY-1001 :   Placed ioclk instance u_ph1p35_324_ddr_wrapper/u_ddr2/ph1p_ddrmc_wrapper/ph1p_ddrmc_top/u_ddr_phy/u_ddrphy_top/u_ddrphy_clk/ioclk[0]$u_ioclk_1, location = x0y59z1.
PHY-1001 :   Placed ioclk instance u_ph1p35_324_ddr_wrapper/u_ddr2/ph1p_ddrmc_wrapper/ph1p_ddrmc_top/u_ddr_phy/u_ddrphy_top/u_ddrphy_clk/ioclk[0]$u_ioclk_0, location = x0y59z0.
PHY-1001 : Processing 2 clock pins of DDR instance u_ph1p35_324_ddr_wrapper/u_ddr2/ph1p_ddrmc_wrapper/ph1p_ddrmc_top/u_ddr_phy/u_ddrphy_top/u_ddrphy/dx_byte[0]$dx_byte_used$u_ddrphy_dx_byte_wrapper/u_ddrphy_byte, location = x0y30z0.
PHY-1001 :   User location X0Y19Z1 of ioclk instance u_ph1p35_324_ddr_wrapper/u_ddr2/ph1p_ddrmc_wrapper/ph1p_ddrmc_top/u_ddr_phy/u_ddrphy_top/u_ddrphy_clk/ioclk[1]$u_ioclk_1.
PHY-1001 :   Placement of ioclk instance u_ph1p35_324_ddr_wrapper/u_ddr2/ph1p_ddrmc_wrapper/ph1p_ddrmc_top/u_ddr_phy/u_ddrphy_top/u_ddrphy_clk/ioclk[1]$u_ioclk_1; location = x0y19z1.
PHY-1001 :   User location X0Y19Z0 of ioclk instance u_ph1p35_324_ddr_wrapper/u_ddr2/ph1p_ddrmc_wrapper/ph1p_ddrmc_top/u_ddr_phy/u_ddrphy_top/u_ddrphy_clk/ioclk[1]$u_ioclk_0.
PHY-1001 :   Placement of ioclk instance u_ph1p35_324_ddr_wrapper/u_ddr2/ph1p_ddrmc_wrapper/ph1p_ddrmc_top/u_ddr_phy/u_ddrphy_top/u_ddrphy_clk/ioclk[1]$u_ioclk_0; location = x0y19z0.
PHY-1001 : Processing 2 clock pins of DDR instance u_ph1p35_324_ddr_wrapper/u_ddr2/ph1p_ddrmc_wrapper/ph1p_ddrmc_top/u_ddr_phy/u_ddrphy_top/u_ddrphy/dx_byte[1]$dx_byte_used$u_ddrphy_dx_byte_wrapper/u_ddrphy_byte, location = x0y10z0.
PHY-1001 :   Placed ioclk instance u_ph1p35_324_ddr_wrapper/u_ddr2/ph1p_ddrmc_wrapper/ph1p_ddrmc_top/u_ddr_phy/u_ddrphy_top/u_ddrphy_clk/ioclk[1]$u_ioclk_1, location = x0y19z1.
PHY-1001 :   Placed ioclk instance u_ph1p35_324_ddr_wrapper/u_ddr2/ph1p_ddrmc_wrapper/ph1p_ddrmc_top/u_ddr_phy/u_ddrphy_top/u_ddrphy_clk/ioclk[1]$u_ioclk_0, location = x0y19z0.
PHY-1001 : DDR MLCLK topology u_ph1p35_324_ddr_wrapper/u_ddr2/ph1p_ddrmc_wrapper/ph1p_ddrmc_top/u_ddr_phy/u_ddrphy_top/u_ddrphy_clk/u_mlclk_1.
PHY-1001 :   Driver: PH1P_PHY_PLL_V2 u_ph1p35_324_ddr_wrapper/u_ddr2/ph1p_ddrmc_wrapper/ph1p_ddrmc_top/u_ddr_phy/u_ddrphy_top/u_ddrphy_clk/u_pll0/u_pll_inst.clkc[1], user location :X0Y40Z0.
PHY-1001 :   Sink: PH1P_PHY_IOCLK u_ph1p35_324_ddr_wrapper/u_ddr2/ph1p_ddrmc_wrapper/ph1p_ddrmc_top/u_ddr_phy/u_ddrphy_top/u_ddrphy_clk/ioclk[0]$u_ioclk_0, location = x0y59z0, sectorID = 1.
PHY-1001 :   Sink: PH1P_PHY_IOCLK u_ph1p35_324_ddr_wrapper/u_ddr2/ph1p_ddrmc_wrapper/ph1p_ddrmc_top/u_ddr_phy/u_ddrphy_top/u_ddrphy_clk/ioclk[1]$u_ioclk_0, location = x0y19z0, sectorID = 0.
PHY-1001 : Placement of MLCLK instance u_ph1p35_324_ddr_wrapper/u_ddr2/ph1p_ddrmc_wrapper/ph1p_ddrmc_top/u_ddr_phy/u_ddrphy_top/u_ddrphy_clk/u_mlclk_1; location = x0y59z0,  sectorID = 1.
PHY-1001 : DDR MLCLK topology u_ph1p35_324_ddr_wrapper/u_ddr2/ph1p_ddrmc_wrapper/ph1p_ddrmc_top/u_ddr_phy/u_ddrphy_top/u_ddrphy_clk/u_mlclk_2.
PHY-1001 :   Driver: PH1P_PHY_PLL_V2 u_ph1p35_324_ddr_wrapper/u_ddr2/ph1p_ddrmc_wrapper/ph1p_ddrmc_top/u_ddr_phy/u_ddrphy_top/u_ddrphy_clk/u_pll0/u_pll_inst.clkc[2], user location :X0Y40Z0.
PHY-1001 :   Sink: PH1P_PHY_IOCLK u_ph1p35_324_ddr_wrapper/u_ddr2/ph1p_ddrmc_wrapper/ph1p_ddrmc_top/u_ddr_phy/u_ddrphy_top/u_ddrphy_clk/ioclk[0]$u_ioclk_1, location = x0y59z1, sectorID = 1.
PHY-1001 :   Sink: PH1P_PHY_IOCLK u_ph1p35_324_ddr_wrapper/u_ddr2/ph1p_ddrmc_wrapper/ph1p_ddrmc_top/u_ddr_phy/u_ddrphy_top/u_ddrphy_clk/ioclk[1]$u_ioclk_1, location = x0y19z1, sectorID = 0.
PHY-1001 : Placement of MLCLK instance u_ph1p35_324_ddr_wrapper/u_ddr2/ph1p_ddrmc_wrapper/ph1p_ddrmc_top/u_ddr_phy/u_ddrphy_top/u_ddrphy_clk/u_mlclk_2; location = x0y59z1,  sectorID = 1.
PHY-5016 WARNING: PLL clkc is driving an IO without location.
PHY-5016 WARNING: PLL clkc is not driving a clock-capable IO.
PHY-5016 WARNING: PLL clkc is driving an IO without location.
PHY-5016 WARNING: PLL clkc is not driving a clock-capable IO.
PHY-1001 : End Stage 2.1 | Place Fixed Instances; Time: 0.070611s wall, 0.062500s user + 0.000000s system = 0.062500s CPU (88.5%); Memory(MB): used = 800, reserved = 793, peak = 800;

PHY-1001 : Stage 2.2 | Pre-Place DRC Check
PHY-1001 : Stage 2.2.1 | Force Route Constraint Check
PHY-1001 : Check Pass.
PHY-1001 : End Stage 2.2.1 | Force Route Constraint Check; Time: 0.003250s wall, 0.015625s user + 0.000000s system = 0.015625s CPU (480.7%); Memory(MB): used = 800, reserved = 793, peak = 800;

PHY-1001 : End Stage 2.2 | Pre-Place DRC Check; Time: 0.003302s wall, 0.015625s user + 0.000000s system = 0.015625s CPU (473.2%); Memory(MB): used = 800, reserved = 793, peak = 800;

PHY-1001 : Clock GCLK Statistics:
RUN-1001 : GCLK Index: 
RUN-1001 : -------------------------------------------------------------------------------------------------------------------------------------------------------
RUN-1001 :   Index  |                                                          Clock GCLK                                                           |  Location   
RUN-1001 : -------------------------------------------------------------------------------------------------------------------------------------------------------
RUN-1001 :     1    |                           u_mipi_dphy_rx_ph1p_mipiio_wrapper/u_ph1p_mipiio_rx_wrapper/bufg_feedback                           |  x23y39z0   
RUN-1001 :     2    |   u_ph1p35_324_ddr_wrapper/u_ddr2/ph1p_ddrmc_wrapper/ph1p_ddrmc_top/u_ddr_phy/u_ddrphy_top/u_ddrphy_clk/u_pll1/u_bufg_fbclk   |  x23y39z16  
RUN-1001 :     3    |                                              u_hdmi_mixer/I_clk_created_gclkinst                                              |  x23y39z17  
RUN-1001 :     4    |                                               I_sys_clk_dup_6_created_gclkinst                                                |  x23y39z22  
RUN-1001 :     5    |                                               O_cam_24m_dup_1_created_gclkinst                                                |  x23y39z18  
RUN-1001 :     6    |                          u_hdmi_tx/u_hdmi2phy_wrapper/u0_lane_lvds_8_1/I_serial_clk_created_gclkinst                          |  x23y39z19  
RUN-1001 :     7    |  u_ph1p35_324_ddr_wrapper/u_ddr2/ph1p_ddrmc_wrapper/ph1p_ddrmc_top/u_ddr_phy/u_ddrphy_top/u_ddrphy/apb_pclk_created_gclkinst  |  x23y39z20  
RUN-1001 :     8    |                                       u_uicfgcs500/uii2c_inst/scl_clk_created_gclkinst                                        |  x23y39z1   
RUN-1001 :     9    |                                                      u_PLL/bufg_feedback                                                      |  x23y39z21  
RUN-1001 : -------------------------------------------------------------------------------------------------------------------------------------------------------
RUN-1001 : Clock Nets Connect To GCLK Statistics: 
RUN-1001 : -----------------------------------------------------------------------------------------------------------------------------------------------------------------------------------------
RUN-1001 :   Index  |                        Leading Net                        |  CLK/DATA/IO/PLL Sink(s)  |                       Following Net                       |  CLK/DATA/IO/PLL Sink(s)  
RUN-1001 : -----------------------------------------------------------------------------------------------------------------------------------------------------------------------------------------
RUN-1001 :     1    | u_mipi_dphy_rx_ph1p_mipiio_wrapper/u_ph1p_mipiio_rx_w...  |          1/0/0/0          | u_isp_top/u_rgb96_downscale_crop/u_scale_line_buffer/...  |        8722/0/0/0         
RUN-1001 :     2    | u_ph1p35_324_ddr_wrapper/u_ddr2/ph1p_ddrmc_wrapper/ph...  |          1/0/0/0          | u_ph1p35_324_ddr_wrapper/u_ddr2/ph1p_ddrmc_wrapper/ph...  |        3129/0/0/0         
RUN-1001 :     3    |                    u_hdmi_mixer/I_clk                     |          1/0/0/0          |                u_hdmi_mixer/I_clk_syn_652                 |        1306/0/0/0         
RUN-1001 :     4    |                      I_sys_clk_dup_6                      |          3/0/0/0          |                      I_sys_clk_syn_8                      |         137/0/0/0         
RUN-1001 :     5    |                      O_cam_24m_dup_1                      |          1/0/0/0          |                      O_cam_24m_syn_3                      |         102/1/0/0         
RUN-1001 :     6    | u_hdmi_tx/u_hdmi2phy_wrapper/u0_lane_lvds_8_1/I_seria...  |          1/0/0/0          | u_hdmi_tx/u_hdmi2phy_wrapper/u0_lane_lvds_8_1/I_seria...  |         61/0/0/0          
RUN-1001 :     7    | u_ph1p35_324_ddr_wrapper/u_ddr2/ph1p_ddrmc_wrapper/ph...  |          1/0/0/0          | u_ph1p35_324_ddr_wrapper/u_ddr2/ph1p_ddrmc_wrapper/ph...  |         43/0/0/0          
RUN-1001 :     8    |              u_uicfgcs500/uii2c_inst/scl_clk              |          1/2/0/0          |           u_uicfgcs500/uii2c_inst/scl_clk_syn_9           |         24/0/0/0          
RUN-1001 :     9    |                      u_PLL/clk0_buf                       |          1/0/0/0          | u_mipi_dphy_rx_ph1p_mipiio_wrapper/u_ph1p_mipiio_rx_w...  |         13/0/0/0          
RUN-1001 : -----------------------------------------------------------------------------------------------------------------------------------------------------------------------------------------
PHY-1001 : Stage 2.3 | Global Placement Step 1
PHY-3001 : Target density is 60%
PHY-1001 : Stage 2.3.1 | Update Timing
RUN-1002 : start command "start_timer"
RUN-1003 : finish command "start_timer" in  1.373934s wall, 1.375000s user + 0.000000s system = 1.375000s CPU (100.1%)

RUN-1004 : used memory is 834 MB, reserved memory is 828 MB, peak memory is 834 MB
PHY-1001 : SWNS: 850, STNS: 0, FEP: 0
PHY-3001 : tot_pins 254164 tot_hfn_pins 20070 perc. 7 tot_hhfn_pins 4444 perc. 1
PHY-1001 : End Stage 2.3.1 | Update Timing; Time: 2.646956s wall, 2.640625s user + 0.000000s system = 2.640625s CPU (99.8%); Memory(MB): used = 845, reserved = 839, peak = 845;

PHY-0007 : Cell area utilization is 47%
RUN-1001 : Huge Net Statistic
RUN-1001 : ----------------------------------------------------------------------------------------------------------------------------
RUN-1001 :   Fanout  |  Slack  |                                                  Net                                                  
RUN-1001 : ----------------------------------------------------------------------------------------------------------------------------
RUN-1001 :    3100   |   Inf   |  u_ph1p35_324_ddr_wrapper/u_ddr2/ph1p_ddrmc_wrapper/ph1p_ddrmc_top/u_ddr_phy/u_ddrphy_top/sys_rst_n   
RUN-1001 :    1344   |  11994  |  u_ph1p35_324_ddr_wrapper/u_ddr2/ph1p_ddrmc_wrapper/ph1p_ddrmc_top/u_alc_mc_top/u_rbuf_addr_fifo/rst  
RUN-1001 : ----------------------------------------------------------------------------------------------------------------------------
PHY-3001 : Clustering ...
PHY-3001 : End clustering;  0.144360s wall, 0.421875s user + 0.500000s system = 0.921875s CPU (638.6%)

PHY-3001 : Target density is 60%
PHY-1001 : Stage 2.3.2 | GP Iteration
PHY-1001 : End Stage 2.3.2 | GP Iteration; Time: 2.340050s wall, 9.828125s user + 2.546875s system = 12.375000s CPU (528.8%); Memory(MB): used = 856, reserved = 849, peak = 856;

PHY-3001 : Multithread accelerating rate: 5.36
RUN-1002 : start command "start_timer"
USR-1002 : Derived clock:  create_generated_clock -name {u_PLL/ph1p_phy_pll_wrapper_25a56e5ce2f9_Inst/u_PH1P_PHY_PLL.clkc[0]} -source [get_ports {I_sys_clk}] -master_clock {sys_clk_50m} -multiply_by 2.0000 -duty_cycle 50.0000 [get_pins {u_PLL/ph1p_phy_pll_wrapper_25a56e5ce2f9_Inst/u_PH1P_PHY_PLL.clkc[0]}]
USR-1002 : Derived clock:  create_generated_clock -name {u_PLL/ph1p_phy_pll_wrapper_25a56e5ce2f9_Inst/u_PH1P_PHY_PLL.clkc[1]} -source [get_ports {I_sys_clk}] -master_clock {sys_clk_50m} -divide_by 2.1000 -duty_cycle 50.0000 [get_pins {u_PLL/ph1p_phy_pll_wrapper_25a56e5ce2f9_Inst/u_PH1P_PHY_PLL.clkc[1]}]
USR-1002 : Derived clock:  create_generated_clock -name {u_PLL/ph1p_phy_pll_wrapper_25a56e5ce2f9_Inst/u_PH1P_PHY_PLL.clkc[4]} -source [get_ports {I_sys_clk}] -master_clock {sys_clk_50m} -multiply_by 1.5000 -duty_cycle 50.0000 [get_pins {u_PLL/ph1p_phy_pll_wrapper_25a56e5ce2f9_Inst/u_PH1P_PHY_PLL.clkc[4]}]
USR-1002 : Derived clock:  create_generated_clock -name {u_PLL/ph1p_phy_pll_wrapper_25a56e5ce2f9_Inst/u_PH1P_PHY_PLL.clkc[5]} -source [get_ports {I_sys_clk}] -master_clock {sys_clk_50m} -multiply_by 7.5000 -duty_cycle 50.0000 [get_pins {u_PLL/ph1p_phy_pll_wrapper_25a56e5ce2f9_Inst/u_PH1P_PHY_PLL.clkc[5]}]
USR-1002 : Derived clock:  create_generated_clock -name {u_ph1p35_324_ddr_wrapper/u_ddr2/ph1p_ddrmc_wrapper/ph1p_ddrmc_top/u_ddr_phy/u_ddrphy_top/u_ddrphy_clk/u_pll0/u_pll_inst.clkc[0]} -source [get_ports {I_sys_clk}] -master_clock {sys_clk_50m} -multiply_by 1.3333 -duty_cycle 50.0000 [get_pins {u_ph1p35_324_ddr_wrapper/u_ddr2/ph1p_ddrmc_wrapper/ph1p_ddrmc_top/u_ddr_phy/u_ddrphy_top/u_ddrphy_clk/u_pll0/u_pll_inst.clkc[0]}]
USR-1002 : Derived clock:  create_generated_clock -name {u_ph1p35_324_ddr_wrapper/u_ddr2/ph1p_ddrmc_wrapper/ph1p_ddrmc_top/u_ddr_phy/u_ddrphy_top/u_ddrphy_clk/u_pll0/u_pll_inst.clkc[1]} -source [get_ports {I_sys_clk}] -master_clock {sys_clk_50m} -multiply_by 1.3333 -duty_cycle 50.0000 [get_pins {u_ph1p35_324_ddr_wrapper/u_ddr2/ph1p_ddrmc_wrapper/ph1p_ddrmc_top/u_ddr_phy/u_ddrphy_top/u_ddrphy_clk/u_pll0/u_pll_inst.clkc[1]}]
USR-1002 : Derived clock:  create_generated_clock -name {u_ph1p35_324_ddr_wrapper/u_ddr2/ph1p_ddrmc_wrapper/ph1p_ddrmc_top/u_ddr_phy/u_ddrphy_top/u_ddrphy_clk/u_pll0/u_pll_inst.clkc[2]} -source [get_ports {I_sys_clk}] -master_clock {sys_clk_50m} -multiply_by 5.3333 -duty_cycle 50.0000 [get_pins {u_ph1p35_324_ddr_wrapper/u_ddr2/ph1p_ddrmc_wrapper/ph1p_ddrmc_top/u_ddr_phy/u_ddrphy_top/u_ddrphy_clk/u_pll0/u_pll_inst.clkc[2]}]
USR-1002 : Derived clock:  create_generated_clock -name {u_ph1p35_324_ddr_wrapper/u_ddr2/ph1p_ddrmc_wrapper/ph1p_ddrmc_top/u_ddr_phy/u_ddrphy_top/u_ddrphy_clk/u_pll0/u_pll_inst.clkc[3]} -source [get_ports {I_sys_clk}] -master_clock {sys_clk_50m} -divide_by 1.9687 -duty_cycle 50.0000 [get_pins {u_ph1p35_324_ddr_wrapper/u_ddr2/ph1p_ddrmc_wrapper/ph1p_ddrmc_top/u_ddr_phy/u_ddrphy_top/u_ddrphy_clk/u_pll0/u_pll_inst.clkc[3]}]
USR-1002 : Derived clock:  create_generated_clock -name {u_ph1p35_324_ddr_wrapper/u_ddr2/ph1p_ddrmc_wrapper/ph1p_ddrmc_top/u_ddr_phy/u_ddrphy_top/u_ddrphy_clk/u_pll1/u_pll_inst.clkc[0]} -source [get_pins {u_ph1p35_324_ddr_wrapper/u_ddr2/ph1p_ddrmc_wrapper/ph1p_ddrmc_top/u_ddr_phy/u_ddrphy_top/u_ddrphy_clk/u_pll0/u_pll_inst.clkc[0]}] -master_clock {u_ph1p35_324_ddr_wrapper/u_ddr2/ph1p_ddrmc_wrapper/ph1p_ddrmc_top/u_ddr_phy/u_ddrphy_top/u_ddrphy_clk/u_pll0/u_pll_inst.clkc[0]} -multiply_by 1.0000 -duty_cycle 50.0000 [get_pins {u_ph1p35_324_ddr_wrapper/u_ddr2/ph1p_ddrmc_wrapper/ph1p_ddrmc_top/u_ddr_phy/u_ddrphy_top/u_ddrphy_clk/u_pll1/u_pll_inst.clkc[0]}]
8.888000
15.000000
15.000000
13.333000
RUN-1003 : finish command "start_timer" in  1.677002s wall, 1.671875s user + 0.000000s system = 1.671875s CPU (99.7%)

RUN-1004 : used memory is 856 MB, reserved memory is 849 MB, peak memory is 856 MB
TMR-2502 : Net delay update with mode: Placed
PHY-3001 : No need to merge 9x9 Dsps.
PHY-1001 : Populate physical database on model design_top_wrapper.
PHY-1001 : End Stage 2.3 | Global Placement Step 1; Time: 8.598189s wall, 16.453125s user + 3.125000s system = 19.578125s CPU (227.7%); Memory(MB): used = 908, reserved = 900, peak = 908;

PHY-1001 : Stage 2.4 | RAM/DSP Legalization and Detailed Placement
PHY-1001 : Stage 2.4.1 | Legalization
PHY-3001 : Before Legalized: Len = 1.59762e+06
PHY-3001 : After Legalized: Len = 1.5965e+06, Over = 105.781
PHY-1001 : End Stage 2.4.1 | Legalization; Time: 1.559634s wall, 1.546875s user + 0.000000s system = 1.546875s CPU (99.2%); Memory(MB): used = 909, reserved = 901, peak = 909;

PHY-1001 : Stage 2.4.2 | Detailed Placement
PHY-1001 : Stage 2.4.2.1 | Simulated Annealing Based DP
PHY-0007 : Initial: WL Cost = 130565, TD Cost = 151895, SWNS = 1356, STNS = 0, Nums per T = 540, Range Limit = 2x32
PHY-0007 : Finally: WL Cost = 126491, TD Cost = 149494, WL Ratio = 0.968795, TD Ratio = 0.984195, SWNS = 1356, STNS = 0
RUN-1001 : Print Detailed placement's Summary information
RUN-1001 : -------------------------------------------------------------------------------------------------------------------------------
RUN-1001 :             |  Total  |  Accept  |  Reject by overFlow  |  Reject by worseCost  |  Failed by noTarget  |  Failed by gridCheck  
RUN-1001 : -------------------------------------------------------------------------------------------------------------------------------
RUN-1001 :   RAM/DSPs  |  2700   |    78    |          0           |         2622          |          0           |           0           
RUN-1001 :    Macros   |   400   |    4     |          0           |          396          |          0           |           0           
RUN-1001 : -------------------------------------------------------------------------------------------------------------------------------
PHY-1001 : End Stage 2.4.2.1 | Simulated Annealing Based DP; Time: 1.893784s wall, 3.453125s user + 0.156250s system = 3.609375s CPU (190.6%); Memory(MB): used = 912, reserved = 904, peak = 912;

PHY-3001 : End Detailed Place; 
PHY-1001 : End Stage 2.4.2 | Detailed Placement; Time: 2.062987s wall, 3.625000s user + 0.156250s system = 3.781250s CPU (183.3%); Memory(MB): used = 912, reserved = 904, peak = 912;

PHY-1001 : End Stage 2.4 | RAM/DSP Legalization and Detailed Placement; Time: 3.623173s wall, 5.171875s user + 0.156250s system = 5.328125s CPU (147.1%); Memory(MB): used = 912, reserved = 904, peak = 912;

PHY-1001 : Stage 2.5 | Global Placement Step 2
PHY-3001 : Target density is 60%
PHY-1001 : Stage 2.5.1 | Update Timing
PHY-1001 : SWNS: 1356, STNS: 0, FEP: 0
PHY-1001 : End Stage 2.5.1 | Update Timing; Time: 0.145356s wall, 0.125000s user + 0.015625s system = 0.140625s CPU (96.7%); Memory(MB): used = 912, reserved = 904, peak = 912;

PHY-1001 : Stage 2.5.2 | Refresh Congestion
RUN-1001 : Generating global routing grids ...
RUN-1001 : Building simple global routing graph ...
PHY-1001 : Generate routing nets ...
PHY-1001 : Reuse net number 0/12369.
PHY-1001 : Global iterations in 32 thread ...
PHY-1002 : len = 1.59059e+06, over cnt = 2095(2%), over = 11453, worst = 63
PHY-1001 : End global iterations;  0.540023s wall, 0.921875s user + 0.031250s system = 0.953125s CPU (176.5%)

PHY-1001 : Congestion index:
PHY-1001 : top1  = 161.64(S 131.09, N 127.38, E 104.93, W 128.62, I 327.93, O 420.56)
PHY-1001 : top5  = 113.69(S 79.49, N 81.32, E 69.89, W 83.18, I 170.06, O 229.75)
PHY-1001 : top10 = 92.44(S 59.15, N 60.40, E 54.11, W 63.68, I 117.00, O 160.82)
PHY-1001 : top15 = 79.58(S 47.88, N 49.49, E 44.82, W 52.20, I 89.56, O 124.58)
PHY-1001 : End Stage 2.5.2 | Refresh Congestion; Time: 1.006726s wall, 1.328125s user + 0.078125s system = 1.406250s CPU (139.7%); Memory(MB): used = 991, reserved = 982, peak = 991;

PHY-1001 : Stage 2.5.3 | GP Iteration
PHY-1001 : End Stage 2.5.3 | GP Iteration; Time: 5.256958s wall, 47.328125s user + 1.906250s system = 49.234375s CPU (936.6%); Memory(MB): used = 996, reserved = 988, peak = 996;

PHY-3001 : Multithread accelerating rate: 9.31
PHY-1001 : End Stage 2.5 | Global Placement Step 2; Time: 7.994348s wall, 50.359375s user + 2.015625s system = 52.375000s CPU (655.2%); Memory(MB): used = 999, reserved = 990, peak = 999;

PHY-1001 : Stage 2.6 | RAM/DSP Detailed Placement
PHY-1001 : Stage 2.6.1 | Detailed Placement
PHY-1001 : Stage 2.6.1.1 | Simulated Annealing Based DP
PHY-0007 : Initial: WL Cost = 114704, TD Cost = 156298, SWNS = 1319, STNS = 0, Nums per T = 540, Range Limit = 2x32
PHY-0007 : Finally: WL Cost = 114704, TD Cost = 156298, WL Ratio = 1, TD Ratio = 1, SWNS = 1319, STNS = 0
RUN-1001 : Print Detailed placement's Summary information
RUN-1001 : -------------------------------------------------------------------------------------------------------------------------------
RUN-1001 :             |  Total  |  Accept  |  Reject by overFlow  |  Reject by worseCost  |  Failed by noTarget  |  Failed by gridCheck  
RUN-1001 : -------------------------------------------------------------------------------------------------------------------------------
RUN-1001 :   RAM/DSPs  |   540   |    0     |          0           |          540          |          0           |           0           
RUN-1001 :    Macros   |   83    |    0     |          0           |          83           |          0           |           0           
RUN-1001 : -------------------------------------------------------------------------------------------------------------------------------
PHY-1001 : End Stage 2.6.1.1 | Simulated Annealing Based DP; Time: 0.120594s wall, 0.453125s user + 0.015625s system = 0.468750s CPU (388.7%); Memory(MB): used = 999, reserved = 991, peak = 999;

PHY-3001 : End Detailed Place; 
PHY-1001 : End Stage 2.6.1 | Detailed Placement; Time: 0.297337s wall, 0.625000s user + 0.015625s system = 0.640625s CPU (215.5%); Memory(MB): used = 999, reserved = 991, peak = 999;

PHY-1001 : Stage 2.6.2 | Spreading
OPT-1001 : Total overflow 524.00 peak overflow 5.50
PHY-3001 : Spreading for sector grids.
PHY-3001 : Iter 1, total overflow: 0
PHY-3001 : tot_capacity: 24, usage_cnt: 12, movable_cnt: 18
PHY-3001 : End spreading;  0.082384s wall, 0.078125s user + 0.000000s system = 0.078125s CPU (94.8%)

PHY-1001 : End Stage 2.6.2 | Spreading; Time: 0.082467s wall, 0.078125s user + 0.000000s system = 0.078125s CPU (94.7%); Memory(MB): used = 1000, reserved = 991, peak = 1000;

PHY-1001 : End Stage 2.6 | RAM/DSP Detailed Placement; Time: 0.570779s wall, 0.890625s user + 0.015625s system = 0.906250s CPU (158.8%); Memory(MB): used = 1000, reserved = 991, peak = 1000;

PHY-1001 : Stage 2.7 | Optimize Design
OPT-1001 : Start physical optimization ...
OPT-1001 : Total overflow 524.00 peak overflow 5.50
OPT-1001 : Stage 2.7.1 | Synthesize High-fanout Net
OPT-1001 : Start high-fanout net optimization in pre-pack flow with medium effort ...
OPT-1001 : Update timing in Manhattan mode
OPT-1001 : End timing update;  1.498021s wall, 1.484375s user + 0.000000s system = 1.484375s CPU (99.1%)

OPT-1001 : Start: SWNS 1319 STNS 0 NUM_FEPS 0
OPT-1001 : Total overflow 524.00 peak overflow 5.50
PHY-1001 : Populate physical database on model design_top_wrapper.
OPT-1001 : 32 high-fanout net processed.
PHY-3001 : Start incremental placement ...
PHY-1001 : Populate physical database on model design_top_wrapper.
PHY-1001 : Processing 2 clock pins of DDR instance u_ph1p35_324_ddr_wrapper/u_ddr2/ph1p_ddrmc_wrapper/ph1p_ddrmc_top/u_ddr_phy/u_ddrphy_top/u_ddrphy/ac_byte[0]$ac_byte_used$u_ddrphy_ac_byte_wrapper/u_ddrphy_byte, location = x0y70z0.
PHY-1001 :   Placed ioclk instance u_ph1p35_324_ddr_wrapper/u_ddr2/ph1p_ddrmc_wrapper/ph1p_ddrmc_top/u_ddr_phy/u_ddrphy_top/u_ddrphy_clk/ioclk[0]$u_ioclk_1, location = x0y59z1.
PHY-1001 :   Placed ioclk instance u_ph1p35_324_ddr_wrapper/u_ddr2/ph1p_ddrmc_wrapper/ph1p_ddrmc_top/u_ddr_phy/u_ddrphy_top/u_ddrphy_clk/ioclk[0]$u_ioclk_0, location = x0y59z0.
PHY-1001 : Processing 2 clock pins of DDR instance u_ph1p35_324_ddr_wrapper/u_ddr2/ph1p_ddrmc_wrapper/ph1p_ddrmc_top/u_ddr_phy/u_ddrphy_top/u_ddrphy/ac_byte[1]$ac_byte_used$u_ddrphy_ac_byte_wrapper/u_ddrphy_byte, location = x0y60z0.
PHY-1001 :   Placed ioclk instance u_ph1p35_324_ddr_wrapper/u_ddr2/ph1p_ddrmc_wrapper/ph1p_ddrmc_top/u_ddr_phy/u_ddrphy_top/u_ddrphy_clk/ioclk[0]$u_ioclk_1, location = x0y59z1.
PHY-1001 :   Placed ioclk instance u_ph1p35_324_ddr_wrapper/u_ddr2/ph1p_ddrmc_wrapper/ph1p_ddrmc_top/u_ddr_phy/u_ddrphy_top/u_ddrphy_clk/ioclk[0]$u_ioclk_0, location = x0y59z0.
PHY-1001 : Processing 2 clock pins of DDR instance u_ph1p35_324_ddr_wrapper/u_ddr2/ph1p_ddrmc_wrapper/ph1p_ddrmc_top/u_ddr_phy/u_ddrphy_top/u_ddrphy/ac_byte[2]$ac_byte_used$u_ddrphy_ac_byte_wrapper/u_ddrphy_byte, location = x0y50z0.
PHY-1001 :   Placed ioclk instance u_ph1p35_324_ddr_wrapper/u_ddr2/ph1p_ddrmc_wrapper/ph1p_ddrmc_top/u_ddr_phy/u_ddrphy_top/u_ddrphy_clk/ioclk[0]$u_ioclk_1, location = x0y59z1.
PHY-1001 :   Placed ioclk instance u_ph1p35_324_ddr_wrapper/u_ddr2/ph1p_ddrmc_wrapper/ph1p_ddrmc_top/u_ddr_phy/u_ddrphy_top/u_ddrphy_clk/ioclk[0]$u_ioclk_0, location = x0y59z0.
PHY-1001 : Processing 2 clock pins of DDR instance u_ph1p35_324_ddr_wrapper/u_ddr2/ph1p_ddrmc_wrapper/ph1p_ddrmc_top/u_ddr_phy/u_ddrphy_top/u_ddrphy/ac_byte[3]$ac_byte_used$u_ddrphy_ac_byte_wrapper/u_ddrphy_byte, location = x0y40z0.
PHY-1001 :   Placed ioclk instance u_ph1p35_324_ddr_wrapper/u_ddr2/ph1p_ddrmc_wrapper/ph1p_ddrmc_top/u_ddr_phy/u_ddrphy_top/u_ddrphy_clk/ioclk[0]$u_ioclk_1, location = x0y59z1.
PHY-1001 :   Placed ioclk instance u_ph1p35_324_ddr_wrapper/u_ddr2/ph1p_ddrmc_wrapper/ph1p_ddrmc_top/u_ddr_phy/u_ddrphy_top/u_ddrphy_clk/ioclk[0]$u_ioclk_0, location = x0y59z0.
PHY-1001 : Processing 2 clock pins of DDR instance u_ph1p35_324_ddr_wrapper/u_ddr2/ph1p_ddrmc_wrapper/ph1p_ddrmc_top/u_ddr_phy/u_ddrphy_top/u_ddrphy/dx_byte[0]$dx_byte_used$u_ddrphy_dx_byte_wrapper/u_ddrphy_byte, location = x0y30z0.
PHY-1001 :   Placed ioclk instance u_ph1p35_324_ddr_wrapper/u_ddr2/ph1p_ddrmc_wrapper/ph1p_ddrmc_top/u_ddr_phy/u_ddrphy_top/u_ddrphy_clk/ioclk[1]$u_ioclk_1, location = x0y19z1.
PHY-1001 :   Placed ioclk instance u_ph1p35_324_ddr_wrapper/u_ddr2/ph1p_ddrmc_wrapper/ph1p_ddrmc_top/u_ddr_phy/u_ddrphy_top/u_ddrphy_clk/ioclk[1]$u_ioclk_0, location = x0y19z0.
PHY-1001 : Processing 2 clock pins of DDR instance u_ph1p35_324_ddr_wrapper/u_ddr2/ph1p_ddrmc_wrapper/ph1p_ddrmc_top/u_ddr_phy/u_ddrphy_top/u_ddrphy/dx_byte[1]$dx_byte_used$u_ddrphy_dx_byte_wrapper/u_ddrphy_byte, location = x0y10z0.
PHY-1001 :   Placed ioclk instance u_ph1p35_324_ddr_wrapper/u_ddr2/ph1p_ddrmc_wrapper/ph1p_ddrmc_top/u_ddr_phy/u_ddrphy_top/u_ddrphy_clk/ioclk[1]$u_ioclk_1, location = x0y19z1.
PHY-1001 :   Placed ioclk instance u_ph1p35_324_ddr_wrapper/u_ddr2/ph1p_ddrmc_wrapper/ph1p_ddrmc_top/u_ddr_phy/u_ddrphy_top/u_ddrphy_clk/ioclk[1]$u_ioclk_0, location = x0y19z0.
PHY-3001 : Target density is 60%
PHY-3001 : Target density is 60%
PHY-1001 : Stage 2.7.1.1 | Update Timing
PHY-1001 : SWNS: 1319, STNS: 0, FEP: 0
PHY-1001 : End Stage 2.7.1.1 | Update Timing; Time: 0.159531s wall, 0.156250s user + 0.000000s system = 0.156250s CPU (97.9%); Memory(MB): used = 1000, reserved = 991, peak = 1000;

PHY-1001 : Stage 2.7.1.2 | Refresh Congestion
RUN-1001 : Generating global routing grids ...
PHY-1001 : Generate routing nets ...
PHY-1001 : Reuse net number 267/23160.
PHY-1001 : Global iterations in 32 thread ...
PHY-1002 : len = 1.44843e+06, over cnt = 2831(3%), over = 15498, worst = 71
PHY-1001 : End global iterations;  0.772046s wall, 1.703125s user + 0.046875s system = 1.750000s CPU (226.7%)

PHY-1001 : Congestion index:
PHY-1001 : top1  = 162.46(S 126.24, N 139.60, E 105.05, W 123.77, I 174.10, O 194.33)
PHY-1001 : top5  = 119.24(S 85.07, N 94.85, E 71.47, W 82.98, I 101.17, O 126.69)
PHY-1001 : top10 = 100.58(S 66.87, N 74.53, E 57.42, W 67.45, I 77.07, O 100.88)
PHY-1001 : top15 = 89.46(S 55.80, N 62.11, E 48.82, W 58.34, I 64.15, O 85.26)
PHY-1001 : End Stage 2.7.1.2 | Refresh Congestion; Time: 1.007770s wall, 2.375000s user + 0.046875s system = 2.421875s CPU (240.3%); Memory(MB): used = 1010, reserved = 1001, peak = 1010;

PHY-1001 : Stage 2.7.1.3 | GP Iteration
PHY-1001 : End Stage 2.7.1.3 | GP Iteration; Time: 2.152720s wall, 16.359375s user + 0.671875s system = 17.031250s CPU (791.2%); Memory(MB): used = 1013, reserved = 1004, peak = 1013;

PHY-3001 : Multithread accelerating rate: 7.82
OPT-1001 : Total overflow 541.09 peak overflow 4.81
PHY-3001 : Spreading for sector grids.
PHY-3001 : Iter 1, total overflow: 0
PHY-3001 : tot_capacity: 36, usage_cnt: 15, movable_cnt: 28
PHY-3001 : End spreading;  0.082694s wall, 0.093750s user + 0.000000s system = 0.093750s CPU (113.4%)

PHY-3001 : Final: Len = 1.15752e+06, Over = 91.5625
PHY-3001 : End incremental placement;  3.727970s wall, 19.296875s user + 0.734375s system = 20.031250s CPU (537.3%)

OPT-1001 : Total overflow 541.09 peak overflow 4.81
RUN-1001 : HFN opt statistic
RUN-1001 : ------------------------------------------------------
RUN-1001 :   DriverCell type  |  HFN count  |  Duplicated count  
RUN-1001 : ------------------------------------------------------
RUN-1001 :         REG        |     19      |         82         
RUN-1001 :        LUT6        |      2      |         9          
RUN-1001 :        LUT5        |      3      |         11         
RUN-1001 :        LUT4        |      0      |         0          
RUN-1001 :        LUT3        |      3      |         8          
RUN-1001 :        LUT2        |      5      |         18         
RUN-1001 :        TOTAL       |     32      |        128         
RUN-1001 : ------------------------------------------------------
OPT-1001 : End high-fanout net optimization;  6.537461s wall, 22.281250s user + 0.734375s system = 23.015625s CPU (352.1%)

OPT-1001 : Update timing in Manhattan mode
OPT-1001 : End timing update;  1.549883s wall, 1.546875s user + 0.000000s system = 1.546875s CPU (99.8%)

OPT-1001 : Current memory(MB): used = 1013, reserved = 1005, peak = 1013.
OPT-1001 : End Stage 2.7.1 | Synthesize High-fanout Net; Time: 8.262914s wall, 23.984375s user + 0.750000s system = 24.734375s CPU (299.3%); Memory(MB): used = 1013, reserved = 1005, peak = 1013;

OPT-1001 : Stage 2.7.2 | Global Optimization
OPT-1001 : Start global optimization ...
OPT-0007 : Start: SWNS 1319 STNS 0 NUM_FEPS 0
OPT-1001 : Start congestion update ...
RUN-1001 : Generating global routing grids ...
PHY-1001 : Generate routing nets ...
PHY-1001 : Reuse net number 2069/21747.
PHY-1001 : Global iterations in 32 thread ...
PHY-1002 : len = 1.332e+06, over cnt = 2590(3%), over = 9108, worst = 32
PHY-1002 : len = 1.47978e+06, over cnt = 2049(2%), over = 4859, worst = 19
PHY-1002 : len = 1.5827e+06, over cnt = 1053(1%), over = 2014, worst = 12
PHY-1002 : len = 1.63768e+06, over cnt = 336(0%), over = 507, worst = 9
PHY-1002 : len = 1.65491e+06, over cnt = 2(0%), over = 2, worst = 1
PHY-1001 : End global iterations;  2.409014s wall, 3.593750s user + 0.078125s system = 3.671875s CPU (152.4%)

PHY-1001 : Congestion index:
PHY-1001 : top1  = 87.69(S 73.09, N 73.89, E 78.47, W 86.18, I 177.08, O 210.94)
PHY-1001 : top5  = 74.73(S 59.22, N 61.21, E 57.96, W 68.92, I 102.29, O 134.78)
PHY-1001 : top10 = 67.33(S 50.62, N 52.58, E 48.04, W 59.12, I 78.33, O 104.24)
PHY-1001 : top15 = 62.24(S 44.92, N 46.90, E 42.31, W 53.01, I 65.20, O 86.90)
OPT-1001 : End congestion update;  2.783600s wall, 3.968750s user + 0.078125s system = 4.046875s CPU (145.4%)

OPT-0007 : Iter 1: improved SWNS 1363 STNS 0 NUM_FEPS 0 with 51 cells processed and 6223 slack improved
OPT-0007 : Iter 2: improved SWNS 1363 STNS 0 NUM_FEPS 0 with 26 cells processed and 1842 slack improved
OPT-0007 : Iter 3: improved SWNS 1363 STNS 0 NUM_FEPS 0 with 9 cells processed and 91 slack improved
OPT-1001 : Overall commit ratio 0.48
OPT-1001 : End global optimization;  2.917759s wall, 4.109375s user + 0.078125s system = 4.187500s CPU (143.5%)

OPT-1001 : Current memory(MB): used = 1014, reserved = 1005, peak = 1014.
OPT-1001 : End Stage 2.7.2 | Global Optimization; Time: 3.812931s wall, 5.000000s user + 0.078125s system = 5.078125s CPU (133.2%); Memory(MB): used = 1014, reserved = 1005, peak = 1014;

OPT-0007 : End flow prepack: SWNS 1363 STNS 0 NUM_FEPS 0
OPT-1001 : End physical optimization;  12.115690s wall, 29.312500s user + 0.843750s system = 30.156250s CPU (248.9%)

PHY-1001 : End Stage 2.7 | Optimize Design; Time: 12.118929s wall, 29.312500s user + 0.843750s system = 30.156250s CPU (248.8%); Memory(MB): used = 1014, reserved = 1005, peak = 1014;

PHY-1001 : Stage 2.8 | Pack and Legalization
PHY-1001 : Stage 2.8.1 | Direct Legalization
PHY-3001 : Start Direct Legalization ...
PHY-3001 : Get top1 grid util = 0.703896, top1_avg = 0.703896.
PHY-1001 : Populate physical database on model design_top_wrapper.
PHY-3001 : Target density is 60%
PHY-3001 : Before Legalization for Slice Macros, Len = 1.16369e+06.
RUN-1001 : Legalization top10 inst displacement:
RUN-1001 : -----------------------------------------------------------------------------------------------------------------------------------------------------------------------------------------------------------------------------------
RUN-1001 :   Index  |  Bounded  |  Height  |        Location        |  Disp. (slots)  |  Disp. (grids)  |                                                                Name                                                                 
RUN-1001 : -----------------------------------------------------------------------------------------------------------------------------------------------------------------------------------------------------------------------------------
RUN-1001 :     1    |     N     |    8     |   x2y71z3 to x5y70z0   |       35        |        4        |       u_ph1p35_324_ddr_wrapper/u_ddr2/ph1p_ddrmc_wrapper/ph1p_ddrmc_top/u_ddr_phy/u_ddrphy_top/u_ddrphy_init/ramread0_syn_91        
RUN-1001 :     2    |     N     |    8     |   x2y72z6 to x5y74z0   |       34        |        5        |       u_ph1p35_324_ddr_wrapper/u_ddr2/ph1p_ddrmc_wrapper/ph1p_ddrmc_top/u_ddr_phy/u_ddrphy_top/u_ddrphy_init/ramread0_syn_111       
RUN-1001 :     3    |     N     |    8     |   x1y67z0 to x5y67z0   |       32        |        4        |       u_ph1p35_324_ddr_wrapper/u_ddr2/ph1p_ddrmc_wrapper/ph1p_ddrmc_top/u_ddr_phy/u_ddrphy_top/u_ddrphy_init/ramread0_syn_131       
RUN-1001 :     4    |     N     |    8     |   x2y72z3 to x5y73z0   |       29        |        4        |       u_ph1p35_324_ddr_wrapper/u_ddr2/ph1p_ddrmc_wrapper/ph1p_ddrmc_top/u_ddr_phy/u_ddrphy_top/u_ddrphy_init/ramread0_syn_31        
RUN-1001 :     5    |     N     |    8     |   x2y74z4 to x5y75z0   |       28        |        4        |       u_ph1p35_324_ddr_wrapper/u_ddr2/ph1p_ddrmc_wrapper/ph1p_ddrmc_top/u_ddr_phy/u_ddrphy_top/u_ddrphy_init/ramread0_syn_151       
RUN-1001 :     6    |     N     |    8     |   x2y71z4 to x5y71z0   |       28        |        3        |       u_ph1p35_324_ddr_wrapper/u_ddr2/ph1p_ddrmc_wrapper/ph1p_ddrmc_top/u_ddr_phy/u_ddrphy_top/u_ddrphy_init/ramread0_syn_71        
RUN-1001 :     7    |     N     |    8     |   x2y71z5 to x5y72z0   |       27        |        4        |       u_ph1p35_324_ddr_wrapper/u_ddr2/ph1p_ddrmc_wrapper/ph1p_ddrmc_top/u_ddr_phy/u_ddrphy_top/u_ddrphy_init/ramread0_syn_51        
RUN-1001 :     8    |     N     |    8     |  x19y41z7 to x17y41z0  |       23        |        2        |                                        u_isp_top/u_awb/div_gen_G_R_r1/al_d6a16df[32]_syn_46                                         
RUN-1001 :     9    |     N     |    8     |   x3y23z5 to x5y23z0   |       21        |        2        |  u_ph1p35_324_ddr_wrapper/u_ddr2/ph1p_ddrmc_wrapper/ph1p_ddrmc_top/u_alc_mc_top/u_wr_data/wr_buffer[0]$u_wdata_ram/ramread0_syn_52  
RUN-1001 :    10    |     N     |    8     |   x4y24z3 to x5y26z0   |       21        |        3        |  u_ph1p35_324_ddr_wrapper/u_ddr2/ph1p_ddrmc_wrapper/ph1p_ddrmc_top/u_alc_mc_top/u_wr_data/wr_buffer[0]$u_wdata_ram/ramread0_syn_32  
RUN-1001 : -----------------------------------------------------------------------------------------------------------------------------------------------------------------------------------------------------------------------------------
PHY-3001 : After Legalization for Slice Macros, Len = 1.21086e+06.
RUN-1001 : Generating global routing grids ...
PHY-1001 : Generate routing nets ...
PHY-1001 : Reuse net number 19427/21799.
RUN-1002 : start command "update_timing -mode MANHATTAN"
RUN-1002 : start command "start_timer"
RUN-1003 : finish command "start_timer" in  1.551062s wall, 1.546875s user + 0.000000s system = 1.546875s CPU (99.7%)

RUN-1004 : used memory is 1038 MB, reserved memory is 1029 MB, peak memory is 1038 MB
RUN-1003 : finish command "update_timing -mode MANHATTAN" in  2.976361s wall, 2.984375s user + 0.000000s system = 2.984375s CPU (100.3%)

RUN-1004 : used memory is 1038 MB, reserved memory is 1030 MB, peak memory is 1038 MB
PHY-1001 : Global iterations in 32 thread ...
PHY-1002 : len = 1.65603e+06, over cnt = 830(1%), over = 1829, worst = 9
PHY-1002 : len = 1.67038e+06, over cnt = 654(0%), over = 1128, worst = 8
PHY-1002 : len = 1.68315e+06, over cnt = 394(0%), over = 628, worst = 8
PHY-1002 : len = 1.69614e+06, over cnt = 150(0%), over = 229, worst = 7
PHY-1002 : len = 1.70419e+06, over cnt = 1(0%), over = 1, worst = 1
PHY-1001 : End global iterations;  0.808673s wall, 1.093750s user + 0.031250s system = 1.125000s CPU (139.1%)

PHY-1001 : Congestion index:
PHY-1001 : top1  = 88.44(S 73.39, N 73.31, E 78.11, W 87.34, I 174.89, O 208.63)
PHY-1001 : top5  = 75.25(S 59.09, N 61.36, E 58.97, W 69.85, I 99.50, O 130.88)
PHY-1001 : top10 = 67.72(S 50.19, N 52.95, E 49.12, W 59.80, I 76.85, O 102.59)
PHY-1001 : top15 = 62.75(S 44.71, N 47.38, E 43.40, W 53.64, I 64.41, O 86.24)
PHY-3001 : Total Iter 107, legal = 22228 / 22228 (100.00%), avg_move = 30.07, max_move = 280.
PHY-3001 : There are no illegal insts.
PHY-1001 : Populate physical database on model design_top_wrapper.
PHY-3001 : End Direct Legalization;  21.038899s wall, 252.609375s user + 2.312500s system = 254.921875s CPU (1211.7%)

RUN-1001 : Summary of LUT-FF Pairs
RUN-1001 : ---------------------------------------------------------------
RUN-1001 :   Num of Fanout Seqs  |   1x   |  2x  |  3~5  |  6~10  |  >10  
RUN-1001 : ---------------------------------------------------------------
RUN-1001 :         Total         |  6429  |  5   |  54   |   2    |  23   
RUN-1001 :          Grid         |  6426  |  5   |  48   |   2    |  23   
RUN-1001 :          Bank         |  6242  |  5   |  47   |   2    |  23   
RUN-1001 :         Paired        |  6217  |  5   |  46   |   2    |  23   
RUN-1001 : ---------------------------------------------------------------
RUN-1001 : Summary of LUT Pairs
RUN-1001 : ---------------------------------------------------------------------------------------------------------------------
RUN-1001 :            |           |           |           |           |           |  O5 + O6  |  Only O5  |  Only O6  |  Total  
RUN-1001 : ---------------------------------------------------------------------------------------------------------------------
RUN-1001 :   5 Share  |  4 Share  |  3 Share  |  2 Share  |  1 Share  |  0 Share  |           |           |           |         
RUN-1001 :     50     |    153    |    234    |    394    |   1519    |   3456    |   5806    |   2278    |   1770    |  9854   
RUN-1001 : ---------------------------------------------------------------------------------------------------------------------
PHY-1001 : End Stage 2.8.1 | Direct Legalization; Time: 21.099760s wall, 252.671875s user + 2.312500s system = 254.984375s CPU (1208.5%); Memory(MB): used = 1133, reserved = 1133, peak = 1135;

PHY-3001 : Target density is 60%
PHY-3001 : After Direct Legalization, Len = 1.45442e+06.
PHY-1001 : End Stage 2.8 | Pack and Legalization; Time: 21.286700s wall, 252.843750s user + 2.328125s system = 255.171875s CPU (1198.7%); Memory(MB): used = 1134, reserved = 1133, peak = 1135;

RUN-1002 : start command "start_timer"
RUN-1003 : finish command "start_timer" in  3.171289s wall, 3.156250s user + 0.015625s system = 3.171875s CPU (100.0%)

RUN-1004 : used memory is 1134 MB, reserved memory is 1133 MB, peak memory is 1135 MB
PHY-1001 : End Stage 2 | Global Placement; Time: 59.020567s wall, 359.843750s user + 8.500000s system = 368.343750s CPU (624.1%); Memory(MB): used = 1135, reserved = 1133, peak = 1135;

PHY-1001 : Stage 3 | Detailed Placement
PHY-1001 : Stage 3.1 | SLICE Detailed Placement
PHY-1001 : Stage 3.1.1 | Spreading
PHY-3001 : Design contains 154 ce signals.
PHY-3001 : Spreading for sector grids.
PHY-3001 : Iter 1, total overflow: 0
PHY-3001 : tot_capacity: 24, usage_cnt: 11, movable_cnt: 18
PHY-3001 : Spreading for clock grids.
PHY-3001 : clock grid count for 24 x 4 grids
PHY-3001 : Spreading for plb grids.
PHY-3001 : total displace: 0, max displace: 0.
PHY-3001 : End spreading;  0.325115s wall, 0.312500s user + 0.000000s system = 0.312500s CPU (96.1%)

PHY-1001 : End Stage 3.1.1 | Spreading; Time: 0.325246s wall, 0.312500s user + 0.000000s system = 0.312500s CPU (96.1%); Memory(MB): used = 1139, reserved = 1137, peak = 1139;

PHY-1001 : Stage 3.1.2 | Simulated Annealing Based DP
RUN-1001 : Generating global routing grids ...
PHY-1001 : Generate routing nets ...
PHY-1001 : Reuse net number 1783/16782.
PHY-1001 : Global iterations in 32 thread ...
PHY-1002 : len = 1.56496e+06, over cnt = 1244(1%), over = 2533, worst = 9
PHY-1002 : len = 1.59373e+06, over cnt = 733(1%), over = 1205, worst = 9
PHY-1002 : len = 1.61122e+06, over cnt = 251(0%), over = 415, worst = 9
PHY-1002 : len = 1.6199e+06, over cnt = 63(0%), over = 93, worst = 6
PHY-1002 : len = 1.62227e+06, over cnt = 0(0%), over = 0, worst = 0
PHY-1001 : End global iterations;  1.720457s wall, 2.421875s user + 0.093750s system = 2.515625s CPU (146.2%)

PHY-1001 : Congestion index:
PHY-1001 : top1  = 74.29(S 59.95, N 56.46, E 61.52, W 72.20, I 60.80, O 72.12)
PHY-1001 : top5  = 63.21(S 49.28, N 46.58, E 47.54, W 59.26, I 49.78, O 58.69)
PHY-1001 : top10 = 57.51(S 42.27, N 41.05, E 40.93, W 51.11, I 43.69, O 52.96)
PHY-1001 : top15 = 53.60(S 37.39, N 37.22, E 36.85, W 45.91, I 39.68, O 48.40)
PHY-0007 : Initial: WL Cost = 112873, TD Cost = 97441.7, SWNS = 1211, STNS = 0, Nums per T = 92850, Range Limit = 4x8
PHY-0007 : Finally: WL Cost = 99809.4, TD Cost = 75435.6, WL Ratio = 0.884267, TD Ratio = 0.774161, SWNS = 1119, STNS = 0
RUN-1001 : Print Detailed placement's Summary information
RUN-1001 : ------------------------------------------------------------------------------------------------------------------------------
RUN-1001 :           |  Total   |  Accept  |  Reject by overFlow  |  Reject by worseCost  |  Failed by noTarget  |  Failed by gridCheck  
RUN-1001 : ------------------------------------------------------------------------------------------------------------------------------
RUN-1001 :   Slices  |  835650  |  24650   |         836          |        798967         |         297          |         10900         
RUN-1001 :   Macros  |  18778   |   142    |          47          |         18542         |          35          |          12           
RUN-1001 : ------------------------------------------------------------------------------------------------------------------------------
PHY-1001 : End Stage 3.1.2 | Simulated Annealing Based DP; Time: 21.981963s wall, 24.156250s user + 0.250000s system = 24.406250s CPU (111.0%); Memory(MB): used = 1149, reserved = 1147, peak = 1149;

PHY-3001 : End Detailed Place; 
PHY-3001 : Final: Len = 1.26489e+06, Over = 0
PHY-1001 : End Stage 3.1 | SLICE Detailed Placement; Time: 22.676905s wall, 24.875000s user + 0.250000s system = 25.125000s CPU (110.8%); Memory(MB): used = 1149, reserved = 1147, peak = 1149;

PHY-3001 : End Detailed Place; 
PHY-1001 : Stage 3.2 | Optimize Design
OPT-1001 : Start physical optimization ...
OPT-1001 : Total overflow 0.00 peak overflow 0.00
OPT-1001 : Stage 3.2.1 | Physical Optimization
OPT-1001 : Start high-fanout net optimization in optimize equivalent flow with medium effort ...
OPT-1001 : Clean unloaded insts before merging registers
PHY-1001 : Populate physical database on model design_top_wrapper.
PHY-1001 : Populate physical database on model design_top_wrapper.
OPT-1001 : Total overflow 0.00 peak overflow 0.00
OPT-1001 : End optimize duplicated nets. Total 47 instances are merged and 724 sinks are reconnected,  2.273671s wall, 2.250000s user + 0.015625s system = 2.265625s CPU (99.6%)

OPT-1001 : End high-fanout net optimization;  2.275822s wall, 2.250000s user + 0.015625s system = 2.265625s CPU (99.6%)

OPT-1001 : Update timing in Manhattan mode
RUN-1002 : start command "start_timer"
RUN-1003 : finish command "start_timer" in  2.489428s wall, 2.484375s user + 0.000000s system = 2.484375s CPU (99.8%)

RUN-1004 : used memory is 1149 MB, reserved memory is 1147 MB, peak memory is 1149 MB
OPT-1001 : End timing update;  3.964738s wall, 3.968750s user + 0.000000s system = 3.968750s CPU (100.1%)

OPT-1001 : Current memory(MB): used = 1149, reserved = 1147, peak = 1149.
OPT-1001 : End Stage 3.2.1 | Physical Optimization; Time: 6.399188s wall, 6.375000s user + 0.015625s system = 6.390625s CPU (99.9%); Memory(MB): used = 1149, reserved = 1147, peak = 1149;

OPT-1001 : Stage 3.2.2 | Synthesize High-fanout Net
OPT-1001 : Start high-fanout net optimization in post-pack flow with medium effort ...
OPT-1001 : Start: SWNS 1119 STNS 0 NUM_FEPS 0
OPT-1001 : Total overflow 0.00 peak overflow 0.00
PHY-1001 : Populate physical database on model design_top_wrapper.
OPT-1001 : 3 high-fanout net processed.
OPT-1001 : Total overflow 0.00 peak overflow 0.00
RUN-1001 : HFN opt statistic
RUN-1001 : ------------------------------------------------------
RUN-1001 :   DriverCell type  |  HFN count  |  Duplicated count  
RUN-1001 : ------------------------------------------------------
RUN-1001 :       LSLICE       |      0      |         0          
RUN-1001 :       MSLICE       |      0      |         0          
RUN-1001 :        OTHER       |      3      |         4          
RUN-1001 :        TOTAL       |      3      |         4          
RUN-1001 : ------------------------------------------------------
OPT-1001 : End high-fanout net optimization;  0.632764s wall, 0.875000s user + 0.031250s system = 0.906250s CPU (143.2%)

OPT-1001 : Current memory(MB): used = 1149, reserved = 1147, peak = 1149.
OPT-1001 : End Stage 3.2.2 | Synthesize High-fanout Net; Time: 0.789455s wall, 1.031250s user + 0.031250s system = 1.062500s CPU (134.6%); Memory(MB): used = 1149, reserved = 1147, peak = 1149;

OPT-1001 : Stage 3.2.3 | Optimize Path
OPT-1001 : Start unpack path based optimization ...
OPT-0007 : Start: SWNS 1119 STNS 0 NUM_FEPS 0 with mode 2
OPT-1001 : Start congestion update ...
RUN-1001 : Generating global routing grids ...
PHY-1001 : Generate routing nets ...
PHY-1001 : Reuse net number 4855/17337.
PHY-1001 : Global iterations in 32 thread ...
PHY-1002 : len = 1.43666e+06, over cnt = 1650(2%), over = 3413, worst = 9
PHY-1002 : len = 1.48261e+06, over cnt = 961(1%), over = 1641, worst = 9
PHY-1002 : len = 1.51646e+06, over cnt = 232(0%), over = 354, worst = 9
PHY-1002 : len = 1.52291e+06, over cnt = 88(0%), over = 121, worst = 8
PHY-1002 : len = 1.52627e+06, over cnt = 0(0%), over = 0, worst = 0
PHY-1001 : End global iterations;  1.557729s wall, 2.437500s user + 0.078125s system = 2.515625s CPU (161.5%)

PHY-1001 : Congestion index:
PHY-1001 : top1  = 79.15(S 62.43, N 58.51, E 61.11, W 78.87, I 60.20, O 70.07)
PHY-1001 : top5  = 65.41(S 50.52, N 48.44, E 46.39, W 61.12, I 47.86, O 56.56)
PHY-1001 : top10 = 59.11(S 43.37, N 42.66, E 39.52, W 52.25, I 42.46, O 50.95)
PHY-1001 : top15 = 55.16(S 38.26, N 38.59, E 35.37, W 46.87, I 38.70, O 47.08)
OPT-1001 : End congestion update;  2.003822s wall, 2.843750s user + 0.109375s system = 2.953125s CPU (147.4%)

OPT-0007 : Iter 1: improved SWNS 1444 STNS 0 NUM_FEPS 0 with 64(2418) cells and 1137(1281) paths processed with 10506 slack improved, crit_thod: 3000 ratio: 0.85(70/82) rt: 0.7s
OPT-0007 : Iter 2: improved SWNS 1479 STNS 0 NUM_FEPS 0 with 9(680) cells and 340(340) paths processed with 879 slack improved, crit_thod: 3000 ratio: 0.62(10/16) rt: 0.4s
OPT-0007 : Iter 3: improved SWNS 1505 STNS 0 NUM_FEPS 0 with 4(312) cells and 156(156) paths processed with 403 slack improved, crit_thod: 3000 ratio: 0.44(4/9) rt: 0.5s
OPT-0007 : Iter 4: improved SWNS 1505 STNS 0 NUM_FEPS 0 with 0(306) cells and 153(153) paths processed with 0 slack improved, crit_thod: 3000 ratio: 0.00(0/5) rt: 0.3s
OPT-1001 : End path based optimization;  3.869705s wall, 4.718750s user + 0.109375s system = 4.828125s CPU (124.8%)

OPT-1001 : Current memory(MB): used = 1150, reserved = 1147, peak = 1150.
OPT-1001 : End Stage 3.2.3 | Optimize Path; Time: 4.030595s wall, 4.875000s user + 0.109375s system = 4.984375s CPU (123.7%); Memory(MB): used = 1150, reserved = 1147, peak = 1150;

OPT-1001 : Stage 3.2.4 | Optimize Duplicated Nets
OPT-1001 : Start: WNS 1505 TNS 0 NUM_FEPS 0
OPT-1001 : Clean unloaded insts before merging registers
PHY-1001 : Populate physical database on model design_top_wrapper.
PHY-1001 : Populate physical database on model design_top_wrapper.
OPT-1001 : Total overflow 0.00 peak overflow 0.00
OPT-1001 : End optimize duplicated nets. Total 0 instances are merged and 139 sinks are reconnected,  1.830259s wall, 1.843750s user + 0.000000s system = 1.843750s CPU (100.7%)

OPT-1001 : Update timing in Manhattan mode
RUN-1002 : start command "start_timer"
RUN-1003 : finish command "start_timer" in  2.512510s wall, 2.515625s user + 0.000000s system = 2.515625s CPU (100.1%)

RUN-1004 : used memory is 1150 MB, reserved memory is 1147 MB, peak memory is 1150 MB
OPT-1001 : End timing update;  4.041305s wall, 4.031250s user + 0.000000s system = 4.031250s CPU (99.8%)

OPT-1001 : Current memory(MB): used = 1150, reserved = 1147, peak = 1150.
OPT-1001 : End Stage 3.2.4 | Optimize Duplicated Nets; Time: 6.033241s wall, 6.031250s user + 0.000000s system = 6.031250s CPU (100.0%); Memory(MB): used = 1150, reserved = 1147, peak = 1150;

OPT-1001 : Stage 3.2.5 | Swap Pins
OPT-1001 : Start pin optimization...
OPT-1001 : Start: SWNS 1505 STNS 0 NUM_FEPS 0
OPT-1001 : Successfully optimized 688 instances
OPT-1001 : Successfully optimized 156 instances
OPT-1001 : End pin optimization;  1.347967s wall, 1.359375s user + 0.000000s system = 1.359375s CPU (100.8%)

OPT-1001 : Current memory(MB): used = 1150, reserved = 1147, peak = 1150.
OPT-1001 : End Stage 3.2.5 | Swap Pins; Time: 1.506253s wall, 1.515625s user + 0.000000s system = 1.515625s CPU (100.6%); Memory(MB): used = 1150, reserved = 1147, peak = 1150;

OPT-1001 : Stage 3.2.6 | Optimize Beeline
OPT-1001 : Start beeline optimization...
OPT-1001 : Start: SWNS 1505 STNS 0 NUM_FEPS 0
PHY-1001 : Beeline DP, 701 out of 4722 (14.85)%; hop = 921.
PHY-1001 : Beeline DP, 197 out of 4055 (4.86)%; hop = 274.
PHY-1001 : Beeline DP, 89 out of 3942 (2.26)%; hop = 120.
PHY-1001 : Beeline DP, 65 out of 3913 (1.66)%; hop = 88.
PHY-1001 : Beeline DP, 56 out of 3905 (1.43)%; hop = 74.
PHY-1001 : Beeline optimization intraPLB, 2123 1-hop(39.12%), 2282 2-hop(42.05%), 449 3-hop( 8.27%), 573 others (10.56%)
PHY-1001 :  10.176988s wall, 10.093750s user + 0.000000s system = 10.093750s CPU (99.2%)

RUN-1001 : Beeline optimization outerPLB: 1-hop 1745, 2-hop 3255, 3-hop 1867, 4-hop 611, other 1767 
OPT-1001 : End beeline optimization;  10.841358s wall, 10.765625s user + 0.000000s system = 10.765625s CPU (99.3%)

OPT-1001 : Update timing in Manhattan mode
OPT-1001 : End timing update;  1.569041s wall, 1.562500s user + 0.000000s system = 1.562500s CPU (99.6%)

OPT-1001 : End Stage 3.2.6 | Optimize Beeline; Time: 12.703377s wall, 12.625000s user + 0.000000s system = 12.625000s CPU (99.4%); Memory(MB): used = 1150, reserved = 1147, peak = 1150;

OPT-0007 : End flow postpack: SWNS 1505 STNS 0 NUM_FEPS 0
RUN-1001 : Generating global routing grids ...
PHY-1001 : Generate routing nets ...
PHY-1001 : Reuse net number 15183/16719.
PHY-1001 : Global iterations in 32 thread ...
PHY-1002 : len = 1.54331e+06, over cnt = 327(0%), over = 480, worst = 5
PHY-1002 : len = 1.54806e+06, over cnt = 154(0%), over = 210, worst = 5
PHY-1002 : len = 1.55216e+06, over cnt = 29(0%), over = 38, worst = 3
PHY-1002 : len = 1.5528e+06, over cnt = 15(0%), over = 17, worst = 2
PHY-1002 : len = 1.55317e+06, over cnt = 0(0%), over = 0, worst = 0
PHY-1001 : End global iterations;  0.648612s wall, 0.781250s user + 0.000000s system = 0.781250s CPU (120.4%)

PHY-1001 : Congestion index:
PHY-1001 : top1  = 79.40(S 62.84, N 58.26, E 61.92, W 78.95, I 60.47, O 69.82)
PHY-1001 : top5  = 65.60(S 50.80, N 48.33, E 47.01, W 61.25, I 47.82, O 56.45)
PHY-1001 : top10 = 59.31(S 43.60, N 42.67, E 39.96, W 52.43, I 42.30, O 50.93)
PHY-1001 : top15 = 55.33(S 38.59, N 38.75, E 35.69, W 47.04, I 38.62, O 47.03)
RUN-1001 : QoR Analysis:
OPT-0007 :   SWNS 1505 STNS 0 NUM_FEPS 0
RUN-1001 :   No local congestion issue, and most congested 1% tile average routing util is 79.026316
RUN-1001 :   Top critical paths
RUN-1001 :       #1 path slack 1505ps with logic level 2 
RUN-1001 :       #2 path slack 1553ps with logic level 1 
RUN-1001 :       #3 path slack 1553ps with logic level 1 
RUN-1001 :       #4 path slack 1587ps with logic level 1 
RUN-1001 :       #5 path slack 1587ps with logic level 1 
RUN-1001 :       #6 path slack 1587ps with logic level 1 
OPT-1001 : End physical optimization;  32.749194s wall, 34.187500s user + 0.187500s system = 34.375000s CPU (105.0%)

PHY-1001 : End Stage 3.2 | Optimize Design; Time: 32.749420s wall, 34.187500s user + 0.187500s system = 34.375000s CPU (105.0%); Memory(MB): used = 1150, reserved = 1147, peak = 1150;

RUN-1001 : Report Control nets information:
RUN-1001 : DFF Distribution
RUN-1001 : -------------------------------------
RUN-1001 :   CE   |  SSR  |  ASR  |  DFF Count  
RUN-1001 : -------------------------------------
RUN-1001 :   No   |  No   |  No   |     224     
RUN-1001 :   No   |  No   |  Yes  |      0      
RUN-1001 :   No   |  Yes  |  No   |      0      
RUN-1001 :   Yes  |  No   |  No   |    6693     
RUN-1001 :   Yes  |  No   |  Yes  |    6313     
RUN-1001 :   Yes  |  Yes  |  No   |     328     
RUN-1001 : -------------------------------------
RUN-1001 : Control Group Statistic
RUN-1001 : -----------------------------
RUN-1001 :   #CLK  |  #CE  |  #SSR/ASR  
RUN-1001 : -----------------------------
RUN-1001 :    10   |  406  |     30     
RUN-1001 : -----------------------------
RUN-0007 : Control Set = 481
PHY-1001 : End Stage 3 | Detailed Placement; Time: 55.616319s wall, 59.250000s user + 0.437500s system = 59.687500s CPU (107.3%); Memory(MB): used = 1150, reserved = 1147, peak = 1150;

PHY-1001 : Populate physical database on model design_top_wrapper.
PHY-1001 : Stage 4 | Optimize Design
PHY-3001 : Start incremental legalization ...
PHY-1001 : Populate physical database on model design_top_wrapper.
PHY-1001 : Processing 2 clock pins of DDR instance u_ph1p35_324_ddr_wrapper/u_ddr2/ph1p_ddrmc_wrapper/ph1p_ddrmc_top/u_ddr_phy/u_ddrphy_top/u_ddrphy/ac_byte[0]$ac_byte_used$u_ddrphy_ac_byte_wrapper/u_ddrphy_byte, location = x0y70z0.
PHY-1001 :   Placed ioclk instance u_ph1p35_324_ddr_wrapper/u_ddr2/ph1p_ddrmc_wrapper/ph1p_ddrmc_top/u_ddr_phy/u_ddrphy_top/u_ddrphy_clk/ioclk[0]$u_ioclk_1, location = x0y59z1.
PHY-1001 :   Placed ioclk instance u_ph1p35_324_ddr_wrapper/u_ddr2/ph1p_ddrmc_wrapper/ph1p_ddrmc_top/u_ddr_phy/u_ddrphy_top/u_ddrphy_clk/ioclk[0]$u_ioclk_0, location = x0y59z0.
PHY-1001 : Processing 2 clock pins of DDR instance u_ph1p35_324_ddr_wrapper/u_ddr2/ph1p_ddrmc_wrapper/ph1p_ddrmc_top/u_ddr_phy/u_ddrphy_top/u_ddrphy/ac_byte[1]$ac_byte_used$u_ddrphy_ac_byte_wrapper/u_ddrphy_byte, location = x0y60z0.
PHY-1001 :   Placed ioclk instance u_ph1p35_324_ddr_wrapper/u_ddr2/ph1p_ddrmc_wrapper/ph1p_ddrmc_top/u_ddr_phy/u_ddrphy_top/u_ddrphy_clk/ioclk[0]$u_ioclk_1, location = x0y59z1.
PHY-1001 :   Placed ioclk instance u_ph1p35_324_ddr_wrapper/u_ddr2/ph1p_ddrmc_wrapper/ph1p_ddrmc_top/u_ddr_phy/u_ddrphy_top/u_ddrphy_clk/ioclk[0]$u_ioclk_0, location = x0y59z0.
PHY-1001 : Processing 2 clock pins of DDR instance u_ph1p35_324_ddr_wrapper/u_ddr2/ph1p_ddrmc_wrapper/ph1p_ddrmc_top/u_ddr_phy/u_ddrphy_top/u_ddrphy/ac_byte[2]$ac_byte_used$u_ddrphy_ac_byte_wrapper/u_ddrphy_byte, location = x0y50z0.
PHY-1001 :   Placed ioclk instance u_ph1p35_324_ddr_wrapper/u_ddr2/ph1p_ddrmc_wrapper/ph1p_ddrmc_top/u_ddr_phy/u_ddrphy_top/u_ddrphy_clk/ioclk[0]$u_ioclk_1, location = x0y59z1.
PHY-1001 :   Placed ioclk instance u_ph1p35_324_ddr_wrapper/u_ddr2/ph1p_ddrmc_wrapper/ph1p_ddrmc_top/u_ddr_phy/u_ddrphy_top/u_ddrphy_clk/ioclk[0]$u_ioclk_0, location = x0y59z0.
PHY-1001 : Processing 2 clock pins of DDR instance u_ph1p35_324_ddr_wrapper/u_ddr2/ph1p_ddrmc_wrapper/ph1p_ddrmc_top/u_ddr_phy/u_ddrphy_top/u_ddrphy/ac_byte[3]$ac_byte_used$u_ddrphy_ac_byte_wrapper/u_ddrphy_byte, location = x0y40z0.
PHY-1001 :   Placed ioclk instance u_ph1p35_324_ddr_wrapper/u_ddr2/ph1p_ddrmc_wrapper/ph1p_ddrmc_top/u_ddr_phy/u_ddrphy_top/u_ddrphy_clk/ioclk[0]$u_ioclk_1, location = x0y59z1.
PHY-1001 :   Placed ioclk instance u_ph1p35_324_ddr_wrapper/u_ddr2/ph1p_ddrmc_wrapper/ph1p_ddrmc_top/u_ddr_phy/u_ddrphy_top/u_ddrphy_clk/ioclk[0]$u_ioclk_0, location = x0y59z0.
PHY-1001 : Processing 2 clock pins of DDR instance u_ph1p35_324_ddr_wrapper/u_ddr2/ph1p_ddrmc_wrapper/ph1p_ddrmc_top/u_ddr_phy/u_ddrphy_top/u_ddrphy/dx_byte[0]$dx_byte_used$u_ddrphy_dx_byte_wrapper/u_ddrphy_byte, location = x0y30z0.
PHY-1001 :   Placed ioclk instance u_ph1p35_324_ddr_wrapper/u_ddr2/ph1p_ddrmc_wrapper/ph1p_ddrmc_top/u_ddr_phy/u_ddrphy_top/u_ddrphy_clk/ioclk[1]$u_ioclk_1, location = x0y19z1.
PHY-1001 :   Placed ioclk instance u_ph1p35_324_ddr_wrapper/u_ddr2/ph1p_ddrmc_wrapper/ph1p_ddrmc_top/u_ddr_phy/u_ddrphy_top/u_ddrphy_clk/ioclk[1]$u_ioclk_0, location = x0y19z0.
PHY-1001 : Processing 2 clock pins of DDR instance u_ph1p35_324_ddr_wrapper/u_ddr2/ph1p_ddrmc_wrapper/ph1p_ddrmc_top/u_ddr_phy/u_ddrphy_top/u_ddrphy/dx_byte[1]$dx_byte_used$u_ddrphy_dx_byte_wrapper/u_ddrphy_byte, location = x0y10z0.
PHY-1001 :   Placed ioclk instance u_ph1p35_324_ddr_wrapper/u_ddr2/ph1p_ddrmc_wrapper/ph1p_ddrmc_top/u_ddr_phy/u_ddrphy_top/u_ddrphy_clk/ioclk[1]$u_ioclk_1, location = x0y19z1.
PHY-1001 :   Placed ioclk instance u_ph1p35_324_ddr_wrapper/u_ddr2/ph1p_ddrmc_wrapper/ph1p_ddrmc_top/u_ddr_phy/u_ddrphy_top/u_ddrphy_clk/ioclk[1]$u_ioclk_0, location = x0y19z0.
PHY-3001 : Target density is 60%
PHY-3001 : Target density is 60%
PHY-3001 : Initial: Len = 1.29881e+06, Over = 0
PHY-1001 : Stage 4.1 | Spreading
PHY-3001 : Design contains 144 ce signals.
PHY-3001 : Spreading for sector grids.
PHY-3001 : Iter 1, total overflow: 0
PHY-3001 : tot_capacity: 36, usage_cnt: 15, movable_cnt: 28
PHY-3001 : Spreading for clock grids.
PHY-3001 : clock grid count for 24 x 4 grids
PHY-3001 : Spreading for plb grids.
PHY-3001 : total displace: 0, max displace: 0.
PHY-3001 : End spreading;  0.340721s wall, 0.328125s user + 0.000000s system = 0.328125s CPU (96.3%)

PHY-1001 : End Stage 4.1 | Spreading; Time: 0.340818s wall, 0.328125s user + 0.000000s system = 0.328125s CPU (96.3%); Memory(MB): used = 1150, reserved = 1147, peak = 1150;

PHY-3001 : Final: Len = 1.29881e+06, Over = 0
PHY-3001 : End incremental legalization;  0.649439s wall, 1.000000s user + 0.015625s system = 1.015625s CPU (156.4%)

RUN-1002 : start command "report_qor -step place -file place.qor"
RUN-1002 : start command "start_timer"
RUN-1003 : finish command "start_timer" in  1.837706s wall, 1.843750s user + 0.000000s system = 1.843750s CPU (100.3%)

RUN-1004 : used memory is 1150 MB, reserved memory is 1146 MB, peak memory is 1150 MB
RUN-1001 : Generating global routing grids ...
-----------------------------------------------------------
| QoR metrics               |         value               |
-----------------------------------------------------------
| Timing                    |                             |
|     Setup WNS             |         1505                |
|     Setup TNS             |            0                |
|     Num of violated S-EP  |            0                |
|     FMAX                  |   861.326MHz                |
|     SWNS path clock period |       2666ps                |
|     Hold WNS              |         -284                |
|     Hold TNS              |       -54825                |
|     Num of violated H-EP  |          429                |
-----------------------------------------------------------
| Routing Resource          |                             |
|     Wire length           |      1294583                |
|     Route Net Num         |        21152                |
|     DontRoute Net Num     |         9007                |
|     RouteSinks Num        |        63220                |
-----------------------------------------------------------
| Utilization               |                             |
|     #slices               |        12558                |
|     slices percentage     |       59.19%                |
|     #RAMs                 |           46                |
|     #DSPs                 |            8                |
|     #DRAMHARDCON          |           21                |
-----------------------------------------------------------
| Congestion                |                             |
|     Top 1% tile util      |           71                |
|     Top 1% tile avg util  |       79.03%                |
|     Over 100% util #tile  |            1                |
|     Max level             |            1                |
|     Window                |  [ 15  30] - [ 17  33]      |
-----------------------------------------------------------
Report place stage QoR done.

RUN-1003 : finish command "report_qor -step place -file place.qor" in  4.073332s wall, 4.078125s user + 0.000000s system = 4.078125s CPU (100.1%)

RUN-1004 : used memory is 1150 MB, reserved memory is 1147 MB, peak memory is 1150 MB
PHY-1001 : End Stage 4 | Optimize Design; Time: 4.744925s wall, 5.093750s user + 0.015625s system = 5.109375s CPU (107.7%); Memory(MB): used = 1150, reserved = 1147, peak = 1150;

PHY-1001 : Stage 5 | DRC Check
PHY-1001 : Stage 5.1 | Slice Attributes Check
PHY-1035 : Redundant attributes/nets in slice detected. You can use tcl "check_slice_attr -verbose" to get full message.
PHY-1039 : Found 112 mslices getting no used reg attributes, eg: u_hdmi_tx/u_hdmi_1_4b_transmitter_core_wrapper/u_hdmi_tx_controller_wrapper/u_hdmi_video_data_assemble/S_island_guard_band_1d_syn_10.
PHY-1039 : Found 112 mslices getting no used ce attributes, eg: u_hdmi_tx/u_hdmi_1_4b_transmitter_core_wrapper/u_hdmi_tx_controller_wrapper/u_hdmi_video_data_assemble/S_island_guard_band_1d_syn_10.
PHY-1001 : End Stage 5.1 | Slice Attributes Check; Time: 0.058081s wall, 0.046875s user + 0.000000s system = 0.046875s CPU (80.7%); Memory(MB): used = 1150, reserved = 1147, peak = 1150;

PHY-1001 : Stage 5.2 | Clock Bound Check
PHY-1001 : Check pass.
PHY-1001 : End Stage 5.2 | Clock Bound Check; Time: 0.002536s wall, 0.000000s user + 0.000000s system = 0.000000s CPU (n/a%); Memory(MB): used = 1150, reserved = 1147, peak = 1150;

PHY-1001 : Stage 5.3 | Force Route Constraint Check
PHY-1001 : Check Pass.
PHY-1001 : End Stage 5.3 | Force Route Constraint Check; Time: 0.002897s wall, 0.015625s user + 0.000000s system = 0.015625s CPU (539.3%); Memory(MB): used = 1150, reserved = 1147, peak = 1150;

PHY-1001 : Stage 5.4 | Sigmap Check
PHY-1001 : Check pass.
PHY-1001 : End Stage 5.4 | Sigmap Check; Time: 0.094593s wall, 0.093750s user + 0.000000s system = 0.093750s CPU (99.1%); Memory(MB): used = 1150, reserved = 1147, peak = 1150;

PHY-1001 : Stage 5.5 | Duplicated SelfDriven Check
PHY-1001 : Check pass.
PHY-1001 : End Stage 5.5 | Duplicated SelfDriven Check; Time: 0.374935s wall, 0.375000s user + 0.000000s system = 0.375000s CPU (100.0%); Memory(MB): used = 1150, reserved = 1147, peak = 1150;

PHY-1001 : Stage 5.6 | Clock Rule Check
PHY-5088 WARNING: Clock_Analyzer: Detected 1 buffer(s) clkin net because they drive non-clock sinks. Run "analyze_clock -detail" for more infomation.
PHY-5088 WARNING: Clock_Analyzer: Detected 1 buffer(s) clkout net because they drive non-clock sinks. Run "analyze_clock -detail" for more infomation.
PHY-5088 WARNING: Clock_Analyzer: 3 clock-net(s) because they drive other clock net, may cause clock skew. Run "analyze_clock -detail" for more infomation.
PHY-1001 : End Stage 5.6 | Clock Rule Check; Time: 0.085443s wall, 0.078125s user + 0.000000s system = 0.078125s CPU (91.4%); Memory(MB): used = 1151, reserved = 1147, peak = 1151;

PHY-1001 : End Stage 5 | DRC Check; Time: 0.689880s wall, 0.687500s user + 0.000000s system = 0.687500s CPU (99.7%); Memory(MB): used = 1151, reserved = 1147, peak = 1151;

OPT-1001 : QoR tracer report on placement steps:
    SWNS [   incr ]    STNS [   incr ]    FEPS [   incr ]    CRIT [   incr ]      CELL [     incr ]        WL [     incr ]    CONG [   incr ]    PDES [   incr ]   RT(s) [   incr ]   MEM(mb) [     incr ]
       0 [      0 ]       0 [      0 ]       0 [      0 ]       0 [      0 ]     26141 [        0 ]         0 [        0 ]    0.00 [   0.00 ]       0 [      0 ]       0 [      0 ]       520 [        0 ] : preplace:simplify_lut
       0 [      0 ]       0 [      0 ]       0 [      0 ]       0 [      0 ]     26141 [        0 ]         0 [        0 ]    0.00 [   0.00 ]       0 [      0 ]       0 [      0 ]       520 [        0 ] : preplace:sweep
       0 [      0 ]       0 [      0 ]       0 [      0 ]       0 [      0 ]     26141 [        0 ]         0 [        0 ]    0.00 [   0.00 ]       0 [      0 ]       0 [      0 ]       520 [        0 ] : preplace:lut_merge
       0 [      0 ]       0 [      0 ]       0 [      0 ]       0 [      0 ]     26141 [        0 ]         0 [        0 ]    0.00 [   0.00 ]       0 [      0 ]       0 [      0 ]       520 [        0 ] : preplace:hfn_opt
    1356 [   1356 ]       0 [      0 ]       0 [      0 ]    4520 [   4520 ]     27799 [     1658 ]   1592096 [  1592096 ]    0.00 [   0.00 ]       0 [      0 ]      12 [     12 ]       905 [      385 ] : step1_gp
    1356 [      0 ]       0 [      0 ]       0 [      0 ]    4529 [      9 ]     27799 [        0 ]   1590728 [    -1368 ]    0.00 [   0.00 ]       0 [      0 ]      14 [      2 ]       909 [        4 ] : step1_legal
    1356 [      0 ]       0 [      0 ]       0 [      0 ]    4536 [      7 ]     27799 [        0 ]   1531639 [   -59089 ]    0.00 [   0.00 ]       0 [      0 ]      16 [      2 ]       912 [        3 ] : step1_dp
    1319 [    -37 ]       0 [      0 ]       0 [      0 ]    4590 [     54 ]     27799 [        0 ]   1342070 [  -189569 ]  161.21 [ 161.21 ]       0 [      0 ]      24 [      8 ]       999 [       87 ] : step2_gp
    1319 [      0 ]       0 [      0 ]       0 [      0 ]    4590 [      0 ]     27799 [        0 ]   1342070 [        0 ]  161.21 [   0.00 ]       0 [      0 ]      24 [      0 ]       999 [        0 ] : step2_dp
    1319 [      0 ]       0 [      0 ]       0 [      0 ]    4590 [      0 ]     27799 [        0 ]   1342070 [        0 ]  161.21 [   0.00 ]       0 [      0 ]      24 [      0 ]      1000 [        1 ] : prepack_spreading
    1319 [      0 ]       0 [      0 ]       0 [      0 ]    4731 [    141 ]     27927 [      128 ]   1151659 [  -190411 ]  161.97 [   0.76 ]       0 [      0 ]      32 [      8 ]      1013 [       13 ] : prepack:hfn_opt
    1363 [     44 ]       0 [      0 ]       0 [      0 ]    4738 [      7 ]     27927 [        0 ]   1156856 [     5197 ]   87.21 [ -74.76 ]       0 [      0 ]      36 [      4 ]      1014 [        1 ] : prepack:global_opt
    1211 [   -152 ]       0 [      0 ]       0 [      0 ]    5092 [    354 ]     14405 [   -13522 ]   1450189 [   293333 ]   87.97 [   0.76 ]       0 [      0 ]      62 [     26 ]      1135 [      121 ] : direct_legalization
    1211 [      0 ]       0 [      0 ]       0 [      0 ]    5092 [      0 ]     14405 [        0 ]   1450189 [        0 ]   87.97 [   0.00 ]       0 [      0 ]      63 [      1 ]      1139 [        4 ] : post_pack_spreading
    1119 [    -92 ]       0 [      0 ]       0 [      0 ]    5208 [    116 ]     14405 [        0 ]   1260659 [  -189530 ]   73.79 [ -14.18 ]       0 [      0 ]      85 [     22 ]      1149 [       10 ] : post_pack_dp
    1119 [      0 ]       0 [      0 ]       0 [      0 ]    5210 [      2 ]     14390 [      -15 ]   1254795 [    -5864 ]   73.79 [   0.00 ]       0 [      0 ]      92 [      7 ]      1149 [        0 ] : postpack:optimize_equivalent_quick
    1119 [      0 ]       0 [      0 ]       0 [      0 ]    5209 [     -1 ]     14394 [        4 ]   1256005 [     1210 ]   73.79 [   0.00 ]       0 [      0 ]      92 [      0 ]      1149 [        0 ] : postpack:hfn_opt
    1505 [    386 ]       0 [      0 ]       0 [      0 ]    5209 [      0 ]     14399 [        5 ]   1264677 [     8672 ]   78.71 [   4.92 ]       0 [      0 ]      96 [      4 ]      1150 [        1 ] : postpack:path_opt
    1505 [      0 ]       0 [      0 ]       0 [      0 ]    5209 [      0 ]     14399 [        0 ]   1264289 [     -388 ]   78.71 [   0.00 ]       0 [      0 ]     102 [      6 ]      1150 [        0 ] : postpack:optimize_equivalent
    1505 [      0 ]       0 [      0 ]       0 [      0 ]    5360 [    151 ]     14399 [        0 ]   1264289 [        0 ]   78.71 [   0.00 ]       0 [      0 ]     104 [      2 ]      1150 [        0 ] : postpack:pin_opt
    1505 [      0 ]       0 [      0 ]       0 [      0 ]    5336 [    -24 ]     14399 [        0 ]   1298170 [    33881 ]   78.71 [   0.00 ]       0 [      0 ]     116 [     12 ]      1150 [        0 ] : postpack:beeline_opt

RUN-1003 : finish command "place" in  123.981112s wall, 428.750000s user + 8.968750s system = 437.718750s CPU (353.1%)

RUN-1004 : used memory is 1151 MB, reserved memory is 1147 MB, peak memory is 1151 MB
RUN-1002 : start command "update_timing -mode manhattan"
RUN-1002 : start command "start_timer"
RUN-1003 : finish command "start_timer" in  1.837114s wall, 1.812500s user + 0.000000s system = 1.812500s CPU (98.7%)

RUN-1004 : used memory is 1151 MB, reserved memory is 1147 MB, peak memory is 1151 MB
RUN-1003 : finish command "update_timing -mode manhattan" in  3.264034s wall, 3.218750s user + 0.000000s system = 3.218750s CPU (98.6%)

RUN-1004 : used memory is 1151 MB, reserved memory is 1147 MB, peak memory is 1151 MB
RUN-1002 : start command "report_timing_summary -file camera_to_dsi_display_place.timing"
RUN-1002 : start command "report_area -io_info -file camera_to_dsi_display_phy.area"
SYN-4034 : The count of slices with lut is 6654.
SYN-4035 : The count of slices with lut+ripple is 3200.
RUN-1001 : standard
***Report Model: design_top_wrapper Device: PH1P35MDG324***

Design Statistics
#IO                        58   out of    160   36.25%
  #input                    2
  #output                  31
  #inout                   25
#lut6                   10134   out of  21216   47.77%
#reg                    13334
  #slice reg            13334   out of  42432   31.42%
  #pad reg                  0

Utilization Statistics
#slice                  12558   out of  21216   59.19%
  #used ram               280
    #dram lut             168
    #shifter lut          112
  #used logic           12278
    #with luts           6654
    #with adder          3200
    #reg only            2424
#f7mux                      0   out of  10608    0.00%
#f8mux                      0   out of   5304    0.00%
#eram                      46   out of    108   42.59%
  #eram20k                 46
  #fifo20k                  0
#dsp                        8   out of     40   20.00%
#ddr_byte                   6   out of     12   50.00%
#mipi_tx                    0   out of      2    0.00%
#mipi_rx                    1   out of      2   50.00%
#pad                       17   out of    160   10.62%
#pll                        3   out of      6   50.00%
#gclk                       9   out of     32   28.12%
#lclk                       0   out of     12    0.00%
#sclk                       0   out of     48    0.00%
#mlclk                      2   out of      6   33.33%
#ioclk                      4   out of     18   22.22%

RUN-1002 : start command "flow_status -file place_flow.status"
Location         : D:\2026fpga\lab_hd_1_mipi_hdmi\td_project\camera_to_dsi_display_Runs\phy_1
Running with     : Tang Dynasty v6.2.168116
                   Copyright (c) 2012-2025 Anlogic Inc.
Top Model        : design_top_wrapper
Device           : PH1P35MDG324
Speed            : 3

Timing Mode      : manhattan
Setup            : WNS  1505ps  TNS        0ps  NUM_FEPS     0
Hold             : WNS  -284ps  TNS   -54825ps  NUM_FEPS   429

Flow Statistics  :
RUN-1001 : Flow Statistics:
RUN-1001 : --------------------------------------------------------------------------------------------------
RUN-1001 :      command     |  #calls  |  wall time  |  cpu time(s)  |  used memory(mb)  |  peak memory(mb)  
RUN-1001 : --------------------------------------------------------------------------------------------------
RUN-1001 :       place      |    1     |  2m3s(97%)  |   436(99%)    |       1151        |       1151        
RUN-1001 :   import_device  |    1     |   2s(1%)    |     2(0%)     |        323        |        323        
RUN-1001 :     import_db    |    1     |   1s(0%)    |     0(0%)     |        518        |        518        
RUN-1001 : --------------------------------------------------------------------------------------------------
RUN-1001 :       total      |    3     |    2m6s     |      438      |       1151        |       1151        
RUN-1001 : --------------------------------------------------------------------------------------------------
RUN-1002 : start command "report_clock_utilization -file place_clock_utilization.txt"
RUN-1002 : start command "export_db camera_to_dsi_display_place.db"
RUN-1001 : Exported flow parameters
RUN-1001 : Exported /
RUN-1001 : Exported libs
RUN-1001 : Exported entities
RUN-1001 : Exported ports
RUN-1001 : Exported pins
RUN-1001 : Exported instances
RUN-1001 : Exported nets
RUN-1001 : Exported buses
RUN-1001 : Exported models
RUN-1001 : Exported phy database
RUN-1001 : Exported packer
RUN-1001 : Exported congestions
RUN-1001 : Exported violations
RUN-1001 : Exported ATMR Setting
RUN-1001 : Exported timing constraints
RUN-1001 : Exported IO constraints
RUN-1001 : Exported Inst constraints
RUN-1001 : Exported ChipWatcher
RUN-1002 : start command "commit_param -step route"
RUN-1001 : Print Global Property
RUN-1001 : -------------------------------------------------------------
RUN-1001 :     Parameters    |   Settings   |  Default Values  |  Note  
RUN-1001 : -------------------------------------------------------------
RUN-1001 :    enable_seed    |     off      |       off        |        
RUN-1001 :    hfn_to_clock   |  1000000000  |    1000000000    |        
RUN-1001 :      message      |   standard   |     standard     |        
RUN-1001 :    qor_monitor    |      on      |        on        |        
RUN-1001 :   speedup_effort  |      0       |        0         |        
RUN-1001 :    syn_ip_flow    |     off      |       off        |        
RUN-1001 :       thread      |     auto     |       auto       |        
RUN-1001 : -------------------------------------------------------------
RUN-1001 : Print Route Property
RUN-1001 : ---------------------------------------------------------------
RUN-1001 :       Parameters      |  Settings  |  Default Values  |  Note  
RUN-1001 : ---------------------------------------------------------------
RUN-1001 :         effort        |   normal   |      normal      |        
RUN-1001 :        fix_hold       |     on     |        on        |        
RUN-1001 :   hold_fix_iteration  |     5      |        5         |        
RUN-1001 :     post_route_opt    |    auto    |       auto       |        
RUN-1001 :         timing        |     on     |        on        |        
RUN-1001 : ---------------------------------------------------------------
RUN-1002 : start command "route"
RUN-1001 : Open license file F:/AnlogicFpga/TD_6.2.1_Engineer_6.2.168.116/license/Anlogic.lic
PHY-1001 : Reconnected 29 VDD pins with routing demanding
PHY-1001 : Populate physical database on model design_top_wrapper.
RUN-1001 : Dedicate pll clock connection statistics:
RUN-1001 : Clock Region s_1_l [0,40][23,79]; Utilization: 1 out of 12
RUN-1001 : ----------------------------------------------------------------------------------------------------------------------------------------------------------------------------------------------------------------------------------
RUN-1001 :   Index  |                                    Leading Clock                                     |                                                          Special Sink                                                           
RUN-1001 : ----------------------------------------------------------------------------------------------------------------------------------------------------------------------------------------------------------------------------------
RUN-1001 :     1    |  u_ph1p35_324_ddr_wrapper/u_ddr2/ph1p_ddrmc_wrapper/ph1p_ddrmc_top/u_alc_mc_top/clk  |  u_ph1p35_324_ddr_wrapper/u_ddr2/ph1p_ddrmc_wrapper/ph1p_ddrmc_top/u_ddr_phy/u_ddrphy_top/u_ddrphy_clk/u_pll1/u_pll_inst.fbclk  
RUN-1001 : ----------------------------------------------------------------------------------------------------------------------------------------------------------------------------------------------------------------------------------
RUN-1001 : Clock Region s_1_r [24,40][43,79]; Utilization: 1 out of 12
RUN-1001 : -----------------------------------------------------------------------------------------------------------------------------------------------------------------------
RUN-1001 :   Index  |                                     Leading Clock                                     |                            Special Sink                             
RUN-1001 : -----------------------------------------------------------------------------------------------------------------------------------------------------------------------
RUN-1001 :     1    |  u_mipi_dphy_rx_ph1p_mipiio_wrapper/u_ph1p_mipiio_rx_wrapper/u_lane0_hs_detect/I_clk  |  u_PLL/ph1p_phy_pll_wrapper_25a56e5ce2f9_Inst/u_PH1P_PHY_PLL.fbclk  
RUN-1001 : -----------------------------------------------------------------------------------------------------------------------------------------------------------------------
PHY-1001 : Working orders of clock nets being processed in bank assignment:
PHY-1001 : u_ph1p35_324_ddr_wrapper/u_ddr2/ph1p_ddrmc_wrapper/ph1p_ddrmc_top/u_alc_mc_top/clk;
PHY-1001 : u_mipi_dphy_rx_ph1p_mipiio_wrapper/u_ph1p_mipiio_rx_wrapper/u_lane0_hs_detect/I_clk;
PHY-1001 : u_isp_top/u_rgb96_downscale_crop/u_scale_line_buffer/ram_f84573da5ab5_Inst/clkb;
PHY-1001 : u_hdmi_mixer/I_clk_syn_652;
PHY-1001 : I_sys_clk_syn_8;
PHY-1001 : O_cam_24m_syn_3;
PHY-1001 : u_hdmi_tx/u_hdmi2phy_wrapper/u0_lane_lvds_8_1/I_serial_clk_syn_1;
PHY-1001 : u_ph1p35_324_ddr_wrapper/u_ddr2/ph1p_ddrmc_wrapper/ph1p_ddrmc_top/u_ddr_phy/u_ddrphy_top/u_ddrphy/apb_pclk_syn_1;
PHY-1001 : u_uicfgcs500/uii2c_inst/scl_clk_syn_9;
PHY-1001 : Internal bound Intnl_0_0_25_40 is being created by clock u_ph1p35_324_ddr_wrapper/u_ddr2/usr_clk through SCLK.
PHY-1001 : Internal bound Intnl_25_0_23_40 is being created by clock MIPI_RX_BYTE_CLK through SCLK.
PHY-1001 : Internal bound Intnl_0_40_25_40 is being created by clock u_ph1p35_324_ddr_wrapper/u_ddr2/usr_clk through SCLK.
PHY-1001 : Internal bound Intnl_25_40_19_40 is being created by clock MIPI_RX_BYTE_CLK through SCLK.
RUN-1001 : Clock region assignment statistics:
RUN-1001 : Clock Region s_0_l [0,0][23,39]; Utilization: 6 out of 12
RUN-1001 : ----------------------------------------------------------------------------------------------------------------------------------------------------------------------------------------------------------------------------------------------------------------------------------------------------------------------------------------
RUN-1001 :   Bank  |                                                   Leading Clock                                                    |       Type        |                                                                          Buffer                                                                           |  Regional Clock Fanouts  
RUN-1001 : ----------------------------------------------------------------------------------------------------------------------------------------------------------------------------------------------------------------------------------------------------------------------------------------------------------------------------------------
RUN-1001 :    1    |                 u_ph1p35_324_ddr_wrapper/u_ddr2/ph1p_ddrmc_wrapper/ph1p_ddrmc_top/u_alc_mc_top/clk                 |  (infered sclk)   |   u_ph1p35_324_ddr_wrapper/u_ddr2/ph1p_ddrmc_wrapper/ph1p_ddrmc_top/u_ddr_phy/u_ddrphy_top/u_ddrphy_clk/u_pll1/u_bufg_fbclk_auto_created_sclk_s_0_l_bk1   |           1687           
RUN-1001 :    2    |                  u_isp_top/u_rgb96_downscale_crop/u_scale_line_buffer/ram_f84573da5ab5_Inst/clkb                   |  (infered sclk)   |                           u_mipi_dphy_rx_ph1p_mipiio_wrapper/u_ph1p_mipiio_rx_wrapper/bufg_feedback_auto_created_sclk_s_0_l_bk2                           |           912            
RUN-1001 :    3    |                                                  I_sys_clk_syn_8                                                   |  (infered sclk)   |                                               I_sys_clk_dup_6_created_gclkinst_auto_created_sclk_s_0_l_bk3                                                |            84            
RUN-1001 :    4    |                                                  O_cam_24m_syn_3                                                   |  (infered sclk)   |                                               O_cam_24m_dup_1_created_gclkinst_auto_created_sclk_s_0_l_bk4                                                |            67            
RUN-1001 :    5    |                                       u_uicfgcs500/uii2c_inst/scl_clk_syn_9                                        |  (infered sclk)   |                                       u_uicfgcs500/uii2c_inst/scl_clk_created_gclkinst_auto_created_sclk_s_0_l_bk5                                        |            16            
RUN-1001 :    6    |  u_ph1p35_324_ddr_wrapper/u_ddr2/ph1p_ddrmc_wrapper/ph1p_ddrmc_top/u_ddr_phy/u_ddrphy_top/u_ddrphy/apb_pclk_syn_1  |  (infered sclk)   |  u_ph1p35_324_ddr_wrapper/u_ddr2/ph1p_ddrmc_wrapper/ph1p_ddrmc_top/u_ddr_phy/u_ddrphy_top/u_ddrphy/apb_pclk_created_gclkinst_auto_created_sclk_s_0_l_bk6  |            3             
RUN-1001 : ----------------------------------------------------------------------------------------------------------------------------------------------------------------------------------------------------------------------------------------------------------------------------------------------------------------------------------------
RUN-1001 : Clock Region s_0_r [24,0][47,39]; Utilization: 5 out of 12
RUN-1001 : ---------------------------------------------------------------------------------------------------------------------------------------------------------------------------------------------------------------------------------------------------------------------------------------------------------
RUN-1001 :   Bank  |                                     Leading Clock                                     |       Type        |                                                                         Buffer                                                                          |  Regional Clock Fanouts  
RUN-1001 : ---------------------------------------------------------------------------------------------------------------------------------------------------------------------------------------------------------------------------------------------------------------------------------------------------------
RUN-1001 :    1    |    u_isp_top/u_rgb96_downscale_crop/u_scale_line_buffer/ram_f84573da5ab5_Inst/clkb    |  (infered sclk)   |                          u_mipi_dphy_rx_ph1p_mipiio_wrapper/u_ph1p_mipiio_rx_wrapper/bufg_feedback_auto_created_sclk_s_0_r_bk1                          |           1588           
RUN-1001 :    2    |                              u_hdmi_mixer/I_clk_syn_652                               |  (infered sclk)   |                                             u_hdmi_mixer/I_clk_created_gclkinst_auto_created_sclk_s_0_r_bk2                                             |           513            
RUN-1001 :    3    |  u_ph1p35_324_ddr_wrapper/u_ddr2/ph1p_ddrmc_wrapper/ph1p_ddrmc_top/u_alc_mc_top/clk   |  (infered sclk)   |  u_ph1p35_324_ddr_wrapper/u_ddr2/ph1p_ddrmc_wrapper/ph1p_ddrmc_top/u_ddr_phy/u_ddrphy_top/u_ddrphy_clk/u_pll1/u_bufg_fbclk_auto_created_sclk_s_0_r_bk3  |           244            
RUN-1001 :    4    |                                    O_cam_24m_syn_3                                    |  (infered sclk)   |                                              O_cam_24m_dup_1_created_gclkinst_auto_created_sclk_s_0_r_bk4                                               |            7             
RUN-1001 :    5    |  u_mipi_dphy_rx_ph1p_mipiio_wrapper/u_ph1p_mipiio_rx_wrapper/u_lane0_hs_detect/I_clk  |  (infered sclk)   |                                                     u_PLL/bufg_feedback_auto_created_sclk_s_0_r_bk5                                                     |            7             
RUN-1001 : ---------------------------------------------------------------------------------------------------------------------------------------------------------------------------------------------------------------------------------------------------------------------------------------------------------
RUN-1001 : Clock Region s_1_l [0,40][23,79]; Utilization: 3 out of 12
RUN-1001 : ----------------------------------------------------------------------------------------------------------------------------------------------------------------------------------------------------------------------------------------------------------------------------------------------------------------------------------------
RUN-1001 :   Bank  |                                                   Leading Clock                                                    |       Type        |                                                                          Buffer                                                                           |  Regional Clock Fanouts  
RUN-1001 : ----------------------------------------------------------------------------------------------------------------------------------------------------------------------------------------------------------------------------------------------------------------------------------------------------------------------------------------
RUN-1001 :    1    |                 u_ph1p35_324_ddr_wrapper/u_ddr2/ph1p_ddrmc_wrapper/ph1p_ddrmc_top/u_alc_mc_top/clk                 |  (infered sclk)   |   u_ph1p35_324_ddr_wrapper/u_ddr2/ph1p_ddrmc_wrapper/ph1p_ddrmc_top/u_ddr_phy/u_ddrphy_top/u_ddrphy_clk/u_pll1/u_bufg_fbclk_auto_created_sclk_s_1_l_bk1   |            43            
RUN-1001 :    2    |                  u_isp_top/u_rgb96_downscale_crop/u_scale_line_buffer/ram_f84573da5ab5_Inst/clkb                   |  (infered sclk)   |                           u_mipi_dphy_rx_ph1p_mipiio_wrapper/u_ph1p_mipiio_rx_wrapper/bufg_feedback_auto_created_sclk_s_1_l_bk2                           |           1705           
RUN-1001 :    3    |  u_ph1p35_324_ddr_wrapper/u_ddr2/ph1p_ddrmc_wrapper/ph1p_ddrmc_top/u_ddr_phy/u_ddrphy_top/u_ddrphy/apb_pclk_syn_1  |  (infered sclk)   |  u_ph1p35_324_ddr_wrapper/u_ddr2/ph1p_ddrmc_wrapper/ph1p_ddrmc_top/u_ddr_phy/u_ddrphy_top/u_ddrphy/apb_pclk_created_gclkinst_auto_created_sclk_s_1_l_bk3  |            27            
RUN-1001 : ----------------------------------------------------------------------------------------------------------------------------------------------------------------------------------------------------------------------------------------------------------------------------------------------------------------------------------------
RUN-1001 : Clock Region s_1_r [24,40][43,79]; Utilization: 4 out of 12
RUN-1001 : -----------------------------------------------------------------------------------------------------------------------------------------------------------------------------------------------------------------------------------------------------------
RUN-1001 :   Bank  |                                     Leading Clock                                     |       Type        |                                                  Buffer                                                   |  Regional Clock Fanouts  
RUN-1001 : -----------------------------------------------------------------------------------------------------------------------------------------------------------------------------------------------------------------------------------------------------------
RUN-1001 :    1    |  u_mipi_dphy_rx_ph1p_mipiio_wrapper/u_ph1p_mipiio_rx_wrapper/u_lane0_hs_detect/I_clk  |  (infered sclk)   |                              u_PLL/bufg_feedback_auto_created_sclk_s_1_r_bk1                              |            1             
RUN-1001 :    2    |    u_isp_top/u_rgb96_downscale_crop/u_scale_line_buffer/ram_f84573da5ab5_Inst/clkb    |  (infered sclk)   |   u_mipi_dphy_rx_ph1p_mipiio_wrapper/u_ph1p_mipiio_rx_wrapper/bufg_feedback_auto_created_sclk_s_1_r_bk2   |           878            
RUN-1001 :    3    |                              u_hdmi_mixer/I_clk_syn_652                               |  (infered sclk)   |                      u_hdmi_mixer/I_clk_created_gclkinst_auto_created_sclk_s_1_r_bk3                      |           281            
RUN-1001 :    4    |           u_hdmi_tx/u_hdmi2phy_wrapper/u0_lane_lvds_8_1/I_serial_clk_syn_1            |  (infered sclk)   |  u_hdmi_tx/u_hdmi2phy_wrapper/u0_lane_lvds_8_1/I_serial_clk_created_gclkinst_auto_created_sclk_s_1_r_bk4  |            39            
RUN-1001 : -----------------------------------------------------------------------------------------------------------------------------------------------------------------------------------------------------------------------------------------------------------
PHY-1001 : Populate physical database on model design_top_wrapper.
PHY-1001 : Route runs in 32 thread(s)
RUN-1001 : There are total 13027 instances
RUN-1001 : 280 mslices, 12278 lslices, 54 pads, 46 brams, 8 dsps
RUN-1001 : There are total 30456 nets
RUN-1001 : 19450 nets have 2 pins
RUN-1001 : 8785 nets have [3 - 5] pins
RUN-1001 : 1475 nets have [6 - 10] pins
RUN-1001 : 488 nets have [11 - 20] pins
RUN-1001 : 242 nets have [21 - 99] pins
RUN-1001 : 16 nets have 100+ pins
RUN-1002 : start command "start_timer"
RUN-1003 : finish command "start_timer" in  3.150597s wall, 3.156250s user + 0.000000s system = 3.156250s CPU (100.2%)

RUN-1004 : used memory is 1172 MB, reserved memory is 1268 MB, peak memory is 1172 MB
PHY-1001 : 280 mslices, 12278 lslices, 54 pads, 46 brams, 8 dsps

PHY-1001 : Stage 1 | Global Routing
PHY-1001 : Start global routing, caller is route ...
RUN-1001 : Generating global routing grids ...
PHY-1001 : Generate routing nets ...
RUN-1001 : Generate nets statistics:
RUN-1001 : ----------------------------
RUN-1001 :        Type       |  Nets   
RUN-1001 : ----------------------------
RUN-1001 :   TotalRouteNets  |  21170  
RUN-1001 :   DontRouteNets   |  4451   
RUN-1001 :     RouteNets     |  16719  
RUN-1001 :     RouteSinks    |  31608  
RUN-1001 : ----------------------------
PHY-1001 : Global iterations in 32 thread ...
PHY-1002 : len = 1.41496e+06, over cnt = 1716(2%), over = 3751, worst = 9
PHY-1002 : len = 1.45797e+06, over cnt = 1148(1%), over = 2122, worst = 9
PHY-1002 : len = 1.49397e+06, over cnt = 491(0%), over = 915, worst = 9
PHY-1002 : len = 1.51819e+06, over cnt = 27(0%), over = 41, worst = 3
PHY-1002 : len = 1.5188e+06, over cnt = 0(0%), over = 0, worst = 0
PHY-1001 : End global iterations;  1.893435s wall, 2.781250s user + 0.078125s system = 2.859375s CPU (151.0%)

PHY-1001 : Congestion index:
PHY-1001 : top1  = 77.71(S 61.73, N 58.63, E 61.68, W 76.64, I 67.38, O 69.82)
PHY-1001 : top5  = 64.63(S 50.95, N 48.20, E 46.84, W 59.42, I 49.62, O 56.45)
PHY-1001 : top10 = 58.32(S 43.30, N 42.75, E 39.59, W 51.06, I 43.31, O 50.93)
PHY-1001 : top15 = 54.54(S 38.13, N 38.72, E 35.42, W 45.85, I 39.34, O 47.03)
PHY-1001 : End global routing;  2.304290s wall, 3.187500s user + 0.078125s system = 3.265625s CPU (141.7%)

PHY-1001 : End Stage 1 | Global Routing; Time: 2.304361s wall, 3.187500s user + 0.078125s system = 3.265625s CPU (141.7%); Memory(MB): used = 1193, reserved = 1268, peak = 1193;

PHY-1001 : Stage 2 | Detail Routing
PHY-1001 : Stage 2.1 | Build Routing Design
PHY-1001 : Routing in high effort: false
PHY-1001 : Routing Mode: normal
PHY-1001 : Generate detailed routing grids ...
RUN-1001 : Constructing routing connections ...
PHY-1001 : End build routing graph; 3.305700s wall, 23.781250s user + 0.234375s system = 24.015625s CPU (726.5%)

PHY-1001 : Generate nets ...
RUN-1001 : Generate nets statistics:
RUN-1001 : ------------------------------
RUN-1001 :         Type        |  Nets   
RUN-1001 : ------------------------------
RUN-1001 :        Route        |  21450  
RUN-1001 :      DontRoute      |  9006   
RUN-1001 :      RouteSinks     |  64938  
RUN-1001 :   RouteEntitySinks  |    0    
RUN-1001 :       Lut2Dff       |    0    
RUN-1001 :       Ram2Dff       |    0    
RUN-1001 :      Carry2Dff      |    0    
RUN-1001 : ------------------------------
RUN-1001 : DR clock net summary:
RUN-1001 : ---------------------------------------------------------------------------------------------------------------------------------------------------
RUN-1001 :   Net Idx  |                                                        Net Name                                                        |  Clock Type  
RUN-1001 : ---------------------------------------------------------------------------------------------------------------------------------------------------
RUN-1001 :      1     |                                                    I_sys_clk_dup_6                                                     |    Normal    
RUN-1001 :      2     |                                                    I_sys_clk_syn_8                                                     |    Normal    
RUN-1001 :      3     |                                                    O_cam_24m_dup_1                                                     |    Normal    
RUN-1001 :      4     |                                                    O_cam_24m_syn_3                                                     |    Normal    
RUN-1001 :      5     |                                                     u_PLL/clk0_buf                                                     |    Normal    
RUN-1001 :      6     |                                                   u_hdmi_mixer/I_clk                                                   |    Normal    
RUN-1001 :      7     |                                               u_hdmi_mixer/I_clk_syn_652                                               |    Normal    
RUN-1001 :      8     |                               u_hdmi_tx/u_hdmi2phy_wrapper/u0_lane_lvds_8_1/I_serial_clk                               |    Normal    
RUN-1001 :      9     |                            u_hdmi_tx/u_hdmi2phy_wrapper/u0_lane_lvds_8_1/I_serial_clk_syn_1                            |    Normal    
RUN-1001 :     10     |                    u_isp_top/u_rgb96_downscale_crop/u_scale_line_buffer/ram_f84573da5ab5_Inst/clkb                     |    Normal    
RUN-1001 :     11     |                     u_mipi_dphy_rx_ph1p_mipiio_wrapper/u_ph1p_mipiio_rx_wrapper/S_mipiio_hs_rx_clk                     |    Normal    
RUN-1001 :     12     |                  u_mipi_dphy_rx_ph1p_mipiio_wrapper/u_ph1p_mipiio_rx_wrapper/u_lane0_hs_detect/I_clk                   |    Normal    
RUN-1001 :     13     |                   u_ph1p35_324_ddr_wrapper/u_ddr2/ph1p_ddrmc_wrapper/ph1p_ddrmc_top/u_alc_mc_top/clk                   |    Normal    
RUN-1001 :     14     |       u_ph1p35_324_ddr_wrapper/u_ddr2/ph1p_ddrmc_wrapper/ph1p_ddrmc_top/u_ddr_phy/u_ddrphy_top/u_ddrphy/apb_pclk       |    Normal    
RUN-1001 :     15     |    u_ph1p35_324_ddr_wrapper/u_ddr2/ph1p_ddrmc_wrapper/ph1p_ddrmc_top/u_ddr_phy/u_ddrphy_top/u_ddrphy/apb_pclk_syn_1    |    Normal    
RUN-1001 :     16     |      u_ph1p35_324_ddr_wrapper/u_ddr2/ph1p_ddrmc_wrapper/ph1p_ddrmc_top/u_ddr_phy/u_ddrphy_top/u_ddrphy/ctl_clk[0]      |    Normal    
RUN-1001 :     17     |      u_ph1p35_324_ddr_wrapper/u_ddr2/ph1p_ddrmc_wrapper/ph1p_ddrmc_top/u_ddr_phy/u_ddrphy_top/u_ddrphy/ctl_clk[1]      |    Normal    
RUN-1001 :     18     |      u_ph1p35_324_ddr_wrapper/u_ddr2/ph1p_ddrmc_wrapper/ph1p_ddrmc_top/u_ddr_phy/u_ddrphy_top/u_ddrphy/ddr_clk[0]      |    Normal    
RUN-1001 :     19     |      u_ph1p35_324_ddr_wrapper/u_ddr2/ph1p_ddrmc_wrapper/ph1p_ddrmc_top/u_ddr_phy/u_ddrphy_top/u_ddrphy/ddr_clk[1]      |    Normal    
RUN-1001 :     20     |    u_ph1p35_324_ddr_wrapper/u_ddr2/ph1p_ddrmc_wrapper/ph1p_ddrmc_top/u_ddr_phy/u_ddrphy_top/u_ddrphy_clk/pll0_clk_1    |    Normal    
RUN-1001 :     21     |    u_ph1p35_324_ddr_wrapper/u_ddr2/ph1p_ddrmc_wrapper/ph1p_ddrmc_top/u_ddr_phy/u_ddrphy_top/u_ddrphy_clk/pll0_clk_2    |    Normal    
RUN-1001 :     22     |   u_ph1p35_324_ddr_wrapper/u_ddr2/ph1p_ddrmc_wrapper/ph1p_ddrmc_top/u_ddr_phy/u_ddrphy_top/u_ddrphy_clk/pll0_mlclk_1   |    Normal    
RUN-1001 :     23     |   u_ph1p35_324_ddr_wrapper/u_ddr2/ph1p_ddrmc_wrapper/ph1p_ddrmc_top/u_ddr_phy/u_ddrphy_top/u_ddrphy_clk/pll0_mlclk_2   |    Normal    
RUN-1001 :     24     |  u_ph1p35_324_ddr_wrapper/u_ddr2/ph1p_ddrmc_wrapper/ph1p_ddrmc_top/u_ddr_phy/u_ddrphy_top/u_ddrphy_clk/u_pll1/clkc[0]  |    Normal    
RUN-1001 :     25     |  u_ph1p35_324_ddr_wrapper/u_ddr2/ph1p_ddrmc_wrapper/ph1p_ddrmc_top/u_ddr_phy/u_ddrphy_top/u_ddrphy_clk/u_pll1/refclk   |    Normal    
RUN-1001 :     26     |                                            u_uicfgcs500/uii2c_inst/scl_clk                                             |    Normal    
RUN-1001 :     27     |                                         u_uicfgcs500/uii2c_inst/scl_clk_syn_9                                          |    Normal    
RUN-1001 : ---------------------------------------------------------------------------------------------------------------------------------------------------
RUN-1001 : DR clock buffer summary:
RUN-1001 : -------------------------------------------------------------------------------------------------------------------------------------------------------------------
RUN-1001 :   Idx  |                                                                           Name                                                                            
RUN-1001 : -------------------------------------------------------------------------------------------------------------------------------------------------------------------
RUN-1001 :    1   |   u_ph1p35_324_ddr_wrapper/u_ddr2/ph1p_ddrmc_wrapper/ph1p_ddrmc_top/u_ddr_phy/u_ddrphy_top/u_ddrphy_clk/u_pll1/u_bufg_fbclk_auto_created_sclk_s_0_l_bk1   
RUN-1001 :    2   |                           u_mipi_dphy_rx_ph1p_mipiio_wrapper/u_ph1p_mipiio_rx_wrapper/bufg_feedback_auto_created_sclk_s_0_l_bk2                           
RUN-1001 :    3   |                                               I_sys_clk_dup_6_created_gclkinst_auto_created_sclk_s_0_l_bk3                                                
RUN-1001 :    4   |                                               O_cam_24m_dup_1_created_gclkinst_auto_created_sclk_s_0_l_bk4                                                
RUN-1001 :    5   |                                       u_uicfgcs500/uii2c_inst/scl_clk_created_gclkinst_auto_created_sclk_s_0_l_bk5                                        
RUN-1001 :    6   |  u_ph1p35_324_ddr_wrapper/u_ddr2/ph1p_ddrmc_wrapper/ph1p_ddrmc_top/u_ddr_phy/u_ddrphy_top/u_ddrphy/apb_pclk_created_gclkinst_auto_created_sclk_s_0_l_bk6  
RUN-1001 :    7   |                           u_mipi_dphy_rx_ph1p_mipiio_wrapper/u_ph1p_mipiio_rx_wrapper/bufg_feedback_auto_created_sclk_s_0_r_bk1                           
RUN-1001 :    8   |                                              u_hdmi_mixer/I_clk_created_gclkinst_auto_created_sclk_s_0_r_bk2                                              
RUN-1001 :    9   |   u_ph1p35_324_ddr_wrapper/u_ddr2/ph1p_ddrmc_wrapper/ph1p_ddrmc_top/u_ddr_phy/u_ddrphy_top/u_ddrphy_clk/u_pll1/u_bufg_fbclk_auto_created_sclk_s_0_r_bk3   
RUN-1001 :   10   |                                               O_cam_24m_dup_1_created_gclkinst_auto_created_sclk_s_0_r_bk4                                                
RUN-1001 :   11   |                                                      u_PLL/bufg_feedback_auto_created_sclk_s_0_r_bk5                                                      
RUN-1001 :   12   |   u_ph1p35_324_ddr_wrapper/u_ddr2/ph1p_ddrmc_wrapper/ph1p_ddrmc_top/u_ddr_phy/u_ddrphy_top/u_ddrphy_clk/u_pll1/u_bufg_fbclk_auto_created_sclk_s_1_l_bk1   
RUN-1001 :   13   |                           u_mipi_dphy_rx_ph1p_mipiio_wrapper/u_ph1p_mipiio_rx_wrapper/bufg_feedback_auto_created_sclk_s_1_l_bk2                           
RUN-1001 :   14   |  u_ph1p35_324_ddr_wrapper/u_ddr2/ph1p_ddrmc_wrapper/ph1p_ddrmc_top/u_ddr_phy/u_ddrphy_top/u_ddrphy/apb_pclk_created_gclkinst_auto_created_sclk_s_1_l_bk3  
RUN-1001 :   15   |                                                      u_PLL/bufg_feedback_auto_created_sclk_s_1_r_bk1                                                      
RUN-1001 :   16   |                           u_mipi_dphy_rx_ph1p_mipiio_wrapper/u_ph1p_mipiio_rx_wrapper/bufg_feedback_auto_created_sclk_s_1_r_bk2                           
RUN-1001 :   17   |                                              u_hdmi_mixer/I_clk_created_gclkinst_auto_created_sclk_s_1_r_bk3                                              
RUN-1001 :   18   |                          u_hdmi_tx/u_hdmi2phy_wrapper/u0_lane_lvds_8_1/I_serial_clk_created_gclkinst_auto_created_sclk_s_1_r_bk4                          
RUN-1001 : -------------------------------------------------------------------------------------------------------------------------------------------------------------------
PHY-1001 : End Stage 2.1 | Build Routing Design; Time: 3.832223s wall, 24.281250s user + 0.250000s system = 24.531250s CPU (640.1%); Memory(MB): used = 1514, reserved = 1507, peak = 1514;

RUN-1001 : Top Percentage Crit. Net Stat.
RUN-1001 : -------------------------------------------------------
RUN-1001 :   Top %  |  Net Count  |  Avg. Fanout  |  Avg. Slack   
RUN-1001 : -------------------------------------------------------
RUN-1001 :     1    |     304     |   2.667763    |  3180.769737  
RUN-1001 :     2    |     609     |   2.960591    |  3940.106732  
RUN-1001 :     3    |     913     |   3.205915    |  4287.813801  
RUN-1001 :     4    |    1218     |   3.275041    |  4499.756979  
RUN-1001 :     5    |    1522     |   3.124179    |  4651.931012  
RUN-1001 :     6    |    1827     |   2.972633    |  4770.995621  
RUN-1001 :     7    |    2131     |   2.865791    |  4870.376818  
RUN-1001 :     8    |    2436     |   2.800493    |  4957.238916  
RUN-1001 :     9    |    2741     |   2.783656    |  5034.050347  
RUN-1001 :    10    |    3045     |   2.797373    |  5102.846962  
RUN-1001 : -------------------------------------------------------
PHY-1001 : Stage 2.2 | Tile Base Routing
PHY-1001 : 182 nets need to preroute.
PHY-1001 : len = 0, over cnt = 0(0%), over = 0, worst = 0, crit = 0
PHY-1001 : End Stage 2.2 | Tile Base Routing; Time: 0.296009s wall, 6.718750s user + 0.093750s system = 6.812500s CPU (2301.4%); Memory(MB): used = 1521, reserved = 1515, peak = 1521;

PHY-1001 : Stage 2.3 | Clock Nets Routing
PHY-1001 : Routed 0% nets.
PHY-1001 : len = 376576, over cnt = 0(0%), over = 0, worst = 0, crit = 0
PHY-1001 : End Stage 2.3 | Clock Nets Routing; Time: 1.226954s wall, 1.171875s user + 0.062500s system = 1.234375s CPU (100.6%); Memory(MB): used = 1556, reserved = 1549, peak = 1556;

PHY-1001 : Stage 2.4 | Routing Initialization
PHY-1001 : Mark 1% net(place mode slack < 4340ps) as critical nets.
PHY-1001 : Stage 2.4.1 | Normal Nets Routing
PHY-1001 : Routed 70% nets.
PHY-1001 : len = 2.45986e+06, over cnt = 11738(0%), over = 12491, worst = 3, crit = 0
PHY-1001 : End Stage 2.4.1 | Normal Nets Routing; Time: 8.229103s wall, 17.437500s user + 0.296875s system = 17.734375s CPU (215.5%); Memory(MB): used = 1597, reserved = 1590, peak = 1597;

PHY-1001 : Stage 2.4.2 | Update Timing
RUN-1002 : start command "start_timer"
USR-1002 : Derived clock:  create_generated_clock -name {u_PLL/ph1p_phy_pll_wrapper_25a56e5ce2f9_Inst/u_PH1P_PHY_PLL.clkc[0]} -source [get_ports {I_sys_clk}] -master_clock {sys_clk_50m} -multiply_by 2.0000 -duty_cycle 50.0000 [get_pins {u_PLL/ph1p_phy_pll_wrapper_25a56e5ce2f9_Inst/u_PH1P_PHY_PLL.clkc[0]}]
USR-1002 : Derived clock:  create_generated_clock -name {u_PLL/ph1p_phy_pll_wrapper_25a56e5ce2f9_Inst/u_PH1P_PHY_PLL.clkc[1]} -source [get_ports {I_sys_clk}] -master_clock {sys_clk_50m} -divide_by 2.1000 -duty_cycle 50.0000 [get_pins {u_PLL/ph1p_phy_pll_wrapper_25a56e5ce2f9_Inst/u_PH1P_PHY_PLL.clkc[1]}]
USR-1002 : Derived clock:  create_generated_clock -name {u_PLL/ph1p_phy_pll_wrapper_25a56e5ce2f9_Inst/u_PH1P_PHY_PLL.clkc[4]} -source [get_ports {I_sys_clk}] -master_clock {sys_clk_50m} -multiply_by 1.5000 -duty_cycle 50.0000 [get_pins {u_PLL/ph1p_phy_pll_wrapper_25a56e5ce2f9_Inst/u_PH1P_PHY_PLL.clkc[4]}]
USR-1002 : Derived clock:  create_generated_clock -name {u_PLL/ph1p_phy_pll_wrapper_25a56e5ce2f9_Inst/u_PH1P_PHY_PLL.clkc[5]} -source [get_ports {I_sys_clk}] -master_clock {sys_clk_50m} -multiply_by 7.5000 -duty_cycle 50.0000 [get_pins {u_PLL/ph1p_phy_pll_wrapper_25a56e5ce2f9_Inst/u_PH1P_PHY_PLL.clkc[5]}]
USR-1002 : Derived clock:  create_generated_clock -name {u_ph1p35_324_ddr_wrapper/u_ddr2/ph1p_ddrmc_wrapper/ph1p_ddrmc_top/u_ddr_phy/u_ddrphy_top/u_ddrphy_clk/u_pll0/u_pll_inst.clkc[0]} -source [get_ports {I_sys_clk}] -master_clock {sys_clk_50m} -multiply_by 1.3333 -duty_cycle 50.0000 [get_pins {u_ph1p35_324_ddr_wrapper/u_ddr2/ph1p_ddrmc_wrapper/ph1p_ddrmc_top/u_ddr_phy/u_ddrphy_top/u_ddrphy_clk/u_pll0/u_pll_inst.clkc[0]}]
USR-1002 : Derived clock:  create_generated_clock -name {u_ph1p35_324_ddr_wrapper/u_ddr2/ph1p_ddrmc_wrapper/ph1p_ddrmc_top/u_ddr_phy/u_ddrphy_top/u_ddrphy_clk/u_pll0/u_pll_inst.clkc[1]} -source [get_ports {I_sys_clk}] -master_clock {sys_clk_50m} -multiply_by 1.3333 -duty_cycle 50.0000 [get_pins {u_ph1p35_324_ddr_wrapper/u_ddr2/ph1p_ddrmc_wrapper/ph1p_ddrmc_top/u_ddr_phy/u_ddrphy_top/u_ddrphy_clk/u_pll0/u_pll_inst.clkc[1]}]
USR-1002 : Derived clock:  create_generated_clock -name {u_ph1p35_324_ddr_wrapper/u_ddr2/ph1p_ddrmc_wrapper/ph1p_ddrmc_top/u_ddr_phy/u_ddrphy_top/u_ddrphy_clk/u_pll0/u_pll_inst.clkc[2]} -source [get_ports {I_sys_clk}] -master_clock {sys_clk_50m} -multiply_by 5.3333 -duty_cycle 50.0000 [get_pins {u_ph1p35_324_ddr_wrapper/u_ddr2/ph1p_ddrmc_wrapper/ph1p_ddrmc_top/u_ddr_phy/u_ddrphy_top/u_ddrphy_clk/u_pll0/u_pll_inst.clkc[2]}]
USR-1002 : Derived clock:  create_generated_clock -name {u_ph1p35_324_ddr_wrapper/u_ddr2/ph1p_ddrmc_wrapper/ph1p_ddrmc_top/u_ddr_phy/u_ddrphy_top/u_ddrphy_clk/u_pll0/u_pll_inst.clkc[3]} -source [get_ports {I_sys_clk}] -master_clock {sys_clk_50m} -divide_by 1.9687 -duty_cycle 50.0000 [get_pins {u_ph1p35_324_ddr_wrapper/u_ddr2/ph1p_ddrmc_wrapper/ph1p_ddrmc_top/u_ddr_phy/u_ddrphy_top/u_ddrphy_clk/u_pll0/u_pll_inst.clkc[3]}]
USR-1002 : Derived clock:  create_generated_clock -name {u_ph1p35_324_ddr_wrapper/u_ddr2/ph1p_ddrmc_wrapper/ph1p_ddrmc_top/u_ddr_phy/u_ddrphy_top/u_ddrphy_clk/u_pll1/u_pll_inst.clkc[0]} -source [get_pins {u_ph1p35_324_ddr_wrapper/u_ddr2/ph1p_ddrmc_wrapper/ph1p_ddrmc_top/u_ddr_phy/u_ddrphy_top/u_ddrphy_clk/u_pll0/u_pll_inst.clkc[0]}] -master_clock {u_ph1p35_324_ddr_wrapper/u_ddr2/ph1p_ddrmc_wrapper/ph1p_ddrmc_top/u_ddr_phy/u_ddrphy_top/u_ddrphy_clk/u_pll0/u_pll_inst.clkc[0]} -multiply_by 1.0000 -duty_cycle 50.0000 [get_pins {u_ph1p35_324_ddr_wrapper/u_ddr2/ph1p_ddrmc_wrapper/ph1p_ddrmc_top/u_ddr_phy/u_ddrphy_top/u_ddrphy_clk/u_pll1/u_pll_inst.clkc[0]}]
8.888000
15.000000
15.000000
13.333000
RUN-1003 : finish command "start_timer" in  2.058806s wall, 2.046875s user + 0.000000s system = 2.046875s CPU (99.4%)

RUN-1004 : used memory is 1597 MB, reserved memory is 1590 MB, peak memory is 1597 MB
TMR-2502 : Net delay update with mode: Routed
PHY-1001 : 0/21170(0%) critical/total net(s).
PHY-1001 : Setup: WNS(ns) = 1.334, TNS(ns) = 0.000, FEP = 0 | Hold: WNS(ns) = -0.224, TNS(ns) = -9.260, FEP = 202.
PHY-1001 : End Stage 2.4.2 | Update Timing; Time: 6.200731s wall, 6.109375s user + 0.062500s system = 6.171875s CPU (99.5%); Memory(MB): used = 1705, reserved = 1699, peak = 1705;

PHY-1001 : Stage 2.4.3 | Deskew Clock Tree
RUN-1001 : Deskew Summary
RUN-1001 : ---------------------------------------------------------------------------------------------------------------------------------
RUN-1001 :                                                 Clock                                                 |  Pre-Skew  |  Post-Skew  
RUN-1001 : ---------------------------------------------------------------------------------------------------------------------------------
RUN-1001 :                                             mipi_rx_ck_pad                                            |     32     |     32      
RUN-1001 :   u_mipi_dphy_rx_ph1p_mipiio_wrapper/u_ph1p_mipiio_rx_wrapper/u_PH1P_LOGIC_DPHY_MIPI_RX.io_clk_pad_p  |     32     |     32      
RUN-1001 :                                            MIPI_RX_BYTE_CLK                                           |     32     |     32      
RUN-1001 :                                              pll_clk_100m                                             |     20     |     20      
RUN-1001 :                                             HDMI_PIXEL_CLK                                            |     13     |     13      
RUN-1001 :                                u_ph1p35_324_ddr_wrapper/u_ddr2/usr_clk                                |     15     |     15      
RUN-1001 :                                u_ph1p35_324_ddr_wrapper/u_ddr2/mcu_clk                                |     13     |     13      
RUN-1001 :                                              pll_clk_24m                                              |     4      |      4      
RUN-1001 : ---------------------------------------------------------------------------------------------------------------------------------
PHY-1001 : 0/21170(0%) critical/total net(s).
PHY-1001 : Setup: WNS(ns) = 1.334, TNS(ns) = 0.000, FEP = 0 | Hold: WNS(ns) = -0.224, TNS(ns) = -9.260, FEP = 202.
PHY-1001 : End Stage 2.4.3 | Deskew Clock Tree; Time: 4.370604s wall, 4.296875s user + 0.046875s system = 4.343750s CPU (99.4%); Memory(MB): used = 1737, reserved = 1729, peak = 1737;

PHY-1001 : End Stage 2.4 | Routing Initialization; Time: 18.943049s wall, 27.968750s user + 0.421875s system = 28.390625s CPU (149.9%); Memory(MB): used = 1737, reserved = 1729, peak = 1737;

PHY-1001 : Stage 2.5 | Routing Optimization
PHY-1001 : Build lut bridge;  0.187640s wall, 0.171875s user + 0.015625s system = 0.187500s CPU (99.9%)

PHY-1001 : Stage 2.5.1 | Phase 1
PHY-1001 : Stage 2.5.1.1 | Hold TimeOptimization
PHY-1001 : Iter 0; Processed 263 pins with HWNS -0.224ns HTNS -2.715ns FEP 80 took 0.520989 seconds.
PHY-1001 : Iter 1; Processed 363 pins with HWNS -0.007ns HTNS -0.007ns FEP 1 took 1.08803 seconds.
PHY-1001 : len = 2.48504e+06, over cnt = 11667(0%), over = 12422, worst = 3, crit = 0
PHY-1001 : End Stage 2.5.1.1 | Hold TimeOptimization; Time: 1.715073s wall, 1.781250s user + 0.015625s system = 1.796875s CPU (104.8%); Memory(MB): used = 1739, reserved = 1731, peak = 1739;

PHY-1001 : Stage 2.5.1.2 | High Fanout Nets Optimization
PHY-1001 : High fanout net optimize summary:
PHY-1001 : Process 0 nets and 0 pins with SWNS 1.334ns STNS 0.000ns FEP 0.
PHY-1001 : len = 2.48504e+06, over cnt = 11667(0%), over = 12422, worst = 3, crit = 0
PHY-1001 : End Stage 2.5.1.2 | High Fanout Nets Optimization; Time: 0.294523s wall, 0.390625s user + 0.015625s system = 0.406250s CPU (137.9%); Memory(MB): used = 1739, reserved = 1731, peak = 1739;

PHY-1001 : Stage 2.5.1.3 | Setup TimeOptimization
PHY-1001 : len = 2.48504e+06, over cnt = 11667(0%), over = 12422, worst = 3, crit = 0
PHY-1001 : End Stage 2.5.1.3 | Setup TimeOptimization; Time: 0.288604s wall, 0.281250s user + 0.000000s system = 0.281250s CPU (97.5%); Memory(MB): used = 1739, reserved = 1731, peak = 1739;

PHY-1001 : Stage 2.5.1.4 | Rip-up And ReRoute
PHY-0007 : Congestion: {77.30, 67.76, 62.75, 59.45}; Timing: {1.334ns, 0.000ns, 0}
PHY-1001 : Iter 1: len = 2.57986e+06, over cnt = 4545(0%), over = 4654, worst = 3, crit = 0, time(s) = 6.44
PHY-1001 : Iter 2: len = 2.59901e+06, over cnt = 2776(0%), over = 2796, worst = 3, crit = 0, time(s) = 3.31
PHY-1001 : Iter 3: len = 2.60323e+06, over cnt = 2181(0%), over = 2188, worst = 2, crit = 0, time(s) = 1.55
PHY-1001 : Iter 4: len = 2.63848e+06, over cnt = 964(0%), over = 964, worst = 1, crit = 0, time(s) = 2.77
PHY-1001 : Iter 5: len = 2.64363e+06, over cnt = 782(0%), over = 782, worst = 1, crit = 0, time(s) = 0.84
PHY-1001 : Iter 6: len = 2.64867e+06, over cnt = 609(0%), over = 609, worst = 1, crit = 0, time(s) = 0.95
PHY-1001 : Iter 7: len = 2.6505e+06, over cnt = 518(0%), over = 518, worst = 1, crit = 0, time(s) = 0.67
PHY-1001 : Marking 10 (0.26%) hot zones with cutoff utilization 82.35.
PHY-1001 : Iter 8: len = 2.67034e+06, over cnt = 159(0%), over = 159, worst = 1, crit = 0, time(s) = 0.55
PHY-1001 : Iter 9: len = 2.67654e+06, over cnt = 42(0%), over = 42, worst = 1, crit = 0, time(s) = 0.39
PHY-1001 : Iter 10: len = 2.67806e+06, over cnt = 19(0%), over = 19, worst = 1, crit = 0, time(s) = 0.10
PHY-1001 : Iter 11: len = 2.67901e+06, over cnt = 4(0%), over = 4, worst = 1, crit = 0, time(s) = 0.12
PHY-1001 : Iter 12: len = 2.67928e+06, over cnt = 0(0%), over = 0, worst = 0, crit = 0, time(s) = 0.07
PHY-1001 : Marking 10 (0.26%) hot zones with cutoff utilization 82.35.
PHY-1001 : Update congestion ...
PHY-1001 : Marking 10 (0.26%) hot zones with cutoff utilization 82.35.
PHY-1001 : Congestion index:
PHY-1001 : top1  = 81.71(S 63.10, N 62.35, E 67.27, W 81.42, I 67.38, O 69.82)
PHY-1001 : top5  = 71.72(S 56.19, N 55.18, E 56.77, W 70.73, I 49.62, O 56.45)
PHY-1001 : top10 = 66.65(S 51.34, N 51.01, E 50.89, W 64.18, I 43.31, O 50.93)
PHY-1001 : top15 = 63.54(S 47.75, N 47.92, E 46.60, W 59.70, I 39.34, O 47.03)
PHY-1001 : End update congestion; 0.030131s wall, 0.015625s user + 0.000000s system = 0.015625s CPU (51.9%)

PHY-1001 : End Stage 2.5.1.4 | Rip-up And ReRoute; Time: 17.974703s wall, 38.390625s user + 1.359375s system = 39.750000s CPU (221.1%); Memory(MB): used = 1742, reserved = 1735, peak = 1742;

PHY-1001 : Stage 2.5.1.5 | Update Timing
PHY-1001 : 0/21170(0%) critical/total net(s).
PHY-1001 : Setup: WNS(ns) = 0.883, TNS(ns) = 0.000, FEP = 0 | Hold: WNS(ns) = -0.129, TNS(ns) = -1.042, FEP = 30.
PHY-1001 : End Stage 2.5.1.5 | Update Timing; Time: 3.189353s wall, 3.046875s user + 0.109375s system = 3.156250s CPU (99.0%); Memory(MB): used = 1756, reserved = 1749, peak = 1756;

PHY-1001 : Stage 2.5.1.6 | Commit Data
PHY-1001 : Commit better result to database ...
PHY-1001 : End Stage 2.5.1.6 | Commit Data; Time: 0.160703s wall, 0.140625s user + 0.000000s system = 0.140625s CPU (87.5%); Memory(MB): used = 1774, reserved = 1769, peak = 1774;

PHY-1001 : End Stage 2.5.1 | Phase 1; Time: 24.304499s wall, 44.953125s user + 1.578125s system = 46.531250s CPU (191.5%); Memory(MB): used = 1774, reserved = 1769, peak = 1774;

PHY-1001 : End Stage 2.5 | Routing Optimization; Time: 29.759978s wall, 50.203125s user + 1.781250s system = 51.984375s CPU (174.7%); Memory(MB): used = 1774, reserved = 1769, peak = 1774;

PHY-1001 : Stage 2.6 | Multi-try route Optimization
PHY-1001 : End Stage 2.6 | Multi-try route Optimization; Time: 0.087832s wall, 0.078125s user + 0.000000s system = 0.078125s CPU (88.9%); Memory(MB): used = 1776, reserved = 1769, peak = 1776;

PHY-1003 : Routed, final wirelength = 2.67928e+06
RUN-1001 : Clock region assignment statistics:
RUN-1001 : Clock Region s_0_l [0,0][23,39]; Utilization: 6 out of 12
RUN-1001 : -----------------------------------------------------------------------------------------------------------------------------------------------------------------------------------------------------------------------------------------------------------------------------------------------------------------------------------------------------------------------------------------------------------------------------------------------------
RUN-1001 :   Bank  |                                                   Assigned Clock                                                   |                                                    Route Clock                                                     |  Marking  |                                                                          Buffer                                                                           |  Regional Clock Fanouts  
RUN-1001 : -----------------------------------------------------------------------------------------------------------------------------------------------------------------------------------------------------------------------------------------------------------------------------------------------------------------------------------------------------------------------------------------------------------------------------------------------------
RUN-1001 :    1    |                 u_ph1p35_324_ddr_wrapper/u_ddr2/ph1p_ddrmc_wrapper/ph1p_ddrmc_top/u_alc_mc_top/clk                 |                 u_ph1p35_324_ddr_wrapper/u_ddr2/ph1p_ddrmc_wrapper/ph1p_ddrmc_top/u_alc_mc_top/clk                 |           |   u_ph1p35_324_ddr_wrapper/u_ddr2/ph1p_ddrmc_wrapper/ph1p_ddrmc_top/u_ddr_phy/u_ddrphy_top/u_ddrphy_clk/u_pll1/u_bufg_fbclk_auto_created_sclk_s_0_l_bk1   |           1687           
RUN-1001 :    2    |                  u_isp_top/u_rgb96_downscale_crop/u_scale_line_buffer/ram_f84573da5ab5_Inst/clkb                   |                  u_isp_top/u_rgb96_downscale_crop/u_scale_line_buffer/ram_f84573da5ab5_Inst/clkb                   |           |                           u_mipi_dphy_rx_ph1p_mipiio_wrapper/u_ph1p_mipiio_rx_wrapper/bufg_feedback_auto_created_sclk_s_0_l_bk2                           |           912            
RUN-1001 :    3    |                                                  I_sys_clk_syn_8                                                   |                                                  I_sys_clk_syn_8                                                   |           |                                               I_sys_clk_dup_6_created_gclkinst_auto_created_sclk_s_0_l_bk3                                                |            84            
RUN-1001 :    4    |                                                  O_cam_24m_syn_3                                                   |                                                  O_cam_24m_syn_3                                                   |           |                                               O_cam_24m_dup_1_created_gclkinst_auto_created_sclk_s_0_l_bk4                                                |            67            
RUN-1001 :    5    |                                       u_uicfgcs500/uii2c_inst/scl_clk_syn_9                                        |                                       u_uicfgcs500/uii2c_inst/scl_clk_syn_9                                        |           |                                       u_uicfgcs500/uii2c_inst/scl_clk_created_gclkinst_auto_created_sclk_s_0_l_bk5                                        |            16            
RUN-1001 :    6    |  u_ph1p35_324_ddr_wrapper/u_ddr2/ph1p_ddrmc_wrapper/ph1p_ddrmc_top/u_ddr_phy/u_ddrphy_top/u_ddrphy/apb_pclk_syn_1  |  u_ph1p35_324_ddr_wrapper/u_ddr2/ph1p_ddrmc_wrapper/ph1p_ddrmc_top/u_ddr_phy/u_ddrphy_top/u_ddrphy/apb_pclk_syn_1  |           |  u_ph1p35_324_ddr_wrapper/u_ddr2/ph1p_ddrmc_wrapper/ph1p_ddrmc_top/u_ddr_phy/u_ddrphy_top/u_ddrphy/apb_pclk_created_gclkinst_auto_created_sclk_s_0_l_bk6  |            3             
RUN-1001 : -----------------------------------------------------------------------------------------------------------------------------------------------------------------------------------------------------------------------------------------------------------------------------------------------------------------------------------------------------------------------------------------------------------------------------------------------------
RUN-1001 : Clock Region s_0_r [24,0][47,39]; Utilization: 5 out of 12
RUN-1001 : -----------------------------------------------------------------------------------------------------------------------------------------------------------------------------------------------------------------------------------------------------------------------------------------------------------------------------------------------------------------------------------------
RUN-1001 :   Bank  |                                    Assigned Clock                                     |                                      Route Clock                                      |  Marking  |                                                                         Buffer                                                                          |  Regional Clock Fanouts  
RUN-1001 : -----------------------------------------------------------------------------------------------------------------------------------------------------------------------------------------------------------------------------------------------------------------------------------------------------------------------------------------------------------------------------------------
RUN-1001 :    1    |    u_isp_top/u_rgb96_downscale_crop/u_scale_line_buffer/ram_f84573da5ab5_Inst/clkb    |    u_isp_top/u_rgb96_downscale_crop/u_scale_line_buffer/ram_f84573da5ab5_Inst/clkb    |           |                          u_mipi_dphy_rx_ph1p_mipiio_wrapper/u_ph1p_mipiio_rx_wrapper/bufg_feedback_auto_created_sclk_s_0_r_bk1                          |           1588           
RUN-1001 :    2    |                              u_hdmi_mixer/I_clk_syn_652                               |                              u_hdmi_mixer/I_clk_syn_652                               |           |                                             u_hdmi_mixer/I_clk_created_gclkinst_auto_created_sclk_s_0_r_bk2                                             |           513            
RUN-1001 :    3    |  u_ph1p35_324_ddr_wrapper/u_ddr2/ph1p_ddrmc_wrapper/ph1p_ddrmc_top/u_alc_mc_top/clk   |  u_ph1p35_324_ddr_wrapper/u_ddr2/ph1p_ddrmc_wrapper/ph1p_ddrmc_top/u_alc_mc_top/clk   |           |  u_ph1p35_324_ddr_wrapper/u_ddr2/ph1p_ddrmc_wrapper/ph1p_ddrmc_top/u_ddr_phy/u_ddrphy_top/u_ddrphy_clk/u_pll1/u_bufg_fbclk_auto_created_sclk_s_0_r_bk3  |           244            
RUN-1001 :    4    |                                    O_cam_24m_syn_3                                    |                                    O_cam_24m_syn_3                                    |           |                                              O_cam_24m_dup_1_created_gclkinst_auto_created_sclk_s_0_r_bk4                                               |            7             
RUN-1001 :    5    |  u_mipi_dphy_rx_ph1p_mipiio_wrapper/u_ph1p_mipiio_rx_wrapper/u_lane0_hs_detect/I_clk  |  u_mipi_dphy_rx_ph1p_mipiio_wrapper/u_ph1p_mipiio_rx_wrapper/u_lane0_hs_detect/I_clk  |           |                                                     u_PLL/bufg_feedback_auto_created_sclk_s_0_r_bk5                                                     |            7             
RUN-1001 : -----------------------------------------------------------------------------------------------------------------------------------------------------------------------------------------------------------------------------------------------------------------------------------------------------------------------------------------------------------------------------------------
RUN-1001 : Clock Region s_1_l [0,40][23,79]; Utilization: 3 out of 12
RUN-1001 : -----------------------------------------------------------------------------------------------------------------------------------------------------------------------------------------------------------------------------------------------------------------------------------------------------------------------------------------------------------------------------------------------------------------------------------------------------
RUN-1001 :   Bank  |                                                   Assigned Clock                                                   |                                                    Route Clock                                                     |  Marking  |                                                                          Buffer                                                                           |  Regional Clock Fanouts  
RUN-1001 : -----------------------------------------------------------------------------------------------------------------------------------------------------------------------------------------------------------------------------------------------------------------------------------------------------------------------------------------------------------------------------------------------------------------------------------------------------
RUN-1001 :    1    |                 u_ph1p35_324_ddr_wrapper/u_ddr2/ph1p_ddrmc_wrapper/ph1p_ddrmc_top/u_alc_mc_top/clk                 |                 u_ph1p35_324_ddr_wrapper/u_ddr2/ph1p_ddrmc_wrapper/ph1p_ddrmc_top/u_alc_mc_top/clk                 |           |   u_ph1p35_324_ddr_wrapper/u_ddr2/ph1p_ddrmc_wrapper/ph1p_ddrmc_top/u_ddr_phy/u_ddrphy_top/u_ddrphy_clk/u_pll1/u_bufg_fbclk_auto_created_sclk_s_1_l_bk1   |            43            
RUN-1001 :    2    |                  u_isp_top/u_rgb96_downscale_crop/u_scale_line_buffer/ram_f84573da5ab5_Inst/clkb                   |                  u_isp_top/u_rgb96_downscale_crop/u_scale_line_buffer/ram_f84573da5ab5_Inst/clkb                   |           |                           u_mipi_dphy_rx_ph1p_mipiio_wrapper/u_ph1p_mipiio_rx_wrapper/bufg_feedback_auto_created_sclk_s_1_l_bk2                           |           1705           
RUN-1001 :    3    |  u_ph1p35_324_ddr_wrapper/u_ddr2/ph1p_ddrmc_wrapper/ph1p_ddrmc_top/u_ddr_phy/u_ddrphy_top/u_ddrphy/apb_pclk_syn_1  |  u_ph1p35_324_ddr_wrapper/u_ddr2/ph1p_ddrmc_wrapper/ph1p_ddrmc_top/u_ddr_phy/u_ddrphy_top/u_ddrphy/apb_pclk_syn_1  |           |  u_ph1p35_324_ddr_wrapper/u_ddr2/ph1p_ddrmc_wrapper/ph1p_ddrmc_top/u_ddr_phy/u_ddrphy_top/u_ddrphy/apb_pclk_created_gclkinst_auto_created_sclk_s_1_l_bk3  |            27            
RUN-1001 : -----------------------------------------------------------------------------------------------------------------------------------------------------------------------------------------------------------------------------------------------------------------------------------------------------------------------------------------------------------------------------------------------------------------------------------------------------
RUN-1001 : Clock Region s_1_r [24,40][43,79]; Utilization: 4 out of 12
RUN-1001 : -------------------------------------------------------------------------------------------------------------------------------------------------------------------------------------------------------------------------------------------------------------------------------------------------------------------------------------------
RUN-1001 :   Bank  |                                    Assigned Clock                                     |                                      Route Clock                                      |  Marking  |                                                  Buffer                                                   |  Regional Clock Fanouts  
RUN-1001 : -------------------------------------------------------------------------------------------------------------------------------------------------------------------------------------------------------------------------------------------------------------------------------------------------------------------------------------------
RUN-1001 :    1    |  u_mipi_dphy_rx_ph1p_mipiio_wrapper/u_ph1p_mipiio_rx_wrapper/u_lane0_hs_detect/I_clk  |  u_mipi_dphy_rx_ph1p_mipiio_wrapper/u_ph1p_mipiio_rx_wrapper/u_lane0_hs_detect/I_clk  |           |                              u_PLL/bufg_feedback_auto_created_sclk_s_1_r_bk1                              |            1             
RUN-1001 :    2    |    u_isp_top/u_rgb96_downscale_crop/u_scale_line_buffer/ram_f84573da5ab5_Inst/clkb    |    u_isp_top/u_rgb96_downscale_crop/u_scale_line_buffer/ram_f84573da5ab5_Inst/clkb    |           |   u_mipi_dphy_rx_ph1p_mipiio_wrapper/u_ph1p_mipiio_rx_wrapper/bufg_feedback_auto_created_sclk_s_1_r_bk2   |           878            
RUN-1001 :    3    |                              u_hdmi_mixer/I_clk_syn_652                               |                              u_hdmi_mixer/I_clk_syn_652                               |           |                      u_hdmi_mixer/I_clk_created_gclkinst_auto_created_sclk_s_1_r_bk3                      |           281            
RUN-1001 :    4    |           u_hdmi_tx/u_hdmi2phy_wrapper/u0_lane_lvds_8_1/I_serial_clk_syn_1            |           u_hdmi_tx/u_hdmi2phy_wrapper/u0_lane_lvds_8_1/I_serial_clk_syn_1            |           |  u_hdmi_tx/u_hdmi2phy_wrapper/u0_lane_lvds_8_1/I_serial_clk_created_gclkinst_auto_created_sclk_s_1_r_bk4  |            39            
RUN-1001 : -------------------------------------------------------------------------------------------------------------------------------------------------------------------------------------------------------------------------------------------------------------------------------------------------------------------------------------------
RUN-1002 : start command "export_db camera_to_dsi_display_pr.db"
RUN-1001 : Exported flow parameters
RUN-1001 : Exported /
RUN-1001 : Exported libs
RUN-1001 : Exported entities
RUN-1001 : Exported ports
RUN-1001 : Exported pins
RUN-1001 : Exported instances
RUN-1001 : Exported nets
RUN-1001 : Exported buses
RUN-1001 : Exported models
RUN-1001 : Exported phy database
RUN-1001 : Exported packer
RUN-1001 : Exported congestions
RUN-1001 : Exported violations
RUN-1001 : Exported ATMR Setting
RUN-1001 : Exported timing constraints
RUN-1001 : Exported IO constraints
RUN-1001 : Exported Inst constraints
RUN-1001 : Exported ChipWatcher
RUN-1003 : finish command "export_db camera_to_dsi_display_pr.db" in  1.545665s wall, 2.156250s user + 0.078125s system = 2.234375s CPU (144.6%)

RUN-1004 : used memory is 1844 MB, reserved memory is 1953 MB, peak memory is 1844 MB
PHY-1001 : Current memory(MB): used = 1844, reserved = 1953, peak = 1844.
PHY-1001 : End export database. 1.634665s wall, 2.250000s user + 0.078125s system = 2.328125s CPU (142.4%)

PHY-1001 : End detail routing;  57.799896s wall, 114.671875s user + 2.687500s system = 117.359375s CPU (203.0%)

PHY-1001 : End Stage 2 | Detail Routing; Time: 57.800045s wall, 114.671875s user + 2.687500s system = 117.359375s CPU (203.0%); Memory(MB): used = 1844, reserved = 1953, peak = 1844;

RUN-1002 : start command "fix_hold"

PHY-1001 : Stage 3 | Hold Fix
PHY-1001 : Stage 3.1 | Load Design Data
PHY-1034 : Refresh detailed routing grids ...
PHY-1001 : Generate nets ...
PHY-1001 : eco open net = 0
PHY-1001 : End Stage 3.1 | Load Design Data; Time: 0.600987s wall, 0.640625s user + 0.000000s system = 0.640625s CPU (106.6%); Memory(MB): used = 1844, reserved = 1953, peak = 1844;

PHY-1001 : Stage 3.2 | Hold Fix Optimization
RUN-1002 : start command "start_timer"
RUN-1003 : finish command "start_timer" in  2.474756s wall, 2.375000s user + 0.062500s system = 2.437500s CPU (98.5%)

RUN-1004 : used memory is 1844 MB, reserved memory is 1953 MB, peak memory is 1844 MB
PHY-1001 : Timing info: SWNS 0.883ns | STNS 0.000ns | HWNS -0.129ns | HTNS -1.042ns.
PHY-1001 : Processing hold violation on 44 end-point, worst slack = -129ps, best slack = 19ps.
PHY-1001 : End timing refresh.  7.755814s wall, 7.593750s user + 0.078125s system = 7.671875s CPU (98.9%)

PHY-1001 : Stage 3.2.1 | Phase 1
PHY-1001 : Stage 3.2.1.1 | Hold Fix By LutBridge
PHY-1001 : len = 2.6823e+06, over cnt = 0(0%), over = 0, worst = 0, crit = 0
PHY-1001 : Bridge count = 6; unresolved count = 0.
PHY-1001 : 2 out of 44 ((4.55)%) EP fixed by LB.
PHY-1001 : End Stage 3.2.1.1 | Hold Fix By LutBridge; Time: 1.738870s wall, 1.828125s user + 0.000000s system = 1.828125s CPU (105.1%); Memory(MB): used = 1845, reserved = 1953, peak = 1845;

PHY-1001 : Timing info: SWNS 0.883ns | STNS 0.000ns | HWNS -0.055ns | HTNS -0.106ns.
PHY-1001 : Processing hold violation on 6 end-point, worst slack = -55ps, best slack = -2ps.
PHY-1001 : End timing refresh.  0.119934s wall, 0.125000s user + 0.000000s system = 0.125000s CPU (104.2%)

PHY-1001 : Stage 3.2.1.2 | Hold Fix By Pin
PHY-1001 : len = 2.68278e+06, over cnt = 0(0%), over = 0, worst = 0, crit = 0
PHY-1001 : 6 out of 6 ((100.00)%) EP fixed by pin delay.
PHY-1001 : End Stage 3.2.1.2 | Hold Fix By Pin; Time: 0.453894s wall, 0.453125s user + 0.000000s system = 0.453125s CPU (99.8%); Memory(MB): used = 1845, reserved = 1953, peak = 1845;

PHY-1001 : Timing info: SWNS 0.883ns | STNS 0.000ns | HWNS 0.020ns | HTNS 0.000ns.
PHY-1001 : End timing refresh.  0.128316s wall, 0.125000s user + 0.000000s system = 0.125000s CPU (97.4%)

PHY-1001 : End Stage 3.2.1 | Phase 1; Time: 2.482923s wall, 2.578125s user + 0.000000s system = 2.578125s CPU (103.8%); Memory(MB): used = 1845, reserved = 1953, peak = 1845;

PHY-1001 : End Stage 3.2 | Hold Fix Optimization; Time: 10.240389s wall, 10.171875s user + 0.078125s system = 10.250000s CPU (100.1%); Memory(MB): used = 1845, reserved = 1953, peak = 1845;

PHY-1001 : End Stage 3 | Hold Fix; Time: 11.078258s wall, 11.046875s user + 0.078125s system = 11.125000s CPU (100.4%); Memory(MB): used = 1845, reserved = 1953, peak = 1845;

RUN-1003 : finish command "fix_hold" in  11.128917s wall, 11.093750s user + 0.078125s system = 11.171875s CPU (100.4%)

RUN-1004 : used memory is 1845 MB, reserved memory is 1953 MB, peak memory is 1845 MB
PHY-1001 : Stage 4 | Report Route Qor
RUN-1002 : start command "report_qor -step route -file route.qor"
RUN-1002 : start command "start_timer"
RUN-1003 : finish command "start_timer" in  2.517192s wall, 2.421875s user + 0.031250s system = 2.453125s CPU (97.5%)

RUN-1004 : used memory is 1845 MB, reserved memory is 1953 MB, peak memory is 1845 MB
-----------------------------------------------------------
| QoR metrics               |         value               |
-----------------------------------------------------------
| Timing                    |                             |
|     Setup WNS             |          883                |
|     Setup TNS             |            0                |
|     Num of violated S-EP  |            0                |
|     Hold WNS              |           20                |
|     Hold TNS              |            0                |
|     Num of violated H-EP  |            0                |
-----------------------------------------------------------
| Routing Resource          |                             |
|     Wire length           |      2682784                |
-----------------------------------------------------------
| Utilization               |                             |
|     #slices               |        12558                |
|     slices percentage     |       59.19%                |
|     #RAMs                 |           46                |
|     #DSPs                 |            8                |
|     #DRAMHARDCON          |           21                |
-----------------------------------------------------------
Report route stage QoR done.

RUN-1003 : finish command "report_qor -step route -file route.qor" in  7.785227s wall, 7.515625s user + 0.109375s system = 7.625000s CPU (97.9%)

RUN-1004 : used memory is 1845 MB, reserved memory is 1953 MB, peak memory is 1845 MB
RUN-1002 : start command "update_timing -mode final"
RUN-1002 : start command "start_timer"
RUN-1003 : finish command "start_timer" in  2.571557s wall, 2.468750s user + 0.046875s system = 2.515625s CPU (97.8%)

RUN-1004 : used memory is 1845 MB, reserved memory is 1953 MB, peak memory is 1845 MB
RUN-1003 : finish command "update_timing -mode final" in  7.633231s wall, 7.390625s user + 0.093750s system = 7.484375s CPU (98.0%)

RUN-1004 : used memory is 1845 MB, reserved memory is 1953 MB, peak memory is 1845 MB
RUN-1002 : start command "report_timing_summary -file final_timing.rpt"
OPT-1001 : QoR tracer report on route step:
    SWNS [   incr ]    STNS [   incr ]  S-FEPS [   incr ]    HWNS [   incr ]      HTNS [     incr ]    H-FEPS [     incr ]    CELL [   incr ]       WL [    incr ]   RT(s) [   incr ]   MEM(mb) [     incr ]
    1334 [      0 ]       0 [      0 ]       0 [      0 ]    -224 [      0 ]     -9260 [        0 ]       202 [        0 ]   13027 [      0 ]  2459856 [       0 ]      33 [      0 ]      1737 [        0 ] : dr_initialization
    1334 [      0 ]       0 [      0 ]       0 [      0 ]      -7 [    217 ]        -7 [     9253 ]         1 [     -201 ]   13027 [      0 ]  2485040 [   25184 ]      41 [      8 ]      1739 [        2 ] : dr_timing_opt_phase1
     883 [   -451 ]       0 [      0 ]       0 [      0 ]    -129 [   -122 ]     -1042 [    -1035 ]        30 [       29 ]   13027 [      0 ]  2679280 [  194240 ]      62 [     21 ]      1774 [       35 ] : dr_opt_phase1
     883 [      0 ]       0 [      0 ]       0 [      0 ]    -129 [      0 ]     -1042 [        0 ]        30 [        0 ]   13027 [      0 ]  2679280 [       0 ]      63 [      1 ]      1776 [        2 ] : multi_try_opt
     883 [      0 ]       0 [      0 ]       0 [      0 ]      20 [    149 ]         0 [     1042 ]         0 [      -30 ]   13027 [      0 ]  2682784 [    3504 ]      76 [     13 ]      1845 [       69 ] : fix_hold_opt

PHY-1001 : End Stage 4 | Report Route Qor; Time: 15.649431s wall, 15.125000s user + 0.218750s system = 15.343750s CPU (98.0%); Memory(MB): used = 1845, reserved = 1953, peak = 1845;

PHY-1001 : Stage 5 | Routing DRC
PHY-1001 : Stage 5.1 | Check And Add Lut-bridge
PHY-1001 : End Stage 5.1 | Check And Add Lut-bridge; Time: 0.125208s wall, 0.125000s user + 0.000000s system = 0.125000s CPU (99.8%); Memory(MB): used = 1845, reserved = 1953, peak = 1845;

PHY-1001 : Stage 5.2 | Lut Bridge Check
PHY-1001 : End Stage 5.2 | Lut Bridge Check; Time: 0.312213s wall, 0.312500s user + 0.000000s system = 0.312500s CPU (100.1%); Memory(MB): used = 1845, reserved = 1953, peak = 1845;

PHY-1001 : Stage 5.3 | Physical Net Status Check
PHY-1001 : End Stage 5.3 | Physical Net Status Check; Time: 0.085641s wall, 0.093750s user + 0.000000s system = 0.093750s CPU (109.5%); Memory(MB): used = 1845, reserved = 1953, peak = 1845;

PHY-1001 : Start multi-drive drc check......
PHY-1001 : No multi-drive.
PHY-1001 : Stage 5.4 | Clock Net Status Check
PHY-1001 : 2 clock net(s) utilize local routing resource.
PHY-5079 CRITICAL-WARNING: Marked 1 clock net(s) utilize the local routing resources. Please check log message and the sinks of clock nets.
RUN-1001 : CTS Local Wire Summary
RUN-1001 : ------------------------------------------------------------------------------------------------------------------------------------------------------------
RUN-1001 :    ClockName    |   DriverType    |  Clock/Fanout  |  LocalWireNum  |                                  NetName                                   |  Marked  
RUN-1001 : ------------------------------------------------------------------------------------------------------------------------------------------------------------
RUN-1001 :        -        |  AL_PHY_LSLICE  |      1/3       |       13       |                      u_uicfgcs500/uii2c_inst/scl_clk                       |    -     
RUN-1001 :   pll_clk_24m   |   AL_PHY_SCLK   |     66/67      |       3        |  O_cam_24m_dup_1_created_gclkinst_auto_created_sclk_s_0_l_bk4_sclk_outnet  |   true   
RUN-1001 : ------------------------------------------------------------------------------------------------------------------------------------------------------------
PHY-5088 WARNING: Clock_Analyzer: Detected 1 buffer(s) clkin net because they drive non-clock sinks. Run "analyze_clock -detail" for more infomation.
PHY-5088 WARNING: Clock_Analyzer: Detected 1 buffer(s) clkout net because they drive non-clock sinks. Run "analyze_clock -detail" for more infomation.
PHY-5088 WARNING: Clock_Analyzer: 2 clock-net(s) because they drive other clock net, may cause clock skew. Run "analyze_clock -detail" for more infomation.
PHY-1001 : End Stage 5.4 | Clock Net Status Check; Time: 0.113633s wall, 0.109375s user + 0.000000s system = 0.109375s CPU (96.3%); Memory(MB): used = 1845, reserved = 1953, peak = 1845;

PHY-1001 : Stage 5.5 | Abnormal Timing Path check
PHY-1001 : No abnormal timing path.
PHY-1001 : End Stage 5.5 | Abnormal Timing Path check; Time: 0.339966s wall, 0.328125s user + 0.000000s system = 0.328125s CPU (96.5%); Memory(MB): used = 1845, reserved = 1953, peak = 1845;

PHY-1001 : Stage 5.6 | Bound Check
PHY-1001 : Check Pass.
PHY-1001 : End Stage 5.6 | Bound Check; Time: 0.005522s wall, 0.015625s user + 0.000000s system = 0.015625s CPU (283.0%); Memory(MB): used = 1845, reserved = 1953, peak = 1845;

PHY-1001 : End Stage 5 | Routing DRC; Time: 1.059448s wall, 1.062500s user + 0.000000s system = 1.062500s CPU (100.3%); Memory(MB): used = 1845, reserved = 1953, peak = 1845;

RUN-1003 : finish command "route" in  93.081994s wall, 150.281250s user + 3.062500s system = 153.343750s CPU (164.7%)

RUN-1004 : used memory is 1845 MB, reserved memory is 1953 MB, peak memory is 1845 MB
RUN-1002 : start command "report_area -io_info -file camera_to_dsi_display_phy.area"
SYN-4034 : The count of slices with lut is 6654.
SYN-4035 : The count of slices with lut+ripple is 3200.
RUN-1001 : standard
***Report Model: design_top_wrapper Device: PH1P35MDG324***

Design Statistics
#IO                        58   out of    160   36.25%
  #input                    2
  #output                  31
  #inout                   25
#lut6                   10134   out of  21216   47.77%
#reg                    13334
  #slice reg            13334   out of  42432   31.42%
  #pad reg                  0

Utilization Statistics
#slice                  12558   out of  21216   59.19%
  #used ram               280
    #dram lut             168
    #shifter lut          112
  #used logic           12278
    #with luts           6654
    #with adder          3200
    #reg only            2424
#feedthrough             2401
#f7mux                      0   out of  10608    0.00%
#f8mux                      0   out of   5304    0.00%
#eram                      46   out of    108   42.59%
  #eram20k                 46
  #fifo20k                  0
#dsp                        8   out of     40   20.00%
#ddr_byte                   6   out of     12   50.00%
#mipi_tx                    0   out of      2    0.00%
#mipi_rx                    1   out of      2   50.00%
#pad                       17   out of    160   10.62%
#pll                        3   out of      6   50.00%
#gclk                       9   out of     32   28.12%
#lclk                       0   out of     12    0.00%
#sclk                      18   out of     48   37.50%
#mlclk                      2   out of      6   33.33%
#ioclk                      4   out of     18   22.22%


DataNet Average Fanout:

   Index     Fanout     Nets   
    #1          1       19290  
    #2          2       7169   
    #3          3        871   
    #4          4        651   
    #5        5-10      1449   
    #6        11-50      439   
    #7       51-100      26    
    #8       101-500      1    
  Average     1.98             

RUN-1002 : start command "update_timing -mode final"
RUN-1002 : start command "start_timer"
RUN-1003 : finish command "start_timer" in  2.491373s wall, 2.421875s user + 0.031250s system = 2.453125s CPU (98.5%)

RUN-1004 : used memory is 1845 MB, reserved memory is 1953 MB, peak memory is 1845 MB
RUN-1003 : finish command "update_timing -mode final" in  7.728454s wall, 7.640625s user + 0.031250s system = 7.671875s CPU (99.3%)

RUN-1004 : used memory is 1845 MB, reserved memory is 1953 MB, peak memory is 1845 MB
RUN-1002 : start command "report_timing_status -file camera_to_dsi_display_phy.ts"
RUN-1002 : start command "report_timing_summary -file camera_to_dsi_display_pr.timing"
RUN-1002 : start command "report_timing_exception -file camera_to_dsi_display_exception.timing"
RUN-1002 : start command "flow_status -file route_flow.status"
Location         : D:\2026fpga\lab_hd_1_mipi_hdmi\td_project\camera_to_dsi_display_Runs\phy_1
Running with     : Tang Dynasty v6.2.168116
                   Copyright (c) 2012-2025 Anlogic Inc.
Top Model        : design_top_wrapper
Device           : PH1P35MDG324
Speed            : 3

Timing Mode      : final
Setup            : WNS   883ps  TNS        0ps  NUM_FEPS     0
Hold             : WNS    20ps  TNS        0ps  NUM_FEPS     0

Flow Statistics  :
RUN-1001 : Flow Statistics:
RUN-1001 : ---------------------------------------------------------------------------------------------------
RUN-1001 :      command     |  #calls  |  wall time   |  cpu time(s)  |  used memory(mb)  |  peak memory(mb)  
RUN-1001 : ---------------------------------------------------------------------------------------------------
RUN-1001 :       place      |    1     |  2m3s(56%)   |   436(73%)    |       1151        |       1151        
RUN-1001 :       route      |    1     |  1m22s(37%)  |   142(24%)    |       1845        |       1845        
RUN-1001 :     fix_hold     |    1     |   11s(5%)    |    11(1%)     |       1845        |       1845        
RUN-1001 :   import_device  |    1     |    2s(0%)    |     2(0%)     |        323        |        323        
RUN-1001 :     import_db    |    1     |    1s(0%)    |     0(0%)     |        518        |        518        
RUN-1001 : ---------------------------------------------------------------------------------------------------
RUN-1001 :       total      |    5     |    3m39s     |      591      |       1845        |       1845        
RUN-1001 : ---------------------------------------------------------------------------------------------------
RUN-1002 : start command "report_clock_utilization -file route_clock_utilization.txt"
RUN-1002 : start command "export_db camera_to_dsi_display_pr.db"
RUN-1001 : Exported flow parameters
RUN-1001 : Exported /
RUN-1001 : Exported libs
RUN-1001 : Exported entities
RUN-1001 : Exported ports
RUN-1001 : Exported pins
RUN-1001 : Exported instances
RUN-1001 : Exported nets
RUN-1001 : Exported buses
RUN-1001 : Exported models
RUN-1001 : Exported phy database
RUN-1001 : Exported packer
RUN-1001 : Exported congestions
RUN-1001 : Exported violations
RUN-1001 : Exported ATMR Setting
RUN-1001 : Exported timing constraints
RUN-1001 : Exported IO constraints
RUN-1001 : Exported Inst constraints
RUN-1001 : Exported ChipWatcher
RUN-1003 : finish command "export_db camera_to_dsi_display_pr.db" in  1.667219s wall, 2.328125s user + 0.046875s system = 2.375000s CPU (142.5%)

RUN-1004 : used memory is 1847 MB, reserved memory is 1953 MB, peak memory is 1847 MB
RUN-1002 : start command "commit_param -step bitgen"
RUN-1001 : Print Global Property
RUN-1001 : -------------------------------------------------------------
RUN-1001 :     Parameters    |   Settings   |  Default Values  |  Note  
RUN-1001 : -------------------------------------------------------------
RUN-1001 :    enable_seed    |     off      |       off        |        
RUN-1001 :    hfn_to_clock   |  1000000000  |    1000000000    |        
RUN-1001 :      message      |   standard   |     standard     |        
RUN-1001 :    qor_monitor    |      on      |        on        |        
RUN-1001 :   speedup_effort  |      0       |        0         |        
RUN-1001 :    syn_ip_flow    |     off      |       off        |        
RUN-1001 :       thread      |     auto     |       auto       |        
RUN-1001 : -------------------------------------------------------------
RUN-1002 : start command "set_param bitgen compress on"
RUN-1001 : Print Bitgen Property
RUN-1001 : -------------------------------------------------------------
RUN-1001 :      Parameters     |  Settings  |  Default Values  |  Note  
RUN-1001 : -------------------------------------------------------------
RUN-1001 :         bin         |    off     |       off        |        
RUN-1001 :       compress      |     on     |       off        |   *    
RUN-1001 :       gen_mask      |    off     |       off        |        
RUN-1001 :      max_stream     |     on     |        on        |        
RUN-1001 :      time_info      |     on     |        on        |        
RUN-1001 :   unused_io_status  |   pullup   |      pullup      |        
RUN-1001 :       version       |    0x00    |       0x00       |        
RUN-1001 : -------------------------------------------------------------
RUN-1002 : start command "bitgen -bit camera_to_dsi_display.bit"
RUN-1002 : start command "export_bid camera_to_dsi_display_inst.bid"
BIT-1003 : Start to generate bitstream. 
BIT-1002 : Bitgen processed 3 pll_pd instances.
BIT-1002 : Init instances with 32 threads.
BIT-1002 : Init instances completely, inst num: 13028
BIT-1002 : Init pips with 32 threads.
BIT-1002 : Init pips completely, net num: 21450, pip num: 198923
BIT-1002 : Init feedthrough with 32 threads.
BIT-1002 : Init feedthrough completely, num: 2401
BIT-1003 : Multithreading accelaration with 32 threads.
BIT-1003 : Generate bitstream completely, there are 682417 bits set as '1'.
PRG-1501 : Bit compressed, frame number changed from 3481 to 3428, ratio 1.52%
BIT-1004 : Generate file camera_to_dsi_display_compress.bit.
BIT-1004 : Generate file camera_to_dsi_display.bit.
RUN-1003 : finish command "bitgen -bit camera_to_dsi_display.bit" in  5.769825s wall, 60.250000s user + 2.218750s system = 62.468750s CPU (1082.7%)

RUN-1004 : used memory is 1848 MB, reserved memory is 1953 MB, peak memory is 1848 MB
RUN-1002 : start command "setup_debugger"
RUN-1002 : start command "export_bitgen_param -file .bitgen_param.f"
RUN-1002 : start command "export_flow_status -s opt_place -e bitgen"
RUN-1002 : start command "flow_status"

Location         : D:\2026fpga\lab_hd_1_mipi_hdmi\td_project\camera_to_dsi_display_Runs\phy_1
Running with     : Tang Dynasty v6.2.168116
                   Copyright (c) 2012-2025 Anlogic Inc.
Top Model        : design_top_wrapper
Device           : PH1P35MDG324
Speed            : 3

Timing Mode      : final
Setup            : WNS   883ps  TNS        0ps  NUM_FEPS     0
Hold             : WNS    20ps  TNS        0ps  NUM_FEPS     0

RUN-1001 : Flow Statistics:
RUN-1001 : ---------------------------------------------------------------------------------------------------
RUN-1001 :      command     |  #calls  |  wall time   |  cpu time(s)  |  used memory(mb)  |  peak memory(mb)  
RUN-1001 : ---------------------------------------------------------------------------------------------------
RUN-1001 :       place      |    1     |  2m3s(54%)   |   436(66%)    |       1151        |       1151        
RUN-1001 :       route      |    1     |  1m22s(36%)  |   142(21%)    |       1845        |       1845        
RUN-1001 :     fix_hold     |    1     |   11s(4%)    |    11(1%)     |       1845        |       1845        
RUN-1001 :      bitgen      |    1     |    5s(2%)    |    62(9%)     |       1848        |       1848        
RUN-1001 :   import_device  |    1     |    2s(0%)    |     2(0%)     |        323        |        323        
RUN-1001 :     import_db    |    1     |    1s(0%)    |     0(0%)     |        518        |        518        
RUN-1001 : ---------------------------------------------------------------------------------------------------
RUN-1001 :       total      |    6     |    3m44s     |      653      |       1848        |       1848        
RUN-1001 : ---------------------------------------------------------------------------------------------------

