============================================================
   Tang Dynasty, V6.2.168116
   Copyright (c) 2012-2025 Anlogic Inc.
   Executable = F:/AnlogicFpga/TD_6.2.1_Engineer_6.2.168.116/bin/td_commands_prompt.exe
   Built at =   16:32:07 Jun 12 2025
   Run by =     pc
   Run Date =   Tue Sep 15 21:03:28 2026

   Run on =     CIRBUG
============================================================
RUN-1002 : start command "import_device ph1_35p.db -package PH1P35MDG324 -speed 3"
ARC-1001 : Device Initialization.
ARC-1001 : ----------------------------------------------------------------
ARC-1001 :           OPTION          |          IO           |   SETTING   
ARC-1001 : ----------------------------------------------------------------
ARC-1001 :   non_jtag_persist(none)  |        35 IOs         |    gpio    
ARC-1001 :            jtag           |  P13/P15/L14/R13/T13  |  dedicate  
ARC-1001 : ----------------------------------------------------------------
RUN-1003 : finish command "import_device ph1_35p.db -package PH1P35MDG324 -speed 3" in  2.335043s wall, 2.015625s user + 0.125000s system = 2.140625s CPU (91.7%)

RUN-1004 : used memory is 323 MB, reserved memory is 321 MB, peak memory is 323 MB
RUN-1002 : start command "open_project camera_to_dsi_display.prj -noanalyze"
RUN-1002 : start command "import_db ../syn_1/camera_to_dsi_display_gate.db"
RUN-1001 : Importing database generated by Tang Dynasty, V6.2.168116.
RUN-1001 : Database version number 46207
RUN-1001 : Import flow parameters
RUN-1001 : Import netlist
RUN-1001 : Import timing constraints
RUN-1001 : Import IO constraints
RUN-1001 : Import Inst constraints
RUN-1001 : Import ChipWatcher
RUN-1001 : Import design success TD_VERSION=6.2.168116 , DB_VERSION=46207
RUN-1002 : start command "commit_param -step place"
RUN-1001 : Print Global Property
RUN-1001 : -------------------------------------------------------------
RUN-1001 :     Parameters    |   Settings   |  Default Values  |  Note  
RUN-1001 : -------------------------------------------------------------
RUN-1001 :    enable_seed    |     off      |       off        |        
RUN-1001 :    hfn_to_clock   |  1000000000  |    1000000000    |        
RUN-1001 :      message      |   standard   |     standard     |        
RUN-1001 :    qor_monitor    |      on      |        on        |        
RUN-1001 :   speedup_effort  |      0       |        0         |        
RUN-1001 :    syn_ip_flow    |     off      |       off        |        
RUN-1001 :       thread      |     auto     |       auto       |        
RUN-1001 : -------------------------------------------------------------
RUN-1001 : Print Place Property
RUN-1001 : ---------------------------------------------------------------
RUN-1001 :       Parameters      |  Settings  |  Default Values  |  Note  
RUN-1001 : ---------------------------------------------------------------
RUN-1001 :         effort        |   medium   |      medium      |        
RUN-1001 :     hfn_opt_effort    |   medium   |      medium      |        
RUN-1001 :    logic_level_opt    |    off     |       off        |        
RUN-1001 :   macro_performance   |    auto    |       auto       |        
RUN-1001 :       max_fanout      |   999999   |      999999      |        
RUN-1001 :       opt_timing      |   medium   |      medium      |        
RUN-1001 :     post_place_opt    |    auto    |       auto       |        
RUN-1001 :      pr_strategy      |     1      |        1         |        
RUN-1001 :   preplace_floorplan  |    off     |       off        |        
RUN-1001 : ---------------------------------------------------------------
RUN-1002 : start command "insert_debugger"
RUN-1002 : start command "place"
RUN-1001 : Open license file F:/AnlogicFpga/TD_6.2.1_Engineer_6.2.168.116/license/Anlogic.lic
PHY-3001 : Placer runs in 32 thread(s).
PHY-1001 : Stage 1 | Initialize Design
PHY-1001 : Stage 1.1 | Build Design
PHY-1001 : 9396 luts, 13728 seqs, 408 mslices, 3021 lslices, 54 pads, 40 brams, 8 dsps
RUN-1002 : start command "legalize_phy_inst"
SYN-1011 : Flatten model design_top_wrapper
SYN-1001 : ADC: Instance "u_ph1p35_324_ddr_wrapper/u_ddr2/ph1p_ddrmc_wrapper/ph1p_ddrmc_top/u_ddr_phy/u_ddrphy_top/u_ddrphy/ac_byte[0]$ac_byte_used$u_ddrphy_ac_byte_wrapper/u_ddrphy_byte" LOCATION="X0Y70Z0"
SYN-1001 : ADC: Instance "u_ph1p35_324_ddr_wrapper/u_ddr2/ph1p_ddrmc_wrapper/ph1p_ddrmc_top/u_ddr_phy/u_ddrphy_top/u_ddrphy/ac_byte[1]$ac_byte_used$u_ddrphy_ac_byte_wrapper/u_ddrphy_byte" LOCATION="X0Y60Z0"
SYN-1001 : ADC: Instance "u_ph1p35_324_ddr_wrapper/u_ddr2/ph1p_ddrmc_wrapper/ph1p_ddrmc_top/u_ddr_phy/u_ddrphy_top/u_ddrphy/ac_byte[2]$ac_byte_used$u_ddrphy_ac_byte_wrapper/u_ddrphy_byte" LOCATION="X0Y50Z0"
SYN-1001 : ADC: Instance "u_ph1p35_324_ddr_wrapper/u_ddr2/ph1p_ddrmc_wrapper/ph1p_ddrmc_top/u_ddr_phy/u_ddrphy_top/u_ddrphy/ac_byte[3]$ac_byte_used$u_ddrphy_ac_byte_wrapper/u_ddrphy_byte" LOCATION="X0Y40Z0"
SYN-1001 : ADC: Instance "u_ph1p35_324_ddr_wrapper/u_ddr2/ph1p_ddrmc_wrapper/ph1p_ddrmc_top/u_ddr_phy/u_ddrphy_top/u_ddrphy/bkref[0]$u_ddrphy_bankref" LOCATION="X0Y19Z0"
SYN-1001 : ADC: Instance "u_ph1p35_324_ddr_wrapper/u_ddr2/ph1p_ddrmc_wrapper/ph1p_ddrmc_top/u_ddr_phy/u_ddrphy_top/u_ddrphy/bkref[1]$u_ddrphy_bankref" LOCATION="X0Y59Z0"
SYN-1001 : ADC: Instance "u_ph1p35_324_ddr_wrapper/u_ddr2/ph1p_ddrmc_wrapper/ph1p_ddrmc_top/u_ddr_phy/u_ddrphy_top/u_ddrphy/dx_byte[0]$dx_byte_used$u_ddrphy_dx_byte_wrapper/u_ddrphy_byte" LOCATION="X0Y30Z0"
SYN-1001 : ADC: Instance "u_ph1p35_324_ddr_wrapper/u_ddr2/ph1p_ddrmc_wrapper/ph1p_ddrmc_top/u_ddr_phy/u_ddrphy_top/u_ddrphy/dx_byte[1]$dx_byte_used$u_ddrphy_dx_byte_wrapper/u_ddrphy_byte" LOCATION="X0Y10Z0"
SYN-1001 : ADC: Instance "u_ph1p35_324_ddr_wrapper/u_ddr2/ph1p_ddrmc_wrapper/ph1p_ddrmc_top/u_ddr_phy/u_ddrphy_top/u_ddrphy_clk/ioclk[0]$u_ioclk_0" LOCATION="X0Y59Z0"
SYN-1001 : ADC: Instance "u_ph1p35_324_ddr_wrapper/u_ddr2/ph1p_ddrmc_wrapper/ph1p_ddrmc_top/u_ddr_phy/u_ddrphy_top/u_ddrphy_clk/ioclk[0]$u_ioclk_1" LOCATION="X0Y59Z1"
SYN-1001 : ADC: Instance "u_ph1p35_324_ddr_wrapper/u_ddr2/ph1p_ddrmc_wrapper/ph1p_ddrmc_top/u_ddr_phy/u_ddrphy_top/u_ddrphy_clk/ioclk[1]$u_ioclk_0" LOCATION="X0Y19Z0"
SYN-1001 : ADC: Instance "u_ph1p35_324_ddr_wrapper/u_ddr2/ph1p_ddrmc_wrapper/ph1p_ddrmc_top/u_ddr_phy/u_ddrphy_top/u_ddrphy_clk/ioclk[1]$u_ioclk_1" LOCATION="X0Y19Z1"
SYN-1001 : ADC: Instance "u_ph1p35_324_ddr_wrapper/u_ddr2/ph1p_ddrmc_wrapper/ph1p_ddrmc_top/u_ddr_phy/u_ddrphy_top/u_ddrphy_clk/u_mlclk_1" LOCATION="X0Y59Z0"
SYN-1001 : ADC: Instance "u_ph1p35_324_ddr_wrapper/u_ddr2/ph1p_ddrmc_wrapper/ph1p_ddrmc_top/u_ddr_phy/u_ddrphy_top/u_ddrphy_clk/u_mlclk_2" LOCATION="X0Y59Z1"
SYN-1001 : ADC: Instance "u_ph1p35_324_ddr_wrapper/u_ddr2/ph1p_ddrmc_wrapper/ph1p_ddrmc_top/u_ddr_phy/u_ddrphy_top/u_ddrphy_clk/u_pll0/u_pll_inst" LOCATION="X0Y40Z0"
SYN-1001 : ADC: Instance "u_ph1p35_324_ddr_wrapper/u_ddr2/ph1p_ddrmc_wrapper/ph1p_ddrmc_top/u_ddr_phy/u_ddrphy_top/u_ddrphy_clk/u_pll1/u_pll_inst" LOCATION="X0Y79Z0"
PHY-1001 : Remove keep and sweep redundant instances ...
PHY-1001 : 9091 luts, 13386 seqs, 408 mslices, 2990 lslices, 54 pads, 40 brams, 8 dsps
PHY-1001 : End Stage 1.1 | Build Design; Time: 0.446376s wall, 0.437500s user + 0.000000s system = 0.437500s CPU (98.0%); Memory(MB): used = 514, reserved = 511, peak = 514;

PHY-1001 : Stage 1.2 | Optimize Design
OPT-1001 : Stage 1.2.1 | Simplify Lut
OPT-1001 : End Stage 1.2.1 | Simplify Lut; Time: 0.058111s wall, 0.062500s user + 0.000000s system = 0.062500s CPU (107.6%); Memory(MB): used = 514, reserved = 511, peak = 514;

OPT-1001 : Stage 1.2.2 | Sweep
OPT-1001 : End Stage 1.2.2 | Sweep; Time: 0.020589s wall, 0.015625s user + 0.000000s system = 0.015625s CPU (75.9%); Memory(MB): used = 514, reserved = 511, peak = 514;

OPT-1001 : Stage 1.2.3 | Merge Lut
OPT-1001 : Start remap optimization ...
RUN-1001 :   Added 0 lut1 for undup drivers
OPT-1001 : skip lut merge since lut number 9089 is similar to or less than reg number 13386
OPT-1001 : End Stage 1.2.3 | Merge Lut; Time: 0.034645s wall, 0.046875s user + 0.000000s system = 0.046875s CPU (135.3%); Memory(MB): used = 514, reserved = 511, peak = 514;

OPT-1001 : Stage 1.2.4 | Synthesize High-fanout Net
OPT-1001 : Start high-fanout net optimization in pre-place flow with medium effort ...
RUN-1001 : HFN opt statistic
RUN-1001 : ------------------------------------------------------
RUN-1001 :   DriverCell type  |  HFN count  |  Duplicated count  
RUN-1001 : ------------------------------------------------------
RUN-1001 :       LSLICE       |      0      |         0          
RUN-1001 :       MSLICE       |      0      |         0          
RUN-1001 :        TOTAL       |      0      |         0          
RUN-1001 : ------------------------------------------------------
OPT-1001 : End high-fanout net optimization;  0.000121s wall, 0.000000s user + 0.000000s system = 0.000000s CPU (n/a%)

OPT-1001 : Current memory(MB): used = 514, reserved = 511, peak = 514.
OPT-1001 : End Stage 1.2.4 | Synthesize High-fanout Net; Time: 0.000224s wall, 0.000000s user + 0.000000s system = 0.000000s CPU (n/a%); Memory(MB): used = 514, reserved = 511, peak = 514;

OPT-1001 : End physical optimization;  0.113931s wall, 0.125000s user + 0.000000s system = 0.125000s CPU (109.7%)

PHY-1001 : End Stage 1.2 | Optimize Design; Time: 0.114015s wall, 0.125000s user + 0.000000s system = 0.125000s CPU (109.6%); Memory(MB): used = 514, reserved = 511, peak = 514;

PHY-1001 : Stage 1.3 | Initialize Clock
PHY-1001 : Start to synthesize physical clock networks.
RUN-1002 : start command "start_timer"
USR-1002 : Derived clock:  create_generated_clock -name {u_PLL/ph1p_phy_pll_wrapper_25a56e5ce2f9_Inst/u_PH1P_PHY_PLL.clkc[0]} -source [get_ports {I_sys_clk}] -master_clock {sys_clk_50m} -multiply_by 2.0000 -duty_cycle 50.0000 [get_pins {u_PLL/ph1p_phy_pll_wrapper_25a56e5ce2f9_Inst/u_PH1P_PHY_PLL.clkc[0]}]
USR-1002 : Derived clock:  create_generated_clock -name {u_PLL/ph1p_phy_pll_wrapper_25a56e5ce2f9_Inst/u_PH1P_PHY_PLL.clkc[1]} -source [get_ports {I_sys_clk}] -master_clock {sys_clk_50m} -divide_by 2.1000 -duty_cycle 50.0000 [get_pins {u_PLL/ph1p_phy_pll_wrapper_25a56e5ce2f9_Inst/u_PH1P_PHY_PLL.clkc[1]}]
USR-1002 : Derived clock:  create_generated_clock -name {u_PLL/ph1p_phy_pll_wrapper_25a56e5ce2f9_Inst/u_PH1P_PHY_PLL.clkc[4]} -source [get_ports {I_sys_clk}] -master_clock {sys_clk_50m} -multiply_by 1.5000 -duty_cycle 50.0000 [get_pins {u_PLL/ph1p_phy_pll_wrapper_25a56e5ce2f9_Inst/u_PH1P_PHY_PLL.clkc[4]}]
USR-1002 : Derived clock:  create_generated_clock -name {u_PLL/ph1p_phy_pll_wrapper_25a56e5ce2f9_Inst/u_PH1P_PHY_PLL.clkc[5]} -source [get_ports {I_sys_clk}] -master_clock {sys_clk_50m} -multiply_by 7.5000 -duty_cycle 50.0000 [get_pins {u_PLL/ph1p_phy_pll_wrapper_25a56e5ce2f9_Inst/u_PH1P_PHY_PLL.clkc[5]}]
USR-1002 : Derived clock:  create_generated_clock -name {u_ph1p35_324_ddr_wrapper/u_ddr2/ph1p_ddrmc_wrapper/ph1p_ddrmc_top/u_ddr_phy/u_ddrphy_top/u_ddrphy_clk/u_pll0/u_pll_inst.clkc[0]} -source [get_ports {I_sys_clk}] -master_clock {sys_clk_50m} -multiply_by 1.3333 -duty_cycle 50.0000 [get_pins {u_ph1p35_324_ddr_wrapper/u_ddr2/ph1p_ddrmc_wrapper/ph1p_ddrmc_top/u_ddr_phy/u_ddrphy_top/u_ddrphy_clk/u_pll0/u_pll_inst.clkc[0]}]
USR-1002 : Derived clock:  create_generated_clock -name {u_ph1p35_324_ddr_wrapper/u_ddr2/ph1p_ddrmc_wrapper/ph1p_ddrmc_top/u_ddr_phy/u_ddrphy_top/u_ddrphy_clk/u_pll0/u_pll_inst.clkc[1]} -source [get_ports {I_sys_clk}] -master_clock {sys_clk_50m} -multiply_by 1.3333 -duty_cycle 50.0000 [get_pins {u_ph1p35_324_ddr_wrapper/u_ddr2/ph1p_ddrmc_wrapper/ph1p_ddrmc_top/u_ddr_phy/u_ddrphy_top/u_ddrphy_clk/u_pll0/u_pll_inst.clkc[1]}]
USR-1002 : Derived clock:  create_generated_clock -name {u_ph1p35_324_ddr_wrapper/u_ddr2/ph1p_ddrmc_wrapper/ph1p_ddrmc_top/u_ddr_phy/u_ddrphy_top/u_ddrphy_clk/u_pll0/u_pll_inst.clkc[2]} -source [get_ports {I_sys_clk}] -master_clock {sys_clk_50m} -multiply_by 5.3333 -duty_cycle 50.0000 [get_pins {u_ph1p35_324_ddr_wrapper/u_ddr2/ph1p_ddrmc_wrapper/ph1p_ddrmc_top/u_ddr_phy/u_ddrphy_top/u_ddrphy_clk/u_pll0/u_pll_inst.clkc[2]}]
USR-1002 : Derived clock:  create_generated_clock -name {u_ph1p35_324_ddr_wrapper/u_ddr2/ph1p_ddrmc_wrapper/ph1p_ddrmc_top/u_ddr_phy/u_ddrphy_top/u_ddrphy_clk/u_pll0/u_pll_inst.clkc[3]} -source [get_ports {I_sys_clk}] -master_clock {sys_clk_50m} -divide_by 1.9687 -duty_cycle 50.0000 [get_pins {u_ph1p35_324_ddr_wrapper/u_ddr2/ph1p_ddrmc_wrapper/ph1p_ddrmc_top/u_ddr_phy/u_ddrphy_top/u_ddrphy_clk/u_pll0/u_pll_inst.clkc[3]}]
USR-1002 : Derived clock:  create_generated_clock -name {u_ph1p35_324_ddr_wrapper/u_ddr2/ph1p_ddrmc_wrapper/ph1p_ddrmc_top/u_ddr_phy/u_ddrphy_top/u_ddrphy_clk/u_pll1/u_pll_inst.clkc[0]} -source [get_pins {u_ph1p35_324_ddr_wrapper/u_ddr2/ph1p_ddrmc_wrapper/ph1p_ddrmc_top/u_ddr_phy/u_ddrphy_top/u_ddrphy_clk/u_pll0/u_pll_inst.clkc[0]}] -master_clock {u_ph1p35_324_ddr_wrapper/u_ddr2/ph1p_ddrmc_wrapper/ph1p_ddrmc_top/u_ddr_phy/u_ddrphy_top/u_ddrphy_clk/u_pll0/u_pll_inst.clkc[0]} -multiply_by 1.0000 -duty_cycle 50.0000 [get_pins {u_ph1p35_324_ddr_wrapper/u_ddr2/ph1p_ddrmc_wrapper/ph1p_ddrmc_top/u_ddr_phy/u_ddrphy_top/u_ddrphy_clk/u_pll1/u_pll_inst.clkc[0]}]
8.888000
15.000000
15.000000
13.333000
RUN-1003 : finish command "start_timer" in  1.877924s wall, 1.843750s user + 0.031250s system = 1.875000s CPU (99.8%)

RUN-1004 : used memory is 689 MB, reserved memory is 689 MB, peak memory is 689 MB
TMR-2502 : Net delay update with mode: Synthesized
PHY-5060 CRITICAL-WARNING: Clock net candidate u_uicfgcs500/uii2c_inst/scl_clk has mixed fanouts of 1 clock pins; 2 data/ctrl pins. Please check connection of the net in design.
PHY-5060 CRITICAL-WARNING: Clock net candidate O_cam_24m_syn_3 has mixed fanouts of 102 clock pins; 1 data/ctrl pins. Please check connection of the net in design.
PHY-1001 : Populate physical database on model design_top_wrapper.
RUN-1001 : There are total 26072 instances
RUN-0007 : 9089 luts, 13386 seqs, 408 mslices, 2990 lslices, 54 pads, 40 brams, 8 dsps
RUN-1001 : There are total 35887 nets
RUN-1001 : 24450 nets have 2 pins
RUN-1001 : 9101 nets have [3 - 5] pins
RUN-1001 : 1678 nets have [6 - 10] pins
RUN-1001 : 383 nets have [11 - 20] pins
RUN-1001 : 236 nets have [21 - 99] pins
RUN-1001 : 39 nets have 100+ pins
PHY-1001 : Start to check user instance location assignments; please refer to ADC constraint.
PHY-1001 : End Stage 1.3 | Initialize Clock; Time: 3.120297s wall, 3.046875s user + 0.078125s system = 3.125000s CPU (100.2%); Memory(MB): used = 772, reserved = 771, peak = 772;

PHY-1001 : End Stage 1 | Initialize Design; Time: 3.722470s wall, 3.640625s user + 0.078125s system = 3.718750s CPU (99.9%); Memory(MB): used = 772, reserved = 771, peak = 772;

PHY-1001 : Stage 2 | Global Placement
RUN-1001 : Report Control nets information:
RUN-1001 : DFF Distribution
RUN-1001 : -------------------------------------
RUN-1001 :   CE   |  SSR  |  ASR  |  DFF Count  
RUN-1001 : -------------------------------------
RUN-1001 :   No   |  No   |  No   |    6678     
RUN-1001 :   No   |  No   |  Yes  |    3705     
RUN-1001 :   No   |  Yes  |  No   |     218     
RUN-1001 :   Yes  |  No   |  No   |     424     
RUN-1001 :   Yes  |  No   |  Yes  |    2439     
RUN-1001 :   Yes  |  Yes  |  No   |     146     
RUN-1001 : -------------------------------------
RUN-1001 : Control Group Statistic
RUN-1001 : -----------------------------
RUN-1001 :   #CLK  |  #CE  |  #SSR/ASR  
RUN-1001 : -----------------------------
RUN-1001 :    9    |  115  |     26     
RUN-1001 : -----------------------------
RUN-0007 : Control Set = 151
PHY-1001 : Stage 2.1 | Place Fixed Instances
PHY-1001 : Processing 2 clock pins of DDR instance u_ph1p35_324_ddr_wrapper/u_ddr2/ph1p_ddrmc_wrapper/ph1p_ddrmc_top/u_ddr_phy/u_ddrphy_top/u_ddrphy/ac_byte[0]$ac_byte_used$u_ddrphy_ac_byte_wrapper/u_ddrphy_byte, location = x0y70z0.
PHY-1001 :   User location X0Y59Z1 of ioclk instance u_ph1p35_324_ddr_wrapper/u_ddr2/ph1p_ddrmc_wrapper/ph1p_ddrmc_top/u_ddr_phy/u_ddrphy_top/u_ddrphy_clk/ioclk[0]$u_ioclk_1.
PHY-1001 :   Placement of ioclk instance u_ph1p35_324_ddr_wrapper/u_ddr2/ph1p_ddrmc_wrapper/ph1p_ddrmc_top/u_ddr_phy/u_ddrphy_top/u_ddrphy_clk/ioclk[0]$u_ioclk_1; location = x0y59z1.
PHY-1001 :   User location X0Y59Z0 of ioclk instance u_ph1p35_324_ddr_wrapper/u_ddr2/ph1p_ddrmc_wrapper/ph1p_ddrmc_top/u_ddr_phy/u_ddrphy_top/u_ddrphy_clk/ioclk[0]$u_ioclk_0.
PHY-1001 :   Placement of ioclk instance u_ph1p35_324_ddr_wrapper/u_ddr2/ph1p_ddrmc_wrapper/ph1p_ddrmc_top/u_ddr_phy/u_ddrphy_top/u_ddrphy_clk/ioclk[0]$u_ioclk_0; location = x0y59z0.
PHY-1001 : Processing 2 clock pins of DDR instance u_ph1p35_324_ddr_wrapper/u_ddr2/ph1p_ddrmc_wrapper/ph1p_ddrmc_top/u_ddr_phy/u_ddrphy_top/u_ddrphy/ac_byte[1]$ac_byte_used$u_ddrphy_ac_byte_wrapper/u_ddrphy_byte, location = x0y60z0.
PHY-1001 :   Placed ioclk instance u_ph1p35_324_ddr_wrapper/u_ddr2/ph1p_ddrmc_wrapper/ph1p_ddrmc_top/u_ddr_phy/u_ddrphy_top/u_ddrphy_clk/ioclk[0]$u_ioclk_1, location = x0y59z1.
PHY-1001 :   Placed ioclk instance u_ph1p35_324_ddr_wrapper/u_ddr2/ph1p_ddrmc_wrapper/ph1p_ddrmc_top/u_ddr_phy/u_ddrphy_top/u_ddrphy_clk/ioclk[0]$u_ioclk_0, location = x0y59z0.
PHY-1001 : Processing 2 clock pins of DDR instance u_ph1p35_324_ddr_wrapper/u_ddr2/ph1p_ddrmc_wrapper/ph1p_ddrmc_top/u_ddr_phy/u_ddrphy_top/u_ddrphy/ac_byte[2]$ac_byte_used$u_ddrphy_ac_byte_wrapper/u_ddrphy_byte, location = x0y50z0.
PHY-1001 :   Placed ioclk instance u_ph1p35_324_ddr_wrapper/u_ddr2/ph1p_ddrmc_wrapper/ph1p_ddrmc_top/u_ddr_phy/u_ddrphy_top/u_ddrphy_clk/ioclk[0]$u_ioclk_1, location = x0y59z1.
PHY-1001 :   Placed ioclk instance u_ph1p35_324_ddr_wrapper/u_ddr2/ph1p_ddrmc_wrapper/ph1p_ddrmc_top/u_ddr_phy/u_ddrphy_top/u_ddrphy_clk/ioclk[0]$u_ioclk_0, location = x0y59z0.
PHY-1001 : Processing 2 clock pins of DDR instance u_ph1p35_324_ddr_wrapper/u_ddr2/ph1p_ddrmc_wrapper/ph1p_ddrmc_top/u_ddr_phy/u_ddrphy_top/u_ddrphy/ac_byte[3]$ac_byte_used$u_ddrphy_ac_byte_wrapper/u_ddrphy_byte, location = x0y40z0.
PHY-1001 :   Placed ioclk instance u_ph1p35_324_ddr_wrapper/u_ddr2/ph1p_ddrmc_wrapper/ph1p_ddrmc_top/u_ddr_phy/u_ddrphy_top/u_ddrphy_clk/ioclk[0]$u_ioclk_1, location = x0y59z1.
PHY-1001 :   Placed ioclk instance u_ph1p35_324_ddr_wrapper/u_ddr2/ph1p_ddrmc_wrapper/ph1p_ddrmc_top/u_ddr_phy/u_ddrphy_top/u_ddrphy_clk/ioclk[0]$u_ioclk_0, location = x0y59z0.
PHY-1001 : Processing 2 clock pins of DDR instance u_ph1p35_324_ddr_wrapper/u_ddr2/ph1p_ddrmc_wrapper/ph1p_ddrmc_top/u_ddr_phy/u_ddrphy_top/u_ddrphy/dx_byte[0]$dx_byte_used$u_ddrphy_dx_byte_wrapper/u_ddrphy_byte, location = x0y30z0.
PHY-1001 :   User location X0Y19Z1 of ioclk instance u_ph1p35_324_ddr_wrapper/u_ddr2/ph1p_ddrmc_wrapper/ph1p_ddrmc_top/u_ddr_phy/u_ddrphy_top/u_ddrphy_clk/ioclk[1]$u_ioclk_1.
PHY-1001 :   Placement of ioclk instance u_ph1p35_324_ddr_wrapper/u_ddr2/ph1p_ddrmc_wrapper/ph1p_ddrmc_top/u_ddr_phy/u_ddrphy_top/u_ddrphy_clk/ioclk[1]$u_ioclk_1; location = x0y19z1.
PHY-1001 :   User location X0Y19Z0 of ioclk instance u_ph1p35_324_ddr_wrapper/u_ddr2/ph1p_ddrmc_wrapper/ph1p_ddrmc_top/u_ddr_phy/u_ddrphy_top/u_ddrphy_clk/ioclk[1]$u_ioclk_0.
PHY-1001 :   Placement of ioclk instance u_ph1p35_324_ddr_wrapper/u_ddr2/ph1p_ddrmc_wrapper/ph1p_ddrmc_top/u_ddr_phy/u_ddrphy_top/u_ddrphy_clk/ioclk[1]$u_ioclk_0; location = x0y19z0.
PHY-1001 : Processing 2 clock pins of DDR instance u_ph1p35_324_ddr_wrapper/u_ddr2/ph1p_ddrmc_wrapper/ph1p_ddrmc_top/u_ddr_phy/u_ddrphy_top/u_ddrphy/dx_byte[1]$dx_byte_used$u_ddrphy_dx_byte_wrapper/u_ddrphy_byte, location = x0y10z0.
PHY-1001 :   Placed ioclk instance u_ph1p35_324_ddr_wrapper/u_ddr2/ph1p_ddrmc_wrapper/ph1p_ddrmc_top/u_ddr_phy/u_ddrphy_top/u_ddrphy_clk/ioclk[1]$u_ioclk_1, location = x0y19z1.
PHY-1001 :   Placed ioclk instance u_ph1p35_324_ddr_wrapper/u_ddr2/ph1p_ddrmc_wrapper/ph1p_ddrmc_top/u_ddr_phy/u_ddrphy_top/u_ddrphy_clk/ioclk[1]$u_ioclk_0, location = x0y19z0.
PHY-1001 : DDR MLCLK topology u_ph1p35_324_ddr_wrapper/u_ddr2/ph1p_ddrmc_wrapper/ph1p_ddrmc_top/u_ddr_phy/u_ddrphy_top/u_ddrphy_clk/u_mlclk_1.
PHY-1001 :   Driver: PH1P_PHY_PLL_V2 u_ph1p35_324_ddr_wrapper/u_ddr2/ph1p_ddrmc_wrapper/ph1p_ddrmc_top/u_ddr_phy/u_ddrphy_top/u_ddrphy_clk/u_pll0/u_pll_inst.clkc[1], user location :X0Y40Z0.
PHY-1001 :   Sink: PH1P_PHY_IOCLK u_ph1p35_324_ddr_wrapper/u_ddr2/ph1p_ddrmc_wrapper/ph1p_ddrmc_top/u_ddr_phy/u_ddrphy_top/u_ddrphy_clk/ioclk[0]$u_ioclk_0, location = x0y59z0, sectorID = 1.
PHY-1001 :   Sink: PH1P_PHY_IOCLK u_ph1p35_324_ddr_wrapper/u_ddr2/ph1p_ddrmc_wrapper/ph1p_ddrmc_top/u_ddr_phy/u_ddrphy_top/u_ddrphy_clk/ioclk[1]$u_ioclk_0, location = x0y19z0, sectorID = 0.
PHY-1001 : Placement of MLCLK instance u_ph1p35_324_ddr_wrapper/u_ddr2/ph1p_ddrmc_wrapper/ph1p_ddrmc_top/u_ddr_phy/u_ddrphy_top/u_ddrphy_clk/u_mlclk_1; location = x0y59z0,  sectorID = 1.
PHY-1001 : DDR MLCLK topology u_ph1p35_324_ddr_wrapper/u_ddr2/ph1p_ddrmc_wrapper/ph1p_ddrmc_top/u_ddr_phy/u_ddrphy_top/u_ddrphy_clk/u_mlclk_2.
PHY-1001 :   Driver: PH1P_PHY_PLL_V2 u_ph1p35_324_ddr_wrapper/u_ddr2/ph1p_ddrmc_wrapper/ph1p_ddrmc_top/u_ddr_phy/u_ddrphy_top/u_ddrphy_clk/u_pll0/u_pll_inst.clkc[2], user location :X0Y40Z0.
PHY-1001 :   Sink: PH1P_PHY_IOCLK u_ph1p35_324_ddr_wrapper/u_ddr2/ph1p_ddrmc_wrapper/ph1p_ddrmc_top/u_ddr_phy/u_ddrphy_top/u_ddrphy_clk/ioclk[0]$u_ioclk_1, location = x0y59z1, sectorID = 1.
PHY-1001 :   Sink: PH1P_PHY_IOCLK u_ph1p35_324_ddr_wrapper/u_ddr2/ph1p_ddrmc_wrapper/ph1p_ddrmc_top/u_ddr_phy/u_ddrphy_top/u_ddrphy_clk/ioclk[1]$u_ioclk_1, location = x0y19z1, sectorID = 0.
PHY-1001 : Placement of MLCLK instance u_ph1p35_324_ddr_wrapper/u_ddr2/ph1p_ddrmc_wrapper/ph1p_ddrmc_top/u_ddr_phy/u_ddrphy_top/u_ddrphy_clk/u_mlclk_2; location = x0y59z1,  sectorID = 1.
PHY-5016 WARNING: PLL clkc is driving an IO without location.
PHY-5016 WARNING: PLL clkc is not driving a clock-capable IO.
PHY-5016 WARNING: PLL clkc is driving an IO without location.
PHY-5016 WARNING: PLL clkc is not driving a clock-capable IO.
PHY-1001 : End Stage 2.1 | Place Fixed Instances; Time: 0.070403s wall, 0.078125s user + 0.000000s system = 0.078125s CPU (111.0%); Memory(MB): used = 800, reserved = 799, peak = 800;

PHY-1001 : Stage 2.2 | Pre-Place DRC Check
PHY-1001 : Stage 2.2.1 | Force Route Constraint Check
PHY-1001 : Check Pass.
PHY-1001 : End Stage 2.2.1 | Force Route Constraint Check; Time: 0.003388s wall, 0.000000s user + 0.000000s system = 0.000000s CPU (n/a%); Memory(MB): used = 800, reserved = 799, peak = 800;

PHY-1001 : End Stage 2.2 | Pre-Place DRC Check; Time: 0.003439s wall, 0.000000s user + 0.000000s system = 0.000000s CPU (n/a%); Memory(MB): used = 800, reserved = 799, peak = 800;

PHY-1001 : Clock GCLK Statistics:
RUN-1001 : GCLK Index: 
RUN-1001 : -------------------------------------------------------------------------------------------------------------------------------------------------------
RUN-1001 :   Index  |                                                          Clock GCLK                                                           |  Location   
RUN-1001 : -------------------------------------------------------------------------------------------------------------------------------------------------------
RUN-1001 :     1    |                           u_mipi_dphy_rx_ph1p_mipiio_wrapper/u_ph1p_mipiio_rx_wrapper/bufg_feedback                           |  x23y39z0   
RUN-1001 :     2    |   u_ph1p35_324_ddr_wrapper/u_ddr2/ph1p_ddrmc_wrapper/ph1p_ddrmc_top/u_ddr_phy/u_ddrphy_top/u_ddrphy_clk/u_pll1/u_bufg_fbclk   |  x23y39z16  
RUN-1001 :     3    |                                              u_hdmi_mixer/I_clk_created_gclkinst                                              |  x23y39z17  
RUN-1001 :     4    |                                               I_sys_clk_dup_6_created_gclkinst                                                |  x23y39z22  
RUN-1001 :     5    |                                               O_cam_24m_dup_1_created_gclkinst                                                |  x23y39z18  
RUN-1001 :     6    |                          u_hdmi_tx/u_hdmi2phy_wrapper/u0_lane_lvds_8_1/I_serial_clk_created_gclkinst                          |  x23y39z19  
RUN-1001 :     7    |  u_ph1p35_324_ddr_wrapper/u_ddr2/ph1p_ddrmc_wrapper/ph1p_ddrmc_top/u_ddr_phy/u_ddrphy_top/u_ddrphy/apb_pclk_created_gclkinst  |  x23y39z20  
RUN-1001 :     8    |                                       u_uicfgcs500/uii2c_inst/scl_clk_created_gclkinst                                        |  x23y39z1   
RUN-1001 :     9    |                                                      u_PLL/bufg_feedback                                                      |  x23y39z21  
RUN-1001 : -------------------------------------------------------------------------------------------------------------------------------------------------------
RUN-1001 : Clock Nets Connect To GCLK Statistics: 
RUN-1001 : -----------------------------------------------------------------------------------------------------------------------------------------------------------------------------------------
RUN-1001 :   Index  |                        Leading Net                        |  CLK/DATA/IO/PLL Sink(s)  |                       Following Net                       |  CLK/DATA/IO/PLL Sink(s)  
RUN-1001 : -----------------------------------------------------------------------------------------------------------------------------------------------------------------------------------------
RUN-1001 :     1    | u_mipi_dphy_rx_ph1p_mipiio_wrapper/u_ph1p_mipiio_rx_w...  |          1/0/0/0          | u_isp_top/u_demosaic/raw_matrix_3x3_buffer_d/zhenghe_...  |        8284/0/0/0         
RUN-1001 :     2    | u_ph1p35_324_ddr_wrapper/u_ddr2/ph1p_ddrmc_wrapper/ph...  |          1/0/0/0          | u_ph1p35_324_ddr_wrapper/u_ddr2/ph1p_ddrmc_wrapper/ph...  |        3545/0/0/0         
RUN-1001 :     3    |                    u_hdmi_mixer/I_clk                     |          1/0/0/0          |                u_hdmi_mixer/I_clk_syn_652                 |        1445/0/0/0         
RUN-1001 :     4    |                      I_sys_clk_dup_6                      |          3/0/0/0          |                      I_sys_clk_syn_8                      |         137/0/0/0         
RUN-1001 :     5    |                      O_cam_24m_dup_1                      |          1/0/0/0          |                      O_cam_24m_syn_3                      |         102/1/0/0         
RUN-1001 :     6    | u_hdmi_tx/u_hdmi2phy_wrapper/u0_lane_lvds_8_1/I_seria...  |          1/0/0/0          | u_hdmi_tx/u_hdmi2phy_wrapper/u0_lane_lvds_8_1/I_seria...  |         61/0/0/0          
RUN-1001 :     7    | u_ph1p35_324_ddr_wrapper/u_ddr2/ph1p_ddrmc_wrapper/ph...  |          1/0/0/0          | u_ph1p35_324_ddr_wrapper/u_ddr2/ph1p_ddrmc_wrapper/ph...  |         43/0/0/0          
RUN-1001 :     8    |              u_uicfgcs500/uii2c_inst/scl_clk              |          1/2/0/0          |           u_uicfgcs500/uii2c_inst/scl_clk_syn_9           |         24/0/0/0          
RUN-1001 :     9    |                      u_PLL/clk0_buf                       |          1/0/0/0          | u_mipi_dphy_rx_ph1p_mipiio_wrapper/u_ph1p_mipiio_rx_w...  |         13/0/0/0          
RUN-1001 : -----------------------------------------------------------------------------------------------------------------------------------------------------------------------------------------
PHY-1001 : Stage 2.3 | Global Placement Step 1
PHY-3001 : Target density is 60%
PHY-1001 : Stage 2.3.1 | Update Timing
RUN-1002 : start command "start_timer"
RUN-1003 : finish command "start_timer" in  1.367203s wall, 1.359375s user + 0.000000s system = 1.359375s CPU (99.4%)

RUN-1004 : used memory is 835 MB, reserved memory is 837 MB, peak memory is 835 MB
PHY-1001 : SWNS: 867, STNS: 0, FEP: 0
PHY-3001 : tot_pins 246580 tot_hfn_pins 18389 perc. 7 tot_hhfn_pins 5333 perc. 2
PHY-1001 : End Stage 2.3.1 | Update Timing; Time: 2.622878s wall, 2.625000s user + 0.000000s system = 2.625000s CPU (100.1%); Memory(MB): used = 845, reserved = 845, peak = 845;

PHY-0007 : Cell area utilization is 47%
RUN-1001 : Huge Net Statistic
RUN-1001 : ----------------------------------------------------------------------------------------------------------------------------------------------------------------------------------------
RUN-1001 :   Fanout  |  Slack  |                                                                                Net                                                                                
RUN-1001 : ----------------------------------------------------------------------------------------------------------------------------------------------------------------------------------------
RUN-1001 :    2772   |   Inf   |                                u_ph1p35_324_ddr_wrapper/u_ddr2/ph1p_ddrmc_wrapper/ph1p_ddrmc_top/u_ddr_phy/u_ddrphy_top/sys_rst_n                                 
RUN-1001 :    1472   |  11982  |                                u_ph1p35_324_ddr_wrapper/u_ddr2/ph1p_ddrmc_wrapper/ph1p_ddrmc_top/u_alc_mc_top/u_rbuf_addr_fifo/rst                                
RUN-1001 :    1089   |   Inf   |  u_ph1p35_324_ddr_wrapper/u_ddr2/ph1p_ddrmc_wrapper/ph1p_ddrmc_top/u_ddr_phy/u_ddrphy_top/u_ddrphy/dx_byte[1]$dx_byte_used$u_ddrphy_dx_byte_wrapper/dx_phy_rst_n  
RUN-1001 : ----------------------------------------------------------------------------------------------------------------------------------------------------------------------------------------
PHY-3001 : Clustering ...
PHY-3001 : End clustering;  0.145354s wall, 0.515625s user + 0.453125s system = 0.968750s CPU (666.5%)

PHY-3001 : Target density is 60%
PHY-1001 : Stage 2.3.2 | GP Iteration
PHY-1001 : End Stage 2.3.2 | GP Iteration; Time: 2.334770s wall, 8.187500s user + 2.609375s system = 10.796875s CPU (462.4%); Memory(MB): used = 856, reserved = 855, peak = 856;

PHY-3001 : Multithread accelerating rate: 4.70
RUN-1002 : start command "start_timer"
USR-1002 : Derived clock:  create_generated_clock -name {u_PLL/ph1p_phy_pll_wrapper_25a56e5ce2f9_Inst/u_PH1P_PHY_PLL.clkc[0]} -source [get_ports {I_sys_clk}] -master_clock {sys_clk_50m} -multiply_by 2.0000 -duty_cycle 50.0000 [get_pins {u_PLL/ph1p_phy_pll_wrapper_25a56e5ce2f9_Inst/u_PH1P_PHY_PLL.clkc[0]}]
USR-1002 : Derived clock:  create_generated_clock -name {u_PLL/ph1p_phy_pll_wrapper_25a56e5ce2f9_Inst/u_PH1P_PHY_PLL.clkc[1]} -source [get_ports {I_sys_clk}] -master_clock {sys_clk_50m} -divide_by 2.1000 -duty_cycle 50.0000 [get_pins {u_PLL/ph1p_phy_pll_wrapper_25a56e5ce2f9_Inst/u_PH1P_PHY_PLL.clkc[1]}]
USR-1002 : Derived clock:  create_generated_clock -name {u_PLL/ph1p_phy_pll_wrapper_25a56e5ce2f9_Inst/u_PH1P_PHY_PLL.clkc[4]} -source [get_ports {I_sys_clk}] -master_clock {sys_clk_50m} -multiply_by 1.5000 -duty_cycle 50.0000 [get_pins {u_PLL/ph1p_phy_pll_wrapper_25a56e5ce2f9_Inst/u_PH1P_PHY_PLL.clkc[4]}]
USR-1002 : Derived clock:  create_generated_clock -name {u_PLL/ph1p_phy_pll_wrapper_25a56e5ce2f9_Inst/u_PH1P_PHY_PLL.clkc[5]} -source [get_ports {I_sys_clk}] -master_clock {sys_clk_50m} -multiply_by 7.5000 -duty_cycle 50.0000 [get_pins {u_PLL/ph1p_phy_pll_wrapper_25a56e5ce2f9_Inst/u_PH1P_PHY_PLL.clkc[5]}]
USR-1002 : Derived clock:  create_generated_clock -name {u_ph1p35_324_ddr_wrapper/u_ddr2/ph1p_ddrmc_wrapper/ph1p_ddrmc_top/u_ddr_phy/u_ddrphy_top/u_ddrphy_clk/u_pll0/u_pll_inst.clkc[0]} -source [get_ports {I_sys_clk}] -master_clock {sys_clk_50m} -multiply_by 1.3333 -duty_cycle 50.0000 [get_pins {u_ph1p35_324_ddr_wrapper/u_ddr2/ph1p_ddrmc_wrapper/ph1p_ddrmc_top/u_ddr_phy/u_ddrphy_top/u_ddrphy_clk/u_pll0/u_pll_inst.clkc[0]}]
USR-1002 : Derived clock:  create_generated_clock -name {u_ph1p35_324_ddr_wrapper/u_ddr2/ph1p_ddrmc_wrapper/ph1p_ddrmc_top/u_ddr_phy/u_ddrphy_top/u_ddrphy_clk/u_pll0/u_pll_inst.clkc[1]} -source [get_ports {I_sys_clk}] -master_clock {sys_clk_50m} -multiply_by 1.3333 -duty_cycle 50.0000 [get_pins {u_ph1p35_324_ddr_wrapper/u_ddr2/ph1p_ddrmc_wrapper/ph1p_ddrmc_top/u_ddr_phy/u_ddrphy_top/u_ddrphy_clk/u_pll0/u_pll_inst.clkc[1]}]
USR-1002 : Derived clock:  create_generated_clock -name {u_ph1p35_324_ddr_wrapper/u_ddr2/ph1p_ddrmc_wrapper/ph1p_ddrmc_top/u_ddr_phy/u_ddrphy_top/u_ddrphy_clk/u_pll0/u_pll_inst.clkc[2]} -source [get_ports {I_sys_clk}] -master_clock {sys_clk_50m} -multiply_by 5.3333 -duty_cycle 50.0000 [get_pins {u_ph1p35_324_ddr_wrapper/u_ddr2/ph1p_ddrmc_wrapper/ph1p_ddrmc_top/u_ddr_phy/u_ddrphy_top/u_ddrphy_clk/u_pll0/u_pll_inst.clkc[2]}]
USR-1002 : Derived clock:  create_generated_clock -name {u_ph1p35_324_ddr_wrapper/u_ddr2/ph1p_ddrmc_wrapper/ph1p_ddrmc_top/u_ddr_phy/u_ddrphy_top/u_ddrphy_clk/u_pll0/u_pll_inst.clkc[3]} -source [get_ports {I_sys_clk}] -master_clock {sys_clk_50m} -divide_by 1.9687 -duty_cycle 50.0000 [get_pins {u_ph1p35_324_ddr_wrapper/u_ddr2/ph1p_ddrmc_wrapper/ph1p_ddrmc_top/u_ddr_phy/u_ddrphy_top/u_ddrphy_clk/u_pll0/u_pll_inst.clkc[3]}]
USR-1002 : Derived clock:  create_generated_clock -name {u_ph1p35_324_ddr_wrapper/u_ddr2/ph1p_ddrmc_wrapper/ph1p_ddrmc_top/u_ddr_phy/u_ddrphy_top/u_ddrphy_clk/u_pll1/u_pll_inst.clkc[0]} -source [get_pins {u_ph1p35_324_ddr_wrapper/u_ddr2/ph1p_ddrmc_wrapper/ph1p_ddrmc_top/u_ddr_phy/u_ddrphy_top/u_ddrphy_clk/u_pll0/u_pll_inst.clkc[0]}] -master_clock {u_ph1p35_324_ddr_wrapper/u_ddr2/ph1p_ddrmc_wrapper/ph1p_ddrmc_top/u_ddr_phy/u_ddrphy_top/u_ddrphy_clk/u_pll0/u_pll_inst.clkc[0]} -multiply_by 1.0000 -duty_cycle 50.0000 [get_pins {u_ph1p35_324_ddr_wrapper/u_ddr2/ph1p_ddrmc_wrapper/ph1p_ddrmc_top/u_ddr_phy/u_ddrphy_top/u_ddrphy_clk/u_pll1/u_pll_inst.clkc[0]}]
8.888000
15.000000
15.000000
13.333000
RUN-1003 : finish command "start_timer" in  1.686703s wall, 1.656250s user + 0.015625s system = 1.671875s CPU (99.1%)

RUN-1004 : used memory is 856 MB, reserved memory is 855 MB, peak memory is 856 MB
TMR-2502 : Net delay update with mode: Placed
PHY-3001 : No need to merge 9x9 Dsps.
PHY-1001 : Populate physical database on model design_top_wrapper.
PHY-1001 : End Stage 2.3 | Global Placement Step 1; Time: 8.575517s wall, 14.734375s user + 3.125000s system = 17.859375s CPU (208.3%); Memory(MB): used = 908, reserved = 906, peak = 908;

PHY-1001 : Stage 2.4 | RAM/DSP Legalization and Detailed Placement
PHY-1001 : Stage 2.4.1 | Legalization
PHY-3001 : Before Legalized: Len = 1.69918e+06
PHY-3001 : After Legalized: Len = 1.68909e+06, Over = 120.844
PHY-1001 : End Stage 2.4.1 | Legalization; Time: 1.547726s wall, 1.531250s user + 0.015625s system = 1.546875s CPU (99.9%); Memory(MB): used = 909, reserved = 907, peak = 909;

PHY-1001 : Stage 2.4.2 | Detailed Placement
PHY-1001 : Stage 2.4.2.1 | Simulated Annealing Based DP
PHY-0007 : Initial: WL Cost = 139076, TD Cost = 149384, SWNS = 1363, STNS = 0, Nums per T = 480, Range Limit = 2x32
PHY-0007 : Finally: WL Cost = 136830, TD Cost = 149090, WL Ratio = 0.983849, TD Ratio = 0.998035, SWNS = 1363, STNS = 0
RUN-1001 : Print Detailed placement's Summary information
RUN-1001 : -------------------------------------------------------------------------------------------------------------------------------
RUN-1001 :             |  Total  |  Accept  |  Reject by overFlow  |  Reject by worseCost  |  Failed by noTarget  |  Failed by gridCheck  
RUN-1001 : -------------------------------------------------------------------------------------------------------------------------------
RUN-1001 :   RAM/DSPs  |  2400   |    81    |          0           |         2319          |          0           |           0           
RUN-1001 :    Macros   |   396   |    24    |          0           |          372          |          0           |           0           
RUN-1001 : -------------------------------------------------------------------------------------------------------------------------------
PHY-1001 : End Stage 2.4.2.1 | Simulated Annealing Based DP; Time: 2.067604s wall, 3.093750s user + 0.140625s system = 3.234375s CPU (156.4%); Memory(MB): used = 912, reserved = 910, peak = 912;

PHY-3001 : End Detailed Place; 
PHY-1001 : End Stage 2.4.2 | Detailed Placement; Time: 2.238989s wall, 3.250000s user + 0.140625s system = 3.390625s CPU (151.4%); Memory(MB): used = 912, reserved = 910, peak = 912;

PHY-1001 : End Stage 2.4 | RAM/DSP Legalization and Detailed Placement; Time: 3.787320s wall, 4.781250s user + 0.156250s system = 4.937500s CPU (130.4%); Memory(MB): used = 912, reserved = 910, peak = 912;

PHY-1001 : Stage 2.5 | Global Placement Step 2
PHY-3001 : Target density is 60%
PHY-1001 : Stage 2.5.1 | Update Timing
PHY-1001 : SWNS: 1363, STNS: 0, FEP: 0
PHY-1001 : End Stage 2.5.1 | Update Timing; Time: 0.146295s wall, 0.156250s user + 0.000000s system = 0.156250s CPU (106.8%); Memory(MB): used = 913, reserved = 910, peak = 913;

PHY-1001 : Stage 2.5.2 | Refresh Congestion
RUN-1001 : Generating global routing grids ...
RUN-1001 : Building simple global routing graph ...
PHY-1001 : Generate routing nets ...
PHY-1001 : Reuse net number 0/12502.
PHY-1001 : Global iterations in 32 thread ...
PHY-1002 : len = 1.70787e+06, over cnt = 2190(3%), over = 11429, worst = 56
PHY-1001 : End global iterations;  0.561600s wall, 0.937500s user + 0.015625s system = 0.953125s CPU (169.7%)

PHY-1001 : Congestion index:
PHY-1001 : top1  = 180.14(S 114.83, N 94.17, E 170.72, W 131.09, I 332.40, O 425.16)
PHY-1001 : top5  = 120.69(S 77.70, N 61.90, E 100.41, W 88.77, I 166.36, O 222.98)
PHY-1001 : top10 = 98.31(S 59.42, N 48.43, E 75.23, W 68.16, I 114.82, O 158.15)
PHY-1001 : top15 = 84.97(S 48.93, N 40.42, E 61.17, W 56.12, I 88.51, O 123.29)
PHY-1001 : End Stage 2.5.2 | Refresh Congestion; Time: 1.027388s wall, 1.390625s user + 0.015625s system = 1.406250s CPU (136.9%); Memory(MB): used = 992, reserved = 990, peak = 992;

PHY-1001 : Stage 2.5.3 | GP Iteration
PHY-1001 : End Stage 2.5.3 | GP Iteration; Time: 1.607563s wall, 11.968750s user + 0.500000s system = 12.468750s CPU (775.6%); Memory(MB): used = 997, reserved = 996, peak = 997;

PHY-3001 : Multithread accelerating rate: 7.63
PHY-1001 : End Stage 2.5 | Global Placement Step 2; Time: 4.345785s wall, 15.078125s user + 0.515625s system = 15.593750s CPU (358.8%); Memory(MB): used = 1000, reserved = 998, peak = 1000;

PHY-1001 : Stage 2.6 | RAM/DSP Detailed Placement
PHY-1001 : Stage 2.6.1 | Detailed Placement
PHY-1001 : Stage 2.6.1.1 | Simulated Annealing Based DP
PHY-0007 : Initial: WL Cost = 101367, TD Cost = 99994.1, SWNS = 1354, STNS = 0, Nums per T = 480, Range Limit = 2x32
PHY-0007 : Finally: WL Cost = 101211, TD Cost = 99979.6, WL Ratio = 0.99846, TD Ratio = 0.999855, SWNS = 1354, STNS = 0
RUN-1001 : Print Detailed placement's Summary information
RUN-1001 : -------------------------------------------------------------------------------------------------------------------------------
RUN-1001 :             |  Total  |  Accept  |  Reject by overFlow  |  Reject by worseCost  |  Failed by noTarget  |  Failed by gridCheck  
RUN-1001 : -------------------------------------------------------------------------------------------------------------------------------
RUN-1001 :   RAM/DSPs  |  1440   |    6     |          0           |         1434          |          0           |           0           
RUN-1001 :    Macros   |   226   |    0     |          0           |          226          |          0           |           0           
RUN-1001 : -------------------------------------------------------------------------------------------------------------------------------
PHY-1001 : End Stage 2.6.1.1 | Simulated Annealing Based DP; Time: 0.158831s wall, 0.984375s user + 0.031250s system = 1.015625s CPU (639.4%); Memory(MB): used = 1000, reserved = 998, peak = 1000;

PHY-3001 : End Detailed Place; 
PHY-1001 : End Stage 2.6.1 | Detailed Placement; Time: 0.335746s wall, 1.156250s user + 0.031250s system = 1.187500s CPU (353.7%); Memory(MB): used = 1000, reserved = 998, peak = 1000;

PHY-1001 : Stage 2.6.2 | Spreading
OPT-1001 : Total overflow 534.56 peak overflow 5.09
PHY-3001 : Spreading for sector grids.
PHY-3001 : Iter 1, total overflow: 0
PHY-3001 : tot_capacity: 48, usage_cnt: 22, movable_cnt: 34
PHY-3001 : End spreading;  0.080744s wall, 0.453125s user + 0.015625s system = 0.468750s CPU (580.5%)

PHY-1001 : End Stage 2.6.2 | Spreading; Time: 0.080822s wall, 0.453125s user + 0.015625s system = 0.468750s CPU (580.0%); Memory(MB): used = 1000, reserved = 998, peak = 1000;

PHY-1001 : End Stage 2.6 | RAM/DSP Detailed Placement; Time: 0.608015s wall, 1.796875s user + 0.046875s system = 1.843750s CPU (303.2%); Memory(MB): used = 1000, reserved = 998, peak = 1000;

PHY-1001 : Stage 2.7 | Optimize Design
OPT-1001 : Start physical optimization ...
OPT-1001 : Total overflow 534.56 peak overflow 5.09
OPT-1001 : Stage 2.7.1 | Synthesize High-fanout Net
OPT-1001 : Start high-fanout net optimization in pre-pack flow with medium effort ...
OPT-1001 : Update timing in Manhattan mode
OPT-1001 : End timing update;  1.494269s wall, 1.500000s user + 0.000000s system = 1.500000s CPU (100.4%)

OPT-1001 : Start: SWNS 1354 STNS 0 NUM_FEPS 0
OPT-1001 : Total overflow 534.56 peak overflow 5.09
PHY-1001 : Populate physical database on model design_top_wrapper.
OPT-1001 : 30 high-fanout net processed.
PHY-3001 : Start incremental placement ...
PHY-1001 : Populate physical database on model design_top_wrapper.
PHY-1001 : Processing 2 clock pins of DDR instance u_ph1p35_324_ddr_wrapper/u_ddr2/ph1p_ddrmc_wrapper/ph1p_ddrmc_top/u_ddr_phy/u_ddrphy_top/u_ddrphy/ac_byte[0]$ac_byte_used$u_ddrphy_ac_byte_wrapper/u_ddrphy_byte, location = x0y70z0.
PHY-1001 :   Placed ioclk instance u_ph1p35_324_ddr_wrapper/u_ddr2/ph1p_ddrmc_wrapper/ph1p_ddrmc_top/u_ddr_phy/u_ddrphy_top/u_ddrphy_clk/ioclk[0]$u_ioclk_1, location = x0y59z1.
PHY-1001 :   Placed ioclk instance u_ph1p35_324_ddr_wrapper/u_ddr2/ph1p_ddrmc_wrapper/ph1p_ddrmc_top/u_ddr_phy/u_ddrphy_top/u_ddrphy_clk/ioclk[0]$u_ioclk_0, location = x0y59z0.
PHY-1001 : Processing 2 clock pins of DDR instance u_ph1p35_324_ddr_wrapper/u_ddr2/ph1p_ddrmc_wrapper/ph1p_ddrmc_top/u_ddr_phy/u_ddrphy_top/u_ddrphy/ac_byte[1]$ac_byte_used$u_ddrphy_ac_byte_wrapper/u_ddrphy_byte, location = x0y60z0.
PHY-1001 :   Placed ioclk instance u_ph1p35_324_ddr_wrapper/u_ddr2/ph1p_ddrmc_wrapper/ph1p_ddrmc_top/u_ddr_phy/u_ddrphy_top/u_ddrphy_clk/ioclk[0]$u_ioclk_1, location = x0y59z1.
PHY-1001 :   Placed ioclk instance u_ph1p35_324_ddr_wrapper/u_ddr2/ph1p_ddrmc_wrapper/ph1p_ddrmc_top/u_ddr_phy/u_ddrphy_top/u_ddrphy_clk/ioclk[0]$u_ioclk_0, location = x0y59z0.
PHY-1001 : Processing 2 clock pins of DDR instance u_ph1p35_324_ddr_wrapper/u_ddr2/ph1p_ddrmc_wrapper/ph1p_ddrmc_top/u_ddr_phy/u_ddrphy_top/u_ddrphy/ac_byte[2]$ac_byte_used$u_ddrphy_ac_byte_wrapper/u_ddrphy_byte, location = x0y50z0.
PHY-1001 :   Placed ioclk instance u_ph1p35_324_ddr_wrapper/u_ddr2/ph1p_ddrmc_wrapper/ph1p_ddrmc_top/u_ddr_phy/u_ddrphy_top/u_ddrphy_clk/ioclk[0]$u_ioclk_1, location = x0y59z1.
PHY-1001 :   Placed ioclk instance u_ph1p35_324_ddr_wrapper/u_ddr2/ph1p_ddrmc_wrapper/ph1p_ddrmc_top/u_ddr_phy/u_ddrphy_top/u_ddrphy_clk/ioclk[0]$u_ioclk_0, location = x0y59z0.
PHY-1001 : Processing 2 clock pins of DDR instance u_ph1p35_324_ddr_wrapper/u_ddr2/ph1p_ddrmc_wrapper/ph1p_ddrmc_top/u_ddr_phy/u_ddrphy_top/u_ddrphy/ac_byte[3]$ac_byte_used$u_ddrphy_ac_byte_wrapper/u_ddrphy_byte, location = x0y40z0.
PHY-1001 :   Placed ioclk instance u_ph1p35_324_ddr_wrapper/u_ddr2/ph1p_ddrmc_wrapper/ph1p_ddrmc_top/u_ddr_phy/u_ddrphy_top/u_ddrphy_clk/ioclk[0]$u_ioclk_1, location = x0y59z1.
PHY-1001 :   Placed ioclk instance u_ph1p35_324_ddr_wrapper/u_ddr2/ph1p_ddrmc_wrapper/ph1p_ddrmc_top/u_ddr_phy/u_ddrphy_top/u_ddrphy_clk/ioclk[0]$u_ioclk_0, location = x0y59z0.
PHY-1001 : Processing 2 clock pins of DDR instance u_ph1p35_324_ddr_wrapper/u_ddr2/ph1p_ddrmc_wrapper/ph1p_ddrmc_top/u_ddr_phy/u_ddrphy_top/u_ddrphy/dx_byte[0]$dx_byte_used$u_ddrphy_dx_byte_wrapper/u_ddrphy_byte, location = x0y30z0.
PHY-1001 :   Placed ioclk instance u_ph1p35_324_ddr_wrapper/u_ddr2/ph1p_ddrmc_wrapper/ph1p_ddrmc_top/u_ddr_phy/u_ddrphy_top/u_ddrphy_clk/ioclk[1]$u_ioclk_1, location = x0y19z1.
PHY-1001 :   Placed ioclk instance u_ph1p35_324_ddr_wrapper/u_ddr2/ph1p_ddrmc_wrapper/ph1p_ddrmc_top/u_ddr_phy/u_ddrphy_top/u_ddrphy_clk/ioclk[1]$u_ioclk_0, location = x0y19z0.
PHY-1001 : Processing 2 clock pins of DDR instance u_ph1p35_324_ddr_wrapper/u_ddr2/ph1p_ddrmc_wrapper/ph1p_ddrmc_top/u_ddr_phy/u_ddrphy_top/u_ddrphy/dx_byte[1]$dx_byte_used$u_ddrphy_dx_byte_wrapper/u_ddrphy_byte, location = x0y10z0.
PHY-1001 :   Placed ioclk instance u_ph1p35_324_ddr_wrapper/u_ddr2/ph1p_ddrmc_wrapper/ph1p_ddrmc_top/u_ddr_phy/u_ddrphy_top/u_ddrphy_clk/ioclk[1]$u_ioclk_1, location = x0y19z1.
PHY-1001 :   Placed ioclk instance u_ph1p35_324_ddr_wrapper/u_ddr2/ph1p_ddrmc_wrapper/ph1p_ddrmc_top/u_ddr_phy/u_ddrphy_top/u_ddrphy_clk/ioclk[1]$u_ioclk_0, location = x0y19z0.
PHY-3001 : Target density is 60%
PHY-3001 : Target density is 60%
PHY-1001 : Stage 2.7.1.1 | Update Timing
PHY-1001 : SWNS: 1354, STNS: 0, FEP: 0
PHY-1001 : End Stage 2.7.1.1 | Update Timing; Time: 0.158556s wall, 0.156250s user + 0.000000s system = 0.156250s CPU (98.5%); Memory(MB): used = 1007, reserved = 1004, peak = 1007;

PHY-1001 : Stage 2.7.1.2 | Refresh Congestion
RUN-1001 : Generating global routing grids ...
PHY-1001 : Generate routing nets ...
PHY-1001 : Reuse net number 217/21133.
PHY-1001 : Global iterations in 32 thread ...
PHY-1002 : len = 1.21504e+06, over cnt = 2524(3%), over = 14120, worst = 68
PHY-1001 : End global iterations;  0.725233s wall, 1.468750s user + 0.015625s system = 1.484375s CPU (204.7%)

PHY-1001 : Congestion index:
PHY-1001 : top1  = 164.10(S 141.92, N 124.17, E 118.44, W 116.37, I 179.44, O 196.88)
PHY-1001 : top5  = 119.06(S 93.72, N 75.57, E 76.96, W 79.77, I 110.04, O 129.57)
PHY-1001 : top10 = 99.15(S 71.00, N 57.02, E 59.53, W 65.55, I 81.64, O 102.29)
PHY-1001 : top15 = 87.49(S 58.14, N 46.94, E 49.53, W 56.06, I 67.27, O 87.08)
PHY-1001 : End Stage 2.7.1.2 | Refresh Congestion; Time: 0.957478s wall, 1.687500s user + 0.015625s system = 1.703125s CPU (177.9%); Memory(MB): used = 1010, reserved = 1007, peak = 1016;

PHY-1001 : Stage 2.7.1.3 | GP Iteration
PHY-1001 : End Stage 2.7.1.3 | GP Iteration; Time: 2.756218s wall, 19.734375s user + 0.687500s system = 20.421875s CPU (740.9%); Memory(MB): used = 1012, reserved = 1009, peak = 1016;

PHY-3001 : Multithread accelerating rate: 7.34
OPT-1001 : Total overflow 521.91 peak overflow 5.34
PHY-3001 : Spreading for sector grids.
PHY-3001 : Iter 1, total overflow: 0
PHY-3001 : tot_capacity: 48, usage_cnt: 21, movable_cnt: 38
PHY-3001 : End spreading;  0.081778s wall, 0.484375s user + 0.000000s system = 0.484375s CPU (592.3%)

PHY-3001 : Final: Len = 1.27727e+06, Over = 99.3125
PHY-3001 : End incremental placement;  4.289643s wall, 22.375000s user + 0.703125s system = 23.078125s CPU (538.0%)

OPT-1001 : Total overflow 521.91 peak overflow 5.34
RUN-1001 : HFN opt statistic
RUN-1001 : ------------------------------------------------------
RUN-1001 :   DriverCell type  |  HFN count  |  Duplicated count  
RUN-1001 : ------------------------------------------------------
RUN-1001 :         REG        |     17      |         72         
RUN-1001 :        LUT6        |      3      |         14         
RUN-1001 :        LUT5        |      3      |         11         
RUN-1001 :        LUT4        |      1      |         4          
RUN-1001 :        LUT3        |      1      |         3          
RUN-1001 :        LUT2        |      5      |         20         
RUN-1001 :        TOTAL       |     30      |        124         
RUN-1001 : ------------------------------------------------------
OPT-1001 : End high-fanout net optimization;  6.979399s wall, 25.796875s user + 0.703125s system = 26.500000s CPU (379.7%)

OPT-1001 : Update timing in Manhattan mode
OPT-1001 : End timing update;  1.527470s wall, 1.515625s user + 0.000000s system = 1.515625s CPU (99.2%)

OPT-1001 : Current memory(MB): used = 1012, reserved = 1009, peak = 1016.
OPT-1001 : End Stage 2.7.1 | Synthesize High-fanout Net; Time: 8.683330s wall, 27.500000s user + 0.703125s system = 28.203125s CPU (324.8%); Memory(MB): used = 1012, reserved = 1009, peak = 1016;

OPT-1001 : Stage 2.7.2 | Global Optimization
OPT-1001 : Start global optimization ...
OPT-0007 : Start: SWNS 1246 STNS 0 NUM_FEPS 0
OPT-1001 : Start congestion update ...
RUN-1001 : Generating global routing grids ...
PHY-1001 : Generate routing nets ...
PHY-1001 : Reuse net number 1690/22371.
PHY-1001 : Global iterations in 32 thread ...
PHY-1002 : len = 1.42595e+06, over cnt = 2668(3%), over = 9175, worst = 28
PHY-1002 : len = 1.54688e+06, over cnt = 2255(3%), over = 5595, worst = 18
PHY-1002 : len = 1.63838e+06, over cnt = 1101(1%), over = 2834, worst = 12
PHY-1002 : len = 1.71021e+06, over cnt = 217(0%), over = 437, worst = 11
PHY-1002 : len = 1.72453e+06, over cnt = 33(0%), over = 39, worst = 2
PHY-1001 : End global iterations;  3.002775s wall, 4.093750s user + 0.125000s system = 4.218750s CPU (140.5%)

PHY-1001 : Congestion index:
PHY-1001 : top1  = 86.63(S 78.89, N 70.47, E 77.37, W 78.87, I 184.65, O 191.37)
PHY-1001 : top5  = 73.36(S 65.42, N 56.63, E 60.87, W 63.02, I 104.24, O 124.90)
PHY-1001 : top10 = 67.00(S 56.94, N 48.50, E 52.44, W 54.85, I 77.70, O 98.09)
PHY-1001 : top15 = 62.49(S 50.97, N 43.15, E 47.17, W 49.26, I 64.35, O 83.43)
OPT-1001 : End congestion update;  3.372369s wall, 4.453125s user + 0.125000s system = 4.578125s CPU (135.8%)

OPT-0007 : Iter 1: improved SWNS 1283 STNS 0 NUM_FEPS 0 with 63 cells processed and 8843 slack improved
OPT-0007 : Iter 2: improved SWNS 1283 STNS 0 NUM_FEPS 0 with 7 cells processed and 447 slack improved
OPT-1001 : Overall commit ratio 0.51
OPT-1001 : End global optimization;  3.512480s wall, 4.578125s user + 0.125000s system = 4.703125s CPU (133.9%)

OPT-1001 : Current memory(MB): used = 1012, reserved = 1009, peak = 1016.
OPT-1001 : End Stage 2.7.2 | Global Optimization; Time: 4.126410s wall, 5.187500s user + 0.125000s system = 5.312500s CPU (128.7%); Memory(MB): used = 1012, reserved = 1009, peak = 1016;

OPT-0007 : End flow prepack: SWNS 1283 STNS 0 NUM_FEPS 0
OPT-1001 : End physical optimization;  12.852366s wall, 32.718750s user + 0.828125s system = 33.546875s CPU (261.0%)

PHY-1001 : End Stage 2.7 | Optimize Design; Time: 12.855712s wall, 32.718750s user + 0.828125s system = 33.546875s CPU (260.9%); Memory(MB): used = 1012, reserved = 1009, peak = 1016;

PHY-1001 : Stage 2.8 | Pack and Legalization
PHY-1001 : Stage 2.8.1 | Direct Legalization
PHY-3001 : Start Direct Legalization ...
PHY-3001 : Get top1 grid util = 0.675524, top1_avg = 0.675524.
PHY-1001 : Populate physical database on model design_top_wrapper.
PHY-3001 : Target density is 60%
PHY-3001 : Before Legalization for Slice Macros, Len = 1.27878e+06.
RUN-1001 : Legalization top10 inst displacement:
RUN-1001 : ------------------------------------------------------------------------------------------------------------------------------------------------------------------------------------------------------------------------------------
RUN-1001 :   Index  |  Bounded  |  Height  |       Location       |  Disp. (slots)  |  Disp. (grids)  |                                                                  Name                                                                  
RUN-1001 : ------------------------------------------------------------------------------------------------------------------------------------------------------------------------------------------------------------------------------------
RUN-1001 :     1    |     N     |    8     |  x3y58z3 to x5y61z0  |       37        |        5        |         u_ph1p35_324_ddr_wrapper/u_ddr2/ph1p_ddrmc_wrapper/ph1p_ddrmc_top/u_ddr_phy/u_ddrphy_top/u_ddrphy_init/ramread0_syn_51         
RUN-1001 :     2    |     N     |    8     |  x3y18z0 to x5y16z0  |       32        |        4        |       u_ph1p35_324_ddr_wrapper/u_ddr2/ph1p_ddrmc_wrapper/ph1p_ddrmc_top/u_phy2mc_fifo/byteIdx_1[0]$u_wfifo_sync/ramread0_syn_68        
RUN-1001 :     3    |     N     |    8     |   x3y3z7 to x5y2z0   |       31        |        3        |       u_ph1p35_324_ddr_wrapper/u_ddr2/ph1p_ddrmc_wrapper/ph1p_ddrmc_top/u_phy2mc_fifo/byteIdx_1[1]$u_wfifo_sync/ramread0_syn_48        
RUN-1001 :     4    |     N     |    8     |  x2y45z1 to x5y46z0  |       31        |        4        |            u_ph1p35_324_ddr_wrapper/u_ddr2/ph1p_ddrmc_wrapper/ph1p_ddrmc_top/u_alc_mc_top/u_wbuf_addr_fifo/ramread0_syn_25             
RUN-1001 :     5    |     N     |    8     |  x2y46z4 to x5y47z0  |       28        |        4        |          u_ph1p35_324_ddr_wrapper/u_ddr2/ph1p_ddrmc_wrapper/ph1p_ddrmc_top/u_alc_mc_top/u_wr_data/u_ptr_ram1/ramread0_syn_25           
RUN-1001 :     6    |     N     |    8     |  x3y58z4 to x5y60z0  |       28        |        4        |         u_ph1p35_324_ddr_wrapper/u_ddr2/ph1p_ddrmc_wrapper/ph1p_ddrmc_top/u_ddr_phy/u_ddrphy_top/u_ddrphy_init/ramread0_syn_71         
RUN-1001 :     7    |     N     |    8     |  x3y58z3 to x5y57z0  |       27        |        3        |         u_ph1p35_324_ddr_wrapper/u_ddr2/ph1p_ddrmc_wrapper/ph1p_ddrmc_top/u_ddr_phy/u_ddrphy_top/u_ddrphy_init/ramread0_syn_91         
RUN-1001 :     8    |     N     |    8     |  x2y45z1 to x5y45z0  |       25        |        3        |          u_ph1p35_324_ddr_wrapper/u_ddr2/ph1p_ddrmc_wrapper/ph1p_ddrmc_top/u_alc_mc_top/u_wr_data/u_ptr_ram0/ramread0_syn_25           
RUN-1001 :     9    |     N     |    8     |   x7y1z0 to x9y2z0   |       24        |        3        |  u_ph1p35_324_ddr_wrapper/u_ddr2/ph1p_ddrmc_wrapper/ph1p_ddrmc_top/u_alc_mc_top/u_rd_data/rd_buffer[0]$u_rd_data_buf/ramread0_syn_132  
RUN-1001 :    10    |     N     |    8     |  x3y34z1 to x5y35z0  |       23        |        3        |            u_ph1p35_324_ddr_wrapper/u_ddr2/ph1p_ddrmc_wrapper/ph1p_ddrmc_top/u_alc_mc_top/u_rbuf_addr_fifo/ramread0_syn_25             
RUN-1001 : ------------------------------------------------------------------------------------------------------------------------------------------------------------------------------------------------------------------------------------
PHY-3001 : After Legalization for Slice Macros, Len = 1.31874e+06.
RUN-1001 : Generating global routing grids ...
PHY-1001 : Generate routing nets ...
PHY-1001 : Reuse net number 19796/22322.
RUN-1002 : start command "update_timing -mode MANHATTAN"
RUN-1002 : start command "start_timer"
RUN-1003 : finish command "start_timer" in  1.571265s wall, 1.546875s user + 0.015625s system = 1.562500s CPU (99.4%)

RUN-1004 : used memory is 1037 MB, reserved memory is 1034 MB, peak memory is 1037 MB
RUN-1003 : finish command "update_timing -mode MANHATTAN" in  2.983555s wall, 2.953125s user + 0.015625s system = 2.968750s CPU (99.5%)

RUN-1004 : used memory is 1037 MB, reserved memory is 1034 MB, peak memory is 1037 MB
PHY-1001 : Global iterations in 32 thread ...
PHY-1002 : len = 1.72218e+06, over cnt = 822(1%), over = 1748, worst = 10
PHY-1002 : len = 1.73733e+06, over cnt = 613(0%), over = 975, worst = 10
PHY-1002 : len = 1.75002e+06, over cnt = 326(0%), over = 480, worst = 6
PHY-1002 : len = 1.76176e+06, over cnt = 83(0%), over = 100, worst = 3
PHY-1002 : len = 1.76461e+06, over cnt = 33(0%), over = 38, worst = 2
PHY-1001 : End global iterations;  1.156033s wall, 1.250000s user + 0.093750s system = 1.343750s CPU (116.2%)

PHY-1001 : Congestion index:
PHY-1001 : top1  = 86.05(S 77.51, N 69.58, E 79.11, W 78.87, I 175.60, O 184.79)
PHY-1001 : top5  = 73.59(S 65.24, N 56.37, E 62.24, W 62.82, I 98.80, O 120.20)
PHY-1001 : top10 = 67.35(S 56.67, N 48.31, E 53.80, W 54.86, I 75.56, O 96.02)
PHY-1001 : top15 = 62.85(S 50.64, N 43.05, E 48.38, W 49.41, I 63.27, O 82.36)
PHY-3001 : Total Iter 102, legal = 22203 / 22203 (100.00%), avg_move = 30.33, max_move = 292.
PHY-3001 : There are no illegal insts.
PHY-1001 : Populate physical database on model design_top_wrapper.
PHY-3001 : End Direct Legalization;  22.020461s wall, 261.734375s user + 2.718750s system = 264.453125s CPU (1200.9%)

RUN-1001 : Summary of LUT-FF Pairs
RUN-1001 : ---------------------------------------------------------------
RUN-1001 :   Num of Fanout Seqs  |   1x   |  2x  |  3~5  |  6~10  |  >10  
RUN-1001 : ---------------------------------------------------------------
RUN-1001 :         Total         |  6481  |  5   |  52   |   2    |  23   
RUN-1001 :          Grid         |  6480  |  5   |  46   |   1    |  23   
RUN-1001 :          Bank         |  6382  |  5   |  45   |   1    |  23   
RUN-1001 :         Paired        |  6354  |  5   |  44   |   1    |  22   
RUN-1001 : ---------------------------------------------------------------
RUN-1001 : Summary of LUT Pairs
RUN-1001 : ---------------------------------------------------------------------------------------------------------------------
RUN-1001 :            |           |           |           |           |           |  O5 + O6  |  Only O5  |  Only O6  |  Total  
RUN-1001 : ---------------------------------------------------------------------------------------------------------------------
RUN-1001 :   5 Share  |  4 Share  |  3 Share  |  2 Share  |  1 Share  |  0 Share  |           |           |           |         
RUN-1001 :     46     |    155    |    236    |    403    |   1625    |   3165    |   5630    |   2120    |   1741    |  9491   
RUN-1001 : ---------------------------------------------------------------------------------------------------------------------
PHY-1001 : End Stage 2.8.1 | Direct Legalization; Time: 22.079054s wall, 261.781250s user + 2.718750s system = 264.500000s CPU (1198.0%); Memory(MB): used = 1131, reserved = 1128, peak = 1132;

PHY-3001 : Target density is 60%
PHY-3001 : After Direct Legalization, Len = 1.53958e+06.
PHY-1001 : End Stage 2.8 | Pack and Legalization; Time: 22.258972s wall, 261.968750s user + 2.718750s system = 264.687500s CPU (1189.1%); Memory(MB): used = 1131, reserved = 1128, peak = 1132;

RUN-1002 : start command "start_timer"
RUN-1003 : finish command "start_timer" in  3.070189s wall, 3.062500s user + 0.000000s system = 3.062500s CPU (99.7%)

RUN-1004 : used memory is 1131 MB, reserved memory is 1128 MB, peak memory is 1132 MB
PHY-1001 : End Stage 2 | Global Placement; Time: 57.102719s wall, 335.765625s user + 7.390625s system = 343.156250s CPU (600.9%); Memory(MB): used = 1132, reserved = 1128, peak = 1132;

PHY-1001 : Stage 3 | Detailed Placement
PHY-1001 : Stage 3.1 | SLICE Detailed Placement
PHY-1001 : Stage 3.1.1 | Spreading
PHY-3001 : Design contains 144 ce signals.
PHY-3001 : Spreading for sector grids.
PHY-3001 : Iter 1, total overflow: 0
PHY-3001 : tot_capacity: 48, usage_cnt: 22, movable_cnt: 34
PHY-3001 : Spreading for clock grids.
PHY-3001 : clock grid count for 24 x 4 grids
PHY-3001 : Spreading for plb grids.
PHY-3001 : total displace: 0, max displace: 0.
PHY-3001 : End spreading;  0.323257s wall, 0.328125s user + 0.000000s system = 0.328125s CPU (101.5%)

PHY-1001 : End Stage 3.1.1 | Spreading; Time: 0.323363s wall, 0.328125s user + 0.000000s system = 0.328125s CPU (101.5%); Memory(MB): used = 1133, reserved = 1130, peak = 1133;

PHY-1001 : Stage 3.1.2 | Simulated Annealing Based DP
RUN-1001 : Generating global routing grids ...
PHY-1001 : Generate routing nets ...
PHY-1001 : Reuse net number 1855/16824.
PHY-1001 : Global iterations in 32 thread ...
PHY-1002 : len = 1.64192e+06, over cnt = 1289(1%), over = 2635, worst = 9
PHY-1002 : len = 1.67165e+06, over cnt = 792(1%), over = 1308, worst = 9
PHY-1002 : len = 1.69264e+06, over cnt = 265(0%), over = 453, worst = 8
PHY-1002 : len = 1.69909e+06, over cnt = 99(0%), over = 176, worst = 8
PHY-1002 : len = 1.70206e+06, over cnt = 0(0%), over = 0, worst = 0
PHY-1001 : End global iterations;  1.857617s wall, 2.406250s user + 0.031250s system = 2.437500s CPU (131.2%)

PHY-1001 : Congestion index:
PHY-1001 : top1  = 76.36(S 64.97, N 58.82, E 72.52, W 67.43, I 62.34, O 73.19)
PHY-1001 : top5  = 64.78(S 53.11, N 45.92, E 55.69, W 53.80, I 50.55, O 60.17)
PHY-1001 : top10 = 58.66(S 46.16, N 39.62, E 47.70, W 46.99, I 43.86, O 53.75)
PHY-1001 : top15 = 54.90(S 41.46, N 35.45, E 42.63, W 42.51, I 39.50, O 48.87)
PHY-0007 : Initial: WL Cost = 119130, TD Cost = 88910.6, SWNS = 1435, STNS = 0, Nums per T = 90950, Range Limit = 4x8
PHY-0007 : Finally: WL Cost = 104602, TD Cost = 64499.7, WL Ratio = 0.878049, TD Ratio = 0.725444, SWNS = 1555, STNS = 0
RUN-1001 : Print Detailed placement's Summary information
RUN-1001 : ------------------------------------------------------------------------------------------------------------------------------
RUN-1001 :           |  Total   |  Accept  |  Reject by overFlow  |  Reject by worseCost  |  Failed by noTarget  |  Failed by gridCheck  
RUN-1001 : ------------------------------------------------------------------------------------------------------------------------------
RUN-1001 :   Slices  |  909500  |  27723   |         1970         |        865136         |         235          |         14436         
RUN-1001 :   Macros  |  19992   |   205    |         260          |         19457         |          30          |          40           
RUN-1001 : ------------------------------------------------------------------------------------------------------------------------------
PHY-1001 : End Stage 3.1.2 | Simulated Annealing Based DP; Time: 23.426519s wall, 24.765625s user + 0.109375s system = 24.875000s CPU (106.2%); Memory(MB): used = 1143, reserved = 1139, peak = 1143;

PHY-3001 : End Detailed Place; 
PHY-3001 : Final: Len = 1.33053e+06, Over = 0
PHY-1001 : End Stage 3.1 | SLICE Detailed Placement; Time: 24.101380s wall, 25.421875s user + 0.125000s system = 25.546875s CPU (106.0%); Memory(MB): used = 1143, reserved = 1139, peak = 1143;

PHY-3001 : End Detailed Place; 
PHY-1001 : Stage 3.2 | Optimize Design
OPT-1001 : Start physical optimization ...
OPT-1001 : Total overflow 0.00 peak overflow 0.00
OPT-1001 : Stage 3.2.1 | Physical Optimization
OPT-1001 : Start high-fanout net optimization in optimize equivalent flow with medium effort ...
OPT-1001 : Clean unloaded insts before merging registers
PHY-1001 : Populate physical database on model design_top_wrapper.
PHY-1001 : Populate physical database on model design_top_wrapper.
OPT-1001 : Total overflow 0.00 peak overflow 0.00
OPT-1001 : End optimize duplicated nets. Total 49 instances are merged and 685 sinks are reconnected,  2.217614s wall, 2.218750s user + 0.000000s system = 2.218750s CPU (100.1%)

OPT-1001 : End high-fanout net optimization;  2.219389s wall, 2.218750s user + 0.000000s system = 2.218750s CPU (100.0%)

OPT-1001 : Update timing in Manhattan mode
RUN-1002 : start command "start_timer"
RUN-1003 : finish command "start_timer" in  2.435834s wall, 2.437500s user + 0.000000s system = 2.437500s CPU (100.1%)

RUN-1004 : used memory is 1143 MB, reserved memory is 1139 MB, peak memory is 1143 MB
OPT-1001 : End timing update;  3.861229s wall, 3.859375s user + 0.000000s system = 3.859375s CPU (100.0%)

OPT-1001 : Current memory(MB): used = 1143, reserved = 1139, peak = 1143.
OPT-1001 : End Stage 3.2.1 | Physical Optimization; Time: 6.234336s wall, 6.234375s user + 0.000000s system = 6.234375s CPU (100.0%); Memory(MB): used = 1143, reserved = 1139, peak = 1143;

OPT-1001 : Stage 3.2.2 | Synthesize High-fanout Net
OPT-1001 : Start high-fanout net optimization in post-pack flow with medium effort ...
OPT-1001 : Start: SWNS 1555 STNS 0 NUM_FEPS 0
OPT-1001 : Total overflow 0.00 peak overflow 0.00
PHY-1001 : Populate physical database on model design_top_wrapper.
OPT-1001 : 13 high-fanout net processed.
OPT-1001 : Total overflow 0.00 peak overflow 0.00
RUN-1001 : HFN opt statistic
RUN-1001 : ------------------------------------------------------
RUN-1001 :   DriverCell type  |  HFN count  |  Duplicated count  
RUN-1001 : ------------------------------------------------------
RUN-1001 :       LSLICE       |      0      |         0          
RUN-1001 :       MSLICE       |      0      |         0          
RUN-1001 :        OTHER       |     13      |         17         
RUN-1001 :        TOTAL       |     13      |         17         
RUN-1001 : ------------------------------------------------------
OPT-1001 : End high-fanout net optimization;  0.758022s wall, 1.218750s user + 0.015625s system = 1.234375s CPU (162.8%)

OPT-1001 : Current memory(MB): used = 1143, reserved = 1139, peak = 1143.
OPT-1001 : End Stage 3.2.2 | Synthesize High-fanout Net; Time: 0.913759s wall, 1.375000s user + 0.015625s system = 1.390625s CPU (152.2%); Memory(MB): used = 1143, reserved = 1139, peak = 1143;

OPT-1001 : Stage 3.2.3 | Optimize Path
OPT-1001 : Start unpack path based optimization ...
OPT-0007 : Start: SWNS 1555 STNS 0 NUM_FEPS 0 with mode 2
OPT-1001 : Start congestion update ...
RUN-1001 : Generating global routing grids ...
PHY-1001 : Generate routing nets ...
PHY-1001 : Reuse net number 4763/17480.
PHY-1001 : Global iterations in 32 thread ...
PHY-1002 : len = 1.48787e+06, over cnt = 1610(2%), over = 3350, worst = 9
PHY-1002 : len = 1.52557e+06, over cnt = 1039(1%), over = 1869, worst = 9
PHY-1002 : len = 1.55523e+06, over cnt = 494(0%), over = 849, worst = 9
PHY-1002 : len = 1.57542e+06, over cnt = 107(0%), over = 165, worst = 5
PHY-1002 : len = 1.57867e+06, over cnt = 31(0%), over = 49, worst = 5
PHY-1001 : End global iterations;  1.680762s wall, 2.296875s user + 0.062500s system = 2.359375s CPU (140.4%)

PHY-1001 : Congestion index:
PHY-1001 : top1  = 76.66(S 65.57, N 57.88, E 70.64, W 66.69, I 62.12, O 69.90)
PHY-1001 : top5  = 64.05(S 53.41, N 46.10, E 53.15, W 54.54, I 49.49, O 57.37)
PHY-1001 : top10 = 58.15(S 46.55, N 39.46, E 45.58, W 47.92, I 43.47, O 51.89)
PHY-1001 : top15 = 54.41(S 41.98, N 35.43, E 40.88, W 43.52, I 39.46, O 47.86)
OPT-1001 : End congestion update;  2.108481s wall, 2.703125s user + 0.062500s system = 2.765625s CPU (131.2%)

OPT-0007 : Iter 1: improved SWNS 1583 STNS 0 NUM_FEPS 0 with 50(2611) cells and 1277(1334) paths processed with 5467 slack improved, crit_thod: 3000 ratio: 0.93(54/58) rt: 0.6s
OPT-0007 : Iter 2: improved SWNS 1583 STNS 0 NUM_FEPS 0 with 11(2484) cells and 1242(1242) paths processed with 774 slack improved, crit_thod: 3000 ratio: 0.92(11/12) rt: 0.4s
OPT-0007 : Iter 3: improved SWNS 1583 STNS 0 NUM_FEPS 0 with 5(2484) cells and 1242(1242) paths processed with 223 slack improved, crit_thod: 3000 ratio: 0.83(5/6) rt: 0.4s
OPT-1001 : End path based optimization;  3.607404s wall, 4.203125s user + 0.062500s system = 4.265625s CPU (118.2%)

OPT-1001 : Current memory(MB): used = 1143, reserved = 1139, peak = 1143.
OPT-1001 : End Stage 3.2.3 | Optimize Path; Time: 3.764507s wall, 4.359375s user + 0.062500s system = 4.421875s CPU (117.5%); Memory(MB): used = 1143, reserved = 1139, peak = 1143;

OPT-1001 : Stage 3.2.4 | Optimize Duplicated Nets
OPT-1001 : Start: WNS 1583 TNS 0 NUM_FEPS 0
OPT-1001 : Clean unloaded insts before merging registers
PHY-1001 : Populate physical database on model design_top_wrapper.
PHY-1001 : Populate physical database on model design_top_wrapper.
OPT-1001 : Total overflow 0.00 peak overflow 0.00
OPT-1001 : End optimize duplicated nets. Total 1 instances are merged and 174 sinks are reconnected,  2.135310s wall, 2.109375s user + 0.015625s system = 2.125000s CPU (99.5%)

OPT-1001 : Update timing in Manhattan mode
RUN-1002 : start command "start_timer"
RUN-1003 : finish command "start_timer" in  2.469464s wall, 2.453125s user + 0.000000s system = 2.453125s CPU (99.3%)

RUN-1004 : used memory is 1143 MB, reserved memory is 1139 MB, peak memory is 1143 MB
OPT-1001 : End timing update;  3.938274s wall, 3.906250s user + 0.015625s system = 3.921875s CPU (99.6%)

OPT-1001 : Current memory(MB): used = 1143, reserved = 1139, peak = 1143.
OPT-1001 : End Stage 3.2.4 | Optimize Duplicated Nets; Time: 6.234991s wall, 6.171875s user + 0.031250s system = 6.203125s CPU (99.5%); Memory(MB): used = 1143, reserved = 1139, peak = 1143;

OPT-1001 : Stage 3.2.5 | Swap Pins
OPT-1001 : Start pin optimization...
OPT-1001 : Start: SWNS 1583 STNS 0 NUM_FEPS 0
OPT-1001 : Successfully optimized 485 instances
OPT-1001 : Successfully optimized 61 instances
OPT-1001 : End pin optimization;  1.138266s wall, 1.125000s user + 0.000000s system = 1.125000s CPU (98.8%)

OPT-1001 : Current memory(MB): used = 1143, reserved = 1139, peak = 1143.
OPT-1001 : End Stage 3.2.5 | Swap Pins; Time: 1.298106s wall, 1.296875s user + 0.000000s system = 1.296875s CPU (99.9%); Memory(MB): used = 1143, reserved = 1139, peak = 1143;

OPT-1001 : Stage 3.2.6 | Optimize Beeline
OPT-1001 : Start beeline optimization...
OPT-1001 : Start: SWNS 1583 STNS 0 NUM_FEPS 0
PHY-1001 : Beeline DP, 678 out of 4574 (14.82)%; hop = 909.
PHY-1001 : Beeline DP, 223 out of 3943 (5.66)%; hop = 317.
PHY-1001 : Beeline DP, 114 out of 3813 (2.99)%; hop = 165.
PHY-1001 : Beeline DP, 80 out of 3782 (2.12)%; hop = 116.
PHY-1001 : Beeline DP, 73 out of 3773 (1.93)%; hop = 106.
PHY-1001 : Beeline optimization intraPLB, 2085 1-hop(39.39%), 2272 2-hop(42.92%), 402 3-hop( 7.59%), 534 others (10.09%)
PHY-1001 :  9.717826s wall, 9.703125s user + 0.000000s system = 9.703125s CPU (99.8%)

RUN-1001 : Beeline optimization outerPLB: 1-hop 1699, 2-hop 3125, 3-hop 1842, 4-hop 613, other 1604 
OPT-1001 : End beeline optimization;  10.336624s wall, 10.312500s user + 0.000000s system = 10.312500s CPU (99.8%)

OPT-1001 : Update timing in Manhattan mode
OPT-1001 : End timing update;  1.496405s wall, 1.500000s user + 0.000000s system = 1.500000s CPU (100.2%)

OPT-1001 : End Stage 3.2.6 | Optimize Beeline; Time: 12.123142s wall, 12.109375s user + 0.000000s system = 12.109375s CPU (99.9%); Memory(MB): used = 1144, reserved = 1139, peak = 1144;

OPT-0007 : End flow postpack: SWNS 1542 STNS 0 NUM_FEPS 0
RUN-1001 : Generating global routing grids ...
PHY-1001 : Generate routing nets ...
PHY-1001 : Reuse net number 15169/16814.
PHY-1001 : Global iterations in 32 thread ...
PHY-1002 : len = 1.58856e+06, over cnt = 347(0%), over = 502, worst = 6
PHY-1002 : len = 1.5933e+06, over cnt = 202(0%), over = 262, worst = 4
PHY-1002 : len = 1.59803e+06, over cnt = 50(0%), over = 60, worst = 3
PHY-1002 : len = 1.59877e+06, over cnt = 13(0%), over = 15, worst = 3
PHY-1002 : len = 1.59907e+06, over cnt = 0(0%), over = 0, worst = 0
PHY-1001 : End global iterations;  0.567026s wall, 0.640625s user + 0.031250s system = 0.671875s CPU (118.5%)

PHY-1001 : Congestion index:
PHY-1001 : top1  = 76.09(S 65.37, N 57.29, E 70.23, W 66.86, I 62.14, O 70.48)
PHY-1001 : top5  = 63.80(S 53.29, N 45.76, E 53.11, W 54.65, I 49.21, O 57.36)
PHY-1001 : top10 = 58.05(S 46.48, N 39.27, E 45.37, W 48.18, I 43.09, O 51.85)
PHY-1001 : top15 = 54.32(S 41.97, N 35.30, E 40.73, W 43.84, I 39.10, O 47.94)
RUN-1001 : QoR Analysis:
OPT-0007 :   SWNS 1542 STNS 0 NUM_FEPS 0
RUN-1001 :   No local congestion issue, and most congested 1% tile average routing util is 75.631579
RUN-1001 :   Top critical paths
RUN-1001 :       #1 path slack 1542ps with logic level 1 
RUN-1001 :       #2 path slack 1542ps with logic level 1 
RUN-1001 :       #3 path slack 1542ps with logic level 1 
RUN-1001 :       #4 path slack 1542ps with logic level 1 
RUN-1001 :       #5 path slack 1564ps with logic level 1 
RUN-1001 :       #6 path slack 1564ps with logic level 1 
RUN-1001 :       #7 path slack 1564ps with logic level 1 
RUN-1001 :       #8 path slack 1566ps with logic level 1 
RUN-1001 :       #9 path slack 1566ps with logic level 1 
RUN-1001 :       #10 path slack 1566ps with logic level 1 
OPT-1001 : End physical optimization;  31.752807s wall, 32.781250s user + 0.156250s system = 32.937500s CPU (103.7%)

PHY-1001 : End Stage 3.2 | Optimize Design; Time: 31.753040s wall, 32.781250s user + 0.156250s system = 32.937500s CPU (103.7%); Memory(MB): used = 1144, reserved = 1139, peak = 1144;

RUN-1001 : Report Control nets information:
RUN-1001 : DFF Distribution
RUN-1001 : -------------------------------------
RUN-1001 :   CE   |  SSR  |  ASR  |  DFF Count  
RUN-1001 : -------------------------------------
RUN-1001 :   No   |  No   |  No   |     224     
RUN-1001 :   No   |  No   |  Yes  |      0      
RUN-1001 :   No   |  Yes  |  No   |      0      
RUN-1001 :   Yes  |  No   |  No   |    6886     
RUN-1001 :   Yes  |  No   |  Yes  |    6192     
RUN-1001 :   Yes  |  Yes  |  No   |     364     
RUN-1001 : -------------------------------------
RUN-1001 : Control Group Statistic
RUN-1001 : -----------------------------
RUN-1001 :   #CLK  |  #CE  |  #SSR/ASR  
RUN-1001 : -----------------------------
RUN-1001 :    10   |  380  |     31     
RUN-1001 : -----------------------------
RUN-0007 : Control Set = 455
PHY-1001 : End Stage 3 | Detailed Placement; Time: 56.044783s wall, 58.390625s user + 0.281250s system = 58.671875s CPU (104.7%); Memory(MB): used = 1144, reserved = 1139, peak = 1144;

PHY-1001 : Populate physical database on model design_top_wrapper.
PHY-1001 : Stage 4 | Optimize Design
PHY-3001 : Start incremental legalization ...
PHY-1001 : Populate physical database on model design_top_wrapper.
PHY-1001 : Processing 2 clock pins of DDR instance u_ph1p35_324_ddr_wrapper/u_ddr2/ph1p_ddrmc_wrapper/ph1p_ddrmc_top/u_ddr_phy/u_ddrphy_top/u_ddrphy/ac_byte[0]$ac_byte_used$u_ddrphy_ac_byte_wrapper/u_ddrphy_byte, location = x0y70z0.
PHY-1001 :   Placed ioclk instance u_ph1p35_324_ddr_wrapper/u_ddr2/ph1p_ddrmc_wrapper/ph1p_ddrmc_top/u_ddr_phy/u_ddrphy_top/u_ddrphy_clk/ioclk[0]$u_ioclk_1, location = x0y59z1.
PHY-1001 :   Placed ioclk instance u_ph1p35_324_ddr_wrapper/u_ddr2/ph1p_ddrmc_wrapper/ph1p_ddrmc_top/u_ddr_phy/u_ddrphy_top/u_ddrphy_clk/ioclk[0]$u_ioclk_0, location = x0y59z0.
PHY-1001 : Processing 2 clock pins of DDR instance u_ph1p35_324_ddr_wrapper/u_ddr2/ph1p_ddrmc_wrapper/ph1p_ddrmc_top/u_ddr_phy/u_ddrphy_top/u_ddrphy/ac_byte[1]$ac_byte_used$u_ddrphy_ac_byte_wrapper/u_ddrphy_byte, location = x0y60z0.
PHY-1001 :   Placed ioclk instance u_ph1p35_324_ddr_wrapper/u_ddr2/ph1p_ddrmc_wrapper/ph1p_ddrmc_top/u_ddr_phy/u_ddrphy_top/u_ddrphy_clk/ioclk[0]$u_ioclk_1, location = x0y59z1.
PHY-1001 :   Placed ioclk instance u_ph1p35_324_ddr_wrapper/u_ddr2/ph1p_ddrmc_wrapper/ph1p_ddrmc_top/u_ddr_phy/u_ddrphy_top/u_ddrphy_clk/ioclk[0]$u_ioclk_0, location = x0y59z0.
PHY-1001 : Processing 2 clock pins of DDR instance u_ph1p35_324_ddr_wrapper/u_ddr2/ph1p_ddrmc_wrapper/ph1p_ddrmc_top/u_ddr_phy/u_ddrphy_top/u_ddrphy/ac_byte[2]$ac_byte_used$u_ddrphy_ac_byte_wrapper/u_ddrphy_byte, location = x0y50z0.
PHY-1001 :   Placed ioclk instance u_ph1p35_324_ddr_wrapper/u_ddr2/ph1p_ddrmc_wrapper/ph1p_ddrmc_top/u_ddr_phy/u_ddrphy_top/u_ddrphy_clk/ioclk[0]$u_ioclk_1, location = x0y59z1.
PHY-1001 :   Placed ioclk instance u_ph1p35_324_ddr_wrapper/u_ddr2/ph1p_ddrmc_wrapper/ph1p_ddrmc_top/u_ddr_phy/u_ddrphy_top/u_ddrphy_clk/ioclk[0]$u_ioclk_0, location = x0y59z0.
PHY-1001 : Processing 2 clock pins of DDR instance u_ph1p35_324_ddr_wrapper/u_ddr2/ph1p_ddrmc_wrapper/ph1p_ddrmc_top/u_ddr_phy/u_ddrphy_top/u_ddrphy/ac_byte[3]$ac_byte_used$u_ddrphy_ac_byte_wrapper/u_ddrphy_byte, location = x0y40z0.
PHY-1001 :   Placed ioclk instance u_ph1p35_324_ddr_wrapper/u_ddr2/ph1p_ddrmc_wrapper/ph1p_ddrmc_top/u_ddr_phy/u_ddrphy_top/u_ddrphy_clk/ioclk[0]$u_ioclk_1, location = x0y59z1.
PHY-1001 :   Placed ioclk instance u_ph1p35_324_ddr_wrapper/u_ddr2/ph1p_ddrmc_wrapper/ph1p_ddrmc_top/u_ddr_phy/u_ddrphy_top/u_ddrphy_clk/ioclk[0]$u_ioclk_0, location = x0y59z0.
PHY-1001 : Processing 2 clock pins of DDR instance u_ph1p35_324_ddr_wrapper/u_ddr2/ph1p_ddrmc_wrapper/ph1p_ddrmc_top/u_ddr_phy/u_ddrphy_top/u_ddrphy/dx_byte[0]$dx_byte_used$u_ddrphy_dx_byte_wrapper/u_ddrphy_byte, location = x0y30z0.
PHY-1001 :   Placed ioclk instance u_ph1p35_324_ddr_wrapper/u_ddr2/ph1p_ddrmc_wrapper/ph1p_ddrmc_top/u_ddr_phy/u_ddrphy_top/u_ddrphy_clk/ioclk[1]$u_ioclk_1, location = x0y19z1.
PHY-1001 :   Placed ioclk instance u_ph1p35_324_ddr_wrapper/u_ddr2/ph1p_ddrmc_wrapper/ph1p_ddrmc_top/u_ddr_phy/u_ddrphy_top/u_ddrphy_clk/ioclk[1]$u_ioclk_0, location = x0y19z0.
PHY-1001 : Processing 2 clock pins of DDR instance u_ph1p35_324_ddr_wrapper/u_ddr2/ph1p_ddrmc_wrapper/ph1p_ddrmc_top/u_ddr_phy/u_ddrphy_top/u_ddrphy/dx_byte[1]$dx_byte_used$u_ddrphy_dx_byte_wrapper/u_ddrphy_byte, location = x0y10z0.
PHY-1001 :   Placed ioclk instance u_ph1p35_324_ddr_wrapper/u_ddr2/ph1p_ddrmc_wrapper/ph1p_ddrmc_top/u_ddr_phy/u_ddrphy_top/u_ddrphy_clk/ioclk[1]$u_ioclk_1, location = x0y19z1.
PHY-1001 :   Placed ioclk instance u_ph1p35_324_ddr_wrapper/u_ddr2/ph1p_ddrmc_wrapper/ph1p_ddrmc_top/u_ddr_phy/u_ddrphy_top/u_ddrphy_clk/ioclk[1]$u_ioclk_0, location = x0y19z0.
PHY-3001 : Target density is 60%
PHY-3001 : Target density is 60%
PHY-3001 : Initial: Len = 1.37175e+06, Over = 0
PHY-1001 : Stage 4.1 | Spreading
PHY-3001 : Design contains 131 ce signals.
PHY-3001 : Spreading for sector grids.
PHY-3001 : Iter 1, total overflow: 0
PHY-3001 : tot_capacity: 48, usage_cnt: 22, movable_cnt: 36
PHY-3001 : Spreading for clock grids.
PHY-3001 : clock grid count for 24 x 4 grids
PHY-3001 : Spreading for plb grids.
PHY-3001 : total displace: 0, max displace: 0.
PHY-3001 : End spreading;  0.327543s wall, 0.328125s user + 0.000000s system = 0.328125s CPU (100.2%)

PHY-1001 : End Stage 4.1 | Spreading; Time: 0.327645s wall, 0.328125s user + 0.000000s system = 0.328125s CPU (100.1%); Memory(MB): used = 1144, reserved = 1139, peak = 1144;

PHY-3001 : Final: Len = 1.37175e+06, Over = 0
PHY-3001 : End incremental legalization;  0.621932s wall, 0.625000s user + 0.000000s system = 0.625000s CPU (100.5%)

RUN-1002 : start command "report_qor -step place -file place.qor"
RUN-1002 : start command "start_timer"
RUN-1003 : finish command "start_timer" in  1.791230s wall, 1.765625s user + 0.015625s system = 1.781250s CPU (99.4%)

RUN-1004 : used memory is 1144 MB, reserved memory is 1139 MB, peak memory is 1144 MB
RUN-1001 : Generating global routing grids ...
-----------------------------------------------------------
| QoR metrics               |         value               |
-----------------------------------------------------------
| Timing                    |                             |
|     Setup WNS             |         1542                |
|     Setup TNS             |            0                |
|     Num of violated S-EP  |            0                |
|     FMAX                  |   889.680MHz                |
|     SWNS path clock period |       2666ps                |
|     Hold WNS              |         -308                |
|     Hold TNS              |       -78079                |
|     Num of violated H-EP  |          588                |
-----------------------------------------------------------
| Routing Resource          |                             |
|     Wire length           |      1367528                |
|     Route Net Num         |        21116                |
|     DontRoute Net Num     |         8797                |
|     RouteSinks Num        |        62325                |
-----------------------------------------------------------
| Utilization               |                             |
|     #slices               |        12295                |
|     slices percentage     |       57.95%                |
|     #RAMs                 |           40                |
|     #DSPs                 |            8                |
|     #DRAMHARDCON          |           37                |
-----------------------------------------------------------
| Congestion                |                             |
|     Top 1% tile util      |           68                |
|     Top 1% tile avg util  |       75.63%                |
|     Over 100% util #tile  |            0                |
|     Max level             |            1                |
|     Window                |  [  9   4] - [ 11   5]      |
-----------------------------------------------------------
Report place stage QoR done.

RUN-1003 : finish command "report_qor -step place -file place.qor" in  4.059830s wall, 4.718750s user + 0.015625s system = 4.734375s CPU (116.6%)

RUN-1004 : used memory is 1144 MB, reserved memory is 1139 MB, peak memory is 1144 MB
PHY-1001 : End Stage 4 | Optimize Design; Time: 4.702167s wall, 5.375000s user + 0.015625s system = 5.390625s CPU (114.6%); Memory(MB): used = 1144, reserved = 1139, peak = 1144;

PHY-1001 : Stage 5 | DRC Check
PHY-1001 : Stage 5.1 | Slice Attributes Check
PHY-1035 : Redundant attributes/nets in slice detected. You can use tcl "check_slice_attr -verbose" to get full message.
PHY-1039 : Found 112 mslices getting no used reg attributes, eg: u_hdmi_tx/u_hdmi_1_4b_transmitter_core_wrapper/u_hdmi_tx_controller_wrapper/u_hdmi_video_data_assemble/S_island_guard_band_1d_syn_10.
PHY-1039 : Found 112 mslices getting no used ce attributes, eg: u_hdmi_tx/u_hdmi_1_4b_transmitter_core_wrapper/u_hdmi_tx_controller_wrapper/u_hdmi_video_data_assemble/S_island_guard_band_1d_syn_10.
PHY-1001 : End Stage 5.1 | Slice Attributes Check; Time: 0.055365s wall, 0.046875s user + 0.000000s system = 0.046875s CPU (84.7%); Memory(MB): used = 1144, reserved = 1139, peak = 1144;

PHY-1001 : Stage 5.2 | Clock Bound Check
PHY-1001 : Check pass.
PHY-1001 : End Stage 5.2 | Clock Bound Check; Time: 0.002351s wall, 0.015625s user + 0.000000s system = 0.015625s CPU (664.5%); Memory(MB): used = 1144, reserved = 1139, peak = 1144;

PHY-1001 : Stage 5.3 | Force Route Constraint Check
PHY-1001 : Check Pass.
PHY-1001 : End Stage 5.3 | Force Route Constraint Check; Time: 0.002817s wall, 0.000000s user + 0.000000s system = 0.000000s CPU (n/a%); Memory(MB): used = 1144, reserved = 1139, peak = 1144;

PHY-1001 : Stage 5.4 | Sigmap Check
PHY-1001 : Check pass.
PHY-1001 : End Stage 5.4 | Sigmap Check; Time: 0.091268s wall, 0.093750s user + 0.000000s system = 0.093750s CPU (102.7%); Memory(MB): used = 1144, reserved = 1139, peak = 1144;

PHY-1001 : Stage 5.5 | Duplicated SelfDriven Check
PHY-1001 : Check pass.
PHY-1001 : End Stage 5.5 | Duplicated SelfDriven Check; Time: 0.356979s wall, 0.343750s user + 0.000000s system = 0.343750s CPU (96.3%); Memory(MB): used = 1144, reserved = 1139, peak = 1144;

PHY-1001 : Stage 5.6 | Clock Rule Check
PHY-5088 WARNING: Clock_Analyzer: Detected 1 buffer(s) clkin net because they drive non-clock sinks. Run "analyze_clock -detail" for more infomation.
PHY-5088 WARNING: Clock_Analyzer: Detected 1 buffer(s) clkout net because they drive non-clock sinks. Run "analyze_clock -detail" for more infomation.
PHY-5088 WARNING: Clock_Analyzer: 3 clock-net(s) because they drive other clock net, may cause clock skew. Run "analyze_clock -detail" for more infomation.
PHY-1001 : End Stage 5.6 | Clock Rule Check; Time: 0.081438s wall, 0.093750s user + 0.000000s system = 0.093750s CPU (115.1%); Memory(MB): used = 1144, reserved = 1139, peak = 1144;

PHY-1001 : End Stage 5 | DRC Check; Time: 0.660983s wall, 0.671875s user + 0.000000s system = 0.671875s CPU (101.6%); Memory(MB): used = 1144, reserved = 1139, peak = 1144;

OPT-1001 : QoR tracer report on placement steps:
    SWNS [   incr ]    STNS [   incr ]    FEPS [   incr ]    CRIT [   incr ]      CELL [     incr ]        WL [     incr ]    CONG [   incr ]    PDES [   incr ]   RT(s) [   incr ]   MEM(mb) [     incr ]
       0 [      0 ]       0 [      0 ]       0 [      0 ]       0 [      0 ]     26066 [        0 ]         0 [        0 ]    0.00 [   0.00 ]       0 [      0 ]       0 [      0 ]       514 [        0 ] : preplace:simplify_lut
       0 [      0 ]       0 [      0 ]       0 [      0 ]       0 [      0 ]     26066 [        0 ]         0 [        0 ]    0.00 [   0.00 ]       0 [      0 ]       0 [      0 ]       514 [        0 ] : preplace:sweep
       0 [      0 ]       0 [      0 ]       0 [      0 ]       0 [      0 ]     26066 [        0 ]         0 [        0 ]    0.00 [   0.00 ]       0 [      0 ]       0 [      0 ]       514 [        0 ] : preplace:lut_merge
       0 [      0 ]       0 [      0 ]       0 [      0 ]       0 [      0 ]     26066 [        0 ]         0 [        0 ]    0.00 [   0.00 ]       0 [      0 ]       0 [      0 ]       514 [        0 ] : preplace:hfn_opt
    1363 [   1363 ]       0 [      0 ]       0 [      0 ]    4511 [   4511 ]     27852 [     1786 ]   1693919 [  1693919 ]    0.00 [   0.00 ]       0 [      0 ]      12 [     12 ]       905 [      391 ] : step1_gp
    1363 [      0 ]       0 [      0 ]       0 [      0 ]    4545 [     34 ]     27852 [        0 ]   1683489 [   -10430 ]    0.00 [   0.00 ]       0 [      0 ]      14 [      2 ]       909 [        4 ] : step1_legal
    1363 [      0 ]       0 [      0 ]       0 [      0 ]    4548 [      3 ]     27852 [        0 ]   1652387 [   -31102 ]    0.00 [   0.00 ]       0 [      0 ]      16 [      2 ]       912 [        3 ] : step1_dp
    1354 [     -9 ]       0 [      0 ]       0 [      0 ]    4850 [    302 ]     27852 [        0 ]   1132760 [  -519627 ]  179.63 [ 179.63 ]       0 [      0 ]      20 [      4 ]      1000 [       88 ] : step2_gp
    1354 [      0 ]       0 [      0 ]       0 [      0 ]    4850 [      0 ]     27852 [        0 ]   1130549 [    -2211 ]  179.63 [   0.00 ]       0 [      0 ]      20 [      0 ]      1000 [        0 ] : step2_dp
    1354 [      0 ]       0 [      0 ]       0 [      0 ]    4850 [      0 ]     27852 [        0 ]   1130549 [        0 ]  179.63 [   0.00 ]       0 [      0 ]      21 [      1 ]      1000 [        0 ] : prepack_spreading
    1246 [   -108 ]       0 [      0 ]       0 [      0 ]    4860 [     10 ]     27976 [      124 ]   1271670 [   141121 ]  163.68 [ -15.95 ]       0 [      0 ]      29 [      8 ]      1016 [       16 ] : prepack:hfn_opt
    1283 [     37 ]       0 [      0 ]       0 [      0 ]    4886 [     26 ]     27976 [        0 ]   1273913 [     2243 ]   86.26 [ -77.42 ]       0 [      0 ]      34 [      5 ]      1016 [        0 ] : prepack:global_opt
    1435 [    152 ]       0 [      0 ]       0 [      0 ]    5194 [    308 ]     14272 [   -13704 ]   1535353 [   261440 ]   85.66 [  -0.61 ]       0 [      0 ]      60 [     26 ]      1132 [      116 ] : direct_legalization
    1435 [      0 ]       0 [      0 ]       0 [      0 ]    5194 [      0 ]     14272 [        0 ]   1535353 [        0 ]   85.66 [   0.00 ]       0 [      0 ]      61 [      1 ]      1134 [        2 ] : post_pack_spreading
    1555 [    120 ]       0 [      0 ]       0 [      0 ]    5366 [    172 ]     14272 [        0 ]   1326303 [  -209050 ]   75.89 [  -9.76 ]       0 [      0 ]      84 [     23 ]      1143 [        9 ] : post_pack_dp
    1555 [      0 ]       0 [      0 ]       0 [      0 ]    5373 [      7 ]     14256 [      -16 ]   1319231 [    -7072 ]   75.89 [   0.00 ]       0 [      0 ]      91 [      7 ]      1143 [        0 ] : postpack:optimize_equivalent_quick
    1555 [      0 ]       0 [      0 ]       0 [      0 ]    5367 [     -6 ]     14273 [       17 ]   1321276 [     2045 ]   75.89 [   0.00 ]       0 [      0 ]      92 [      1 ]      1143 [        0 ] : postpack:hfn_opt
    1583 [     28 ]       0 [      0 ]       0 [      0 ]    5367 [      0 ]     14278 [        5 ]   1325076 [     3800 ]   76.21 [   0.32 ]       0 [      0 ]      96 [      4 ]      1143 [        0 ] : postpack:path_opt
    1583 [      0 ]       0 [      0 ]       0 [      0 ]    5372 [      5 ]     14274 [       -4 ]   1324560 [     -516 ]   76.21 [   0.00 ]       0 [      0 ]     102 [      6 ]      1143 [        0 ] : postpack:optimize_equivalent
    1583 [      0 ]       0 [      0 ]       0 [      0 ]    5496 [    124 ]     14274 [        0 ]   1324560 [        0 ]   76.21 [   0.00 ]       0 [      0 ]     103 [      1 ]      1143 [        0 ] : postpack:pin_opt
    1542 [    -41 ]       0 [      0 ]       0 [      0 ]    5457 [    -39 ]     14274 [        0 ]   1358370 [    33810 ]   76.21 [   0.00 ]       0 [      0 ]     115 [     12 ]      1144 [        1 ] : postpack:beeline_opt

RUN-1003 : finish command "place" in  122.438939s wall, 404.031250s user + 7.765625s system = 411.796875s CPU (336.3%)

RUN-1004 : used memory is 1145 MB, reserved memory is 1139 MB, peak memory is 1145 MB
RUN-1002 : start command "update_timing -mode manhattan"
RUN-1002 : start command "start_timer"
RUN-1003 : finish command "start_timer" in  1.790026s wall, 1.781250s user + 0.000000s system = 1.781250s CPU (99.5%)

RUN-1004 : used memory is 1145 MB, reserved memory is 1139 MB, peak memory is 1145 MB
RUN-1003 : finish command "update_timing -mode manhattan" in  3.181766s wall, 3.171875s user + 0.000000s system = 3.171875s CPU (99.7%)

RUN-1004 : used memory is 1145 MB, reserved memory is 1139 MB, peak memory is 1145 MB
RUN-1002 : start command "report_timing_summary -file camera_to_dsi_display_place.timing"
RUN-1002 : start command "report_area -io_info -file camera_to_dsi_display_phy.area"
SYN-4034 : The count of slices with lut is 6511.
SYN-4035 : The count of slices with lut+ripple is 2981.
RUN-1001 : standard
***Report Model: design_top_wrapper Device: PH1P35MDG324***

Design Statistics
#IO                        58   out of    160   36.25%
  #input                    2
  #output                  31
  #inout                   25
#lut6                    9900   out of  21216   46.66%
#reg                    13442
  #slice reg            13442   out of  42432   31.68%
  #pad reg                  0

Utilization Statistics
#slice                  12295   out of  21216   57.95%
  #used ram               408
    #dram lut             296
    #shifter lut          112
  #used logic           11887
    #with luts           6511
    #with adder          2981
    #reg only            2395
#f7mux                      0   out of  10608    0.00%
#f8mux                      0   out of   5304    0.00%
#eram                      40   out of    108   37.04%
  #eram20k                 40
  #fifo20k                  0
#dsp                        8   out of     40   20.00%
#ddr_byte                   6   out of     12   50.00%
#mipi_tx                    0   out of      2    0.00%
#mipi_rx                    1   out of      2   50.00%
#pad                       17   out of    160   10.62%
#pll                        3   out of      6   50.00%
#gclk                       9   out of     32   28.12%
#lclk                       0   out of     12    0.00%
#sclk                       0   out of     48    0.00%
#mlclk                      2   out of      6   33.33%
#ioclk                      4   out of     18   22.22%

RUN-1002 : start command "flow_status -file place_flow.status"
Location         : D:\2026fpga\lab_hd_1_mipi_hdmi\td_project\camera_to_dsi_display_Runs\phy_1
Running with     : Tang Dynasty v6.2.168116
                   Copyright (c) 2012-2025 Anlogic Inc.
Top Model        : design_top_wrapper
Device           : PH1P35MDG324
Speed            : 3

Timing Mode      : manhattan
Setup            : WNS  1542ps  TNS        0ps  NUM_FEPS     0
Hold             : WNS  -308ps  TNS   -78079ps  NUM_FEPS   588

Flow Statistics  :
RUN-1001 : Flow Statistics:
RUN-1001 : --------------------------------------------------------------------------------------------------
RUN-1001 :      command     |  #calls  |  wall time  |  cpu time(s)  |  used memory(mb)  |  peak memory(mb)  
RUN-1001 : --------------------------------------------------------------------------------------------------
RUN-1001 :       place      |    1     |  2m2s(98%)  |   411(99%)    |       1145        |       1145        
RUN-1001 :   import_device  |    1     |   2s(1%)    |     2(0%)     |        323        |        323        
RUN-1001 :     import_db    |    1     |   0s(0%)    |     0(0%)     |        513        |        513        
RUN-1001 : --------------------------------------------------------------------------------------------------
RUN-1001 :       total      |    3     |    2m4s     |      413      |       1145        |       1145        
RUN-1001 : --------------------------------------------------------------------------------------------------
RUN-1002 : start command "report_clock_utilization -file place_clock_utilization.txt"
RUN-1002 : start command "export_db camera_to_dsi_display_place.db"
RUN-1001 : Exported flow parameters
RUN-1001 : Exported /
RUN-1001 : Exported libs
RUN-1001 : Exported entities
RUN-1001 : Exported ports
RUN-1001 : Exported pins
RUN-1001 : Exported instances
RUN-1001 : Exported nets
RUN-1001 : Exported buses
RUN-1001 : Exported models
RUN-1001 : Exported phy database
RUN-1001 : Exported packer
RUN-1001 : Exported congestions
RUN-1001 : Exported violations
RUN-1001 : Exported ATMR Setting
RUN-1001 : Exported timing constraints
RUN-1001 : Exported IO constraints
RUN-1001 : Exported Inst constraints
RUN-1001 : Exported ChipWatcher
RUN-1002 : start command "commit_param -step route"
RUN-1001 : Print Global Property
RUN-1001 : -------------------------------------------------------------
RUN-1001 :     Parameters    |   Settings   |  Default Values  |  Note  
RUN-1001 : -------------------------------------------------------------
RUN-1001 :    enable_seed    |     off      |       off        |        
RUN-1001 :    hfn_to_clock   |  1000000000  |    1000000000    |        
RUN-1001 :      message      |   standard   |     standard     |        
RUN-1001 :    qor_monitor    |      on      |        on        |        
RUN-1001 :   speedup_effort  |      0       |        0         |        
RUN-1001 :    syn_ip_flow    |     off      |       off        |        
RUN-1001 :       thread      |     auto     |       auto       |        
RUN-1001 : -------------------------------------------------------------
RUN-1001 : Print Route Property
RUN-1001 : ---------------------------------------------------------------
RUN-1001 :       Parameters      |  Settings  |  Default Values  |  Note  
RUN-1001 : ---------------------------------------------------------------
RUN-1001 :         effort        |   normal   |      normal      |        
RUN-1001 :        fix_hold       |     on     |        on        |        
RUN-1001 :   hold_fix_iteration  |     5      |        5         |        
RUN-1001 :     post_route_opt    |    auto    |       auto       |        
RUN-1001 :         timing        |     on     |        on        |        
RUN-1001 : ---------------------------------------------------------------
RUN-1002 : start command "route"
RUN-1001 : Open license file F:/AnlogicFpga/TD_6.2.1_Engineer_6.2.168.116/license/Anlogic.lic
PHY-1001 : Reconnected 29 VDD pins with routing demanding
PHY-1001 : Populate physical database on model design_top_wrapper.
RUN-1001 : Dedicate pll clock connection statistics:
RUN-1001 : Clock Region s_1_l [0,40][23,79]; Utilization: 1 out of 12
RUN-1001 : ----------------------------------------------------------------------------------------------------------------------------------------------------------------------------------------------------------------------------------
RUN-1001 :   Index  |                                    Leading Clock                                     |                                                          Special Sink                                                           
RUN-1001 : ----------------------------------------------------------------------------------------------------------------------------------------------------------------------------------------------------------------------------------
RUN-1001 :     1    |  u_ph1p35_324_ddr_wrapper/u_ddr2/ph1p_ddrmc_wrapper/ph1p_ddrmc_top/u_alc_mc_top/clk  |  u_ph1p35_324_ddr_wrapper/u_ddr2/ph1p_ddrmc_wrapper/ph1p_ddrmc_top/u_ddr_phy/u_ddrphy_top/u_ddrphy_clk/u_pll1/u_pll_inst.fbclk  
RUN-1001 : ----------------------------------------------------------------------------------------------------------------------------------------------------------------------------------------------------------------------------------
RUN-1001 : Clock Region s_1_r [24,40][43,79]; Utilization: 1 out of 12
RUN-1001 : -----------------------------------------------------------------------------------------------------------------------------------------------------------------------
RUN-1001 :   Index  |                                     Leading Clock                                     |                            Special Sink                             
RUN-1001 : -----------------------------------------------------------------------------------------------------------------------------------------------------------------------
RUN-1001 :     1    |  u_mipi_dphy_rx_ph1p_mipiio_wrapper/u_ph1p_mipiio_rx_wrapper/u_lane0_hs_detect/I_clk  |  u_PLL/ph1p_phy_pll_wrapper_25a56e5ce2f9_Inst/u_PH1P_PHY_PLL.fbclk  
RUN-1001 : -----------------------------------------------------------------------------------------------------------------------------------------------------------------------
PHY-1001 : Working orders of clock nets being processed in bank assignment:
PHY-1001 : u_ph1p35_324_ddr_wrapper/u_ddr2/ph1p_ddrmc_wrapper/ph1p_ddrmc_top/u_alc_mc_top/clk;
PHY-1001 : u_mipi_dphy_rx_ph1p_mipiio_wrapper/u_ph1p_mipiio_rx_wrapper/u_lane0_hs_detect/I_clk;
PHY-1001 : u_isp_top/u_demosaic/raw_matrix_3x3_buffer_d/zhenghe_d/blk_mem_gen_zhenghe_d1/ram_d32970204f32_Inst/clkb;
PHY-1001 : u_hdmi_mixer/I_clk_syn_652;
PHY-1001 : I_sys_clk_syn_8;
PHY-1001 : O_cam_24m_syn_3;
PHY-1001 : u_hdmi_tx/u_hdmi2phy_wrapper/u0_lane_lvds_8_1/I_serial_clk_syn_1;
PHY-1001 : u_ph1p35_324_ddr_wrapper/u_ddr2/ph1p_ddrmc_wrapper/ph1p_ddrmc_top/u_ddr_phy/u_ddrphy_top/u_ddrphy/apb_pclk_syn_1;
PHY-1001 : u_uicfgcs500/uii2c_inst/scl_clk_syn_9;
PHY-1001 : Internal bound Intnl_0_0_25_40 is being created by clock MIPI_RX_BYTE_CLK through SCLK.
PHY-1001 : Internal bound Intnl_25_0_23_40 is being created by clock MIPI_RX_BYTE_CLK through SCLK.
PHY-1001 : Internal bound Intnl_0_40_25_40 is being created by clock u_ph1p35_324_ddr_wrapper/u_ddr2/usr_clk through SCLK.
PHY-1001 : Internal bound Intnl_25_40_19_40 is being created by clock HDMI_PIXEL_CLK through SCLK.
RUN-1001 : Clock region assignment statistics:
RUN-1001 : Clock Region s_0_l [0,0][23,39]; Utilization: 6 out of 12
RUN-1001 : ----------------------------------------------------------------------------------------------------------------------------------------------------------------------------------------------------------------------------------------------------------------------------------------------------------------------------------------
RUN-1001 :   Bank  |                                                   Leading Clock                                                    |       Type        |                                                                          Buffer                                                                           |  Regional Clock Fanouts  
RUN-1001 : ----------------------------------------------------------------------------------------------------------------------------------------------------------------------------------------------------------------------------------------------------------------------------------------------------------------------------------------
RUN-1001 :    1    |      u_isp_top/u_demosaic/raw_matrix_3x3_buffer_d/zhenghe_d/blk_mem_gen_zhenghe_d1/ram_d32970204f32_Inst/clkb      |  (infered sclk)   |                           u_mipi_dphy_rx_ph1p_mipiio_wrapper/u_ph1p_mipiio_rx_wrapper/bufg_feedback_auto_created_sclk_s_0_l_bk1                           |           1324           
RUN-1001 :    2    |                 u_ph1p35_324_ddr_wrapper/u_ddr2/ph1p_ddrmc_wrapper/ph1p_ddrmc_top/u_alc_mc_top/clk                 |  (infered sclk)   |   u_ph1p35_324_ddr_wrapper/u_ddr2/ph1p_ddrmc_wrapper/ph1p_ddrmc_top/u_ddr_phy/u_ddrphy_top/u_ddrphy_clk/u_pll1/u_bufg_fbclk_auto_created_sclk_s_0_l_bk2   |           916            
RUN-1001 :    3    |                                             u_hdmi_mixer/I_clk_syn_652                                             |  (infered sclk)   |                                              u_hdmi_mixer/I_clk_created_gclkinst_auto_created_sclk_s_0_l_bk3                                              |            91            
RUN-1001 :    4    |                                                  I_sys_clk_syn_8                                                   |  (infered sclk)   |                                               I_sys_clk_dup_6_created_gclkinst_auto_created_sclk_s_0_l_bk4                                                |            84            
RUN-1001 :    5    |                                                  O_cam_24m_syn_3                                                   |  (infered sclk)   |                                               O_cam_24m_dup_1_created_gclkinst_auto_created_sclk_s_0_l_bk5                                                |            13            
RUN-1001 :    6    |  u_ph1p35_324_ddr_wrapper/u_ddr2/ph1p_ddrmc_wrapper/ph1p_ddrmc_top/u_ddr_phy/u_ddrphy_top/u_ddrphy/apb_pclk_syn_1  |  (infered sclk)   |  u_ph1p35_324_ddr_wrapper/u_ddr2/ph1p_ddrmc_wrapper/ph1p_ddrmc_top/u_ddr_phy/u_ddrphy_top/u_ddrphy/apb_pclk_created_gclkinst_auto_created_sclk_s_0_l_bk6  |            3             
RUN-1001 : ----------------------------------------------------------------------------------------------------------------------------------------------------------------------------------------------------------------------------------------------------------------------------------------------------------------------------------------
RUN-1001 : Clock Region s_0_r [24,0][47,39]; Utilization: 5 out of 12
RUN-1001 : ------------------------------------------------------------------------------------------------------------------------------------------------------------------------------------------------------------------------------------------------------------------------------------------------------------------------------
RUN-1001 :   Bank  |                                               Leading Clock                                                |       Type        |                                                                         Buffer                                                                          |  Regional Clock Fanouts  
RUN-1001 : ------------------------------------------------------------------------------------------------------------------------------------------------------------------------------------------------------------------------------------------------------------------------------------------------------------------------------
RUN-1001 :    1    |  u_isp_top/u_demosaic/raw_matrix_3x3_buffer_d/zhenghe_d/blk_mem_gen_zhenghe_d1/ram_d32970204f32_Inst/clkb  |  (infered sclk)   |                          u_mipi_dphy_rx_ph1p_mipiio_wrapper/u_ph1p_mipiio_rx_wrapper/bufg_feedback_auto_created_sclk_s_0_r_bk1                          |           2017           
RUN-1001 :    2    |                                         u_hdmi_mixer/I_clk_syn_652                                         |  (infered sclk)   |                                             u_hdmi_mixer/I_clk_created_gclkinst_auto_created_sclk_s_0_r_bk2                                             |           122            
RUN-1001 :    3    |             u_ph1p35_324_ddr_wrapper/u_ddr2/ph1p_ddrmc_wrapper/ph1p_ddrmc_top/u_alc_mc_top/clk             |  (infered sclk)   |  u_ph1p35_324_ddr_wrapper/u_ddr2/ph1p_ddrmc_wrapper/ph1p_ddrmc_top/u_ddr_phy/u_ddrphy_top/u_ddrphy_clk/u_pll1/u_bufg_fbclk_auto_created_sclk_s_0_r_bk3  |            25            
RUN-1001 :    4    |                                              O_cam_24m_syn_3                                               |  (infered sclk)   |                                              O_cam_24m_dup_1_created_gclkinst_auto_created_sclk_s_0_r_bk4                                               |            10            
RUN-1001 :    5    |            u_mipi_dphy_rx_ph1p_mipiio_wrapper/u_ph1p_mipiio_rx_wrapper/u_lane0_hs_detect/I_clk             |  (infered sclk)   |                                                     u_PLL/bufg_feedback_auto_created_sclk_s_0_r_bk5                                                     |            7             
RUN-1001 : ------------------------------------------------------------------------------------------------------------------------------------------------------------------------------------------------------------------------------------------------------------------------------------------------------------------------------
RUN-1001 : Clock Region s_1_l [0,40][23,79]; Utilization: 5 out of 12
RUN-1001 : ----------------------------------------------------------------------------------------------------------------------------------------------------------------------------------------------------------------------------------------------------------------------------------------------------------------------------------------
RUN-1001 :   Bank  |                                                   Leading Clock                                                    |       Type        |                                                                          Buffer                                                                           |  Regional Clock Fanouts  
RUN-1001 : ----------------------------------------------------------------------------------------------------------------------------------------------------------------------------------------------------------------------------------------------------------------------------------------------------------------------------------------
RUN-1001 :    1    |                 u_ph1p35_324_ddr_wrapper/u_ddr2/ph1p_ddrmc_wrapper/ph1p_ddrmc_top/u_alc_mc_top/clk                 |  (infered sclk)   |   u_ph1p35_324_ddr_wrapper/u_ddr2/ph1p_ddrmc_wrapper/ph1p_ddrmc_top/u_ddr_phy/u_ddrphy_top/u_ddrphy_clk/u_pll1/u_bufg_fbclk_auto_created_sclk_s_1_l_bk1   |           1204           
RUN-1001 :    2    |      u_isp_top/u_demosaic/raw_matrix_3x3_buffer_d/zhenghe_d/blk_mem_gen_zhenghe_d1/ram_d32970204f32_Inst/clkb      |  (infered sclk)   |                           u_mipi_dphy_rx_ph1p_mipiio_wrapper/u_ph1p_mipiio_rx_wrapper/bufg_feedback_auto_created_sclk_s_1_l_bk2                           |           903            
RUN-1001 :    3    |                                                  O_cam_24m_syn_3                                                   |  (infered sclk)   |                                               O_cam_24m_dup_1_created_gclkinst_auto_created_sclk_s_1_l_bk3                                                |            52            
RUN-1001 :    4    |  u_ph1p35_324_ddr_wrapper/u_ddr2/ph1p_ddrmc_wrapper/ph1p_ddrmc_top/u_ddr_phy/u_ddrphy_top/u_ddrphy/apb_pclk_syn_1  |  (infered sclk)   |  u_ph1p35_324_ddr_wrapper/u_ddr2/ph1p_ddrmc_wrapper/ph1p_ddrmc_top/u_ddr_phy/u_ddrphy_top/u_ddrphy/apb_pclk_created_gclkinst_auto_created_sclk_s_1_l_bk4  |            27            
RUN-1001 :    5    |                                       u_uicfgcs500/uii2c_inst/scl_clk_syn_9                                        |  (infered sclk)   |                                       u_uicfgcs500/uii2c_inst/scl_clk_created_gclkinst_auto_created_sclk_s_1_l_bk5                                        |            15            
RUN-1001 : ----------------------------------------------------------------------------------------------------------------------------------------------------------------------------------------------------------------------------------------------------------------------------------------------------------------------------------------
RUN-1001 : Clock Region s_1_r [24,40][43,79]; Utilization: 6 out of 12
RUN-1001 : ------------------------------------------------------------------------------------------------------------------------------------------------------------------------------------------------------------------------------------------------------------------------------------------------------------------------------
RUN-1001 :   Bank  |                                               Leading Clock                                                |       Type        |                                                                         Buffer                                                                          |  Regional Clock Fanouts  
RUN-1001 : ------------------------------------------------------------------------------------------------------------------------------------------------------------------------------------------------------------------------------------------------------------------------------------------------------------------------------
RUN-1001 :    1    |            u_mipi_dphy_rx_ph1p_mipiio_wrapper/u_ph1p_mipiio_rx_wrapper/u_lane0_hs_detect/I_clk             |  (infered sclk)   |                                                     u_PLL/bufg_feedback_auto_created_sclk_s_1_r_bk1                                                     |            1             
RUN-1001 :    2    |                                         u_hdmi_mixer/I_clk_syn_652                                         |  (infered sclk)   |                                             u_hdmi_mixer/I_clk_created_gclkinst_auto_created_sclk_s_1_r_bk2                                             |           681            
RUN-1001 :    3    |  u_isp_top/u_demosaic/raw_matrix_3x3_buffer_d/zhenghe_d/blk_mem_gen_zhenghe_d1/ram_d32970204f32_Inst/clkb  |  (infered sclk)   |                          u_mipi_dphy_rx_ph1p_mipiio_wrapper/u_ph1p_mipiio_rx_wrapper/bufg_feedback_auto_created_sclk_s_1_r_bk3                          |           515            
RUN-1001 :    4    |             u_ph1p35_324_ddr_wrapper/u_ddr2/ph1p_ddrmc_wrapper/ph1p_ddrmc_top/u_alc_mc_top/clk             |  (infered sclk)   |  u_ph1p35_324_ddr_wrapper/u_ddr2/ph1p_ddrmc_wrapper/ph1p_ddrmc_top/u_ddr_phy/u_ddrphy_top/u_ddrphy_clk/u_pll1/u_bufg_fbclk_auto_created_sclk_s_1_r_bk4  |            56            
RUN-1001 :    5    |                      u_hdmi_tx/u_hdmi2phy_wrapper/u0_lane_lvds_8_1/I_serial_clk_syn_1                      |  (infered sclk)   |                         u_hdmi_tx/u_hdmi2phy_wrapper/u0_lane_lvds_8_1/I_serial_clk_created_gclkinst_auto_created_sclk_s_1_r_bk5                         |            38            
RUN-1001 :    6    |                                              O_cam_24m_syn_3                                               |  (infered sclk)   |                                              O_cam_24m_dup_1_created_gclkinst_auto_created_sclk_s_1_r_bk6                                               |            1             
RUN-1001 : ------------------------------------------------------------------------------------------------------------------------------------------------------------------------------------------------------------------------------------------------------------------------------------------------------------------------------
PHY-1001 : Populate physical database on model design_top_wrapper.
PHY-1001 : Route runs in 32 thread(s)
RUN-1001 : There are total 12778 instances
RUN-1001 : 408 mslices, 11887 lslices, 54 pads, 40 brams, 8 dsps
RUN-1001 : There are total 30214 nets
RUN-1001 : 19243 nets have 2 pins
RUN-1001 : 8636 nets have [3 - 5] pins
RUN-1001 : 1619 nets have [6 - 10] pins
RUN-1001 : 476 nets have [11 - 20] pins
RUN-1001 : 220 nets have [21 - 99] pins
RUN-1001 : 20 nets have 100+ pins
RUN-1002 : start command "start_timer"
RUN-1003 : finish command "start_timer" in  3.114178s wall, 3.109375s user + 0.000000s system = 3.109375s CPU (99.8%)

RUN-1004 : used memory is 1164 MB, reserved memory is 1259 MB, peak memory is 1164 MB
PHY-1001 : 408 mslices, 11887 lslices, 54 pads, 40 brams, 8 dsps

PHY-1001 : Stage 1 | Global Routing
PHY-1001 : Start global routing, caller is route ...
RUN-1001 : Generating global routing grids ...
PHY-1001 : Generate routing nets ...
RUN-1001 : Generate nets statistics:
RUN-1001 : ----------------------------
RUN-1001 :        Type       |  Nets   
RUN-1001 : ----------------------------
RUN-1001 :   TotalRouteNets  |  21138  
RUN-1001 :   DontRouteNets   |  4324   
RUN-1001 :     RouteNets     |  16814  
RUN-1001 :     RouteSinks    |  31017  
RUN-1001 : ----------------------------
PHY-1001 : Global iterations in 32 thread ...
PHY-1002 : len = 1.46208e+06, over cnt = 1732(2%), over = 3768, worst = 9
PHY-1002 : len = 1.50429e+06, over cnt = 1232(1%), over = 2240, worst = 9
PHY-1002 : len = 1.55306e+06, over cnt = 293(0%), over = 506, worst = 9
PHY-1002 : len = 1.56427e+06, over cnt = 0(0%), over = 0, worst = 0
PHY-1001 : End global iterations;  1.858744s wall, 2.687500s user + 0.125000s system = 2.812500s CPU (151.3%)

PHY-1001 : Congestion index:
PHY-1001 : top1  = 75.54(S 64.02, N 57.04, E 70.23, W 66.28, I 68.97, O 78.21)
PHY-1001 : top5  = 63.35(S 52.74, N 45.71, E 52.80, W 54.22, I 51.00, O 58.79)
PHY-1001 : top10 = 57.61(S 46.05, N 39.28, E 45.03, W 47.74, I 44.10, O 52.53)
PHY-1001 : top15 = 53.85(S 41.50, N 35.25, E 40.29, W 43.37, I 39.81, O 48.38)
PHY-1001 : End global routing;  2.260601s wall, 3.078125s user + 0.125000s system = 3.203125s CPU (141.7%)

PHY-1001 : End Stage 1 | Global Routing; Time: 2.260670s wall, 3.078125s user + 0.125000s system = 3.203125s CPU (141.7%); Memory(MB): used = 1187, reserved = 1259, peak = 1187;

PHY-1001 : Stage 2 | Detail Routing
PHY-1001 : Stage 2.1 | Build Routing Design
PHY-1001 : Routing in high effort: false
PHY-1001 : Routing Mode: normal
PHY-1001 : Generate detailed routing grids ...
RUN-1001 : Constructing routing connections ...
PHY-1001 : End build routing graph; 3.373807s wall, 23.937500s user + 0.281250s system = 24.218750s CPU (717.8%)

PHY-1001 : Generate nets ...
RUN-1001 : Generate nets statistics:
RUN-1001 : ------------------------------
RUN-1001 :         Type        |  Nets   
RUN-1001 : ------------------------------
RUN-1001 :        Route        |  21418  
RUN-1001 :      DontRoute      |  8796   
RUN-1001 :      RouteSinks     |  63933  
RUN-1001 :   RouteEntitySinks  |    0    
RUN-1001 :       Lut2Dff       |    0    
RUN-1001 :       Ram2Dff       |    0    
RUN-1001 :      Carry2Dff      |    0    
RUN-1001 : ------------------------------
RUN-1001 : DR clock net summary:
RUN-1001 : ---------------------------------------------------------------------------------------------------------------------------------------------------
RUN-1001 :   Net Idx  |                                                        Net Name                                                        |  Clock Type  
RUN-1001 : ---------------------------------------------------------------------------------------------------------------------------------------------------
RUN-1001 :      1     |                                                    I_sys_clk_dup_6                                                     |    Normal    
RUN-1001 :      2     |                                                    I_sys_clk_syn_8                                                     |    Normal    
RUN-1001 :      3     |                                                    O_cam_24m_dup_1                                                     |    Normal    
RUN-1001 :      4     |                                                    O_cam_24m_syn_3                                                     |    Normal    
RUN-1001 :      5     |                                                     u_PLL/clk0_buf                                                     |    Normal    
RUN-1001 :      6     |                                                   u_hdmi_mixer/I_clk                                                   |    Normal    
RUN-1001 :      7     |                                               u_hdmi_mixer/I_clk_syn_652                                               |    Normal    
RUN-1001 :      8     |                               u_hdmi_tx/u_hdmi2phy_wrapper/u0_lane_lvds_8_1/I_serial_clk                               |    Normal    
RUN-1001 :      9     |                            u_hdmi_tx/u_hdmi2phy_wrapper/u0_lane_lvds_8_1/I_serial_clk_syn_1                            |    Normal    
RUN-1001 :     10     |        u_isp_top/u_demosaic/raw_matrix_3x3_buffer_d/zhenghe_d/blk_mem_gen_zhenghe_d1/ram_d32970204f32_Inst/clkb        |    Normal    
RUN-1001 :     11     |                     u_mipi_dphy_rx_ph1p_mipiio_wrapper/u_ph1p_mipiio_rx_wrapper/S_mipiio_hs_rx_clk                     |    Normal    
RUN-1001 :     12     |                  u_mipi_dphy_rx_ph1p_mipiio_wrapper/u_ph1p_mipiio_rx_wrapper/u_lane0_hs_detect/I_clk                   |    Normal    
RUN-1001 :     13     |                   u_ph1p35_324_ddr_wrapper/u_ddr2/ph1p_ddrmc_wrapper/ph1p_ddrmc_top/u_alc_mc_top/clk                   |    Normal    
RUN-1001 :     14     |       u_ph1p35_324_ddr_wrapper/u_ddr2/ph1p_ddrmc_wrapper/ph1p_ddrmc_top/u_ddr_phy/u_ddrphy_top/u_ddrphy/apb_pclk       |    Normal    
RUN-1001 :     15     |    u_ph1p35_324_ddr_wrapper/u_ddr2/ph1p_ddrmc_wrapper/ph1p_ddrmc_top/u_ddr_phy/u_ddrphy_top/u_ddrphy/apb_pclk_syn_1    |    Normal    
RUN-1001 :     16     |      u_ph1p35_324_ddr_wrapper/u_ddr2/ph1p_ddrmc_wrapper/ph1p_ddrmc_top/u_ddr_phy/u_ddrphy_top/u_ddrphy/ctl_clk[0]      |    Normal    
RUN-1001 :     17     |      u_ph1p35_324_ddr_wrapper/u_ddr2/ph1p_ddrmc_wrapper/ph1p_ddrmc_top/u_ddr_phy/u_ddrphy_top/u_ddrphy/ctl_clk[1]      |    Normal    
RUN-1001 :     18     |      u_ph1p35_324_ddr_wrapper/u_ddr2/ph1p_ddrmc_wrapper/ph1p_ddrmc_top/u_ddr_phy/u_ddrphy_top/u_ddrphy/ddr_clk[0]      |    Normal    
RUN-1001 :     19     |      u_ph1p35_324_ddr_wrapper/u_ddr2/ph1p_ddrmc_wrapper/ph1p_ddrmc_top/u_ddr_phy/u_ddrphy_top/u_ddrphy/ddr_clk[1]      |    Normal    
RUN-1001 :     20     |    u_ph1p35_324_ddr_wrapper/u_ddr2/ph1p_ddrmc_wrapper/ph1p_ddrmc_top/u_ddr_phy/u_ddrphy_top/u_ddrphy_clk/pll0_clk_1    |    Normal    
RUN-1001 :     21     |    u_ph1p35_324_ddr_wrapper/u_ddr2/ph1p_ddrmc_wrapper/ph1p_ddrmc_top/u_ddr_phy/u_ddrphy_top/u_ddrphy_clk/pll0_clk_2    |    Normal    
RUN-1001 :     22     |   u_ph1p35_324_ddr_wrapper/u_ddr2/ph1p_ddrmc_wrapper/ph1p_ddrmc_top/u_ddr_phy/u_ddrphy_top/u_ddrphy_clk/pll0_mlclk_1   |    Normal    
RUN-1001 :     23     |   u_ph1p35_324_ddr_wrapper/u_ddr2/ph1p_ddrmc_wrapper/ph1p_ddrmc_top/u_ddr_phy/u_ddrphy_top/u_ddrphy_clk/pll0_mlclk_2   |    Normal    
RUN-1001 :     24     |  u_ph1p35_324_ddr_wrapper/u_ddr2/ph1p_ddrmc_wrapper/ph1p_ddrmc_top/u_ddr_phy/u_ddrphy_top/u_ddrphy_clk/u_pll1/clkc[0]  |    Normal    
RUN-1001 :     25     |  u_ph1p35_324_ddr_wrapper/u_ddr2/ph1p_ddrmc_wrapper/ph1p_ddrmc_top/u_ddr_phy/u_ddrphy_top/u_ddrphy_clk/u_pll1/refclk   |    Normal    
RUN-1001 :     26     |                                            u_uicfgcs500/uii2c_inst/scl_clk                                             |    Normal    
RUN-1001 :     27     |                                         u_uicfgcs500/uii2c_inst/scl_clk_syn_9                                          |    Normal    
RUN-1001 : ---------------------------------------------------------------------------------------------------------------------------------------------------
RUN-1001 : DR clock buffer summary:
RUN-1001 : -------------------------------------------------------------------------------------------------------------------------------------------------------------------
RUN-1001 :   Idx  |                                                                           Name                                                                            
RUN-1001 : -------------------------------------------------------------------------------------------------------------------------------------------------------------------
RUN-1001 :    1   |                           u_mipi_dphy_rx_ph1p_mipiio_wrapper/u_ph1p_mipiio_rx_wrapper/bufg_feedback_auto_created_sclk_s_0_l_bk1                           
RUN-1001 :    2   |   u_ph1p35_324_ddr_wrapper/u_ddr2/ph1p_ddrmc_wrapper/ph1p_ddrmc_top/u_ddr_phy/u_ddrphy_top/u_ddrphy_clk/u_pll1/u_bufg_fbclk_auto_created_sclk_s_0_l_bk2   
RUN-1001 :    3   |                                              u_hdmi_mixer/I_clk_created_gclkinst_auto_created_sclk_s_0_l_bk3                                              
RUN-1001 :    4   |                                               I_sys_clk_dup_6_created_gclkinst_auto_created_sclk_s_0_l_bk4                                                
RUN-1001 :    5   |                                               O_cam_24m_dup_1_created_gclkinst_auto_created_sclk_s_0_l_bk5                                                
RUN-1001 :    6   |  u_ph1p35_324_ddr_wrapper/u_ddr2/ph1p_ddrmc_wrapper/ph1p_ddrmc_top/u_ddr_phy/u_ddrphy_top/u_ddrphy/apb_pclk_created_gclkinst_auto_created_sclk_s_0_l_bk6  
RUN-1001 :    7   |                           u_mipi_dphy_rx_ph1p_mipiio_wrapper/u_ph1p_mipiio_rx_wrapper/bufg_feedback_auto_created_sclk_s_0_r_bk1                           
RUN-1001 :    8   |                                              u_hdmi_mixer/I_clk_created_gclkinst_auto_created_sclk_s_0_r_bk2                                              
RUN-1001 :    9   |   u_ph1p35_324_ddr_wrapper/u_ddr2/ph1p_ddrmc_wrapper/ph1p_ddrmc_top/u_ddr_phy/u_ddrphy_top/u_ddrphy_clk/u_pll1/u_bufg_fbclk_auto_created_sclk_s_0_r_bk3   
RUN-1001 :   10   |                                               O_cam_24m_dup_1_created_gclkinst_auto_created_sclk_s_0_r_bk4                                                
RUN-1001 :   11   |                                                      u_PLL/bufg_feedback_auto_created_sclk_s_0_r_bk5                                                      
RUN-1001 :   12   |   u_ph1p35_324_ddr_wrapper/u_ddr2/ph1p_ddrmc_wrapper/ph1p_ddrmc_top/u_ddr_phy/u_ddrphy_top/u_ddrphy_clk/u_pll1/u_bufg_fbclk_auto_created_sclk_s_1_l_bk1   
RUN-1001 :   13   |                           u_mipi_dphy_rx_ph1p_mipiio_wrapper/u_ph1p_mipiio_rx_wrapper/bufg_feedback_auto_created_sclk_s_1_l_bk2                           
RUN-1001 :   14   |                                               O_cam_24m_dup_1_created_gclkinst_auto_created_sclk_s_1_l_bk3                                                
RUN-1001 :   15   |  u_ph1p35_324_ddr_wrapper/u_ddr2/ph1p_ddrmc_wrapper/ph1p_ddrmc_top/u_ddr_phy/u_ddrphy_top/u_ddrphy/apb_pclk_created_gclkinst_auto_created_sclk_s_1_l_bk4  
RUN-1001 :   16   |                                       u_uicfgcs500/uii2c_inst/scl_clk_created_gclkinst_auto_created_sclk_s_1_l_bk5                                        
RUN-1001 :   17   |                                                      u_PLL/bufg_feedback_auto_created_sclk_s_1_r_bk1                                                      
RUN-1001 :   18   |                                              u_hdmi_mixer/I_clk_created_gclkinst_auto_created_sclk_s_1_r_bk2                                              
RUN-1001 :   19   |                           u_mipi_dphy_rx_ph1p_mipiio_wrapper/u_ph1p_mipiio_rx_wrapper/bufg_feedback_auto_created_sclk_s_1_r_bk3                           
RUN-1001 :   20   |   u_ph1p35_324_ddr_wrapper/u_ddr2/ph1p_ddrmc_wrapper/ph1p_ddrmc_top/u_ddr_phy/u_ddrphy_top/u_ddrphy_clk/u_pll1/u_bufg_fbclk_auto_created_sclk_s_1_r_bk4   
RUN-1001 :   21   |                          u_hdmi_tx/u_hdmi2phy_wrapper/u0_lane_lvds_8_1/I_serial_clk_created_gclkinst_auto_created_sclk_s_1_r_bk5                          
RUN-1001 :   22   |                                               O_cam_24m_dup_1_created_gclkinst_auto_created_sclk_s_1_r_bk6                                                
RUN-1001 : -------------------------------------------------------------------------------------------------------------------------------------------------------------------
PHY-1001 : End Stage 2.1 | Build Routing Design; Time: 3.944981s wall, 24.515625s user + 0.281250s system = 24.796875s CPU (628.6%); Memory(MB): used = 1507, reserved = 1500, peak = 1507;

RUN-1001 : Top Percentage Crit. Net Stat.
RUN-1001 : -------------------------------------------------------
RUN-1001 :   Top %  |  Net Count  |  Avg. Fanout  |  Avg. Slack   
RUN-1001 : -------------------------------------------------------
RUN-1001 :     1    |     302     |   2.221854    |  3082.695364  
RUN-1001 :     2    |     604     |   2.501656    |  3958.049669  
RUN-1001 :     3    |     906     |   2.726269    |  4323.984547  
RUN-1001 :     4    |    1208     |   2.835265    |  4544.556291  
RUN-1001 :     5    |    1510     |   2.792053    |  4706.565563  
RUN-1001 :     6    |    1812     |   2.717991    |  4836.283113  
RUN-1001 :     7    |    2114     |   2.712867    |  4943.990066  
RUN-1001 :     8    |    2417     |   2.688871    |  5037.968142  
RUN-1001 :     9    |    2719     |   2.635896    |  5122.133873  
RUN-1001 :    10    |    3021     |   2.573982    |  5198.561404  
RUN-1001 : -------------------------------------------------------
PHY-1001 : Stage 2.2 | Tile Base Routing
PHY-1001 : 173 nets need to preroute.
PHY-1001 : len = 0, over cnt = 0(0%), over = 0, worst = 0, crit = 0
PHY-1001 : End Stage 2.2 | Tile Base Routing; Time: 0.300176s wall, 6.750000s user + 0.093750s system = 6.843750s CPU (2279.9%); Memory(MB): used = 1513, reserved = 1507, peak = 1513;

PHY-1001 : Stage 2.3 | Clock Nets Routing
PHY-1001 : Routed 0% nets.
PHY-1001 : len = 378672, over cnt = 0(0%), over = 0, worst = 0, crit = 0
PHY-1001 : End Stage 2.3 | Clock Nets Routing; Time: 1.500107s wall, 1.468750s user + 0.031250s system = 1.500000s CPU (100.0%); Memory(MB): used = 1555, reserved = 1548, peak = 1555;

PHY-1001 : Stage 2.4 | Routing Initialization
PHY-1001 : Mark 1% net(place mode slack < 4538ps) as critical nets.
PHY-1001 : Stage 2.4.1 | Normal Nets Routing
PHY-1001 : Routed 70% nets.
PHY-1001 : len = 2.49778e+06, over cnt = 11544(0%), over = 12330, worst = 4, crit = 0
PHY-1001 : End Stage 2.4.1 | Normal Nets Routing; Time: 6.967599s wall, 17.687500s user + 0.421875s system = 18.109375s CPU (259.9%); Memory(MB): used = 1588, reserved = 1582, peak = 1588;

PHY-1001 : Stage 2.4.2 | Update Timing
RUN-1002 : start command "start_timer"
USR-1002 : Derived clock:  create_generated_clock -name {u_PLL/ph1p_phy_pll_wrapper_25a56e5ce2f9_Inst/u_PH1P_PHY_PLL.clkc[0]} -source [get_ports {I_sys_clk}] -master_clock {sys_clk_50m} -multiply_by 2.0000 -duty_cycle 50.0000 [get_pins {u_PLL/ph1p_phy_pll_wrapper_25a56e5ce2f9_Inst/u_PH1P_PHY_PLL.clkc[0]}]
USR-1002 : Derived clock:  create_generated_clock -name {u_PLL/ph1p_phy_pll_wrapper_25a56e5ce2f9_Inst/u_PH1P_PHY_PLL.clkc[1]} -source [get_ports {I_sys_clk}] -master_clock {sys_clk_50m} -divide_by 2.1000 -duty_cycle 50.0000 [get_pins {u_PLL/ph1p_phy_pll_wrapper_25a56e5ce2f9_Inst/u_PH1P_PHY_PLL.clkc[1]}]
USR-1002 : Derived clock:  create_generated_clock -name {u_PLL/ph1p_phy_pll_wrapper_25a56e5ce2f9_Inst/u_PH1P_PHY_PLL.clkc[4]} -source [get_ports {I_sys_clk}] -master_clock {sys_clk_50m} -multiply_by 1.5000 -duty_cycle 50.0000 [get_pins {u_PLL/ph1p_phy_pll_wrapper_25a56e5ce2f9_Inst/u_PH1P_PHY_PLL.clkc[4]}]
USR-1002 : Derived clock:  create_generated_clock -name {u_PLL/ph1p_phy_pll_wrapper_25a56e5ce2f9_Inst/u_PH1P_PHY_PLL.clkc[5]} -source [get_ports {I_sys_clk}] -master_clock {sys_clk_50m} -multiply_by 7.5000 -duty_cycle 50.0000 [get_pins {u_PLL/ph1p_phy_pll_wrapper_25a56e5ce2f9_Inst/u_PH1P_PHY_PLL.clkc[5]}]
USR-1002 : Derived clock:  create_generated_clock -name {u_ph1p35_324_ddr_wrapper/u_ddr2/ph1p_ddrmc_wrapper/ph1p_ddrmc_top/u_ddr_phy/u_ddrphy_top/u_ddrphy_clk/u_pll0/u_pll_inst.clkc[0]} -source [get_ports {I_sys_clk}] -master_clock {sys_clk_50m} -multiply_by 1.3333 -duty_cycle 50.0000 [get_pins {u_ph1p35_324_ddr_wrapper/u_ddr2/ph1p_ddrmc_wrapper/ph1p_ddrmc_top/u_ddr_phy/u_ddrphy_top/u_ddrphy_clk/u_pll0/u_pll_inst.clkc[0]}]
USR-1002 : Derived clock:  create_generated_clock -name {u_ph1p35_324_ddr_wrapper/u_ddr2/ph1p_ddrmc_wrapper/ph1p_ddrmc_top/u_ddr_phy/u_ddrphy_top/u_ddrphy_clk/u_pll0/u_pll_inst.clkc[1]} -source [get_ports {I_sys_clk}] -master_clock {sys_clk_50m} -multiply_by 1.3333 -duty_cycle 50.0000 [get_pins {u_ph1p35_324_ddr_wrapper/u_ddr2/ph1p_ddrmc_wrapper/ph1p_ddrmc_top/u_ddr_phy/u_ddrphy_top/u_ddrphy_clk/u_pll0/u_pll_inst.clkc[1]}]
USR-1002 : Derived clock:  create_generated_clock -name {u_ph1p35_324_ddr_wrapper/u_ddr2/ph1p_ddrmc_wrapper/ph1p_ddrmc_top/u_ddr_phy/u_ddrphy_top/u_ddrphy_clk/u_pll0/u_pll_inst.clkc[2]} -source [get_ports {I_sys_clk}] -master_clock {sys_clk_50m} -multiply_by 5.3333 -duty_cycle 50.0000 [get_pins {u_ph1p35_324_ddr_wrapper/u_ddr2/ph1p_ddrmc_wrapper/ph1p_ddrmc_top/u_ddr_phy/u_ddrphy_top/u_ddrphy_clk/u_pll0/u_pll_inst.clkc[2]}]
USR-1002 : Derived clock:  create_generated_clock -name {u_ph1p35_324_ddr_wrapper/u_ddr2/ph1p_ddrmc_wrapper/ph1p_ddrmc_top/u_ddr_phy/u_ddrphy_top/u_ddrphy_clk/u_pll0/u_pll_inst.clkc[3]} -source [get_ports {I_sys_clk}] -master_clock {sys_clk_50m} -divide_by 1.9687 -duty_cycle 50.0000 [get_pins {u_ph1p35_324_ddr_wrapper/u_ddr2/ph1p_ddrmc_wrapper/ph1p_ddrmc_top/u_ddr_phy/u_ddrphy_top/u_ddrphy_clk/u_pll0/u_pll_inst.clkc[3]}]
USR-1002 : Derived clock:  create_generated_clock -name {u_ph1p35_324_ddr_wrapper/u_ddr2/ph1p_ddrmc_wrapper/ph1p_ddrmc_top/u_ddr_phy/u_ddrphy_top/u_ddrphy_clk/u_pll1/u_pll_inst.clkc[0]} -source [get_pins {u_ph1p35_324_ddr_wrapper/u_ddr2/ph1p_ddrmc_wrapper/ph1p_ddrmc_top/u_ddr_phy/u_ddrphy_top/u_ddrphy_clk/u_pll0/u_pll_inst.clkc[0]}] -master_clock {u_ph1p35_324_ddr_wrapper/u_ddr2/ph1p_ddrmc_wrapper/ph1p_ddrmc_top/u_ddr_phy/u_ddrphy_top/u_ddrphy_clk/u_pll0/u_pll_inst.clkc[0]} -multiply_by 1.0000 -duty_cycle 50.0000 [get_pins {u_ph1p35_324_ddr_wrapper/u_ddr2/ph1p_ddrmc_wrapper/ph1p_ddrmc_top/u_ddr_phy/u_ddrphy_top/u_ddrphy_clk/u_pll1/u_pll_inst.clkc[0]}]
8.888000
15.000000
15.000000
13.333000
RUN-1003 : finish command "start_timer" in  2.031911s wall, 2.015625s user + 0.000000s system = 2.015625s CPU (99.2%)

RUN-1004 : used memory is 1589 MB, reserved memory is 1582 MB, peak memory is 1589 MB
TMR-2502 : Net delay update with mode: Routed
PHY-1001 : 0/21138(0%) critical/total net(s).
PHY-1001 : Setup: WNS(ns) = 1.277, TNS(ns) = 0.000, FEP = 0 | Hold: WNS(ns) = -0.214, TNS(ns) = -16.842, FEP = 338.
PHY-1001 : End Stage 2.4.2 | Update Timing; Time: 6.112667s wall, 6.078125s user + 0.000000s system = 6.078125s CPU (99.4%); Memory(MB): used = 1694, reserved = 1688, peak = 1694;

PHY-1001 : Stage 2.4.3 | Deskew Clock Tree
RUN-1001 : Deskew Summary
RUN-1001 : ---------------------------------------------------------------------------------------------------------------------------------
RUN-1001 :                                                 Clock                                                 |  Pre-Skew  |  Post-Skew  
RUN-1001 : ---------------------------------------------------------------------------------------------------------------------------------
RUN-1001 :                                             mipi_rx_ck_pad                                            |     32     |     32      
RUN-1001 :   u_mipi_dphy_rx_ph1p_mipiio_wrapper/u_ph1p_mipiio_rx_wrapper/u_PH1P_LOGIC_DPHY_MIPI_RX.io_clk_pad_p  |     32     |     32      
RUN-1001 :                                            MIPI_RX_BYTE_CLK                                           |     32     |     32      
RUN-1001 :                                              pll_clk_100m                                             |     20     |     20      
RUN-1001 :                                             HDMI_PIXEL_CLK                                            |     13     |     13      
RUN-1001 :                                u_ph1p35_324_ddr_wrapper/u_ddr2/usr_clk                                |     15     |     15      
RUN-1001 :                                u_ph1p35_324_ddr_wrapper/u_ddr2/mcu_clk                                |     13     |     13      
RUN-1001 :                                              pll_clk_24m                                              |     16     |     16      
RUN-1001 : ---------------------------------------------------------------------------------------------------------------------------------
PHY-1001 : 0/21138(0%) critical/total net(s).
PHY-1001 : Setup: WNS(ns) = 1.277, TNS(ns) = 0.000, FEP = 0 | Hold: WNS(ns) = -0.214, TNS(ns) = -16.842, FEP = 338.
PHY-1001 : End Stage 2.4.3 | Deskew Clock Tree; Time: 4.150513s wall, 4.125000s user + 0.015625s system = 4.140625s CPU (99.8%); Memory(MB): used = 1724, reserved = 1717, peak = 1724;

PHY-1001 : End Stage 2.4 | Routing Initialization; Time: 17.324303s wall, 27.984375s user + 0.437500s system = 28.421875s CPU (164.1%); Memory(MB): used = 1724, reserved = 1717, peak = 1724;

PHY-1001 : Stage 2.5 | Routing Optimization
PHY-1001 : Build lut bridge;  0.164939s wall, 0.171875s user + 0.000000s system = 0.171875s CPU (104.2%)

PHY-1001 : Stage 2.5.1 | Phase 1
PHY-1001 : Stage 2.5.1.1 | Hold TimeOptimization
PHY-1001 : Iter 0; Processed 434 pins with HWNS -0.214ns HTNS -7.448ns FEP 143 took 0.789784 seconds.
PHY-1001 : Iter 1; Processed 588 pins with HWNS -0.007ns HTNS -0.007ns FEP 1 took 1.5859 seconds.
PHY-1001 : len = 2.54035e+06, over cnt = 11447(0%), over = 12235, worst = 4, crit = 0
PHY-1001 : End Stage 2.5.1.1 | Hold TimeOptimization; Time: 2.469389s wall, 2.421875s user + 0.046875s system = 2.468750s CPU (100.0%); Memory(MB): used = 1727, reserved = 1721, peak = 1727;

PHY-1001 : Stage 2.5.1.2 | High Fanout Nets Optimization
PHY-1001 : High fanout net optimize summary:
PHY-1001 : Process 0 nets and 0 pins with SWNS 1.277ns STNS 0.000ns FEP 0.
PHY-1001 : len = 2.54035e+06, over cnt = 11447(0%), over = 12235, worst = 4, crit = 0
PHY-1001 : End Stage 2.5.1.2 | High Fanout Nets Optimization; Time: 0.235630s wall, 0.218750s user + 0.015625s system = 0.234375s CPU (99.5%); Memory(MB): used = 1727, reserved = 1721, peak = 1727;

PHY-1001 : Stage 2.5.1.3 | Setup TimeOptimization
PHY-1001 : len = 2.54035e+06, over cnt = 11447(0%), over = 12235, worst = 4, crit = 0
PHY-1001 : End Stage 2.5.1.3 | Setup TimeOptimization; Time: 0.242625s wall, 0.234375s user + 0.000000s system = 0.234375s CPU (96.6%); Memory(MB): used = 1727, reserved = 1721, peak = 1727;

PHY-1001 : Stage 2.5.1.4 | Rip-up And ReRoute
PHY-0007 : Congestion: {76.29, 66.70, 61.99, 58.91}; Timing: {1.277ns, 0.000ns, 0}
PHY-1001 : Iter 1: len = 2.62158e+06, over cnt = 4991(0%), over = 5140, worst = 3, crit = 0, time(s) = 5.90
PHY-1001 : Iter 2: len = 2.64294e+06, over cnt = 3036(0%), over = 3085, worst = 3, crit = 0, time(s) = 2.10
PHY-1001 : Iter 3: len = 2.65309e+06, over cnt = 1999(0%), over = 2004, worst = 2, crit = 0, time(s) = 1.35
PHY-1001 : Iter 4: len = 2.68157e+06, over cnt = 992(0%), over = 993, worst = 2, crit = 0, time(s) = 1.86
PHY-1001 : Iter 5: len = 2.69219e+06, over cnt = 609(0%), over = 609, worst = 1, crit = 0, time(s) = 0.82
PHY-1001 : Iter 6: len = 2.69374e+06, over cnt = 523(0%), over = 523, worst = 1, crit = 0, time(s) = 0.39
PHY-1001 : Iter 7: len = 2.69478e+06, over cnt = 502(0%), over = 502, worst = 1, crit = 0, time(s) = 0.35
PHY-1001 : Marking 12 (0.31%) hot zones with cutoff utilization 81.08.
PHY-1001 : Iter 8: len = 2.71976e+06, over cnt = 73(0%), over = 73, worst = 1, crit = 0, time(s) = 0.42
PHY-1001 : Iter 9: len = 2.72106e+06, over cnt = 42(0%), over = 42, worst = 1, crit = 0, time(s) = 0.12
PHY-1001 : Iter 10: len = 2.72421e+06, over cnt = 8(0%), over = 8, worst = 1, crit = 0, time(s) = 0.13
PHY-1001 : Iter 11: len = 2.7248e+06, over cnt = 1(0%), over = 1, worst = 1, crit = 0, time(s) = 0.06
PHY-1001 : Iter 12: len = 2.72493e+06, over cnt = 0(0%), over = 0, worst = 0, crit = 0, time(s) = 0.05
PHY-1001 : Marking 12 (0.31%) hot zones with cutoff utilization 81.08.
PHY-1001 : Update congestion ...
PHY-1001 : Marking 12 (0.31%) hot zones with cutoff utilization 81.08.
PHY-1001 : Congestion index:
PHY-1001 : top1  = 79.83(S 69.63, N 59.83, E 74.51, W 75.39, I 68.97, O 78.21)
PHY-1001 : top5  = 70.95(S 59.79, N 52.57, E 63.48, W 65.67, I 51.00, O 58.79)
PHY-1001 : top10 = 66.35(S 54.64, N 48.33, E 56.79, W 60.42, I 44.10, O 52.53)
PHY-1001 : top15 = 63.41(S 51.13, N 45.29, E 52.02, W 56.43, I 39.81, O 48.38)
PHY-1001 : End update congestion; 0.025905s wall, 0.359375s user + 0.000000s system = 0.359375s CPU (1387.3%)

PHY-1001 : End Stage 2.5.1.4 | Rip-up And ReRoute; Time: 13.733307s wall, 30.875000s user + 0.750000s system = 31.625000s CPU (230.3%); Memory(MB): used = 1730, reserved = 1724, peak = 1730;

PHY-1001 : Stage 2.5.1.5 | Update Timing
PHY-1001 : 0/21138(0%) critical/total net(s).
PHY-1001 : Setup: WNS(ns) = 1.130, TNS(ns) = 0.000, FEP = 0 | Hold: WNS(ns) = -0.154, TNS(ns) = -2.748, FEP = 53.
PHY-1001 : End Stage 2.5.1.5 | Update Timing; Time: 2.382042s wall, 2.343750s user + 0.015625s system = 2.359375s CPU (99.0%); Memory(MB): used = 1744, reserved = 1736, peak = 1744;

PHY-1001 : Stage 2.5.1.6 | Commit Data
PHY-1001 : Commit better result to database ...
PHY-1001 : End Stage 2.5.1.6 | Commit Data; Time: 0.121673s wall, 0.125000s user + 0.000000s system = 0.125000s CPU (102.7%); Memory(MB): used = 1761, reserved = 1754, peak = 1761;

PHY-1001 : End Stage 2.5.1 | Phase 1; Time: 19.739571s wall, 36.765625s user + 0.828125s system = 37.593750s CPU (190.4%); Memory(MB): used = 1761, reserved = 1754, peak = 1761;

PHY-1001 : End Stage 2.5 | Routing Optimization; Time: 24.120674s wall, 41.062500s user + 0.843750s system = 41.906250s CPU (173.7%); Memory(MB): used = 1761, reserved = 1754, peak = 1761;

PHY-1001 : Stage 2.6 | Multi-try route Optimization
PHY-1001 : End Stage 2.6 | Multi-try route Optimization; Time: 0.066564s wall, 0.062500s user + 0.000000s system = 0.062500s CPU (93.9%); Memory(MB): used = 1761, reserved = 1754, peak = 1761;

PHY-1003 : Routed, final wirelength = 2.72493e+06
RUN-1001 : Clock region assignment statistics:
RUN-1001 : Clock Region s_0_l [0,0][23,39]; Utilization: 6 out of 12
RUN-1001 : -----------------------------------------------------------------------------------------------------------------------------------------------------------------------------------------------------------------------------------------------------------------------------------------------------------------------------------------------------------------------------------------------------------------------------------------------------
RUN-1001 :   Bank  |                                                   Assigned Clock                                                   |                                                    Route Clock                                                     |  Marking  |                                                                          Buffer                                                                           |  Regional Clock Fanouts  
RUN-1001 : -----------------------------------------------------------------------------------------------------------------------------------------------------------------------------------------------------------------------------------------------------------------------------------------------------------------------------------------------------------------------------------------------------------------------------------------------------
RUN-1001 :    1    |      u_isp_top/u_demosaic/raw_matrix_3x3_buffer_d/zhenghe_d/blk_mem_gen_zhenghe_d1/ram_d32970204f32_Inst/clkb      |      u_isp_top/u_demosaic/raw_matrix_3x3_buffer_d/zhenghe_d/blk_mem_gen_zhenghe_d1/ram_d32970204f32_Inst/clkb      |           |                           u_mipi_dphy_rx_ph1p_mipiio_wrapper/u_ph1p_mipiio_rx_wrapper/bufg_feedback_auto_created_sclk_s_0_l_bk1                           |           1324           
RUN-1001 :    2    |                 u_ph1p35_324_ddr_wrapper/u_ddr2/ph1p_ddrmc_wrapper/ph1p_ddrmc_top/u_alc_mc_top/clk                 |                 u_ph1p35_324_ddr_wrapper/u_ddr2/ph1p_ddrmc_wrapper/ph1p_ddrmc_top/u_alc_mc_top/clk                 |           |   u_ph1p35_324_ddr_wrapper/u_ddr2/ph1p_ddrmc_wrapper/ph1p_ddrmc_top/u_ddr_phy/u_ddrphy_top/u_ddrphy_clk/u_pll1/u_bufg_fbclk_auto_created_sclk_s_0_l_bk2   |           916            
RUN-1001 :    3    |                                             u_hdmi_mixer/I_clk_syn_652                                             |                                             u_hdmi_mixer/I_clk_syn_652                                             |           |                                              u_hdmi_mixer/I_clk_created_gclkinst_auto_created_sclk_s_0_l_bk3                                              |            91            
RUN-1001 :    4    |                                                  I_sys_clk_syn_8                                                   |                                                  I_sys_clk_syn_8                                                   |           |                                               I_sys_clk_dup_6_created_gclkinst_auto_created_sclk_s_0_l_bk4                                                |            84            
RUN-1001 :    5    |                                                  O_cam_24m_syn_3                                                   |                                                  O_cam_24m_syn_3                                                   |           |                                               O_cam_24m_dup_1_created_gclkinst_auto_created_sclk_s_0_l_bk5                                                |            13            
RUN-1001 :    6    |  u_ph1p35_324_ddr_wrapper/u_ddr2/ph1p_ddrmc_wrapper/ph1p_ddrmc_top/u_ddr_phy/u_ddrphy_top/u_ddrphy/apb_pclk_syn_1  |  u_ph1p35_324_ddr_wrapper/u_ddr2/ph1p_ddrmc_wrapper/ph1p_ddrmc_top/u_ddr_phy/u_ddrphy_top/u_ddrphy/apb_pclk_syn_1  |           |  u_ph1p35_324_ddr_wrapper/u_ddr2/ph1p_ddrmc_wrapper/ph1p_ddrmc_top/u_ddr_phy/u_ddrphy_top/u_ddrphy/apb_pclk_created_gclkinst_auto_created_sclk_s_0_l_bk6  |            3             
RUN-1001 : -----------------------------------------------------------------------------------------------------------------------------------------------------------------------------------------------------------------------------------------------------------------------------------------------------------------------------------------------------------------------------------------------------------------------------------------------------
RUN-1001 : Clock Region s_0_r [24,0][47,39]; Utilization: 5 out of 12
RUN-1001 : -----------------------------------------------------------------------------------------------------------------------------------------------------------------------------------------------------------------------------------------------------------------------------------------------------------------------------------------------------------------------------------------------------------------------------------
RUN-1001 :   Bank  |                                               Assigned Clock                                               |                                                Route Clock                                                 |  Marking  |                                                                         Buffer                                                                          |  Regional Clock Fanouts  
RUN-1001 : -----------------------------------------------------------------------------------------------------------------------------------------------------------------------------------------------------------------------------------------------------------------------------------------------------------------------------------------------------------------------------------------------------------------------------------
RUN-1001 :    1    |  u_isp_top/u_demosaic/raw_matrix_3x3_buffer_d/zhenghe_d/blk_mem_gen_zhenghe_d1/ram_d32970204f32_Inst/clkb  |  u_isp_top/u_demosaic/raw_matrix_3x3_buffer_d/zhenghe_d/blk_mem_gen_zhenghe_d1/ram_d32970204f32_Inst/clkb  |           |                          u_mipi_dphy_rx_ph1p_mipiio_wrapper/u_ph1p_mipiio_rx_wrapper/bufg_feedback_auto_created_sclk_s_0_r_bk1                          |           2017           
RUN-1001 :    2    |                                         u_hdmi_mixer/I_clk_syn_652                                         |                                         u_hdmi_mixer/I_clk_syn_652                                         |           |                                             u_hdmi_mixer/I_clk_created_gclkinst_auto_created_sclk_s_0_r_bk2                                             |           122            
RUN-1001 :    3    |             u_ph1p35_324_ddr_wrapper/u_ddr2/ph1p_ddrmc_wrapper/ph1p_ddrmc_top/u_alc_mc_top/clk             |             u_ph1p35_324_ddr_wrapper/u_ddr2/ph1p_ddrmc_wrapper/ph1p_ddrmc_top/u_alc_mc_top/clk             |           |  u_ph1p35_324_ddr_wrapper/u_ddr2/ph1p_ddrmc_wrapper/ph1p_ddrmc_top/u_ddr_phy/u_ddrphy_top/u_ddrphy_clk/u_pll1/u_bufg_fbclk_auto_created_sclk_s_0_r_bk3  |            25            
RUN-1001 :    4    |                                              O_cam_24m_syn_3                                               |                                              O_cam_24m_syn_3                                               |           |                                              O_cam_24m_dup_1_created_gclkinst_auto_created_sclk_s_0_r_bk4                                               |            10            
RUN-1001 :    5    |            u_mipi_dphy_rx_ph1p_mipiio_wrapper/u_ph1p_mipiio_rx_wrapper/u_lane0_hs_detect/I_clk             |            u_mipi_dphy_rx_ph1p_mipiio_wrapper/u_ph1p_mipiio_rx_wrapper/u_lane0_hs_detect/I_clk             |           |                                                     u_PLL/bufg_feedback_auto_created_sclk_s_0_r_bk5                                                     |            7             
RUN-1001 : -----------------------------------------------------------------------------------------------------------------------------------------------------------------------------------------------------------------------------------------------------------------------------------------------------------------------------------------------------------------------------------------------------------------------------------
RUN-1001 : Clock Region s_1_l [0,40][23,79]; Utilization: 5 out of 12
RUN-1001 : -----------------------------------------------------------------------------------------------------------------------------------------------------------------------------------------------------------------------------------------------------------------------------------------------------------------------------------------------------------------------------------------------------------------------------------------------------
RUN-1001 :   Bank  |                                                   Assigned Clock                                                   |                                                    Route Clock                                                     |  Marking  |                                                                          Buffer                                                                           |  Regional Clock Fanouts  
RUN-1001 : -----------------------------------------------------------------------------------------------------------------------------------------------------------------------------------------------------------------------------------------------------------------------------------------------------------------------------------------------------------------------------------------------------------------------------------------------------
RUN-1001 :    1    |                 u_ph1p35_324_ddr_wrapper/u_ddr2/ph1p_ddrmc_wrapper/ph1p_ddrmc_top/u_alc_mc_top/clk                 |                 u_ph1p35_324_ddr_wrapper/u_ddr2/ph1p_ddrmc_wrapper/ph1p_ddrmc_top/u_alc_mc_top/clk                 |           |   u_ph1p35_324_ddr_wrapper/u_ddr2/ph1p_ddrmc_wrapper/ph1p_ddrmc_top/u_ddr_phy/u_ddrphy_top/u_ddrphy_clk/u_pll1/u_bufg_fbclk_auto_created_sclk_s_1_l_bk1   |           1204           
RUN-1001 :    2    |      u_isp_top/u_demosaic/raw_matrix_3x3_buffer_d/zhenghe_d/blk_mem_gen_zhenghe_d1/ram_d32970204f32_Inst/clkb      |      u_isp_top/u_demosaic/raw_matrix_3x3_buffer_d/zhenghe_d/blk_mem_gen_zhenghe_d1/ram_d32970204f32_Inst/clkb      |           |                           u_mipi_dphy_rx_ph1p_mipiio_wrapper/u_ph1p_mipiio_rx_wrapper/bufg_feedback_auto_created_sclk_s_1_l_bk2                           |           903            
RUN-1001 :    3    |                                                  O_cam_24m_syn_3                                                   |                                                  O_cam_24m_syn_3                                                   |           |                                               O_cam_24m_dup_1_created_gclkinst_auto_created_sclk_s_1_l_bk3                                                |            52            
RUN-1001 :    4    |  u_ph1p35_324_ddr_wrapper/u_ddr2/ph1p_ddrmc_wrapper/ph1p_ddrmc_top/u_ddr_phy/u_ddrphy_top/u_ddrphy/apb_pclk_syn_1  |  u_ph1p35_324_ddr_wrapper/u_ddr2/ph1p_ddrmc_wrapper/ph1p_ddrmc_top/u_ddr_phy/u_ddrphy_top/u_ddrphy/apb_pclk_syn_1  |           |  u_ph1p35_324_ddr_wrapper/u_ddr2/ph1p_ddrmc_wrapper/ph1p_ddrmc_top/u_ddr_phy/u_ddrphy_top/u_ddrphy/apb_pclk_created_gclkinst_auto_created_sclk_s_1_l_bk4  |            27            
RUN-1001 :    5    |                                       u_uicfgcs500/uii2c_inst/scl_clk_syn_9                                        |                                       u_uicfgcs500/uii2c_inst/scl_clk_syn_9                                        |           |                                       u_uicfgcs500/uii2c_inst/scl_clk_created_gclkinst_auto_created_sclk_s_1_l_bk5                                        |            15            
RUN-1001 : -----------------------------------------------------------------------------------------------------------------------------------------------------------------------------------------------------------------------------------------------------------------------------------------------------------------------------------------------------------------------------------------------------------------------------------------------------
RUN-1001 : Clock Region s_1_r [24,40][43,79]; Utilization: 6 out of 12
RUN-1001 : -----------------------------------------------------------------------------------------------------------------------------------------------------------------------------------------------------------------------------------------------------------------------------------------------------------------------------------------------------------------------------------------------------------------------------------
RUN-1001 :   Bank  |                                               Assigned Clock                                               |                                                Route Clock                                                 |  Marking  |                                                                         Buffer                                                                          |  Regional Clock Fanouts  
RUN-1001 : -----------------------------------------------------------------------------------------------------------------------------------------------------------------------------------------------------------------------------------------------------------------------------------------------------------------------------------------------------------------------------------------------------------------------------------
RUN-1001 :    1    |            u_mipi_dphy_rx_ph1p_mipiio_wrapper/u_ph1p_mipiio_rx_wrapper/u_lane0_hs_detect/I_clk             |            u_mipi_dphy_rx_ph1p_mipiio_wrapper/u_ph1p_mipiio_rx_wrapper/u_lane0_hs_detect/I_clk             |           |                                                     u_PLL/bufg_feedback_auto_created_sclk_s_1_r_bk1                                                     |            1             
RUN-1001 :    2    |                                         u_hdmi_mixer/I_clk_syn_652                                         |                                         u_hdmi_mixer/I_clk_syn_652                                         |           |                                             u_hdmi_mixer/I_clk_created_gclkinst_auto_created_sclk_s_1_r_bk2                                             |           681            
RUN-1001 :    3    |  u_isp_top/u_demosaic/raw_matrix_3x3_buffer_d/zhenghe_d/blk_mem_gen_zhenghe_d1/ram_d32970204f32_Inst/clkb  |  u_isp_top/u_demosaic/raw_matrix_3x3_buffer_d/zhenghe_d/blk_mem_gen_zhenghe_d1/ram_d32970204f32_Inst/clkb  |           |                          u_mipi_dphy_rx_ph1p_mipiio_wrapper/u_ph1p_mipiio_rx_wrapper/bufg_feedback_auto_created_sclk_s_1_r_bk3                          |           515            
RUN-1001 :    4    |             u_ph1p35_324_ddr_wrapper/u_ddr2/ph1p_ddrmc_wrapper/ph1p_ddrmc_top/u_alc_mc_top/clk             |             u_ph1p35_324_ddr_wrapper/u_ddr2/ph1p_ddrmc_wrapper/ph1p_ddrmc_top/u_alc_mc_top/clk             |           |  u_ph1p35_324_ddr_wrapper/u_ddr2/ph1p_ddrmc_wrapper/ph1p_ddrmc_top/u_ddr_phy/u_ddrphy_top/u_ddrphy_clk/u_pll1/u_bufg_fbclk_auto_created_sclk_s_1_r_bk4  |            56            
RUN-1001 :    5    |                      u_hdmi_tx/u_hdmi2phy_wrapper/u0_lane_lvds_8_1/I_serial_clk_syn_1                      |                      u_hdmi_tx/u_hdmi2phy_wrapper/u0_lane_lvds_8_1/I_serial_clk_syn_1                      |           |                         u_hdmi_tx/u_hdmi2phy_wrapper/u0_lane_lvds_8_1/I_serial_clk_created_gclkinst_auto_created_sclk_s_1_r_bk5                         |            38            
RUN-1001 :    6    |                                              O_cam_24m_syn_3                                               |                                              O_cam_24m_syn_3                                               |           |                                              O_cam_24m_dup_1_created_gclkinst_auto_created_sclk_s_1_r_bk6                                               |            1             
RUN-1001 : -----------------------------------------------------------------------------------------------------------------------------------------------------------------------------------------------------------------------------------------------------------------------------------------------------------------------------------------------------------------------------------------------------------------------------------
RUN-1002 : start command "export_db camera_to_dsi_display_pr.db"
RUN-1001 : Exported flow parameters
RUN-1001 : Exported /
RUN-1001 : Exported libs
RUN-1001 : Exported entities
RUN-1001 : Exported ports
RUN-1001 : Exported pins
RUN-1001 : Exported instances
RUN-1001 : Exported nets
RUN-1001 : Exported buses
RUN-1001 : Exported models
RUN-1001 : Exported phy database
RUN-1001 : Exported packer
RUN-1001 : Exported congestions
RUN-1001 : Exported violations
RUN-1001 : Exported ATMR Setting
RUN-1001 : Exported timing constraints
RUN-1001 : Exported IO constraints
RUN-1001 : Exported Inst constraints
RUN-1001 : Exported ChipWatcher
RUN-1003 : finish command "export_db camera_to_dsi_display_pr.db" in  1.226803s wall, 1.656250s user + 0.078125s system = 1.734375s CPU (141.4%)

RUN-1004 : used memory is 1828 MB, reserved memory is 1935 MB, peak memory is 1828 MB
PHY-1001 : Current memory(MB): used = 1828, reserved = 1935, peak = 1828.
PHY-1001 : End export database. 1.296833s wall, 1.718750s user + 0.078125s system = 1.796875s CPU (138.6%)

PHY-1001 : End detail routing;  50.524336s wall, 105.562500s user + 1.812500s system = 107.375000s CPU (212.5%)

PHY-1001 : End Stage 2 | Detail Routing; Time: 50.524462s wall, 105.562500s user + 1.812500s system = 107.375000s CPU (212.5%); Memory(MB): used = 1828, reserved = 1935, peak = 1828;

RUN-1002 : start command "fix_hold"

PHY-1001 : Stage 3 | Hold Fix
PHY-1001 : Stage 3.1 | Load Design Data
PHY-1034 : Refresh detailed routing grids ...
PHY-1001 : Generate nets ...
PHY-1001 : eco open net = 0
PHY-1001 : End Stage 3.1 | Load Design Data; Time: 0.426448s wall, 0.421875s user + 0.000000s system = 0.421875s CPU (98.9%); Memory(MB): used = 1828, reserved = 1935, peak = 1828;

PHY-1001 : Stage 3.2 | Hold Fix Optimization
RUN-1002 : start command "start_timer"
RUN-1003 : finish command "start_timer" in  1.838642s wall, 1.828125s user + 0.015625s system = 1.843750s CPU (100.3%)

RUN-1004 : used memory is 1828 MB, reserved memory is 1935 MB, peak memory is 1828 MB
PHY-1001 : Timing info: SWNS 1.130ns | STNS 0.000ns | HWNS -0.154ns | HTNS -2.748ns.
PHY-1001 : Processing hold violation on 67 end-point, worst slack = -154ps, best slack = 19ps.
PHY-1001 : End timing refresh.  5.701197s wall, 5.671875s user + 0.015625s system = 5.687500s CPU (99.8%)

PHY-1001 : Stage 3.2.1 | Phase 1
PHY-1001 : Stage 3.2.1.1 | Hold Fix By LutBridge
PHY-1001 : len = 2.73072e+06, over cnt = 0(0%), over = 0, worst = 0, crit = 0
PHY-1001 : Bridge count = 3; unresolved count = 0.
PHY-1001 : 0 out of 67 ((0.00)%) EP fixed by LB.
PHY-1001 : End Stage 3.2.1.1 | Hold Fix By LutBridge; Time: 2.335145s wall, 2.328125s user + 0.000000s system = 2.328125s CPU (99.7%); Memory(MB): used = 1828, reserved = 1935, peak = 1828;

PHY-1001 : Timing info: SWNS 1.130ns | STNS 0.000ns | HWNS -0.054ns | HTNS -0.114ns.
PHY-1001 : Processing hold violation on 3 end-point, worst slack = -54ps, best slack = -18ps.
PHY-1001 : End timing refresh.  0.097844s wall, 0.109375s user + 0.000000s system = 0.109375s CPU (111.8%)

PHY-1001 : Stage 3.2.1.2 | Hold Fix By Pin
PHY-1001 : len = 2.73082e+06, over cnt = 0(0%), over = 0, worst = 0, crit = 0
PHY-1001 : 1 out of 3 ((33.33)%) EP fixed by pin delay.
PHY-1001 : End Stage 3.2.1.2 | Hold Fix By Pin; Time: 0.294050s wall, 0.281250s user + 0.000000s system = 0.281250s CPU (95.6%); Memory(MB): used = 1828, reserved = 1935, peak = 1828;

PHY-1001 : Timing info: SWNS 1.130ns | STNS 0.000ns | HWNS -0.054ns | HTNS -0.096ns.
PHY-1001 : Processing hold violation on 2 end-point, worst slack = -54ps, best slack = -42ps.
PHY-1001 : End timing refresh.  0.107406s wall, 0.093750s user + 0.015625s system = 0.109375s CPU (101.8%)

PHY-1001 : Stage 3.2.1.3 | Hold Fix By Net
PHY-1001 : len = 2.73101e+06, over cnt = 0(0%), over = 0, worst = 0, crit = 0
PHY-1001 : 2 out of 2 ((100.00)%) EP fixed by net delay.
PHY-1001 : End Stage 3.2.1.3 | Hold Fix By Net; Time: 0.142156s wall, 0.140625s user + 0.000000s system = 0.140625s CPU (98.9%); Memory(MB): used = 1828, reserved = 1935, peak = 1828;

PHY-1001 : Timing info: SWNS 1.130ns | STNS 0.000ns | HWNS 0.020ns | HTNS 0.000ns.
PHY-1001 : End timing refresh.  0.098180s wall, 0.109375s user + 0.000000s system = 0.109375s CPU (111.4%)

PHY-1001 : End Stage 3.2.1 | Phase 1; Time: 3.107036s wall, 3.093750s user + 0.015625s system = 3.109375s CPU (100.1%); Memory(MB): used = 1828, reserved = 1935, peak = 1828;

PHY-1001 : End Stage 3.2 | Hold Fix Optimization; Time: 8.809139s wall, 8.765625s user + 0.031250s system = 8.796875s CPU (99.9%); Memory(MB): used = 1828, reserved = 1935, peak = 1828;

PHY-1001 : End Stage 3 | Hold Fix; Time: 9.413781s wall, 9.359375s user + 0.031250s system = 9.390625s CPU (99.8%); Memory(MB): used = 1828, reserved = 1935, peak = 1828;

RUN-1003 : finish command "fix_hold" in  9.449468s wall, 9.406250s user + 0.031250s system = 9.437500s CPU (99.9%)

RUN-1004 : used memory is 1828 MB, reserved memory is 1935 MB, peak memory is 1828 MB
PHY-1001 : Stage 4 | Report Route Qor
RUN-1002 : start command "report_qor -step route -file route.qor"
RUN-1002 : start command "start_timer"
RUN-1003 : finish command "start_timer" in  1.851587s wall, 1.843750s user + 0.000000s system = 1.843750s CPU (99.6%)

RUN-1004 : used memory is 1828 MB, reserved memory is 1935 MB, peak memory is 1828 MB
-----------------------------------------------------------
| QoR metrics               |         value               |
-----------------------------------------------------------
| Timing                    |                             |
|     Setup WNS             |         1130                |
|     Setup TNS             |            0                |
|     Num of violated S-EP  |            0                |
|     Hold WNS              |           20                |
|     Hold TNS              |            0                |
|     Num of violated H-EP  |            0                |
-----------------------------------------------------------
| Routing Resource          |                             |
|     Wire length           |      2731008                |
-----------------------------------------------------------
| Utilization               |                             |
|     #slices               |        12295                |
|     slices percentage     |       57.95%                |
|     #RAMs                 |           40                |
|     #DSPs                 |            8                |
|     #DRAMHARDCON          |           37                |
-----------------------------------------------------------
Report route stage QoR done.

RUN-1003 : finish command "report_qor -step route -file route.qor" in  5.748723s wall, 5.734375s user + 0.000000s system = 5.734375s CPU (99.8%)

RUN-1004 : used memory is 1828 MB, reserved memory is 1935 MB, peak memory is 1828 MB
RUN-1002 : start command "update_timing -mode final"
RUN-1002 : start command "start_timer"
RUN-1003 : finish command "start_timer" in  1.839664s wall, 1.828125s user + 0.000000s system = 1.828125s CPU (99.4%)

RUN-1004 : used memory is 1828 MB, reserved memory is 1935 MB, peak memory is 1828 MB
RUN-1003 : finish command "update_timing -mode final" in  5.642904s wall, 5.640625s user + 0.000000s system = 5.640625s CPU (100.0%)

RUN-1004 : used memory is 1828 MB, reserved memory is 1935 MB, peak memory is 1828 MB
RUN-1002 : start command "report_timing_summary -file final_timing.rpt"
OPT-1001 : QoR tracer report on route step:
    SWNS [   incr ]    STNS [   incr ]  S-FEPS [   incr ]    HWNS [   incr ]      HTNS [     incr ]    H-FEPS [     incr ]    CELL [   incr ]       WL [    incr ]   RT(s) [   incr ]   MEM(mb) [     incr ]
    1277 [      0 ]       0 [      0 ]       0 [      0 ]    -214 [      0 ]    -16842 [        0 ]       338 [        0 ]   12778 [      0 ]  2497776 [       0 ]      31 [      0 ]      1724 [        0 ] : dr_initialization
    1277 [      0 ]       0 [      0 ]       0 [      0 ]      -7 [    207 ]        -7 [    16835 ]         1 [     -337 ]   12778 [      0 ]  2540352 [   42576 ]      39 [      8 ]      1727 [        3 ] : dr_timing_opt_phase1
    1130 [   -147 ]       0 [      0 ]       0 [      0 ]    -154 [   -147 ]     -2748 [    -2741 ]        53 [       52 ]   12778 [      0 ]  2724928 [  184576 ]      56 [     17 ]      1761 [       34 ] : dr_opt_phase1
    1130 [      0 ]       0 [      0 ]       0 [      0 ]    -154 [      0 ]     -2748 [        0 ]        53 [        0 ]   12778 [      0 ]  2724928 [       0 ]      56 [      0 ]      1761 [        0 ] : multi_try_opt
    1130 [      0 ]       0 [      0 ]       0 [      0 ]      20 [    174 ]         0 [     2748 ]         0 [      -53 ]   12778 [      0 ]  2731008 [    6080 ]      67 [     11 ]      1828 [       67 ] : fix_hold_opt

PHY-1001 : End Stage 4 | Report Route Qor; Time: 11.558706s wall, 11.531250s user + 0.000000s system = 11.531250s CPU (99.8%); Memory(MB): used = 1828, reserved = 1935, peak = 1828;

PHY-1001 : Stage 5 | Routing DRC
PHY-1001 : Stage 5.1 | Check And Add Lut-bridge
PHY-1001 : End Stage 5.1 | Check And Add Lut-bridge; Time: 0.095668s wall, 0.109375s user + 0.000000s system = 0.109375s CPU (114.3%); Memory(MB): used = 1828, reserved = 1935, peak = 1828;

PHY-1001 : Stage 5.2 | Lut Bridge Check
PHY-1001 : End Stage 5.2 | Lut Bridge Check; Time: 0.226299s wall, 0.218750s user + 0.000000s system = 0.218750s CPU (96.7%); Memory(MB): used = 1828, reserved = 1935, peak = 1828;

PHY-1001 : Stage 5.3 | Physical Net Status Check
PHY-1001 : End Stage 5.3 | Physical Net Status Check; Time: 0.054788s wall, 0.062500s user + 0.000000s system = 0.062500s CPU (114.1%); Memory(MB): used = 1828, reserved = 1935, peak = 1828;

PHY-1001 : Start multi-drive drc check......
PHY-1001 : No multi-drive.
PHY-1001 : Stage 5.4 | Clock Net Status Check
PHY-1001 : 2 clock net(s) utilize local routing resource.
PHY-5079 CRITICAL-WARNING: Marked 1 clock net(s) utilize the local routing resources. Please check log message and the sinks of clock nets.
RUN-1001 : CTS Local Wire Summary
RUN-1001 : ------------------------------------------------------------------------------------------------------------------------------------------------------------
RUN-1001 :    ClockName    |   DriverType    |  Clock/Fanout  |  LocalWireNum  |                                  NetName                                   |  Marked  
RUN-1001 : ------------------------------------------------------------------------------------------------------------------------------------------------------------
RUN-1001 :        -        |  AL_PHY_LSLICE  |      1/3       |       17       |                      u_uicfgcs500/uii2c_inst/scl_clk                       |    -     
RUN-1001 :   pll_clk_24m   |   AL_PHY_SCLK   |     12/13      |       3        |  O_cam_24m_dup_1_created_gclkinst_auto_created_sclk_s_0_l_bk5_sclk_outnet  |   true   
RUN-1001 : ------------------------------------------------------------------------------------------------------------------------------------------------------------
PHY-5088 WARNING: Clock_Analyzer: Detected 1 buffer(s) clkin net because they drive non-clock sinks. Run "analyze_clock -detail" for more infomation.
PHY-5088 WARNING: Clock_Analyzer: Detected 1 buffer(s) clkout net because they drive non-clock sinks. Run "analyze_clock -detail" for more infomation.
PHY-5088 WARNING: Clock_Analyzer: 2 clock-net(s) because they drive other clock net, may cause clock skew. Run "analyze_clock -detail" for more infomation.
PHY-1001 : End Stage 5.4 | Clock Net Status Check; Time: 0.078622s wall, 0.062500s user + 0.015625s system = 0.078125s CPU (99.4%); Memory(MB): used = 1828, reserved = 1935, peak = 1828;

PHY-1001 : Stage 5.5 | Abnormal Timing Path check
PHY-1001 : No abnormal timing path.
PHY-1001 : End Stage 5.5 | Abnormal Timing Path check; Time: 0.250481s wall, 0.250000s user + 0.000000s system = 0.250000s CPU (99.8%); Memory(MB): used = 1828, reserved = 1935, peak = 1828;

PHY-1001 : Stage 5.6 | Bound Check
PHY-1001 : Check Pass.
PHY-1001 : End Stage 5.6 | Bound Check; Time: 0.003477s wall, 0.000000s user + 0.000000s system = 0.000000s CPU (n/a%); Memory(MB): used = 1828, reserved = 1935, peak = 1828;

PHY-1001 : End Stage 5 | Routing DRC; Time: 0.764180s wall, 0.750000s user + 0.015625s system = 0.765625s CPU (100.2%); Memory(MB): used = 1828, reserved = 1935, peak = 1828;

RUN-1003 : finish command "route" in  79.568673s wall, 135.343750s user + 1.984375s system = 137.328125s CPU (172.6%)

RUN-1004 : used memory is 1828 MB, reserved memory is 1935 MB, peak memory is 1828 MB
RUN-1002 : start command "report_area -io_info -file camera_to_dsi_display_phy.area"
SYN-4034 : The count of slices with lut is 6511.
SYN-4035 : The count of slices with lut+ripple is 2981.
RUN-1001 : standard
***Report Model: design_top_wrapper Device: PH1P35MDG324***

Design Statistics
#IO                        58   out of    160   36.25%
  #input                    2
  #output                  31
  #inout                   25
#lut6                    9900   out of  21216   46.66%
#reg                    13442
  #slice reg            13442   out of  42432   31.68%
  #pad reg                  0

Utilization Statistics
#slice                  12295   out of  21216   57.95%
  #used ram               408
    #dram lut             296
    #shifter lut          112
  #used logic           11887
    #with luts           6511
    #with adder          2981
    #reg only            2395
#feedthrough             2344
#f7mux                      0   out of  10608    0.00%
#f8mux                      0   out of   5304    0.00%
#eram                      40   out of    108   37.04%
  #eram20k                 40
  #fifo20k                  0
#dsp                        8   out of     40   20.00%
#ddr_byte                   6   out of     12   50.00%
#mipi_tx                    0   out of      2    0.00%
#mipi_rx                    1   out of      2   50.00%
#pad                       17   out of    160   10.62%
#pll                        3   out of      6   50.00%
#gclk                       9   out of     32   28.12%
#lclk                       0   out of     12    0.00%
#sclk                      22   out of     48   45.83%
#mlclk                      2   out of      6   33.33%
#ioclk                      4   out of     18   22.22%


DataNet Average Fanout:

   Index     Fanout     Nets   
    #1          1       19076  
    #2          2       7077   
    #3          3        934   
    #4          4        524   
    #5        5-10      1623   
    #6        11-50      388   
    #7       51-100      38    
    #8       101-500      3    
  Average     2.02             

RUN-1002 : start command "update_timing -mode final"
RUN-1002 : start command "start_timer"
RUN-1003 : finish command "start_timer" in  1.851255s wall, 1.843750s user + 0.000000s system = 1.843750s CPU (99.6%)

RUN-1004 : used memory is 1828 MB, reserved memory is 1935 MB, peak memory is 1828 MB
RUN-1003 : finish command "update_timing -mode final" in  5.638329s wall, 5.609375s user + 0.015625s system = 5.625000s CPU (99.8%)

RUN-1004 : used memory is 1828 MB, reserved memory is 1935 MB, peak memory is 1828 MB
RUN-1002 : start command "report_timing_status -file camera_to_dsi_display_phy.ts"
RUN-1002 : start command "report_timing_summary -file camera_to_dsi_display_pr.timing"
RUN-1002 : start command "report_timing_exception -file camera_to_dsi_display_exception.timing"
RUN-1002 : start command "flow_status -file route_flow.status"
Location         : D:\2026fpga\lab_hd_1_mipi_hdmi\td_project\camera_to_dsi_display_Runs\phy_1
Running with     : Tang Dynasty v6.2.168116
                   Copyright (c) 2012-2025 Anlogic Inc.
Top Model        : design_top_wrapper
Device           : PH1P35MDG324
Speed            : 3

Timing Mode      : final
Setup            : WNS  1130ps  TNS        0ps  NUM_FEPS     0
Hold             : WNS    20ps  TNS        0ps  NUM_FEPS     0

Flow Statistics  :
RUN-1001 : Flow Statistics:
RUN-1001 : ---------------------------------------------------------------------------------------------------
RUN-1001 :      command     |  #calls  |  wall time   |  cpu time(s)  |  used memory(mb)  |  peak memory(mb)  
RUN-1001 : ---------------------------------------------------------------------------------------------------
RUN-1001 :       place      |    1     |  2m2s(60%)   |   411(74%)    |       1145        |       1145        
RUN-1001 :       route      |    1     |  1m10s(34%)  |   127(23%)    |       1828        |       1828        
RUN-1001 :     fix_hold     |    1     |    9s(4%)    |     9(1%)     |       1828        |       1828        
RUN-1001 :   import_device  |    1     |    2s(0%)    |     2(0%)     |        323        |        323        
RUN-1001 :     import_db    |    1     |    0s(0%)    |     0(0%)     |        513        |        513        
RUN-1001 : ---------------------------------------------------------------------------------------------------
RUN-1001 :       total      |    5     |    3m23s     |      549      |       1828        |       1828        
RUN-1001 : ---------------------------------------------------------------------------------------------------
RUN-1002 : start command "report_clock_utilization -file route_clock_utilization.txt"
RUN-1002 : start command "export_db camera_to_dsi_display_pr.db"
RUN-1001 : Exported flow parameters
RUN-1001 : Exported /
RUN-1001 : Exported libs
RUN-1001 : Exported entities
RUN-1001 : Exported ports
RUN-1001 : Exported pins
RUN-1001 : Exported instances
RUN-1001 : Exported nets
RUN-1001 : Exported buses
RUN-1001 : Exported models
RUN-1001 : Exported phy database
RUN-1001 : Exported packer
RUN-1001 : Exported congestions
RUN-1001 : Exported violations
RUN-1001 : Exported ATMR Setting
RUN-1001 : Exported timing constraints
RUN-1001 : Exported IO constraints
RUN-1001 : Exported Inst constraints
RUN-1001 : Exported ChipWatcher
RUN-1003 : finish command "export_db camera_to_dsi_display_pr.db" in  1.234224s wall, 1.687500s user + 0.078125s system = 1.765625s CPU (143.1%)

RUN-1004 : used memory is 1830 MB, reserved memory is 1935 MB, peak memory is 1830 MB
RUN-1002 : start command "commit_param -step bitgen"
RUN-1001 : Print Global Property
RUN-1001 : -------------------------------------------------------------
RUN-1001 :     Parameters    |   Settings   |  Default Values  |  Note  
RUN-1001 : -------------------------------------------------------------
RUN-1001 :    enable_seed    |     off      |       off        |        
RUN-1001 :    hfn_to_clock   |  1000000000  |    1000000000    |        
RUN-1001 :      message      |   standard   |     standard     |        
RUN-1001 :    qor_monitor    |      on      |        on        |        
RUN-1001 :   speedup_effort  |      0       |        0         |        
RUN-1001 :    syn_ip_flow    |     off      |       off        |        
RUN-1001 :       thread      |     auto     |       auto       |        
RUN-1001 : -------------------------------------------------------------
RUN-1002 : start command "set_param bitgen compress on"
RUN-1001 : Print Bitgen Property
RUN-1001 : -------------------------------------------------------------
RUN-1001 :      Parameters     |  Settings  |  Default Values  |  Note  
RUN-1001 : -------------------------------------------------------------
RUN-1001 :         bin         |    off     |       off        |        
RUN-1001 :       compress      |     on     |       off        |   *    
RUN-1001 :       gen_mask      |    off     |       off        |        
RUN-1001 :      max_stream     |     on     |        on        |        
RUN-1001 :      time_info      |     on     |        on        |        
RUN-1001 :   unused_io_status  |   pullup   |      pullup      |        
RUN-1001 :       version       |    0x00    |       0x00       |        
RUN-1001 : -------------------------------------------------------------
RUN-1002 : start command "bitgen -bit camera_to_dsi_display.bit"
RUN-1002 : start command "export_bid camera_to_dsi_display_inst.bid"
BIT-1003 : Start to generate bitstream. 
BIT-1002 : Bitgen processed 3 pll_pd instances.
BIT-1002 : Init instances with 32 threads.
BIT-1002 : Init instances completely, inst num: 12779
BIT-1002 : Init pips with 32 threads.
BIT-1002 : Init pips completely, net num: 21418, pip num: 197572
BIT-1002 : Init feedthrough with 32 threads.
BIT-1002 : Init feedthrough completely, num: 2344
BIT-1003 : Multithreading accelaration with 32 threads.
BIT-1003 : Generate bitstream completely, there are 673182 bits set as '1'.
PRG-1501 : Bit compressed, frame number changed from 3481 to 3447, ratio 0.98%
BIT-1004 : Generate file camera_to_dsi_display_compress.bit.
BIT-1004 : Generate file camera_to_dsi_display.bit.
RUN-1003 : finish command "bitgen -bit camera_to_dsi_display.bit" in  4.335006s wall, 47.968750s user + 2.468750s system = 50.437500s CPU (1163.5%)

RUN-1004 : used memory is 1831 MB, reserved memory is 1936 MB, peak memory is 1832 MB
RUN-1002 : start command "setup_debugger"
RUN-1002 : start command "export_bitgen_param -file .bitgen_param.f"
RUN-1002 : start command "export_flow_status -s opt_place -e bitgen"
RUN-1002 : start command "flow_status"

Location         : D:\2026fpga\lab_hd_1_mipi_hdmi\td_project\camera_to_dsi_display_Runs\phy_1
Running with     : Tang Dynasty v6.2.168116
                   Copyright (c) 2012-2025 Anlogic Inc.
Top Model        : design_top_wrapper
Device           : PH1P35MDG324
Speed            : 3

Timing Mode      : final
Setup            : WNS  1130ps  TNS        0ps  NUM_FEPS     0
Hold             : WNS    20ps  TNS        0ps  NUM_FEPS     0

RUN-1001 : Flow Statistics:
RUN-1001 : ---------------------------------------------------------------------------------------------------
RUN-1001 :      command     |  #calls  |  wall time   |  cpu time(s)  |  used memory(mb)  |  peak memory(mb)  
RUN-1001 : ---------------------------------------------------------------------------------------------------
RUN-1001 :       place      |    1     |  2m2s(58%)   |   411(68%)    |       1145        |       1145        
RUN-1001 :       route      |    1     |  1m10s(33%)  |   127(21%)    |       1828        |       1828        
RUN-1001 :     fix_hold     |    1     |    9s(4%)    |     9(1%)     |       1828        |       1828        
RUN-1001 :      bitgen      |    1     |    4s(1%)    |    49(8%)     |       1831        |       1832        
RUN-1001 :   import_device  |    1     |    2s(0%)    |     2(0%)     |        323        |        323        
RUN-1001 :     import_db    |    1     |    0s(0%)    |     0(0%)     |        513        |        513        
RUN-1001 : ---------------------------------------------------------------------------------------------------
RUN-1001 :       total      |    6     |    3m27s     |      598      |       1831        |       1832        
RUN-1001 : ---------------------------------------------------------------------------------------------------

