============================================================
   Tang Dynasty, V6.2.168116
   Copyright (c) 2012-2025 Anlogic Inc.
   Executable = F:/AnlogicFpga/TD_6.2.1_Engineer_6.2.168.116/bin/td_commands_prompt.exe
   Built at =   16:32:07 Jun 12 2025
   Run by =     pc
   Run Date =   Tue Sep 15 21:48:21 2026

   Run on =     CIRBUG
============================================================
RUN-1002 : start command "import_device ph1_35p.db -package PH1P35MDG324 -speed 3"
ARC-1001 : Device Initialization.
ARC-1001 : ----------------------------------------------------------------
ARC-1001 :           OPTION          |          IO           |   SETTING   
ARC-1001 : ----------------------------------------------------------------
ARC-1001 :   non_jtag_persist(none)  |        35 IOs         |    gpio    
ARC-1001 :            jtag           |  P13/P15/L14/R13/T13  |  dedicate  
ARC-1001 : ----------------------------------------------------------------
RUN-1003 : finish command "import_device ph1_35p.db -package PH1P35MDG324 -speed 3" in  2.671565s wall, 2.328125s user + 0.093750s system = 2.421875s CPU (90.7%)

RUN-1004 : used memory is 323 MB, reserved memory is 321 MB, peak memory is 323 MB
RUN-1002 : start command "open_project camera_to_dsi_display.prj -noanalyze"
RUN-1002 : start command "import_db ../syn_1/camera_to_dsi_display_gate.db"
RUN-1001 : Importing database generated by Tang Dynasty, V6.2.168116.
RUN-1001 : Database version number 46207
RUN-1001 : Import flow parameters
RUN-1001 : Import netlist
RUN-1001 : Import timing constraints
RUN-1001 : Import IO constraints
RUN-1001 : Import Inst constraints
RUN-1001 : Import ChipWatcher
RUN-1001 : Import design success TD_VERSION=6.2.168116 , DB_VERSION=46207
RUN-1003 : finish command "import_db ../syn_1/camera_to_dsi_display_gate.db" in  1.112849s wall, 0.578125s user + 0.156250s system = 0.734375s CPU (66.0%)

RUN-1004 : used memory is 520 MB, reserved memory is 518 MB, peak memory is 520 MB
RUN-1002 : start command "commit_param -step place"
RUN-1001 : Print Global Property
RUN-1001 : -------------------------------------------------------------
RUN-1001 :     Parameters    |   Settings   |  Default Values  |  Note  
RUN-1001 : -------------------------------------------------------------
RUN-1001 :    enable_seed    |     off      |       off        |        
RUN-1001 :    hfn_to_clock   |  1000000000  |    1000000000    |        
RUN-1001 :      message      |   standard   |     standard     |        
RUN-1001 :    qor_monitor    |      on      |        on        |        
RUN-1001 :   speedup_effort  |      0       |        0         |        
RUN-1001 :    syn_ip_flow    |     off      |       off        |        
RUN-1001 :       thread      |     auto     |       auto       |        
RUN-1001 : -------------------------------------------------------------
RUN-1001 : Print Place Property
RUN-1001 : ---------------------------------------------------------------
RUN-1001 :       Parameters      |  Settings  |  Default Values  |  Note  
RUN-1001 : ---------------------------------------------------------------
RUN-1001 :         effort        |   medium   |      medium      |        
RUN-1001 :     hfn_opt_effort    |   medium   |      medium      |        
RUN-1001 :    logic_level_opt    |    off     |       off        |        
RUN-1001 :   macro_performance   |    auto    |       auto       |        
RUN-1001 :       max_fanout      |   999999   |      999999      |        
RUN-1001 :       opt_timing      |   medium   |      medium      |        
RUN-1001 :     post_place_opt    |    auto    |       auto       |        
RUN-1001 :      pr_strategy      |     1      |        1         |        
RUN-1001 :   preplace_floorplan  |    off     |       off        |        
RUN-1001 : ---------------------------------------------------------------
RUN-1002 : start command "insert_debugger"
RUN-1002 : start command "place"
RUN-1001 : Open license file F:/AnlogicFpga/TD_6.2.1_Engineer_6.2.168.116/license/Anlogic.lic
PHY-3001 : Placer runs in 32 thread(s).
PHY-1001 : Stage 1 | Initialize Design
PHY-1001 : Stage 1.1 | Build Design
PHY-1001 : 9977 luts, 14020 seqs, 408 mslices, 3213 lslices, 54 pads, 50 brams, 8 dsps
RUN-1002 : start command "legalize_phy_inst"
SYN-1011 : Flatten model design_top_wrapper
SYN-1001 : ADC: Instance "u_ph1p35_324_ddr_wrapper/u_ddr2/ph1p_ddrmc_wrapper/ph1p_ddrmc_top/u_ddr_phy/u_ddrphy_top/u_ddrphy/ac_byte[0]$ac_byte_used$u_ddrphy_ac_byte_wrapper/u_ddrphy_byte" LOCATION="X0Y70Z0"
SYN-1001 : ADC: Instance "u_ph1p35_324_ddr_wrapper/u_ddr2/ph1p_ddrmc_wrapper/ph1p_ddrmc_top/u_ddr_phy/u_ddrphy_top/u_ddrphy/ac_byte[1]$ac_byte_used$u_ddrphy_ac_byte_wrapper/u_ddrphy_byte" LOCATION="X0Y60Z0"
SYN-1001 : ADC: Instance "u_ph1p35_324_ddr_wrapper/u_ddr2/ph1p_ddrmc_wrapper/ph1p_ddrmc_top/u_ddr_phy/u_ddrphy_top/u_ddrphy/ac_byte[2]$ac_byte_used$u_ddrphy_ac_byte_wrapper/u_ddrphy_byte" LOCATION="X0Y50Z0"
SYN-1001 : ADC: Instance "u_ph1p35_324_ddr_wrapper/u_ddr2/ph1p_ddrmc_wrapper/ph1p_ddrmc_top/u_ddr_phy/u_ddrphy_top/u_ddrphy/ac_byte[3]$ac_byte_used$u_ddrphy_ac_byte_wrapper/u_ddrphy_byte" LOCATION="X0Y40Z0"
SYN-1001 : ADC: Instance "u_ph1p35_324_ddr_wrapper/u_ddr2/ph1p_ddrmc_wrapper/ph1p_ddrmc_top/u_ddr_phy/u_ddrphy_top/u_ddrphy/bkref[0]$u_ddrphy_bankref" LOCATION="X0Y19Z0"
SYN-1001 : ADC: Instance "u_ph1p35_324_ddr_wrapper/u_ddr2/ph1p_ddrmc_wrapper/ph1p_ddrmc_top/u_ddr_phy/u_ddrphy_top/u_ddrphy/bkref[1]$u_ddrphy_bankref" LOCATION="X0Y59Z0"
SYN-1001 : ADC: Instance "u_ph1p35_324_ddr_wrapper/u_ddr2/ph1p_ddrmc_wrapper/ph1p_ddrmc_top/u_ddr_phy/u_ddrphy_top/u_ddrphy/dx_byte[0]$dx_byte_used$u_ddrphy_dx_byte_wrapper/u_ddrphy_byte" LOCATION="X0Y30Z0"
SYN-1001 : ADC: Instance "u_ph1p35_324_ddr_wrapper/u_ddr2/ph1p_ddrmc_wrapper/ph1p_ddrmc_top/u_ddr_phy/u_ddrphy_top/u_ddrphy/dx_byte[1]$dx_byte_used$u_ddrphy_dx_byte_wrapper/u_ddrphy_byte" LOCATION="X0Y10Z0"
SYN-1001 : ADC: Instance "u_ph1p35_324_ddr_wrapper/u_ddr2/ph1p_ddrmc_wrapper/ph1p_ddrmc_top/u_ddr_phy/u_ddrphy_top/u_ddrphy_clk/ioclk[0]$u_ioclk_0" LOCATION="X0Y59Z0"
SYN-1001 : ADC: Instance "u_ph1p35_324_ddr_wrapper/u_ddr2/ph1p_ddrmc_wrapper/ph1p_ddrmc_top/u_ddr_phy/u_ddrphy_top/u_ddrphy_clk/ioclk[0]$u_ioclk_1" LOCATION="X0Y59Z1"
SYN-1001 : ADC: Instance "u_ph1p35_324_ddr_wrapper/u_ddr2/ph1p_ddrmc_wrapper/ph1p_ddrmc_top/u_ddr_phy/u_ddrphy_top/u_ddrphy_clk/ioclk[1]$u_ioclk_0" LOCATION="X0Y19Z0"
SYN-1001 : ADC: Instance "u_ph1p35_324_ddr_wrapper/u_ddr2/ph1p_ddrmc_wrapper/ph1p_ddrmc_top/u_ddr_phy/u_ddrphy_top/u_ddrphy_clk/ioclk[1]$u_ioclk_1" LOCATION="X0Y19Z1"
SYN-1001 : ADC: Instance "u_ph1p35_324_ddr_wrapper/u_ddr2/ph1p_ddrmc_wrapper/ph1p_ddrmc_top/u_ddr_phy/u_ddrphy_top/u_ddrphy_clk/u_mlclk_1" LOCATION="X0Y59Z0"
SYN-1001 : ADC: Instance "u_ph1p35_324_ddr_wrapper/u_ddr2/ph1p_ddrmc_wrapper/ph1p_ddrmc_top/u_ddr_phy/u_ddrphy_top/u_ddrphy_clk/u_mlclk_2" LOCATION="X0Y59Z1"
SYN-1001 : ADC: Instance "u_ph1p35_324_ddr_wrapper/u_ddr2/ph1p_ddrmc_wrapper/ph1p_ddrmc_top/u_ddr_phy/u_ddrphy_top/u_ddrphy_clk/u_pll0/u_pll_inst" LOCATION="X0Y40Z0"
SYN-1001 : ADC: Instance "u_ph1p35_324_ddr_wrapper/u_ddr2/ph1p_ddrmc_wrapper/ph1p_ddrmc_top/u_ddr_phy/u_ddrphy_top/u_ddrphy_clk/u_pll1/u_pll_inst" LOCATION="X0Y79Z0"
PHY-1001 : Remove keep and sweep redundant instances ...
PHY-1001 : 9667 luts, 13678 seqs, 408 mslices, 3182 lslices, 54 pads, 50 brams, 8 dsps
PHY-1001 : End Stage 1.1 | Build Design; Time: 0.551217s wall, 0.546875s user + 0.000000s system = 0.546875s CPU (99.2%); Memory(MB): used = 521, reserved = 518, peak = 521;

PHY-1001 : Stage 1.2 | Optimize Design
OPT-1001 : Stage 1.2.1 | Simplify Lut
OPT-1001 : End Stage 1.2.1 | Simplify Lut; Time: 0.077666s wall, 0.062500s user + 0.000000s system = 0.062500s CPU (80.5%); Memory(MB): used = 521, reserved = 518, peak = 521;

OPT-1001 : Stage 1.2.2 | Sweep
OPT-1001 : End Stage 1.2.2 | Sweep; Time: 0.026916s wall, 0.031250s user + 0.000000s system = 0.031250s CPU (116.1%); Memory(MB): used = 521, reserved = 518, peak = 521;

OPT-1001 : Stage 1.2.3 | Merge Lut
OPT-1001 : Start remap optimization ...
RUN-1001 :   Added 0 lut1 for undup drivers
OPT-1001 : skip lut merge since lut number 9665 is similar to or less than reg number 13678
OPT-1001 : End Stage 1.2.3 | Merge Lut; Time: 0.044757s wall, 0.031250s user + 0.000000s system = 0.031250s CPU (69.8%); Memory(MB): used = 521, reserved = 518, peak = 521;

OPT-1001 : Stage 1.2.4 | Synthesize High-fanout Net
OPT-1001 : Start high-fanout net optimization in pre-place flow with medium effort ...
RUN-1001 : HFN opt statistic
RUN-1001 : ------------------------------------------------------
RUN-1001 :   DriverCell type  |  HFN count  |  Duplicated count  
RUN-1001 : ------------------------------------------------------
RUN-1001 :       LSLICE       |      0      |         0          
RUN-1001 :       MSLICE       |      0      |         0          
RUN-1001 :        TOTAL       |      0      |         0          
RUN-1001 : ------------------------------------------------------
OPT-1001 : End high-fanout net optimization;  0.000208s wall, 0.000000s user + 0.000000s system = 0.000000s CPU (n/a%)

OPT-1001 : Current memory(MB): used = 522, reserved = 518, peak = 522.
OPT-1001 : End Stage 1.2.4 | Synthesize High-fanout Net; Time: 0.000387s wall, 0.000000s user + 0.000000s system = 0.000000s CPU (n/a%); Memory(MB): used = 522, reserved = 518, peak = 522;

OPT-1001 : End physical optimization;  0.150128s wall, 0.125000s user + 0.000000s system = 0.125000s CPU (83.3%)

PHY-1001 : End Stage 1.2 | Optimize Design; Time: 0.150225s wall, 0.125000s user + 0.000000s system = 0.125000s CPU (83.2%); Memory(MB): used = 522, reserved = 518, peak = 522;

PHY-1001 : Stage 1.3 | Initialize Clock
PHY-1001 : Start to synthesize physical clock networks.
RUN-1002 : start command "start_timer"
USR-1002 : Derived clock:  create_generated_clock -name {u_PLL/ph1p_phy_pll_wrapper_25a56e5ce2f9_Inst/u_PH1P_PHY_PLL.clkc[0]} -source [get_ports {I_sys_clk}] -master_clock {sys_clk_50m} -multiply_by 2.0000 -duty_cycle 50.0000 [get_pins {u_PLL/ph1p_phy_pll_wrapper_25a56e5ce2f9_Inst/u_PH1P_PHY_PLL.clkc[0]}]
USR-1002 : Derived clock:  create_generated_clock -name {u_PLL/ph1p_phy_pll_wrapper_25a56e5ce2f9_Inst/u_PH1P_PHY_PLL.clkc[1]} -source [get_ports {I_sys_clk}] -master_clock {sys_clk_50m} -divide_by 2.1000 -duty_cycle 50.0000 [get_pins {u_PLL/ph1p_phy_pll_wrapper_25a56e5ce2f9_Inst/u_PH1P_PHY_PLL.clkc[1]}]
USR-1002 : Derived clock:  create_generated_clock -name {u_PLL/ph1p_phy_pll_wrapper_25a56e5ce2f9_Inst/u_PH1P_PHY_PLL.clkc[4]} -source [get_ports {I_sys_clk}] -master_clock {sys_clk_50m} -multiply_by 1.5000 -duty_cycle 50.0000 [get_pins {u_PLL/ph1p_phy_pll_wrapper_25a56e5ce2f9_Inst/u_PH1P_PHY_PLL.clkc[4]}]
USR-1002 : Derived clock:  create_generated_clock -name {u_PLL/ph1p_phy_pll_wrapper_25a56e5ce2f9_Inst/u_PH1P_PHY_PLL.clkc[5]} -source [get_ports {I_sys_clk}] -master_clock {sys_clk_50m} -multiply_by 7.5000 -duty_cycle 50.0000 [get_pins {u_PLL/ph1p_phy_pll_wrapper_25a56e5ce2f9_Inst/u_PH1P_PHY_PLL.clkc[5]}]
USR-1002 : Derived clock:  create_generated_clock -name {u_ph1p35_324_ddr_wrapper/u_ddr2/ph1p_ddrmc_wrapper/ph1p_ddrmc_top/u_ddr_phy/u_ddrphy_top/u_ddrphy_clk/u_pll0/u_pll_inst.clkc[0]} -source [get_ports {I_sys_clk}] -master_clock {sys_clk_50m} -multiply_by 1.3333 -duty_cycle 50.0000 [get_pins {u_ph1p35_324_ddr_wrapper/u_ddr2/ph1p_ddrmc_wrapper/ph1p_ddrmc_top/u_ddr_phy/u_ddrphy_top/u_ddrphy_clk/u_pll0/u_pll_inst.clkc[0]}]
USR-1002 : Derived clock:  create_generated_clock -name {u_ph1p35_324_ddr_wrapper/u_ddr2/ph1p_ddrmc_wrapper/ph1p_ddrmc_top/u_ddr_phy/u_ddrphy_top/u_ddrphy_clk/u_pll0/u_pll_inst.clkc[1]} -source [get_ports {I_sys_clk}] -master_clock {sys_clk_50m} -multiply_by 1.3333 -duty_cycle 50.0000 [get_pins {u_ph1p35_324_ddr_wrapper/u_ddr2/ph1p_ddrmc_wrapper/ph1p_ddrmc_top/u_ddr_phy/u_ddrphy_top/u_ddrphy_clk/u_pll0/u_pll_inst.clkc[1]}]
USR-1002 : Derived clock:  create_generated_clock -name {u_ph1p35_324_ddr_wrapper/u_ddr2/ph1p_ddrmc_wrapper/ph1p_ddrmc_top/u_ddr_phy/u_ddrphy_top/u_ddrphy_clk/u_pll0/u_pll_inst.clkc[2]} -source [get_ports {I_sys_clk}] -master_clock {sys_clk_50m} -multiply_by 5.3333 -duty_cycle 50.0000 [get_pins {u_ph1p35_324_ddr_wrapper/u_ddr2/ph1p_ddrmc_wrapper/ph1p_ddrmc_top/u_ddr_phy/u_ddrphy_top/u_ddrphy_clk/u_pll0/u_pll_inst.clkc[2]}]
USR-1002 : Derived clock:  create_generated_clock -name {u_ph1p35_324_ddr_wrapper/u_ddr2/ph1p_ddrmc_wrapper/ph1p_ddrmc_top/u_ddr_phy/u_ddrphy_top/u_ddrphy_clk/u_pll0/u_pll_inst.clkc[3]} -source [get_ports {I_sys_clk}] -master_clock {sys_clk_50m} -divide_by 1.9687 -duty_cycle 50.0000 [get_pins {u_ph1p35_324_ddr_wrapper/u_ddr2/ph1p_ddrmc_wrapper/ph1p_ddrmc_top/u_ddr_phy/u_ddrphy_top/u_ddrphy_clk/u_pll0/u_pll_inst.clkc[3]}]
USR-1002 : Derived clock:  create_generated_clock -name {u_ph1p35_324_ddr_wrapper/u_ddr2/ph1p_ddrmc_wrapper/ph1p_ddrmc_top/u_ddr_phy/u_ddrphy_top/u_ddrphy_clk/u_pll1/u_pll_inst.clkc[0]} -source [get_pins {u_ph1p35_324_ddr_wrapper/u_ddr2/ph1p_ddrmc_wrapper/ph1p_ddrmc_top/u_ddr_phy/u_ddrphy_top/u_ddrphy_clk/u_pll0/u_pll_inst.clkc[0]}] -master_clock {u_ph1p35_324_ddr_wrapper/u_ddr2/ph1p_ddrmc_wrapper/ph1p_ddrmc_top/u_ddr_phy/u_ddrphy_top/u_ddrphy_clk/u_pll0/u_pll_inst.clkc[0]} -multiply_by 1.0000 -duty_cycle 50.0000 [get_pins {u_ph1p35_324_ddr_wrapper/u_ddr2/ph1p_ddrmc_wrapper/ph1p_ddrmc_top/u_ddr_phy/u_ddrphy_top/u_ddrphy_clk/u_pll1/u_pll_inst.clkc[0]}]
8.888000
15.000000
15.000000
13.333000
RUN-1003 : finish command "start_timer" in  2.342266s wall, 2.218750s user + 0.062500s system = 2.281250s CPU (97.4%)

RUN-1004 : used memory is 702 MB, reserved memory is 696 MB, peak memory is 702 MB
TMR-2502 : Net delay update with mode: Synthesized
PHY-5060 CRITICAL-WARNING: Clock net candidate u_uicfgcs500/uii2c_inst/scl_clk has mixed fanouts of 1 clock pins; 2 data/ctrl pins. Please check connection of the net in design.
PHY-5060 CRITICAL-WARNING: Clock net candidate O_cam_24m_syn_3 has mixed fanouts of 102 clock pins; 1 data/ctrl pins. Please check connection of the net in design.
PHY-1001 : Populate physical database on model design_top_wrapper.
RUN-1001 : There are total 27142 instances
RUN-0007 : 9665 luts, 13678 seqs, 408 mslices, 3182 lslices, 54 pads, 50 brams, 8 dsps
RUN-1001 : There are total 37379 nets
RUN-1001 : 25386 nets have 2 pins
RUN-1001 : 9515 nets have [3 - 5] pins
RUN-1001 : 1770 nets have [6 - 10] pins
RUN-1001 : 402 nets have [11 - 20] pins
RUN-1001 : 262 nets have [21 - 99] pins
RUN-1001 : 44 nets have 100+ pins
PHY-1001 : Start to check user instance location assignments; please refer to ADC constraint.
PHY-1001 : End Stage 1.3 | Initialize Clock; Time: 3.957185s wall, 3.734375s user + 0.125000s system = 3.859375s CPU (97.5%); Memory(MB): used = 787, reserved = 780, peak = 787;

PHY-1001 : End Stage 1 | Initialize Design; Time: 4.710302s wall, 4.453125s user + 0.125000s system = 4.578125s CPU (97.2%); Memory(MB): used = 787, reserved = 780, peak = 787;

PHY-1001 : Stage 2 | Global Placement
RUN-1001 : Report Control nets information:
RUN-1001 : DFF Distribution
RUN-1001 : -------------------------------------
RUN-1001 :   CE   |  SSR  |  ASR  |  DFF Count  
RUN-1001 : -------------------------------------
RUN-1001 :   No   |  No   |  No   |    6678     
RUN-1001 :   No   |  No   |  Yes  |    3792     
RUN-1001 :   No   |  Yes  |  No   |     218     
RUN-1001 :   Yes  |  No   |  No   |     400     
RUN-1001 :   Yes  |  No   |  Yes  |    2668     
RUN-1001 :   Yes  |  Yes  |  No   |     146     
RUN-1001 : -------------------------------------
RUN-1001 : Control Group Statistic
RUN-1001 : -----------------------------
RUN-1001 :   #CLK  |  #CE  |  #SSR/ASR  
RUN-1001 : -----------------------------
RUN-1001 :    9    |  118  |     26     
RUN-1001 : -----------------------------
RUN-0007 : Control Set = 154
PHY-1001 : Stage 2.1 | Place Fixed Instances
PHY-1001 : Processing 2 clock pins of DDR instance u_ph1p35_324_ddr_wrapper/u_ddr2/ph1p_ddrmc_wrapper/ph1p_ddrmc_top/u_ddr_phy/u_ddrphy_top/u_ddrphy/ac_byte[0]$ac_byte_used$u_ddrphy_ac_byte_wrapper/u_ddrphy_byte, location = x0y70z0.
PHY-1001 :   User location X0Y59Z1 of ioclk instance u_ph1p35_324_ddr_wrapper/u_ddr2/ph1p_ddrmc_wrapper/ph1p_ddrmc_top/u_ddr_phy/u_ddrphy_top/u_ddrphy_clk/ioclk[0]$u_ioclk_1.
PHY-1001 :   Placement of ioclk instance u_ph1p35_324_ddr_wrapper/u_ddr2/ph1p_ddrmc_wrapper/ph1p_ddrmc_top/u_ddr_phy/u_ddrphy_top/u_ddrphy_clk/ioclk[0]$u_ioclk_1; location = x0y59z1.
PHY-1001 :   User location X0Y59Z0 of ioclk instance u_ph1p35_324_ddr_wrapper/u_ddr2/ph1p_ddrmc_wrapper/ph1p_ddrmc_top/u_ddr_phy/u_ddrphy_top/u_ddrphy_clk/ioclk[0]$u_ioclk_0.
PHY-1001 :   Placement of ioclk instance u_ph1p35_324_ddr_wrapper/u_ddr2/ph1p_ddrmc_wrapper/ph1p_ddrmc_top/u_ddr_phy/u_ddrphy_top/u_ddrphy_clk/ioclk[0]$u_ioclk_0; location = x0y59z0.
PHY-1001 : Processing 2 clock pins of DDR instance u_ph1p35_324_ddr_wrapper/u_ddr2/ph1p_ddrmc_wrapper/ph1p_ddrmc_top/u_ddr_phy/u_ddrphy_top/u_ddrphy/ac_byte[1]$ac_byte_used$u_ddrphy_ac_byte_wrapper/u_ddrphy_byte, location = x0y60z0.
PHY-1001 :   Placed ioclk instance u_ph1p35_324_ddr_wrapper/u_ddr2/ph1p_ddrmc_wrapper/ph1p_ddrmc_top/u_ddr_phy/u_ddrphy_top/u_ddrphy_clk/ioclk[0]$u_ioclk_1, location = x0y59z1.
PHY-1001 :   Placed ioclk instance u_ph1p35_324_ddr_wrapper/u_ddr2/ph1p_ddrmc_wrapper/ph1p_ddrmc_top/u_ddr_phy/u_ddrphy_top/u_ddrphy_clk/ioclk[0]$u_ioclk_0, location = x0y59z0.
PHY-1001 : Processing 2 clock pins of DDR instance u_ph1p35_324_ddr_wrapper/u_ddr2/ph1p_ddrmc_wrapper/ph1p_ddrmc_top/u_ddr_phy/u_ddrphy_top/u_ddrphy/ac_byte[2]$ac_byte_used$u_ddrphy_ac_byte_wrapper/u_ddrphy_byte, location = x0y50z0.
PHY-1001 :   Placed ioclk instance u_ph1p35_324_ddr_wrapper/u_ddr2/ph1p_ddrmc_wrapper/ph1p_ddrmc_top/u_ddr_phy/u_ddrphy_top/u_ddrphy_clk/ioclk[0]$u_ioclk_1, location = x0y59z1.
PHY-1001 :   Placed ioclk instance u_ph1p35_324_ddr_wrapper/u_ddr2/ph1p_ddrmc_wrapper/ph1p_ddrmc_top/u_ddr_phy/u_ddrphy_top/u_ddrphy_clk/ioclk[0]$u_ioclk_0, location = x0y59z0.
PHY-1001 : Processing 2 clock pins of DDR instance u_ph1p35_324_ddr_wrapper/u_ddr2/ph1p_ddrmc_wrapper/ph1p_ddrmc_top/u_ddr_phy/u_ddrphy_top/u_ddrphy/ac_byte[3]$ac_byte_used$u_ddrphy_ac_byte_wrapper/u_ddrphy_byte, location = x0y40z0.
PHY-1001 :   Placed ioclk instance u_ph1p35_324_ddr_wrapper/u_ddr2/ph1p_ddrmc_wrapper/ph1p_ddrmc_top/u_ddr_phy/u_ddrphy_top/u_ddrphy_clk/ioclk[0]$u_ioclk_1, location = x0y59z1.
PHY-1001 :   Placed ioclk instance u_ph1p35_324_ddr_wrapper/u_ddr2/ph1p_ddrmc_wrapper/ph1p_ddrmc_top/u_ddr_phy/u_ddrphy_top/u_ddrphy_clk/ioclk[0]$u_ioclk_0, location = x0y59z0.
PHY-1001 : Processing 2 clock pins of DDR instance u_ph1p35_324_ddr_wrapper/u_ddr2/ph1p_ddrmc_wrapper/ph1p_ddrmc_top/u_ddr_phy/u_ddrphy_top/u_ddrphy/dx_byte[0]$dx_byte_used$u_ddrphy_dx_byte_wrapper/u_ddrphy_byte, location = x0y30z0.
PHY-1001 :   User location X0Y19Z1 of ioclk instance u_ph1p35_324_ddr_wrapper/u_ddr2/ph1p_ddrmc_wrapper/ph1p_ddrmc_top/u_ddr_phy/u_ddrphy_top/u_ddrphy_clk/ioclk[1]$u_ioclk_1.
PHY-1001 :   Placement of ioclk instance u_ph1p35_324_ddr_wrapper/u_ddr2/ph1p_ddrmc_wrapper/ph1p_ddrmc_top/u_ddr_phy/u_ddrphy_top/u_ddrphy_clk/ioclk[1]$u_ioclk_1; location = x0y19z1.
PHY-1001 :   User location X0Y19Z0 of ioclk instance u_ph1p35_324_ddr_wrapper/u_ddr2/ph1p_ddrmc_wrapper/ph1p_ddrmc_top/u_ddr_phy/u_ddrphy_top/u_ddrphy_clk/ioclk[1]$u_ioclk_0.
PHY-1001 :   Placement of ioclk instance u_ph1p35_324_ddr_wrapper/u_ddr2/ph1p_ddrmc_wrapper/ph1p_ddrmc_top/u_ddr_phy/u_ddrphy_top/u_ddrphy_clk/ioclk[1]$u_ioclk_0; location = x0y19z0.
PHY-1001 : Processing 2 clock pins of DDR instance u_ph1p35_324_ddr_wrapper/u_ddr2/ph1p_ddrmc_wrapper/ph1p_ddrmc_top/u_ddr_phy/u_ddrphy_top/u_ddrphy/dx_byte[1]$dx_byte_used$u_ddrphy_dx_byte_wrapper/u_ddrphy_byte, location = x0y10z0.
PHY-1001 :   Placed ioclk instance u_ph1p35_324_ddr_wrapper/u_ddr2/ph1p_ddrmc_wrapper/ph1p_ddrmc_top/u_ddr_phy/u_ddrphy_top/u_ddrphy_clk/ioclk[1]$u_ioclk_1, location = x0y19z1.
PHY-1001 :   Placed ioclk instance u_ph1p35_324_ddr_wrapper/u_ddr2/ph1p_ddrmc_wrapper/ph1p_ddrmc_top/u_ddr_phy/u_ddrphy_top/u_ddrphy_clk/ioclk[1]$u_ioclk_0, location = x0y19z0.
PHY-1001 : DDR MLCLK topology u_ph1p35_324_ddr_wrapper/u_ddr2/ph1p_ddrmc_wrapper/ph1p_ddrmc_top/u_ddr_phy/u_ddrphy_top/u_ddrphy_clk/u_mlclk_1.
PHY-1001 :   Driver: PH1P_PHY_PLL_V2 u_ph1p35_324_ddr_wrapper/u_ddr2/ph1p_ddrmc_wrapper/ph1p_ddrmc_top/u_ddr_phy/u_ddrphy_top/u_ddrphy_clk/u_pll0/u_pll_inst.clkc[1], user location :X0Y40Z0.
PHY-1001 :   Sink: PH1P_PHY_IOCLK u_ph1p35_324_ddr_wrapper/u_ddr2/ph1p_ddrmc_wrapper/ph1p_ddrmc_top/u_ddr_phy/u_ddrphy_top/u_ddrphy_clk/ioclk[0]$u_ioclk_0, location = x0y59z0, sectorID = 1.
PHY-1001 :   Sink: PH1P_PHY_IOCLK u_ph1p35_324_ddr_wrapper/u_ddr2/ph1p_ddrmc_wrapper/ph1p_ddrmc_top/u_ddr_phy/u_ddrphy_top/u_ddrphy_clk/ioclk[1]$u_ioclk_0, location = x0y19z0, sectorID = 0.
PHY-1001 : Placement of MLCLK instance u_ph1p35_324_ddr_wrapper/u_ddr2/ph1p_ddrmc_wrapper/ph1p_ddrmc_top/u_ddr_phy/u_ddrphy_top/u_ddrphy_clk/u_mlclk_1; location = x0y59z0,  sectorID = 1.
PHY-1001 : DDR MLCLK topology u_ph1p35_324_ddr_wrapper/u_ddr2/ph1p_ddrmc_wrapper/ph1p_ddrmc_top/u_ddr_phy/u_ddrphy_top/u_ddrphy_clk/u_mlclk_2.
PHY-1001 :   Driver: PH1P_PHY_PLL_V2 u_ph1p35_324_ddr_wrapper/u_ddr2/ph1p_ddrmc_wrapper/ph1p_ddrmc_top/u_ddr_phy/u_ddrphy_top/u_ddrphy_clk/u_pll0/u_pll_inst.clkc[2], user location :X0Y40Z0.
PHY-1001 :   Sink: PH1P_PHY_IOCLK u_ph1p35_324_ddr_wrapper/u_ddr2/ph1p_ddrmc_wrapper/ph1p_ddrmc_top/u_ddr_phy/u_ddrphy_top/u_ddrphy_clk/ioclk[0]$u_ioclk_1, location = x0y59z1, sectorID = 1.
PHY-1001 :   Sink: PH1P_PHY_IOCLK u_ph1p35_324_ddr_wrapper/u_ddr2/ph1p_ddrmc_wrapper/ph1p_ddrmc_top/u_ddr_phy/u_ddrphy_top/u_ddrphy_clk/ioclk[1]$u_ioclk_1, location = x0y19z1, sectorID = 0.
PHY-1001 : Placement of MLCLK instance u_ph1p35_324_ddr_wrapper/u_ddr2/ph1p_ddrmc_wrapper/ph1p_ddrmc_top/u_ddr_phy/u_ddrphy_top/u_ddrphy_clk/u_mlclk_2; location = x0y59z1,  sectorID = 1.
PHY-5016 WARNING: PLL clkc is driving an IO without location.
PHY-5016 WARNING: PLL clkc is not driving a clock-capable IO.
PHY-5016 WARNING: PLL clkc is driving an IO without location.
PHY-5016 WARNING: PLL clkc is not driving a clock-capable IO.
PHY-1001 : End Stage 2.1 | Place Fixed Instances; Time: 0.091477s wall, 0.093750s user + 0.000000s system = 0.093750s CPU (102.5%); Memory(MB): used = 816, reserved = 808, peak = 816;

PHY-1001 : Stage 2.2 | Pre-Place DRC Check
PHY-1001 : Stage 2.2.1 | Force Route Constraint Check
PHY-1001 : Check Pass.
PHY-1001 : End Stage 2.2.1 | Force Route Constraint Check; Time: 0.004209s wall, 0.000000s user + 0.000000s system = 0.000000s CPU (n/a%); Memory(MB): used = 816, reserved = 808, peak = 816;

PHY-1001 : End Stage 2.2 | Pre-Place DRC Check; Time: 0.004286s wall, 0.000000s user + 0.000000s system = 0.000000s CPU (n/a%); Memory(MB): used = 816, reserved = 808, peak = 816;

PHY-1001 : Clock GCLK Statistics:
RUN-1001 : GCLK Index: 
RUN-1001 : -------------------------------------------------------------------------------------------------------------------------------------------------------
RUN-1001 :   Index  |                                                          Clock GCLK                                                           |  Location   
RUN-1001 : -------------------------------------------------------------------------------------------------------------------------------------------------------
RUN-1001 :     1    |                           u_mipi_dphy_rx_ph1p_mipiio_wrapper/u_ph1p_mipiio_rx_wrapper/bufg_feedback                           |  x23y39z0   
RUN-1001 :     2    |   u_ph1p35_324_ddr_wrapper/u_ddr2/ph1p_ddrmc_wrapper/ph1p_ddrmc_top/u_ddr_phy/u_ddrphy_top/u_ddrphy_clk/u_pll1/u_bufg_fbclk   |  x23y39z16  
RUN-1001 :     3    |                                              u_hdmi_mixer/I_clk_created_gclkinst                                              |  x23y39z17  
RUN-1001 :     4    |                                               I_sys_clk_dup_6_created_gclkinst                                                |  x23y39z22  
RUN-1001 :     5    |                                               O_cam_24m_dup_1_created_gclkinst                                                |  x23y39z18  
RUN-1001 :     6    |                          u_hdmi_tx/u_hdmi2phy_wrapper/u0_lane_lvds_8_1/I_serial_clk_created_gclkinst                          |  x23y39z19  
RUN-1001 :     7    |  u_ph1p35_324_ddr_wrapper/u_ddr2/ph1p_ddrmc_wrapper/ph1p_ddrmc_top/u_ddr_phy/u_ddrphy_top/u_ddrphy/apb_pclk_created_gclkinst  |  x23y39z20  
RUN-1001 :     8    |                                       u_uicfgcs500/uii2c_inst/scl_clk_created_gclkinst                                        |  x23y39z1   
RUN-1001 :     9    |                                                      u_PLL/bufg_feedback                                                      |  x23y39z21  
RUN-1001 : -------------------------------------------------------------------------------------------------------------------------------------------------------
RUN-1001 : Clock Nets Connect To GCLK Statistics: 
RUN-1001 : -----------------------------------------------------------------------------------------------------------------------------------------------------------------------------------------
RUN-1001 :   Index  |                        Leading Net                        |  CLK/DATA/IO/PLL Sink(s)  |                       Following Net                       |  CLK/DATA/IO/PLL Sink(s)  
RUN-1001 : -----------------------------------------------------------------------------------------------------------------------------------------------------------------------------------------
RUN-1001 :     1    | u_mipi_dphy_rx_ph1p_mipiio_wrapper/u_ph1p_mipiio_rx_w...  |          1/0/0/0          | u_isp_top/u_rgb96_downscale_crop/u_scale_line_buffer/...  |        8620/0/0/0         
RUN-1001 :     2    | u_ph1p35_324_ddr_wrapper/u_ddr2/ph1p_ddrmc_wrapper/ph...  |          1/0/0/0          | u_ph1p35_324_ddr_wrapper/u_ddr2/ph1p_ddrmc_wrapper/ph...  |        3545/0/0/0         
RUN-1001 :     3    |                    u_hdmi_mixer/I_clk                     |          1/0/0/0          |                u_hdmi_mixer/I_clk_syn_654                 |        1421/0/0/0         
RUN-1001 :     4    |                      I_sys_clk_dup_6                      |          3/0/0/0          |                      I_sys_clk_syn_8                      |         137/0/0/0         
RUN-1001 :     5    |                      O_cam_24m_dup_1                      |          1/0/0/0          |                      O_cam_24m_syn_3                      |         102/1/0/0         
RUN-1001 :     6    | u_hdmi_tx/u_hdmi2phy_wrapper/u0_lane_lvds_8_1/I_seria...  |          1/0/0/0          | u_hdmi_tx/u_hdmi2phy_wrapper/u0_lane_lvds_8_1/I_seria...  |         61/0/0/0          
RUN-1001 :     7    | u_ph1p35_324_ddr_wrapper/u_ddr2/ph1p_ddrmc_wrapper/ph...  |          1/0/0/0          | u_ph1p35_324_ddr_wrapper/u_ddr2/ph1p_ddrmc_wrapper/ph...  |         43/0/0/0          
RUN-1001 :     8    |              u_uicfgcs500/uii2c_inst/scl_clk              |          1/2/0/0          |           u_uicfgcs500/uii2c_inst/scl_clk_syn_9           |         24/0/0/0          
RUN-1001 :     9    |                      u_PLL/clk0_buf                       |          1/0/0/0          | u_mipi_dphy_rx_ph1p_mipiio_wrapper/u_ph1p_mipiio_rx_w...  |         13/0/0/0          
RUN-1001 : -----------------------------------------------------------------------------------------------------------------------------------------------------------------------------------------
PHY-1001 : Stage 2.3 | Global Placement Step 1
PHY-3001 : Target density is 60%
PHY-1001 : Stage 2.3.1 | Update Timing
RUN-1002 : start command "start_timer"
RUN-1003 : finish command "start_timer" in  1.710180s wall, 1.593750s user + 0.062500s system = 1.656250s CPU (96.8%)

RUN-1004 : used memory is 851 MB, reserved memory is 844 MB, peak memory is 851 MB
PHY-1001 : SWNS: -970, STNS: -95862, FEP: 196
PHY-3001 : tot_pins 269498 tot_hfn_pins 24020 perc. 8 tot_hhfn_pins 5625 perc. 2
PHY-1001 : End Stage 2.3.1 | Update Timing; Time: 3.335781s wall, 3.125000s user + 0.078125s system = 3.203125s CPU (96.0%); Memory(MB): used = 863, reserved = 856, peak = 863;

PHY-0007 : Cell area utilization is 49%
RUN-1001 : Huge Net Statistic
RUN-1001 : ----------------------------------------------------------------------------------------------------------------------------------------------------------------------------------------
RUN-1001 :   Fanout  |  Slack  |                                                                                Net                                                                                
RUN-1001 : ----------------------------------------------------------------------------------------------------------------------------------------------------------------------------------------
RUN-1001 :    3064   |   Inf   |                                u_ph1p35_324_ddr_wrapper/u_ddr2/ph1p_ddrmc_wrapper/ph1p_ddrmc_top/u_ddr_phy/u_ddrphy_top/sys_rst_n                                 
RUN-1001 :    1472   |  11982  |                                u_ph1p35_324_ddr_wrapper/u_ddr2/ph1p_ddrmc_wrapper/ph1p_ddrmc_top/u_alc_mc_top/u_rbuf_addr_fifo/rst                                
RUN-1001 :    1089   |   Inf   |  u_ph1p35_324_ddr_wrapper/u_ddr2/ph1p_ddrmc_wrapper/ph1p_ddrmc_top/u_ddr_phy/u_ddrphy_top/u_ddrphy/dx_byte[1]$dx_byte_used$u_ddrphy_dx_byte_wrapper/dx_phy_rst_n  
RUN-1001 : ----------------------------------------------------------------------------------------------------------------------------------------------------------------------------------------
PHY-3001 : Clustering ...
PHY-3001 : End clustering;  0.134869s wall, 0.125000s user + 0.078125s system = 0.203125s CPU (150.6%)

PHY-3001 : Target density is 60%
PHY-1001 : Stage 2.3.2 | GP Iteration
PHY-1001 : End Stage 2.3.2 | GP Iteration; Time: 2.823424s wall, 11.750000s user + 6.828125s system = 18.578125s CPU (658.0%); Memory(MB): used = 875, reserved = 867, peak = 875;

PHY-3001 : Multithread accelerating rate: 6.28
RUN-1002 : start command "start_timer"
USR-1002 : Derived clock:  create_generated_clock -name {u_PLL/ph1p_phy_pll_wrapper_25a56e5ce2f9_Inst/u_PH1P_PHY_PLL.clkc[0]} -source [get_ports {I_sys_clk}] -master_clock {sys_clk_50m} -multiply_by 2.0000 -duty_cycle 50.0000 [get_pins {u_PLL/ph1p_phy_pll_wrapper_25a56e5ce2f9_Inst/u_PH1P_PHY_PLL.clkc[0]}]
USR-1002 : Derived clock:  create_generated_clock -name {u_PLL/ph1p_phy_pll_wrapper_25a56e5ce2f9_Inst/u_PH1P_PHY_PLL.clkc[1]} -source [get_ports {I_sys_clk}] -master_clock {sys_clk_50m} -divide_by 2.1000 -duty_cycle 50.0000 [get_pins {u_PLL/ph1p_phy_pll_wrapper_25a56e5ce2f9_Inst/u_PH1P_PHY_PLL.clkc[1]}]
USR-1002 : Derived clock:  create_generated_clock -name {u_PLL/ph1p_phy_pll_wrapper_25a56e5ce2f9_Inst/u_PH1P_PHY_PLL.clkc[4]} -source [get_ports {I_sys_clk}] -master_clock {sys_clk_50m} -multiply_by 1.5000 -duty_cycle 50.0000 [get_pins {u_PLL/ph1p_phy_pll_wrapper_25a56e5ce2f9_Inst/u_PH1P_PHY_PLL.clkc[4]}]
USR-1002 : Derived clock:  create_generated_clock -name {u_PLL/ph1p_phy_pll_wrapper_25a56e5ce2f9_Inst/u_PH1P_PHY_PLL.clkc[5]} -source [get_ports {I_sys_clk}] -master_clock {sys_clk_50m} -multiply_by 7.5000 -duty_cycle 50.0000 [get_pins {u_PLL/ph1p_phy_pll_wrapper_25a56e5ce2f9_Inst/u_PH1P_PHY_PLL.clkc[5]}]
USR-1002 : Derived clock:  create_generated_clock -name {u_ph1p35_324_ddr_wrapper/u_ddr2/ph1p_ddrmc_wrapper/ph1p_ddrmc_top/u_ddr_phy/u_ddrphy_top/u_ddrphy_clk/u_pll0/u_pll_inst.clkc[0]} -source [get_ports {I_sys_clk}] -master_clock {sys_clk_50m} -multiply_by 1.3333 -duty_cycle 50.0000 [get_pins {u_ph1p35_324_ddr_wrapper/u_ddr2/ph1p_ddrmc_wrapper/ph1p_ddrmc_top/u_ddr_phy/u_ddrphy_top/u_ddrphy_clk/u_pll0/u_pll_inst.clkc[0]}]
USR-1002 : Derived clock:  create_generated_clock -name {u_ph1p35_324_ddr_wrapper/u_ddr2/ph1p_ddrmc_wrapper/ph1p_ddrmc_top/u_ddr_phy/u_ddrphy_top/u_ddrphy_clk/u_pll0/u_pll_inst.clkc[1]} -source [get_ports {I_sys_clk}] -master_clock {sys_clk_50m} -multiply_by 1.3333 -duty_cycle 50.0000 [get_pins {u_ph1p35_324_ddr_wrapper/u_ddr2/ph1p_ddrmc_wrapper/ph1p_ddrmc_top/u_ddr_phy/u_ddrphy_top/u_ddrphy_clk/u_pll0/u_pll_inst.clkc[1]}]
USR-1002 : Derived clock:  create_generated_clock -name {u_ph1p35_324_ddr_wrapper/u_ddr2/ph1p_ddrmc_wrapper/ph1p_ddrmc_top/u_ddr_phy/u_ddrphy_top/u_ddrphy_clk/u_pll0/u_pll_inst.clkc[2]} -source [get_ports {I_sys_clk}] -master_clock {sys_clk_50m} -multiply_by 5.3333 -duty_cycle 50.0000 [get_pins {u_ph1p35_324_ddr_wrapper/u_ddr2/ph1p_ddrmc_wrapper/ph1p_ddrmc_top/u_ddr_phy/u_ddrphy_top/u_ddrphy_clk/u_pll0/u_pll_inst.clkc[2]}]
USR-1002 : Derived clock:  create_generated_clock -name {u_ph1p35_324_ddr_wrapper/u_ddr2/ph1p_ddrmc_wrapper/ph1p_ddrmc_top/u_ddr_phy/u_ddrphy_top/u_ddrphy_clk/u_pll0/u_pll_inst.clkc[3]} -source [get_ports {I_sys_clk}] -master_clock {sys_clk_50m} -divide_by 1.9687 -duty_cycle 50.0000 [get_pins {u_ph1p35_324_ddr_wrapper/u_ddr2/ph1p_ddrmc_wrapper/ph1p_ddrmc_top/u_ddr_phy/u_ddrphy_top/u_ddrphy_clk/u_pll0/u_pll_inst.clkc[3]}]
USR-1002 : Derived clock:  create_generated_clock -name {u_ph1p35_324_ddr_wrapper/u_ddr2/ph1p_ddrmc_wrapper/ph1p_ddrmc_top/u_ddr_phy/u_ddrphy_top/u_ddrphy_clk/u_pll1/u_pll_inst.clkc[0]} -source [get_pins {u_ph1p35_324_ddr_wrapper/u_ddr2/ph1p_ddrmc_wrapper/ph1p_ddrmc_top/u_ddr_phy/u_ddrphy_top/u_ddrphy_clk/u_pll0/u_pll_inst.clkc[0]}] -master_clock {u_ph1p35_324_ddr_wrapper/u_ddr2/ph1p_ddrmc_wrapper/ph1p_ddrmc_top/u_ddr_phy/u_ddrphy_top/u_ddrphy_clk/u_pll0/u_pll_inst.clkc[0]} -multiply_by 1.0000 -duty_cycle 50.0000 [get_pins {u_ph1p35_324_ddr_wrapper/u_ddr2/ph1p_ddrmc_wrapper/ph1p_ddrmc_top/u_ddr_phy/u_ddrphy_top/u_ddrphy_clk/u_pll1/u_pll_inst.clkc[0]}]
8.888000
15.000000
15.000000
13.333000
RUN-1003 : finish command "start_timer" in  2.013180s wall, 1.984375s user + 0.000000s system = 1.984375s CPU (98.6%)

RUN-1004 : used memory is 875 MB, reserved memory is 867 MB, peak memory is 875 MB
TMR-2502 : Net delay update with mode: Placed
PHY-3001 : No need to merge 9x9 Dsps.
PHY-1001 : Populate physical database on model design_top_wrapper.
PHY-1001 : End Stage 2.3 | Global Placement Step 1; Time: 10.463438s wall, 19.125000s user + 7.015625s system = 26.140625s CPU (249.8%); Memory(MB): used = 929, reserved = 921, peak = 929;

PHY-1001 : Stage 2.4 | RAM/DSP Legalization and Detailed Placement
PHY-1001 : Stage 2.4.1 | Legalization
PHY-3001 : Before Legalized: Len = 1.78453e+06
PHY-3001 : After Legalized: Len = 1.78537e+06, Over = 130.438
PHY-1001 : End Stage 2.4.1 | Legalization; Time: 1.818496s wall, 1.781250s user + 0.000000s system = 1.781250s CPU (98.0%); Memory(MB): used = 931, reserved = 923, peak = 931;

PHY-1001 : Stage 2.4.2 | Detailed Placement
PHY-1001 : Stage 2.4.2.1 | Simulated Annealing Based DP
PHY-0007 : Initial: WL Cost = 146644, TD Cost = 341785, SWNS = 1364, STNS = 0, Nums per T = 580, Range Limit = 2x32
PHY-0007 : Finally: WL Cost = 143840, TD Cost = 339972, WL Ratio = 0.980884, TD Ratio = 0.994697, SWNS = 1364, STNS = 0
RUN-1001 : Print Detailed placement's Summary information
RUN-1001 : -------------------------------------------------------------------------------------------------------------------------------
RUN-1001 :             |  Total  |  Accept  |  Reject by overFlow  |  Reject by worseCost  |  Failed by noTarget  |  Failed by gridCheck  
RUN-1001 : -------------------------------------------------------------------------------------------------------------------------------
RUN-1001 :   RAM/DSPs  |  2900   |    62    |          0           |         2838          |          0           |           0           
RUN-1001 :    Macros   |   412   |    10    |          0           |          402          |          0           |           0           
RUN-1001 : -------------------------------------------------------------------------------------------------------------------------------
PHY-1001 : End Stage 2.4.2.1 | Simulated Annealing Based DP; Time: 2.185940s wall, 2.671875s user + 0.187500s system = 2.859375s CPU (130.8%); Memory(MB): used = 933, reserved = 924, peak = 933;

PHY-3001 : End Detailed Place; 
PHY-1001 : End Stage 2.4.2 | Detailed Placement; Time: 2.391362s wall, 2.875000s user + 0.187500s system = 3.062500s CPU (128.1%); Memory(MB): used = 933, reserved = 924, peak = 933;

PHY-1001 : End Stage 2.4 | RAM/DSP Legalization and Detailed Placement; Time: 4.210741s wall, 4.656250s user + 0.187500s system = 4.843750s CPU (115.0%); Memory(MB): used = 933, reserved = 924, peak = 933;

PHY-1001 : Stage 2.5 | Global Placement Step 2
PHY-3001 : Target density is 60%
PHY-1001 : Stage 2.5.1 | Update Timing
PHY-1001 : SWNS: 1364, STNS: 0, FEP: 0
PHY-1001 : End Stage 2.5.1 | Update Timing; Time: 0.179517s wall, 0.171875s user + 0.000000s system = 0.171875s CPU (95.7%); Memory(MB): used = 933, reserved = 924, peak = 933;

PHY-1001 : Stage 2.5.2 | Refresh Congestion
RUN-1001 : Generating global routing grids ...
RUN-1001 : Building simple global routing graph ...
PHY-1001 : Generate routing nets ...
PHY-1001 : Reuse net number 0/13269.
PHY-1001 : Global iterations in 32 thread ...
PHY-1002 : len = 1.80787e+06, over cnt = 2346(3%), over = 12035, worst = 54
PHY-1001 : End global iterations;  0.606697s wall, 1.125000s user + 0.031250s system = 1.156250s CPU (190.6%)

PHY-1001 : Congestion index:
PHY-1001 : top1  = 169.98(S 124.24, N 111.47, E 141.37, W 133.74, I 347.97, O 414.31)
PHY-1001 : top5  = 120.20(S 78.94, N 71.42, E 90.64, W 90.15, I 171.12, O 224.30)
PHY-1001 : top10 = 99.49(S 59.48, N 55.43, E 69.22, W 70.13, I 118.18, O 158.80)
PHY-1001 : top15 = 86.88(S 48.70, N 46.23, E 57.15, W 58.28, I 91.70, O 124.80)
PHY-1001 : End Stage 2.5.2 | Refresh Congestion; Time: 1.201050s wall, 1.687500s user + 0.031250s system = 1.718750s CPU (143.1%); Memory(MB): used = 1014, reserved = 1005, peak = 1014;

PHY-1001 : Stage 2.5.3 | GP Iteration
PHY-1001 : End Stage 2.5.3 | GP Iteration; Time: 6.131075s wall, 46.500000s user + 2.093750s system = 48.593750s CPU (792.6%); Memory(MB): used = 1019, reserved = 1011, peak = 1019;

PHY-3001 : Multithread accelerating rate: 7.89
PHY-1001 : End Stage 2.5 | Global Placement Step 2; Time: 9.418178s wall, 50.218750s user + 2.125000s system = 52.343750s CPU (555.8%); Memory(MB): used = 1022, reserved = 1014, peak = 1022;

PHY-1001 : Stage 2.6 | RAM/DSP Detailed Placement
PHY-1001 : Stage 2.6.1 | Detailed Placement
PHY-1001 : Stage 2.6.1.1 | Simulated Annealing Based DP
PHY-0007 : Initial: WL Cost = 130509, TD Cost = 328382, SWNS = 1426, STNS = 0, Nums per T = 580, Range Limit = 2x32
PHY-0007 : Finally: WL Cost = 130509, TD Cost = 328382, WL Ratio = 1, TD Ratio = 1, SWNS = 1426, STNS = 0
RUN-1001 : Print Detailed placement's Summary information
RUN-1001 : -------------------------------------------------------------------------------------------------------------------------------
RUN-1001 :             |  Total  |  Accept  |  Reject by overFlow  |  Reject by worseCost  |  Failed by noTarget  |  Failed by gridCheck  
RUN-1001 : -------------------------------------------------------------------------------------------------------------------------------
RUN-1001 :   RAM/DSPs  |   580   |    0     |          0           |          580          |          0           |           0           
RUN-1001 :    Macros   |   75    |    0     |          0           |          75           |          0           |           0           
RUN-1001 : -------------------------------------------------------------------------------------------------------------------------------
PHY-1001 : End Stage 2.6.1.1 | Simulated Annealing Based DP; Time: 0.163754s wall, 0.390625s user + 0.015625s system = 0.406250s CPU (248.1%); Memory(MB): used = 1023, reserved = 1014, peak = 1023;

PHY-3001 : End Detailed Place; 
PHY-1001 : End Stage 2.6.1 | Detailed Placement; Time: 0.381152s wall, 0.609375s user + 0.015625s system = 0.625000s CPU (164.0%); Memory(MB): used = 1023, reserved = 1014, peak = 1023;

PHY-1001 : Stage 2.6.2 | Spreading
OPT-1001 : Total overflow 529.12 peak overflow 4.06
PHY-3001 : Spreading for sector grids.
PHY-3001 : Iter 1, total overflow: 0
PHY-3001 : tot_capacity: 36, usage_cnt: 17, movable_cnt: 25
PHY-3001 : End spreading;  0.104372s wall, 0.218750s user + 0.000000s system = 0.218750s CPU (209.6%)

PHY-1001 : End Stage 2.6.2 | Spreading; Time: 0.104479s wall, 0.218750s user + 0.000000s system = 0.218750s CPU (209.4%); Memory(MB): used = 1023, reserved = 1014, peak = 1023;

PHY-1001 : End Stage 2.6 | RAM/DSP Detailed Placement; Time: 0.704148s wall, 1.031250s user + 0.015625s system = 1.046875s CPU (148.7%); Memory(MB): used = 1023, reserved = 1014, peak = 1023;

PHY-1001 : Stage 2.7 | Optimize Design
OPT-1001 : Start physical optimization ...
OPT-1001 : Total overflow 529.12 peak overflow 4.06
OPT-1001 : Stage 2.7.1 | Synthesize High-fanout Net
OPT-1001 : Start high-fanout net optimization in pre-pack flow with medium effort ...
OPT-1001 : Update timing in Manhattan mode
OPT-1001 : End timing update;  1.814412s wall, 1.781250s user + 0.000000s system = 1.781250s CPU (98.2%)

OPT-1001 : Start: SWNS 1426 STNS 0 NUM_FEPS 0
OPT-1001 : Total overflow 529.12 peak overflow 4.06
PHY-1001 : Populate physical database on model design_top_wrapper.
OPT-1001 : 37 high-fanout net processed.
PHY-3001 : Start incremental placement ...
PHY-1001 : Populate physical database on model design_top_wrapper.
PHY-1001 : Processing 2 clock pins of DDR instance u_ph1p35_324_ddr_wrapper/u_ddr2/ph1p_ddrmc_wrapper/ph1p_ddrmc_top/u_ddr_phy/u_ddrphy_top/u_ddrphy/ac_byte[0]$ac_byte_used$u_ddrphy_ac_byte_wrapper/u_ddrphy_byte, location = x0y70z0.
PHY-1001 :   Placed ioclk instance u_ph1p35_324_ddr_wrapper/u_ddr2/ph1p_ddrmc_wrapper/ph1p_ddrmc_top/u_ddr_phy/u_ddrphy_top/u_ddrphy_clk/ioclk[0]$u_ioclk_1, location = x0y59z1.
PHY-1001 :   Placed ioclk instance u_ph1p35_324_ddr_wrapper/u_ddr2/ph1p_ddrmc_wrapper/ph1p_ddrmc_top/u_ddr_phy/u_ddrphy_top/u_ddrphy_clk/ioclk[0]$u_ioclk_0, location = x0y59z0.
PHY-1001 : Processing 2 clock pins of DDR instance u_ph1p35_324_ddr_wrapper/u_ddr2/ph1p_ddrmc_wrapper/ph1p_ddrmc_top/u_ddr_phy/u_ddrphy_top/u_ddrphy/ac_byte[1]$ac_byte_used$u_ddrphy_ac_byte_wrapper/u_ddrphy_byte, location = x0y60z0.
PHY-1001 :   Placed ioclk instance u_ph1p35_324_ddr_wrapper/u_ddr2/ph1p_ddrmc_wrapper/ph1p_ddrmc_top/u_ddr_phy/u_ddrphy_top/u_ddrphy_clk/ioclk[0]$u_ioclk_1, location = x0y59z1.
PHY-1001 :   Placed ioclk instance u_ph1p35_324_ddr_wrapper/u_ddr2/ph1p_ddrmc_wrapper/ph1p_ddrmc_top/u_ddr_phy/u_ddrphy_top/u_ddrphy_clk/ioclk[0]$u_ioclk_0, location = x0y59z0.
PHY-1001 : Processing 2 clock pins of DDR instance u_ph1p35_324_ddr_wrapper/u_ddr2/ph1p_ddrmc_wrapper/ph1p_ddrmc_top/u_ddr_phy/u_ddrphy_top/u_ddrphy/ac_byte[2]$ac_byte_used$u_ddrphy_ac_byte_wrapper/u_ddrphy_byte, location = x0y50z0.
PHY-1001 :   Placed ioclk instance u_ph1p35_324_ddr_wrapper/u_ddr2/ph1p_ddrmc_wrapper/ph1p_ddrmc_top/u_ddr_phy/u_ddrphy_top/u_ddrphy_clk/ioclk[0]$u_ioclk_1, location = x0y59z1.
PHY-1001 :   Placed ioclk instance u_ph1p35_324_ddr_wrapper/u_ddr2/ph1p_ddrmc_wrapper/ph1p_ddrmc_top/u_ddr_phy/u_ddrphy_top/u_ddrphy_clk/ioclk[0]$u_ioclk_0, location = x0y59z0.
PHY-1001 : Processing 2 clock pins of DDR instance u_ph1p35_324_ddr_wrapper/u_ddr2/ph1p_ddrmc_wrapper/ph1p_ddrmc_top/u_ddr_phy/u_ddrphy_top/u_ddrphy/ac_byte[3]$ac_byte_used$u_ddrphy_ac_byte_wrapper/u_ddrphy_byte, location = x0y40z0.
PHY-1001 :   Placed ioclk instance u_ph1p35_324_ddr_wrapper/u_ddr2/ph1p_ddrmc_wrapper/ph1p_ddrmc_top/u_ddr_phy/u_ddrphy_top/u_ddrphy_clk/ioclk[0]$u_ioclk_1, location = x0y59z1.
PHY-1001 :   Placed ioclk instance u_ph1p35_324_ddr_wrapper/u_ddr2/ph1p_ddrmc_wrapper/ph1p_ddrmc_top/u_ddr_phy/u_ddrphy_top/u_ddrphy_clk/ioclk[0]$u_ioclk_0, location = x0y59z0.
PHY-1001 : Processing 2 clock pins of DDR instance u_ph1p35_324_ddr_wrapper/u_ddr2/ph1p_ddrmc_wrapper/ph1p_ddrmc_top/u_ddr_phy/u_ddrphy_top/u_ddrphy/dx_byte[0]$dx_byte_used$u_ddrphy_dx_byte_wrapper/u_ddrphy_byte, location = x0y30z0.
PHY-1001 :   Placed ioclk instance u_ph1p35_324_ddr_wrapper/u_ddr2/ph1p_ddrmc_wrapper/ph1p_ddrmc_top/u_ddr_phy/u_ddrphy_top/u_ddrphy_clk/ioclk[1]$u_ioclk_1, location = x0y19z1.
PHY-1001 :   Placed ioclk instance u_ph1p35_324_ddr_wrapper/u_ddr2/ph1p_ddrmc_wrapper/ph1p_ddrmc_top/u_ddr_phy/u_ddrphy_top/u_ddrphy_clk/ioclk[1]$u_ioclk_0, location = x0y19z0.
PHY-1001 : Processing 2 clock pins of DDR instance u_ph1p35_324_ddr_wrapper/u_ddr2/ph1p_ddrmc_wrapper/ph1p_ddrmc_top/u_ddr_phy/u_ddrphy_top/u_ddrphy/dx_byte[1]$dx_byte_used$u_ddrphy_dx_byte_wrapper/u_ddrphy_byte, location = x0y10z0.
PHY-1001 :   Placed ioclk instance u_ph1p35_324_ddr_wrapper/u_ddr2/ph1p_ddrmc_wrapper/ph1p_ddrmc_top/u_ddr_phy/u_ddrphy_top/u_ddrphy_clk/ioclk[1]$u_ioclk_1, location = x0y19z1.
PHY-1001 :   Placed ioclk instance u_ph1p35_324_ddr_wrapper/u_ddr2/ph1p_ddrmc_wrapper/ph1p_ddrmc_top/u_ddr_phy/u_ddrphy_top/u_ddrphy_clk/ioclk[1]$u_ioclk_0, location = x0y19z0.
PHY-3001 : Target density is 60%
PHY-3001 : Target density is 60%
PHY-1001 : Stage 2.7.1.1 | Update Timing
PHY-1001 : SWNS: 1426, STNS: 0, FEP: 0
PHY-1001 : End Stage 2.7.1.1 | Update Timing; Time: 0.197600s wall, 0.187500s user + 0.015625s system = 0.203125s CPU (102.8%); Memory(MB): used = 1023, reserved = 1014, peak = 1023;

PHY-1001 : Stage 2.7.1.2 | Refresh Congestion
RUN-1001 : Generating global routing grids ...
PHY-1001 : Generate routing nets ...
PHY-1001 : Reuse net number 232/24466.
PHY-1001 : Global iterations in 32 thread ...
PHY-1002 : len = 1.66544e+06, over cnt = 3279(4%), over = 18000, worst = 53
PHY-1001 : End global iterations;  1.005151s wall, 2.312500s user + 0.000000s system = 2.312500s CPU (230.1%)

PHY-1001 : Congestion index:
PHY-1001 : top1  = 168.54(S 134.74, N 140.50, E 139.31, W 133.09, I 173.03, O 189.39)
PHY-1001 : top5  = 131.39(S 86.29, N 97.58, E 94.64, W 92.72, I 107.75, O 125.73)
PHY-1001 : top10 = 111.36(S 66.25, N 75.38, E 75.18, W 75.11, I 81.95, O 99.98)
PHY-1001 : top15 = 99.01(S 55.51, N 62.77, E 64.06, W 64.22, I 67.80, O 85.51)
PHY-1001 : End Stage 2.7.1.2 | Refresh Congestion; Time: 1.288956s wall, 2.562500s user + 0.000000s system = 2.562500s CPU (198.8%); Memory(MB): used = 1035, reserved = 1026, peak = 1035;

PHY-1001 : Stage 2.7.1.3 | GP Iteration
PHY-1001 : End Stage 2.7.1.3 | GP Iteration; Time: 2.139195s wall, 16.312500s user + 0.609375s system = 16.921875s CPU (791.0%); Memory(MB): used = 1037, reserved = 1029, peak = 1037;

PHY-3001 : Multithread accelerating rate: 7.80
OPT-1001 : Total overflow 576.00 peak overflow 5.09
PHY-3001 : Spreading for sector grids.
PHY-3001 : Iter 1, total overflow: 0
PHY-3001 : tot_capacity: 36, usage_cnt: 17, movable_cnt: 28
PHY-3001 : End spreading;  0.093339s wall, 0.390625s user + 0.000000s system = 0.390625s CPU (418.5%)

PHY-3001 : Final: Len = 1.2633e+06, Over = 109.469
PHY-3001 : End incremental placement;  4.142500s wall, 19.875000s user + 0.625000s system = 20.500000s CPU (494.9%)

OPT-1001 : Total overflow 576.00 peak overflow 5.09
RUN-1001 : HFN opt statistic
RUN-1001 : ------------------------------------------------------
RUN-1001 :   DriverCell type  |  HFN count  |  Duplicated count  
RUN-1001 : ------------------------------------------------------
RUN-1001 :         REG        |     18      |         82         
RUN-1001 :        LUT6        |      4      |         22         
RUN-1001 :        LUT5        |      5      |         22         
RUN-1001 :        LUT4        |      2      |         6          
RUN-1001 :        LUT3        |      1      |         2          
RUN-1001 :        LUT2        |      7      |         28         
RUN-1001 :        TOTAL       |     37      |        162         
RUN-1001 : ------------------------------------------------------
OPT-1001 : End high-fanout net optimization;  7.754291s wall, 23.718750s user + 0.640625s system = 24.359375s CPU (314.1%)

OPT-1001 : Update timing in Manhattan mode
OPT-1001 : End timing update;  1.811400s wall, 1.796875s user + 0.000000s system = 1.796875s CPU (99.2%)

OPT-1001 : Current memory(MB): used = 1038, reserved = 1029, peak = 1038.
OPT-1001 : End Stage 2.7.1 | Synthesize High-fanout Net; Time: 9.793445s wall, 25.734375s user + 0.640625s system = 26.375000s CPU (269.3%); Memory(MB): used = 1038, reserved = 1029, peak = 1038;

OPT-1001 : Stage 2.7.2 | Global Optimization
OPT-1001 : Start global optimization ...
OPT-0007 : Start: SWNS 1334 STNS 0 NUM_FEPS 0
OPT-1001 : Start congestion update ...
RUN-1001 : Generating global routing grids ...
PHY-1001 : Generate routing nets ...
PHY-1001 : Reuse net number 1754/22439.
PHY-1001 : Global iterations in 32 thread ...
PHY-1002 : len = 1.41947e+06, over cnt = 2724(3%), over = 9380, worst = 21
PHY-1002 : len = 1.55922e+06, over cnt = 2196(3%), over = 5027, worst = 21
PHY-1002 : len = 1.65237e+06, over cnt = 920(1%), over = 1991, worst = 15
PHY-1002 : len = 1.70019e+06, over cnt = 296(0%), over = 630, worst = 15
PHY-1002 : len = 1.71893e+06, over cnt = 20(0%), over = 26, worst = 2
PHY-1001 : End global iterations;  3.041394s wall, 4.546875s user + 0.062500s system = 4.609375s CPU (151.6%)

PHY-1001 : Congestion index:
PHY-1001 : top1  = 89.99(S 78.99, N 70.76, E 81.15, W 85.20, I 172.89, O 181.66)
PHY-1001 : top5  = 77.36(S 63.76, N 57.68, E 65.40, W 67.73, I 105.56, O 124.97)
PHY-1001 : top10 = 70.28(S 53.57, N 49.74, E 55.86, W 58.59, I 80.64, O 99.72)
PHY-1001 : top15 = 65.60(S 46.83, N 44.66, E 49.44, W 52.38, I 67.21, O 84.61)
OPT-1001 : End congestion update;  3.508798s wall, 5.078125s user + 0.062500s system = 5.140625s CPU (146.5%)

OPT-0007 : Iter 1: improved SWNS 1433 STNS 0 NUM_FEPS 0 with 76 cells processed and 4650 slack improved
OPT-0007 : Iter 2: improved SWNS 1433 STNS 0 NUM_FEPS 0 with 41 cells processed and 2048 slack improved
OPT-0007 : Iter 3: improved SWNS 1433 STNS 0 NUM_FEPS 0 with 11 cells processed and 692 slack improved
OPT-0007 : Iter 4: improved SWNS 1433 STNS 0 NUM_FEPS 0 with 4 cells processed and 148 slack improved
OPT-1001 : Overall commit ratio 0.26
OPT-1001 : End global optimization;  3.702706s wall, 5.281250s user + 0.062500s system = 5.343750s CPU (144.3%)

OPT-1001 : Current memory(MB): used = 1038, reserved = 1029, peak = 1038.
OPT-1001 : End Stage 2.7.2 | Global Optimization; Time: 5.325843s wall, 6.796875s user + 0.078125s system = 6.875000s CPU (129.1%); Memory(MB): used = 1038, reserved = 1029, peak = 1038;

OPT-0007 : End flow prepack: SWNS 1433 STNS 0 NUM_FEPS 0
OPT-1001 : End physical optimization;  15.178649s wall, 32.671875s user + 0.718750s system = 33.390625s CPU (220.0%)

PHY-1001 : End Stage 2.7 | Optimize Design; Time: 15.182169s wall, 32.671875s user + 0.718750s system = 33.390625s CPU (219.9%); Memory(MB): used = 1038, reserved = 1029, peak = 1038;

PHY-1001 : Stage 2.8 | Pack and Legalization
PHY-1001 : Stage 2.8.1 | Direct Legalization
PHY-3001 : Start Direct Legalization ...
PHY-3001 : Get top1 grid util = 0.675730, top1_avg = 0.675730.
PHY-1001 : Populate physical database on model design_top_wrapper.
PHY-3001 : Target density is 60%
PHY-3001 : Before Legalization for Slice Macros, Len = 1.26789e+06.
RUN-1001 : Legalization top10 inst displacement:
RUN-1001 : -----------------------------------------------------------------------------------------------------------------------------------------------------------------------------------------------------------------------------------
RUN-1001 :   Index  |  Bounded  |  Height  |       Location       |  Disp. (slots)  |  Disp. (grids)  |                                                                 Name                                                                  
RUN-1001 : -----------------------------------------------------------------------------------------------------------------------------------------------------------------------------------------------------------------------------------
RUN-1001 :     1    |     N     |    8     |   x2y6z3 to x9y6z0   |       59        |        7        |       u_ph1p35_324_ddr_wrapper/u_ddr2/ph1p_ddrmc_wrapper/ph1p_ddrmc_top/u_phy2mc_fifo/byteIdx_1[1]$u_wfifo_sync/ramread0_syn_68       
RUN-1001 :     2    |     N     |    8     |  x1y70z7 to x5y69z0  |       47        |        5        |        u_ph1p35_324_ddr_wrapper/u_ddr2/ph1p_ddrmc_wrapper/ph1p_ddrmc_top/u_ddr_phy/u_ddrphy_top/u_ddrphy_init/ramread0_syn_51         
RUN-1001 :     3    |     N     |    8     |  x1y71z1 to x5y73z0  |       47        |        6        |        u_ph1p35_324_ddr_wrapper/u_ddr2/ph1p_ddrmc_wrapper/ph1p_ddrmc_top/u_ddr_phy/u_ddrphy_top/u_ddrphy_init/ramread0_syn_31         
RUN-1001 :     4    |     N     |    8     |  x1y70z6 to x5y70z0  |       38        |        4        |        u_ph1p35_324_ddr_wrapper/u_ddr2/ph1p_ddrmc_wrapper/ph1p_ddrmc_top/u_ddr_phy/u_ddrphy_top/u_ddrphy_init/ramread0_syn_91         
RUN-1001 :     5    |     N     |    8     |  x2y14z5 to x5y13z0  |       37        |        4        |       u_ph1p35_324_ddr_wrapper/u_ddr2/ph1p_ddrmc_wrapper/ph1p_ddrmc_top/u_phy2mc_fifo/byteIdx_1[0]$u_wfifo_sync/ramread0_syn_88       
RUN-1001 :     6    |     N     |    8     |  x1y71z3 to x5y72z0  |       37        |        5        |        u_ph1p35_324_ddr_wrapper/u_ddr2/ph1p_ddrmc_wrapper/ph1p_ddrmc_top/u_ddr_phy/u_ddrphy_top/u_ddrphy_init/ramread0_syn_111        
RUN-1001 :     7    |     N     |    8     |  x1y65z6 to x5y66z0  |       34        |        5        |        u_ph1p35_324_ddr_wrapper/u_ddr2/ph1p_ddrmc_wrapper/ph1p_ddrmc_top/u_ddr_phy/u_ddrphy_top/u_ddrphy_init/ramread0_syn_151        
RUN-1001 :     8    |     N     |    8     |  x1y64z2 to x5y64z0  |       34        |        4        |        u_ph1p35_324_ddr_wrapper/u_ddr2/ph1p_ddrmc_wrapper/ph1p_ddrmc_top/u_ddr_phy/u_ddrphy_top/u_ddrphy_init/ramread0_syn_131        
RUN-1001 :     9    |     N     |    8     |  x1y70z7 to x5y71z0  |       33        |        5        |        u_ph1p35_324_ddr_wrapper/u_ddr2/ph1p_ddrmc_wrapper/ph1p_ddrmc_top/u_ddr_phy/u_ddrphy_top/u_ddrphy_init/ramread0_syn_71         
RUN-1001 :    10    |     N     |    8     |  x4y9z1 to x5y12z0   |       31        |        4        |  u_ph1p35_324_ddr_wrapper/u_ddr2/ph1p_ddrmc_wrapper/ph1p_ddrmc_top/u_alc_mc_top/u_rd_data/rd_buffer[0]$u_rd_data_buf/ramread0_syn_92  
RUN-1001 : -----------------------------------------------------------------------------------------------------------------------------------------------------------------------------------------------------------------------------------
PHY-3001 : After Legalization for Slice Macros, Len = 1.32105e+06.
RUN-1001 : Generating global routing grids ...
PHY-1001 : Generate routing nets ...
PHY-1001 : Reuse net number 19866/22529.
RUN-1002 : start command "update_timing -mode MANHATTAN"
RUN-1002 : start command "start_timer"
RUN-1003 : finish command "start_timer" in  1.943034s wall, 1.875000s user + 0.000000s system = 1.875000s CPU (96.5%)

RUN-1004 : used memory is 1061 MB, reserved memory is 1053 MB, peak memory is 1061 MB
RUN-1003 : finish command "update_timing -mode MANHATTAN" in  3.765395s wall, 3.656250s user + 0.000000s system = 3.656250s CPU (97.1%)

RUN-1004 : used memory is 1062 MB, reserved memory is 1053 MB, peak memory is 1062 MB
PHY-1001 : Global iterations in 32 thread ...
PHY-1002 : len = 1.73371e+06, over cnt = 922(1%), over = 2075, worst = 10
PHY-1002 : len = 1.75248e+06, over cnt = 706(0%), over = 1170, worst = 8
PHY-1002 : len = 1.77107e+06, over cnt = 311(0%), over = 510, worst = 7
PHY-1002 : len = 1.78374e+06, over cnt = 59(0%), over = 99, worst = 4
PHY-1002 : len = 1.78675e+06, over cnt = 22(0%), over = 55, worst = 3
PHY-1001 : End global iterations;  1.231282s wall, 1.578125s user + 0.031250s system = 1.609375s CPU (130.7%)

PHY-1001 : Congestion index:
PHY-1001 : top1  = 90.58(S 79.36, N 72.16, E 81.88, W 86.18, I 166.56, O 182.24)
PHY-1001 : top5  = 77.62(S 63.37, N 57.62, E 65.70, W 68.27, I 100.80, O 122.77)
PHY-1001 : top10 = 70.39(S 53.52, N 49.79, E 56.59, W 59.04, I 78.62, O 98.78)
PHY-1001 : top15 = 65.65(S 46.91, N 44.86, E 50.24, W 52.99, I 66.36, O 84.45)
PHY-3001 : Total Iter 111, legal = 22999 / 22999 (100.00%), avg_move = 30.37, max_move = 302.
PHY-3001 : There are no illegal insts.
PHY-1001 : Populate physical database on model design_top_wrapper.
PHY-3001 : End Direct Legalization;  26.502375s wall, 263.640625s user + 2.359375s system = 266.000000s CPU (1003.7%)

RUN-1001 : Summary of LUT-FF Pairs
RUN-1001 : ---------------------------------------------------------------
RUN-1001 :   Num of Fanout Seqs  |   1x   |  2x  |  3~5  |  6~10  |  >10  
RUN-1001 : ---------------------------------------------------------------
RUN-1001 :         Total         |  6618  |  5   |  53   |   2    |  23   
RUN-1001 :          Grid         |  6611  |  5   |  49   |   2    |  23   
RUN-1001 :          Bank         |  6470  |  5   |  48   |   1    |  23   
RUN-1001 :         Paired        |  6448  |  5   |  48   |   1    |  23   
RUN-1001 : ---------------------------------------------------------------
RUN-1001 : Summary of LUT Pairs
RUN-1001 : ---------------------------------------------------------------------------------------------------------------------
RUN-1001 :            |           |           |           |           |           |  O5 + O6  |  Only O5  |  Only O6  |  Total  
RUN-1001 : ---------------------------------------------------------------------------------------------------------------------
RUN-1001 :   5 Share  |  4 Share  |  3 Share  |  2 Share  |  1 Share  |  0 Share  |           |           |           |         
RUN-1001 :     53     |    160    |    258    |    377    |   1658    |   3373    |   5879    |   2421    |   1930    |  10230  
RUN-1001 : ---------------------------------------------------------------------------------------------------------------------
PHY-1001 : End Stage 2.8.1 | Direct Legalization; Time: 26.573402s wall, 263.718750s user + 2.359375s system = 266.078125s CPU (1001.3%); Memory(MB): used = 1158, reserved = 1157, peak = 1159;

PHY-3001 : Target density is 60%
PHY-3001 : After Direct Legalization, Len = 1.60805e+06.
PHY-1001 : End Stage 2.8 | Pack and Legalization; Time: 26.792535s wall, 263.937500s user + 2.359375s system = 266.296875s CPU (993.9%); Memory(MB): used = 1158, reserved = 1157, peak = 1159;

RUN-1002 : start command "start_timer"
RUN-1003 : finish command "start_timer" in  4.170603s wall, 3.890625s user + 0.109375s system = 4.000000s CPU (95.9%)

RUN-1004 : used memory is 1159 MB, reserved memory is 1157 MB, peak memory is 1159 MB
PHY-1001 : End Stage 2 | Global Placement; Time: 73.026180s wall, 377.593750s user + 12.531250s system = 390.125000s CPU (534.2%); Memory(MB): used = 1160, reserved = 1157, peak = 1160;

PHY-1001 : Stage 3 | Detailed Placement
PHY-1001 : Stage 3.1 | SLICE Detailed Placement
PHY-1001 : Stage 3.1.1 | Spreading
PHY-3001 : Design contains 154 ce signals.
PHY-3001 : Spreading for sector grids.
PHY-3001 : Iter 1, total overflow: 0
PHY-3001 : tot_capacity: 36, usage_cnt: 17, movable_cnt: 25
PHY-3001 : Spreading for clock grids.
PHY-3001 : clock grid count for 24 x 4 grids
PHY-3001 : Spreading for plb grids.
PHY-3001 : total displace: 0, max displace: 0.
PHY-3001 : End spreading;  0.405073s wall, 0.390625s user + 0.000000s system = 0.390625s CPU (96.4%)

PHY-1001 : End Stage 3.1.1 | Spreading; Time: 0.405253s wall, 0.390625s user + 0.000000s system = 0.390625s CPU (96.4%); Memory(MB): used = 1164, reserved = 1162, peak = 1164;

PHY-1001 : Stage 3.1.2 | Simulated Annealing Based DP
RUN-1001 : Generating global routing grids ...
PHY-1001 : Generate routing nets ...
PHY-1001 : Reuse net number 1950/17766.
PHY-1001 : Global iterations in 32 thread ...
PHY-1002 : len = 1.70336e+06, over cnt = 1356(1%), over = 2948, worst = 9
PHY-1002 : len = 1.73747e+06, over cnt = 861(1%), over = 1504, worst = 9
PHY-1002 : len = 1.76453e+06, over cnt = 253(0%), over = 449, worst = 8
PHY-1002 : len = 1.7723e+06, over cnt = 49(0%), over = 98, worst = 8
PHY-1002 : len = 1.77485e+06, over cnt = 0(0%), over = 0, worst = 0
PHY-1001 : End global iterations;  1.940992s wall, 3.000000s user + 0.015625s system = 3.015625s CPU (155.4%)

PHY-1001 : Congestion index:
PHY-1001 : top1  = 80.44(S 65.49, N 57.00, E 69.41, W 77.88, I 63.10, O 72.45)
PHY-1001 : top5  = 67.20(S 51.81, N 46.93, E 55.75, W 59.94, I 51.39, O 60.74)
PHY-1001 : top10 = 60.73(S 43.72, N 41.40, E 48.23, W 51.94, I 45.55, O 54.12)
PHY-1001 : top15 = 56.62(S 38.68, N 37.82, E 43.51, W 47.16, I 41.37, O 49.26)
PHY-0007 : Initial: WL Cost = 124344, TD Cost = 251886, SWNS = 833, STNS = 0, Nums per T = 96300, Range Limit = 4x8
PHY-0007 : Finally: WL Cost = 110840, TD Cost = 179040, WL Ratio = 0.891398, TD Ratio = 0.710799, SWNS = 1530, STNS = 0
RUN-1001 : Print Detailed placement's Summary information
RUN-1001 : -------------------------------------------------------------------------------------------------------------------------------
RUN-1001 :           |   Total   |  Accept  |  Reject by overFlow  |  Reject by worseCost  |  Failed by noTarget  |  Failed by gridCheck  
RUN-1001 : -------------------------------------------------------------------------------------------------------------------------------
RUN-1001 :   Slices  |  1059300  |  30752   |         1752         |        1011268        |         336          |         15192         
RUN-1001 :   Macros  |   24739   |   246    |         275          |         24127         |          43          |          48           
RUN-1001 : -------------------------------------------------------------------------------------------------------------------------------
PHY-1001 : End Stage 3.1.2 | Simulated Annealing Based DP; Time: 31.730104s wall, 33.453125s user + 0.296875s system = 33.750000s CPU (106.4%); Memory(MB): used = 1174, reserved = 1171, peak = 1174;

PHY-3001 : End Detailed Place; 
PHY-3001 : Final: Len = 1.41492e+06, Over = 0
PHY-1001 : End Stage 3.1 | SLICE Detailed Placement; Time: 32.568678s wall, 34.250000s user + 0.296875s system = 34.546875s CPU (106.1%); Memory(MB): used = 1174, reserved = 1171, peak = 1174;

PHY-3001 : End Detailed Place; 
PHY-1001 : Stage 3.2 | Optimize Design
OPT-1001 : Start physical optimization ...
OPT-1001 : Total overflow 0.00 peak overflow 0.00
OPT-1001 : Stage 3.2.1 | Physical Optimization
OPT-1001 : Start high-fanout net optimization in optimize equivalent flow with medium effort ...
OPT-1001 : Clean unloaded insts before merging registers
PHY-1001 : Populate physical database on model design_top_wrapper.
PHY-1001 : Populate physical database on model design_top_wrapper.
OPT-1001 : Total overflow 0.00 peak overflow 0.00
OPT-1001 : End optimize duplicated nets. Total 64 instances are merged and 904 sinks are reconnected,  2.885773s wall, 2.843750s user + 0.046875s system = 2.890625s CPU (100.2%)

OPT-1001 : End high-fanout net optimization;  2.889000s wall, 2.859375s user + 0.046875s system = 2.906250s CPU (100.6%)

OPT-1001 : Update timing in Manhattan mode
RUN-1002 : start command "start_timer"
RUN-1003 : finish command "start_timer" in  3.013316s wall, 3.000000s user + 0.015625s system = 3.015625s CPU (100.1%)

RUN-1004 : used memory is 1174 MB, reserved memory is 1171 MB, peak memory is 1174 MB
OPT-1001 : End timing update;  4.796606s wall, 4.703125s user + 0.046875s system = 4.750000s CPU (99.0%)

OPT-1001 : Current memory(MB): used = 1174, reserved = 1171, peak = 1174.
OPT-1001 : End Stage 3.2.1 | Physical Optimization; Time: 7.879261s wall, 7.750000s user + 0.093750s system = 7.843750s CPU (99.5%); Memory(MB): used = 1174, reserved = 1171, peak = 1174;

OPT-1001 : Stage 3.2.2 | Synthesize High-fanout Net
OPT-1001 : Start high-fanout net optimization in post-pack flow with medium effort ...
OPT-1001 : Start: SWNS 1530 STNS 0 NUM_FEPS 0
OPT-1001 : Total overflow 0.00 peak overflow 0.00
PHY-1001 : Populate physical database on model design_top_wrapper.
OPT-1001 : 5 high-fanout net processed.
OPT-1001 : Total overflow 0.00 peak overflow 0.00
RUN-1001 : HFN opt statistic
RUN-1001 : ------------------------------------------------------
RUN-1001 :   DriverCell type  |  HFN count  |  Duplicated count  
RUN-1001 : ------------------------------------------------------
RUN-1001 :       LSLICE       |      0      |         0          
RUN-1001 :       MSLICE       |      0      |         0          
RUN-1001 :        OTHER       |      5      |         4          
RUN-1001 :        TOTAL       |      5      |         4          
RUN-1001 : ------------------------------------------------------
OPT-1001 : End high-fanout net optimization;  0.841084s wall, 0.828125s user + 0.000000s system = 0.828125s CPU (98.5%)

OPT-1001 : Current memory(MB): used = 1174, reserved = 1171, peak = 1174.
OPT-1001 : End Stage 3.2.2 | Synthesize High-fanout Net; Time: 1.031003s wall, 1.015625s user + 0.000000s system = 1.015625s CPU (98.5%); Memory(MB): used = 1174, reserved = 1171, peak = 1174;

OPT-1001 : Stage 3.2.3 | Optimize Path
OPT-1001 : Start unpack path based optimization ...
OPT-0007 : Start: SWNS 1530 STNS 0 NUM_FEPS 0 with mode 2
OPT-1001 : Start congestion update ...
RUN-1001 : Generating global routing grids ...
PHY-1001 : Generate routing nets ...
PHY-1001 : Reuse net number 5548/18337.
PHY-1001 : Global iterations in 32 thread ...
PHY-1002 : len = 1.58616e+06, over cnt = 1701(2%), over = 3502, worst = 9
PHY-1002 : len = 1.6221e+06, over cnt = 1111(1%), over = 1970, worst = 9
PHY-1002 : len = 1.65885e+06, over cnt = 355(0%), over = 628, worst = 9
PHY-1002 : len = 1.67122e+06, over cnt = 91(0%), over = 158, worst = 9
PHY-1002 : len = 1.67653e+06, over cnt = 0(0%), over = 0, worst = 0
PHY-1001 : End global iterations;  1.829268s wall, 2.906250s user + 0.046875s system = 2.953125s CPU (161.4%)

PHY-1001 : Congestion index:
PHY-1001 : top1  = 80.16(S 64.65, N 56.33, E 71.13, W 77.63, I 62.20, O 70.72)
PHY-1001 : top5  = 67.45(S 51.80, N 47.19, E 56.95, W 59.81, I 50.46, O 58.04)
PHY-1001 : top10 = 61.14(S 44.68, N 42.10, E 48.98, W 51.66, I 44.98, O 52.26)
PHY-1001 : top15 = 57.05(S 39.85, N 38.60, E 43.66, W 46.49, I 41.12, O 48.39)
OPT-1001 : End congestion update;  2.363771s wall, 3.406250s user + 0.062500s system = 3.468750s CPU (146.7%)

OPT-0007 : Iter 1: improved SWNS 1564 STNS 0 NUM_FEPS 0 with 115(9262) cells and 4250(5498) paths processed with 22026 slack improved, crit_thod: 2758 ratio: 0.91(137/150) rt: 3.5s
OPT-0007 : Iter 2: improved SWNS 1564 STNS 0 NUM_FEPS 0 with 58(8930) cells and 4465(4465) paths processed with 7195 slack improved, crit_thod: 3000 ratio: 0.88(67/76) rt: 2.4s
OPT-0007 : Iter 3: improved SWNS 1564 STNS 0 NUM_FEPS 0 with 31(4272) cells and 2136(2136) paths processed with 2188 slack improved, crit_thod: 3000 ratio: 0.90(35/39) rt: 1.4s
OPT-1001 : End path based optimization;  9.673885s wall, 10.484375s user + 0.093750s system = 10.578125s CPU (109.3%)

OPT-1001 : Current memory(MB): used = 1174, reserved = 1171, peak = 1174.
OPT-1001 : End Stage 3.2.3 | Optimize Path; Time: 9.879990s wall, 10.687500s user + 0.093750s system = 10.781250s CPU (109.1%); Memory(MB): used = 1174, reserved = 1171, peak = 1174;

OPT-1001 : Stage 3.2.4 | Optimize Duplicated Nets
OPT-1001 : Start: WNS 1564 TNS 0 NUM_FEPS 0
OPT-1001 : Clean unloaded insts before merging registers
PHY-1001 : Populate physical database on model design_top_wrapper.
PHY-1001 : Populate physical database on model design_top_wrapper.
OPT-1001 : Total overflow 0.00 peak overflow 0.00
OPT-1001 : End optimize duplicated nets. Total 0 instances are merged and 287 sinks are reconnected,  2.768138s wall, 2.796875s user + 0.015625s system = 2.812500s CPU (101.6%)

OPT-1001 : Update timing in Manhattan mode
RUN-1002 : start command "start_timer"
RUN-1003 : finish command "start_timer" in  3.212471s wall, 3.078125s user + 0.031250s system = 3.109375s CPU (96.8%)

RUN-1004 : used memory is 1174 MB, reserved memory is 1171 MB, peak memory is 1174 MB
OPT-1001 : End timing update;  5.045696s wall, 4.875000s user + 0.046875s system = 4.921875s CPU (97.5%)

OPT-1001 : Current memory(MB): used = 1174, reserved = 1171, peak = 1174.
OPT-1001 : End Stage 3.2.4 | Optimize Duplicated Nets; Time: 8.028987s wall, 7.859375s user + 0.062500s system = 7.921875s CPU (98.7%); Memory(MB): used = 1174, reserved = 1171, peak = 1174;

OPT-1001 : Stage 3.2.5 | Swap Pins
OPT-1001 : Start pin optimization...
OPT-1001 : Start: SWNS 1564 STNS 0 NUM_FEPS 0
OPT-1001 : Successfully optimized 1029 instances
OPT-1001 : Successfully optimized 421 instances
OPT-1001 : End pin optimization;  2.134888s wall, 2.109375s user + 0.000000s system = 2.109375s CPU (98.8%)

OPT-1001 : Current memory(MB): used = 1174, reserved = 1171, peak = 1174.
OPT-1001 : End Stage 3.2.5 | Swap Pins; Time: 2.330542s wall, 2.296875s user + 0.000000s system = 2.296875s CPU (98.6%); Memory(MB): used = 1174, reserved = 1171, peak = 1174;

OPT-1001 : Stage 3.2.6 | Optimize Beeline
OPT-1001 : Start beeline optimization...
OPT-1001 : Start: SWNS 1564 STNS 0 NUM_FEPS 0
PHY-1001 : Beeline DP, 744 out of 4843 (15.36)%; hop = 998.
PHY-1001 : Beeline DP, 246 out of 4175 (5.89)%; hop = 318.
PHY-1001 : Beeline DP, 108 out of 4023 (2.68)%; hop = 150.
PHY-1001 : Beeline DP, 73 out of 3992 (1.83)%; hop = 98.
PHY-1001 : Beeline DP, 65 out of 3980 (1.63)%; hop = 92.
PHY-1001 : Beeline optimization intraPLB, 2183 1-hop(39.84%), 2265 2-hop(41.34%), 448 3-hop( 8.18%), 583 others (10.64%)
PHY-1001 :  12.107449s wall, 11.781250s user + 0.062500s system = 11.843750s CPU (97.8%)

RUN-1001 : Beeline optimization outerPLB: 1-hop 1913, 2-hop 3496, 3-hop 1946, 4-hop 624, other 1642 
OPT-1001 : End beeline optimization;  12.912261s wall, 12.562500s user + 0.062500s system = 12.625000s CPU (97.8%)

OPT-1001 : Update timing in Manhattan mode
OPT-1001 : End timing update;  1.841925s wall, 1.828125s user + 0.000000s system = 1.828125s CPU (99.3%)

OPT-1001 : End Stage 3.2.6 | Optimize Beeline; Time: 15.121338s wall, 14.718750s user + 0.062500s system = 14.781250s CPU (97.8%); Memory(MB): used = 1175, reserved = 1171, peak = 1175;

OPT-0007 : End flow postpack: SWNS 1489 STNS 0 NUM_FEPS 0
RUN-1001 : Generating global routing grids ...
PHY-1001 : Generate routing nets ...
PHY-1001 : Reuse net number 15790/17669.
PHY-1001 : Global iterations in 32 thread ...
PHY-1002 : len = 1.69858e+06, over cnt = 437(0%), over = 670, worst = 7
PHY-1002 : len = 1.70578e+06, over cnt = 248(0%), over = 347, worst = 7
PHY-1002 : len = 1.7109e+06, over cnt = 119(0%), over = 151, worst = 4
PHY-1002 : len = 1.71413e+06, over cnt = 2(0%), over = 4, worst = 3
PHY-1002 : len = 1.71421e+06, over cnt = 0(0%), over = 0, worst = 0
PHY-1001 : End global iterations;  0.789687s wall, 1.062500s user + 0.000000s system = 1.062500s CPU (134.5%)

PHY-1001 : Congestion index:
PHY-1001 : top1  = 80.53(S 64.69, N 56.46, E 71.79, W 77.30, I 62.34, O 70.39)
PHY-1001 : top5  = 67.74(S 51.82, N 47.74, E 57.52, W 59.96, I 49.99, O 57.78)
PHY-1001 : top10 = 61.47(S 44.57, N 42.53, E 49.38, W 51.89, I 44.53, O 52.31)
PHY-1001 : top15 = 57.38(S 39.81, N 39.00, E 44.03, W 46.88, I 40.74, O 48.45)
RUN-1001 : top one percent high-util tile is with util 75 and average util is 80.315789
RUN-1001 : QoR Analysis:
OPT-0007 :   SWNS 1489 STNS 0 NUM_FEPS 0
RUN-1001 :   Local congestion issue exists, and most congested 1% tile average routing util is 80.315789
OPT-1002 :   please consider adjusting placer strategy to avoid the congestion issue
RUN-1001 :   Top critical paths
RUN-1001 :       #1 path slack 1489ps with logic level 1 
RUN-1001 :       #2 path slack 1489ps with logic level 1 
RUN-1001 :       #3 path slack 1489ps with logic level 1 
RUN-1001 :       #4 path slack 1489ps with logic level 1 
RUN-1001 :       #5 path slack 1489ps with logic level 1 
RUN-1001 :       #6 path slack 1551ps with logic level 1 
RUN-1001 :       #7 path slack 1551ps with logic level 1 
RUN-1001 :       #8 path slack 1551ps with logic level 1 
RUN-1001 :       #9 path slack 1551ps with logic level 1 
RUN-1001 :       #10 path slack 1551ps with logic level 1 
OPT-1001 : End physical optimization;  45.832142s wall, 46.218750s user + 0.312500s system = 46.531250s CPU (101.5%)

PHY-1001 : End Stage 3.2 | Optimize Design; Time: 45.832406s wall, 46.218750s user + 0.312500s system = 46.531250s CPU (101.5%); Memory(MB): used = 1175, reserved = 1171, peak = 1175;

RUN-1001 : Report Control nets information:
RUN-1001 : DFF Distribution
RUN-1001 : -------------------------------------
RUN-1001 :   CE   |  SSR  |  ASR  |  DFF Count  
RUN-1001 : -------------------------------------
RUN-1001 :   No   |  No   |  No   |     224     
RUN-1001 :   No   |  No   |  Yes  |      0      
RUN-1001 :   No   |  Yes  |  No   |      0      
RUN-1001 :   Yes  |  No   |  No   |    6865     
RUN-1001 :   Yes  |  No   |  Yes  |    6511     
RUN-1001 :   Yes  |  Yes  |  No   |     364     
RUN-1001 : -------------------------------------
RUN-1001 : Control Group Statistic
RUN-1001 : -----------------------------
RUN-1001 :   #CLK  |  #CE  |  #SSR/ASR  
RUN-1001 : -----------------------------
RUN-1001 :    10   |  432  |     31     
RUN-1001 : -----------------------------
RUN-0007 : Control Set = 503
PHY-1001 : End Stage 3 | Detailed Placement; Time: 78.633599s wall, 80.687500s user + 0.609375s system = 81.296875s CPU (103.4%); Memory(MB): used = 1175, reserved = 1171, peak = 1175;

PHY-1001 : Populate physical database on model design_top_wrapper.
PHY-1001 : Stage 4 | Optimize Design
PHY-3001 : Start incremental legalization ...
PHY-1001 : Populate physical database on model design_top_wrapper.
PHY-1001 : Processing 2 clock pins of DDR instance u_ph1p35_324_ddr_wrapper/u_ddr2/ph1p_ddrmc_wrapper/ph1p_ddrmc_top/u_ddr_phy/u_ddrphy_top/u_ddrphy/ac_byte[0]$ac_byte_used$u_ddrphy_ac_byte_wrapper/u_ddrphy_byte, location = x0y70z0.
PHY-1001 :   Placed ioclk instance u_ph1p35_324_ddr_wrapper/u_ddr2/ph1p_ddrmc_wrapper/ph1p_ddrmc_top/u_ddr_phy/u_ddrphy_top/u_ddrphy_clk/ioclk[0]$u_ioclk_1, location = x0y59z1.
PHY-1001 :   Placed ioclk instance u_ph1p35_324_ddr_wrapper/u_ddr2/ph1p_ddrmc_wrapper/ph1p_ddrmc_top/u_ddr_phy/u_ddrphy_top/u_ddrphy_clk/ioclk[0]$u_ioclk_0, location = x0y59z0.
PHY-1001 : Processing 2 clock pins of DDR instance u_ph1p35_324_ddr_wrapper/u_ddr2/ph1p_ddrmc_wrapper/ph1p_ddrmc_top/u_ddr_phy/u_ddrphy_top/u_ddrphy/ac_byte[1]$ac_byte_used$u_ddrphy_ac_byte_wrapper/u_ddrphy_byte, location = x0y60z0.
PHY-1001 :   Placed ioclk instance u_ph1p35_324_ddr_wrapper/u_ddr2/ph1p_ddrmc_wrapper/ph1p_ddrmc_top/u_ddr_phy/u_ddrphy_top/u_ddrphy_clk/ioclk[0]$u_ioclk_1, location = x0y59z1.
PHY-1001 :   Placed ioclk instance u_ph1p35_324_ddr_wrapper/u_ddr2/ph1p_ddrmc_wrapper/ph1p_ddrmc_top/u_ddr_phy/u_ddrphy_top/u_ddrphy_clk/ioclk[0]$u_ioclk_0, location = x0y59z0.
PHY-1001 : Processing 2 clock pins of DDR instance u_ph1p35_324_ddr_wrapper/u_ddr2/ph1p_ddrmc_wrapper/ph1p_ddrmc_top/u_ddr_phy/u_ddrphy_top/u_ddrphy/ac_byte[2]$ac_byte_used$u_ddrphy_ac_byte_wrapper/u_ddrphy_byte, location = x0y50z0.
PHY-1001 :   Placed ioclk instance u_ph1p35_324_ddr_wrapper/u_ddr2/ph1p_ddrmc_wrapper/ph1p_ddrmc_top/u_ddr_phy/u_ddrphy_top/u_ddrphy_clk/ioclk[0]$u_ioclk_1, location = x0y59z1.
PHY-1001 :   Placed ioclk instance u_ph1p35_324_ddr_wrapper/u_ddr2/ph1p_ddrmc_wrapper/ph1p_ddrmc_top/u_ddr_phy/u_ddrphy_top/u_ddrphy_clk/ioclk[0]$u_ioclk_0, location = x0y59z0.
PHY-1001 : Processing 2 clock pins of DDR instance u_ph1p35_324_ddr_wrapper/u_ddr2/ph1p_ddrmc_wrapper/ph1p_ddrmc_top/u_ddr_phy/u_ddrphy_top/u_ddrphy/ac_byte[3]$ac_byte_used$u_ddrphy_ac_byte_wrapper/u_ddrphy_byte, location = x0y40z0.
PHY-1001 :   Placed ioclk instance u_ph1p35_324_ddr_wrapper/u_ddr2/ph1p_ddrmc_wrapper/ph1p_ddrmc_top/u_ddr_phy/u_ddrphy_top/u_ddrphy_clk/ioclk[0]$u_ioclk_1, location = x0y59z1.
PHY-1001 :   Placed ioclk instance u_ph1p35_324_ddr_wrapper/u_ddr2/ph1p_ddrmc_wrapper/ph1p_ddrmc_top/u_ddr_phy/u_ddrphy_top/u_ddrphy_clk/ioclk[0]$u_ioclk_0, location = x0y59z0.
PHY-1001 : Processing 2 clock pins of DDR instance u_ph1p35_324_ddr_wrapper/u_ddr2/ph1p_ddrmc_wrapper/ph1p_ddrmc_top/u_ddr_phy/u_ddrphy_top/u_ddrphy/dx_byte[0]$dx_byte_used$u_ddrphy_dx_byte_wrapper/u_ddrphy_byte, location = x0y30z0.
PHY-1001 :   Placed ioclk instance u_ph1p35_324_ddr_wrapper/u_ddr2/ph1p_ddrmc_wrapper/ph1p_ddrmc_top/u_ddr_phy/u_ddrphy_top/u_ddrphy_clk/ioclk[1]$u_ioclk_1, location = x0y19z1.
PHY-1001 :   Placed ioclk instance u_ph1p35_324_ddr_wrapper/u_ddr2/ph1p_ddrmc_wrapper/ph1p_ddrmc_top/u_ddr_phy/u_ddrphy_top/u_ddrphy_clk/ioclk[1]$u_ioclk_0, location = x0y19z0.
PHY-1001 : Processing 2 clock pins of DDR instance u_ph1p35_324_ddr_wrapper/u_ddr2/ph1p_ddrmc_wrapper/ph1p_ddrmc_top/u_ddr_phy/u_ddrphy_top/u_ddrphy/dx_byte[1]$dx_byte_used$u_ddrphy_dx_byte_wrapper/u_ddrphy_byte, location = x0y10z0.
PHY-1001 :   Placed ioclk instance u_ph1p35_324_ddr_wrapper/u_ddr2/ph1p_ddrmc_wrapper/ph1p_ddrmc_top/u_ddr_phy/u_ddrphy_top/u_ddrphy_clk/ioclk[1]$u_ioclk_1, location = x0y19z1.
PHY-1001 :   Placed ioclk instance u_ph1p35_324_ddr_wrapper/u_ddr2/ph1p_ddrmc_wrapper/ph1p_ddrmc_top/u_ddr_phy/u_ddrphy_top/u_ddrphy_clk/ioclk[1]$u_ioclk_0, location = x0y19z0.
PHY-3001 : Target density is 60%
PHY-3001 : Target density is 60%
PHY-3001 : Initial: Len = 1.46834e+06, Over = 0
PHY-1001 : Stage 4.1 | Spreading
PHY-3001 : Design contains 149 ce signals.
PHY-3001 : Spreading for sector grids.
PHY-3001 : Iter 1, total overflow: 0
PHY-3001 : tot_capacity: 36, usage_cnt: 17, movable_cnt: 28
PHY-3001 : Spreading for clock grids.
PHY-3001 : clock grid count for 24 x 4 grids
PHY-3001 : Spreading for plb grids.
PHY-3001 : total displace: 0, max displace: 0.
PHY-3001 : End spreading;  0.391883s wall, 0.390625s user + 0.000000s system = 0.390625s CPU (99.7%)

PHY-1001 : End Stage 4.1 | Spreading; Time: 0.392047s wall, 0.390625s user + 0.000000s system = 0.390625s CPU (99.6%); Memory(MB): used = 1175, reserved = 1171, peak = 1175;

PHY-3001 : Final: Len = 1.46834e+06, Over = 0
PHY-3001 : End incremental legalization;  0.781584s wall, 0.921875s user + 0.000000s system = 0.921875s CPU (117.9%)

RUN-1002 : start command "report_qor -step place -file place.qor"
RUN-1002 : start command "start_timer"
RUN-1003 : finish command "start_timer" in  2.236724s wall, 2.171875s user + 0.000000s system = 2.171875s CPU (97.1%)

RUN-1004 : used memory is 1175 MB, reserved memory is 1171 MB, peak memory is 1175 MB
RUN-1001 : Generating global routing grids ...
-----------------------------------------------------------
| QoR metrics               |         value               |
-----------------------------------------------------------
| Timing                    |                             |
|     Setup WNS             |         1489                |
|     Setup TNS             |            0                |
|     Num of violated S-EP  |            0                |
|     FMAX                  |   849.618MHz                |
|     SWNS path clock period |       2666ps                |
|     Hold WNS              |         -312                |
|     Hold TNS              |       -59957                |
|     Num of violated H-EP  |          505                |
-----------------------------------------------------------
| Routing Resource          |                             |
|     Wire length           |      1463916                |
|     Route Net Num         |        22168                |
|     DontRoute Net Num     |         9133                |
|     RouteSinks Num        |        66499                |
-----------------------------------------------------------
| Utilization               |                             |
|     #slices               |        13007                |
|     slices percentage     |       61.31%                |
|     #RAMs                 |           50                |
|     #DSPs                 |            8                |
|     #DRAMHARDCON          |           37                |
-----------------------------------------------------------
| Congestion                |                             |
|     Top 1% tile util      |           75                |
|     Top 1% tile avg util  |       80.32%                |
|     Over 100% util #tile  |            0                |
|     Max level             |            1                |
|     Window                |  [ 15  53] - [ 17  54]      |
-----------------------------------------------------------
Report place stage QoR done.

RUN-1003 : finish command "report_qor -step place -file place.qor" in  4.904995s wall, 5.062500s user + 0.015625s system = 5.078125s CPU (103.5%)

RUN-1004 : used memory is 1170 MB, reserved memory is 1167 MB, peak memory is 1175 MB
PHY-1001 : End Stage 4 | Optimize Design; Time: 5.712004s wall, 6.000000s user + 0.015625s system = 6.015625s CPU (105.3%); Memory(MB): used = 1170, reserved = 1167, peak = 1175;

PHY-1001 : Stage 5 | DRC Check
PHY-1001 : Stage 5.1 | Slice Attributes Check
PHY-1035 : Redundant attributes/nets in slice detected. You can use tcl "check_slice_attr -verbose" to get full message.
PHY-1039 : Found 112 mslices getting no used reg attributes, eg: u_hdmi_tx/u_hdmi_1_4b_transmitter_core_wrapper/u_hdmi_tx_controller_wrapper/u_hdmi_video_data_assemble/S_island_guard_band_1d_syn_10.
PHY-1039 : Found 112 mslices getting no used ce attributes, eg: u_hdmi_tx/u_hdmi_1_4b_transmitter_core_wrapper/u_hdmi_tx_controller_wrapper/u_hdmi_video_data_assemble/S_island_guard_band_1d_syn_10.
PHY-1001 : End Stage 5.1 | Slice Attributes Check; Time: 0.067023s wall, 0.062500s user + 0.000000s system = 0.062500s CPU (93.3%); Memory(MB): used = 1170, reserved = 1167, peak = 1175;

PHY-1001 : Stage 5.2 | Clock Bound Check
PHY-1001 : Check pass.
PHY-1001 : End Stage 5.2 | Clock Bound Check; Time: 0.004262s wall, 0.000000s user + 0.000000s system = 0.000000s CPU (n/a%); Memory(MB): used = 1170, reserved = 1167, peak = 1175;

PHY-1001 : Stage 5.3 | Force Route Constraint Check
PHY-1001 : Check Pass.
PHY-1001 : End Stage 5.3 | Force Route Constraint Check; Time: 0.003351s wall, 0.015625s user + 0.000000s system = 0.015625s CPU (466.3%); Memory(MB): used = 1170, reserved = 1167, peak = 1175;

PHY-1001 : Stage 5.4 | Sigmap Check
PHY-1001 : Check pass.
PHY-1001 : End Stage 5.4 | Sigmap Check; Time: 0.112696s wall, 0.109375s user + 0.000000s system = 0.109375s CPU (97.1%); Memory(MB): used = 1170, reserved = 1167, peak = 1175;

PHY-1001 : Stage 5.5 | Duplicated SelfDriven Check
PHY-1001 : Check pass.
PHY-1001 : End Stage 5.5 | Duplicated SelfDriven Check; Time: 0.503142s wall, 0.500000s user + 0.000000s system = 0.500000s CPU (99.4%); Memory(MB): used = 1170, reserved = 1167, peak = 1175;

PHY-1001 : Stage 5.6 | Clock Rule Check
PHY-5088 WARNING: Clock_Analyzer: Detected 1 buffer(s) clkin net because they drive non-clock sinks. Run "analyze_clock -detail" for more infomation.
PHY-5088 WARNING: Clock_Analyzer: Detected 1 buffer(s) clkout net because they drive non-clock sinks. Run "analyze_clock -detail" for more infomation.
PHY-5088 WARNING: Clock_Analyzer: 3 clock-net(s) because they drive other clock net, may cause clock skew. Run "analyze_clock -detail" for more infomation.
PHY-1001 : End Stage 5.6 | Clock Rule Check; Time: 0.096380s wall, 0.093750s user + 0.000000s system = 0.093750s CPU (97.3%); Memory(MB): used = 1170, reserved = 1167, peak = 1175;

PHY-1001 : End Stage 5 | DRC Check; Time: 0.867966s wall, 0.859375s user + 0.000000s system = 0.859375s CPU (99.0%); Memory(MB): used = 1170, reserved = 1167, peak = 1175;

OPT-1001 : QoR tracer report on placement steps:
    SWNS [   incr ]    STNS [   incr ]    FEPS [   incr ]    CRIT [   incr ]      CELL [     incr ]        WL [     incr ]    CONG [   incr ]    PDES [   incr ]   RT(s) [   incr ]   MEM(mb) [     incr ]
       0 [      0 ]       0 [      0 ]       0 [      0 ]       0 [      0 ]     27136 [        0 ]         0 [        0 ]    0.00 [   0.00 ]       0 [      0 ]       0 [      0 ]       521 [        0 ] : preplace:simplify_lut
       0 [      0 ]       0 [      0 ]       0 [      0 ]       0 [      0 ]     27136 [        0 ]         0 [        0 ]    0.00 [   0.00 ]       0 [      0 ]       0 [      0 ]       521 [        0 ] : preplace:sweep
       0 [      0 ]       0 [      0 ]       0 [      0 ]       0 [      0 ]     27136 [        0 ]         0 [        0 ]    0.00 [   0.00 ]       0 [      0 ]       0 [      0 ]       521 [        0 ] : preplace:lut_merge
       0 [      0 ]       0 [      0 ]       0 [      0 ]       0 [      0 ]     27136 [        0 ]         0 [        0 ]    0.00 [   0.00 ]       0 [      0 ]       0 [      0 ]       522 [        1 ] : preplace:hfn_opt
    1364 [   1364 ]       0 [      0 ]       0 [      0 ]    4264 [   4264 ]     28922 [     1786 ]   1778565 [  1778565 ]    0.00 [   0.00 ]       0 [      0 ]      15 [     15 ]       926 [      404 ] : step1_gp
    1364 [      0 ]       0 [      0 ]       0 [      0 ]    4289 [     25 ]     28922 [        0 ]   1779289 [      724 ]    0.00 [   0.00 ]       0 [      0 ]      17 [      2 ]       931 [        5 ] : step1_legal
    1364 [      0 ]       0 [      0 ]       0 [      0 ]    4289 [      0 ]     28922 [        0 ]   1742461 [   -36828 ]    0.00 [   0.00 ]       0 [      0 ]      19 [      2 ]       933 [        2 ] : step1_dp
    1426 [     62 ]       0 [      0 ]       0 [      0 ]    4356 [     67 ]     28922 [        0 ]   1548272 [  -194189 ]  169.42 [ 169.42 ]       0 [      0 ]      29 [     10 ]      1022 [       89 ] : step2_gp
    1426 [      0 ]       0 [      0 ]       0 [      0 ]    4356 [      0 ]     28922 [        0 ]   1548272 [        0 ]  169.42 [   0.00 ]       0 [      0 ]      29 [      0 ]      1023 [        1 ] : step2_dp
    1426 [      0 ]       0 [      0 ]       0 [      0 ]    4356 [      0 ]     28922 [        0 ]   1548272 [        0 ]  169.42 [   0.00 ]       0 [      0 ]      29 [      0 ]      1023 [        0 ] : prepack_spreading
    1334 [    -92 ]       0 [      0 ]       0 [      0 ]    4529 [    173 ]     29084 [      162 ]   1257019 [  -291253 ]  168.08 [  -1.34 ]       0 [      0 ]      39 [     10 ]      1038 [       15 ] : prepack:hfn_opt
    1433 [     99 ]       0 [      0 ]       0 [      0 ]    4529 [      0 ]     29084 [        0 ]   1260866 [     3847 ]   89.45 [ -78.63 ]       0 [      0 ]      44 [      5 ]      1038 [        0 ] : prepack:global_opt
     833 [   -600 ]       0 [      0 ]       0 [      0 ]    4713 [    184 ]     14985 [   -14099 ]   1603610 [   342744 ]   90.05 [   0.61 ]       0 [      0 ]      77 [     33 ]      1160 [      122 ] : direct_legalization
     833 [      0 ]       0 [      0 ]       0 [      0 ]    4713 [      0 ]     14985 [        0 ]   1603610 [        0 ]   90.05 [   0.00 ]       0 [      0 ]      78 [      1 ]      1165 [        5 ] : post_pack_spreading
    1530 [    697 ]       0 [      0 ]       0 [      0 ]    4869 [    156 ]     14985 [        0 ]   1410482 [  -193128 ]   80.08 [  -9.97 ]       0 [      0 ]     110 [     32 ]      1174 [        9 ] : post_pack_dp
    1530 [      0 ]       0 [      0 ]       0 [      0 ]    4909 [     40 ]     14965 [      -20 ]   1402961 [    -7521 ]   80.08 [   0.00 ]       0 [      0 ]     118 [      8 ]      1174 [        0 ] : postpack:optimize_equivalent_quick
    1530 [      0 ]       0 [      0 ]       0 [      0 ]    4902 [     -7 ]     14969 [        4 ]   1403433 [      472 ]   80.08 [   0.00 ]       0 [      0 ]     119 [      1 ]      1174 [        0 ] : postpack:hfn_opt
    1564 [     34 ]       0 [      0 ]       0 [      0 ]    4910 [      8 ]     14997 [       28 ]   1418328 [    14895 ]   79.97 [  -0.11 ]       0 [      0 ]     129 [     10 ]      1174 [        0 ] : postpack:path_opt
    1564 [      0 ]       0 [      0 ]       0 [      0 ]    4910 [      0 ]     14996 [       -1 ]   1417038 [    -1290 ]   79.97 [   0.00 ]       0 [      0 ]     137 [      8 ]      1174 [        0 ] : postpack:optimize_equivalent
    1564 [      0 ]       0 [      0 ]       0 [      0 ]    5190 [    280 ]     14996 [        0 ]   1417038 [        0 ]   79.97 [   0.00 ]       0 [      0 ]     139 [      2 ]      1174 [        0 ] : postpack:pin_opt
    1489 [    -75 ]       0 [      0 ]       0 [      0 ]    5152 [    -38 ]     14996 [        0 ]   1452401 [    35363 ]   79.97 [   0.00 ]       0 [      0 ]     154 [     15 ]      1175 [        1 ] : postpack:beeline_opt

RUN-1003 : finish command "place" in  163.211208s wall, 469.843750s user + 13.281250s system = 483.125000s CPU (296.0%)

RUN-1004 : used memory is 1170 MB, reserved memory is 1167 MB, peak memory is 1175 MB
RUN-1002 : start command "update_timing -mode manhattan"
RUN-1002 : start command "start_timer"
RUN-1003 : finish command "start_timer" in  2.307553s wall, 2.250000s user + 0.015625s system = 2.265625s CPU (98.2%)

RUN-1004 : used memory is 1170 MB, reserved memory is 1167 MB, peak memory is 1175 MB
RUN-1003 : finish command "update_timing -mode manhattan" in  4.116611s wall, 3.890625s user + 0.062500s system = 3.953125s CPU (96.0%)

RUN-1004 : used memory is 1170 MB, reserved memory is 1167 MB, peak memory is 1175 MB
RUN-1002 : start command "report_timing_summary -file camera_to_dsi_display_place.timing"
RUN-1002 : start command "report_area -io_info -file camera_to_dsi_display_phy.area"
SYN-4034 : The count of slices with lut is 7076.
SYN-4035 : The count of slices with lut+ripple is 3173.
RUN-1001 : standard
***Report Model: design_top_wrapper Device: PH1P35MDG324***

Design Statistics
#IO                        58   out of    160   36.25%
  #input                    2
  #output                  31
  #inout                   25
#lut6                   10657   out of  21216   50.23%
#reg                    13740
  #slice reg            13740   out of  42432   32.38%
  #pad reg                  0

Utilization Statistics
#slice                  13007   out of  21216   61.31%
  #used ram               408
    #dram lut             296
    #shifter lut          112
  #used logic           12599
    #with luts           7076
    #with adder          3173
    #reg only            2350
#f7mux                      0   out of  10608    0.00%
#f8mux                      0   out of   5304    0.00%
#eram                      50   out of    108   46.30%
  #eram20k                 50
  #fifo20k                  0
#dsp                        8   out of     40   20.00%
#ddr_byte                   6   out of     12   50.00%
#mipi_tx                    0   out of      2    0.00%
#mipi_rx                    1   out of      2   50.00%
#pad                       17   out of    160   10.62%
#pll                        3   out of      6   50.00%
#gclk                       9   out of     32   28.12%
#lclk                       0   out of     12    0.00%
#sclk                       0   out of     48    0.00%
#mlclk                      2   out of      6   33.33%
#ioclk                      4   out of     18   22.22%

RUN-1002 : start command "flow_status -file place_flow.status"
Location         : D:\2026fpga\lab_hd_1_mipi_hdmi\td_project\camera_to_dsi_display_Runs\phy_1
Running with     : Tang Dynasty v6.2.168116
                   Copyright (c) 2012-2025 Anlogic Inc.
Top Model        : design_top_wrapper
Device           : PH1P35MDG324
Speed            : 3

Timing Mode      : manhattan
Setup            : WNS  1489ps  TNS        0ps  NUM_FEPS     0
Hold             : WNS  -312ps  TNS   -59957ps  NUM_FEPS   505

Flow Statistics  :
RUN-1001 : Flow Statistics:
RUN-1001 : ---------------------------------------------------------------------------------------------------
RUN-1001 :      command     |  #calls  |  wall time   |  cpu time(s)  |  used memory(mb)  |  peak memory(mb)  
RUN-1001 : ---------------------------------------------------------------------------------------------------
RUN-1001 :       place      |    1     |  2m43s(98%)  |   482(99%)    |       1170        |       1175        
RUN-1001 :   import_device  |    1     |    2s(1%)    |     2(0%)     |        323        |        323        
RUN-1001 :     import_db    |    1     |    1s(0%)    |     0(0%)     |        520        |        520        
RUN-1001 : ---------------------------------------------------------------------------------------------------
RUN-1001 :       total      |    3     |    2m46s     |      484      |       1170        |       1175        
RUN-1001 : ---------------------------------------------------------------------------------------------------
RUN-1002 : start command "report_clock_utilization -file place_clock_utilization.txt"
RUN-1002 : start command "export_db camera_to_dsi_display_place.db"
RUN-1001 : Exported flow parameters
RUN-1001 : Exported /
RUN-1001 : Exported libs
RUN-1001 : Exported entities
RUN-1001 : Exported ports
RUN-1001 : Exported pins
RUN-1001 : Exported instances
RUN-1001 : Exported nets
RUN-1001 : Exported buses
RUN-1001 : Exported models
RUN-1001 : Exported phy database
RUN-1001 : Exported packer
RUN-1001 : Exported congestions
RUN-1001 : Exported violations
RUN-1001 : Exported ATMR Setting
RUN-1001 : Exported timing constraints
RUN-1001 : Exported IO constraints
RUN-1001 : Exported Inst constraints
RUN-1001 : Exported ChipWatcher
RUN-1003 : finish command "export_db camera_to_dsi_display_place.db" in  1.123234s wall, 1.578125s user + 0.093750s system = 1.671875s CPU (148.8%)

RUN-1004 : used memory is 1193 MB, reserved memory is 1287 MB, peak memory is 1193 MB
RUN-1002 : start command "commit_param -step route"
RUN-1001 : Print Global Property
RUN-1001 : -------------------------------------------------------------
RUN-1001 :     Parameters    |   Settings   |  Default Values  |  Note  
RUN-1001 : -------------------------------------------------------------
RUN-1001 :    enable_seed    |     off      |       off        |        
RUN-1001 :    hfn_to_clock   |  1000000000  |    1000000000    |        
RUN-1001 :      message      |   standard   |     standard     |        
RUN-1001 :    qor_monitor    |      on      |        on        |        
RUN-1001 :   speedup_effort  |      0       |        0         |        
RUN-1001 :    syn_ip_flow    |     off      |       off        |        
RUN-1001 :       thread      |     auto     |       auto       |        
RUN-1001 : -------------------------------------------------------------
RUN-1001 : Print Route Property
RUN-1001 : ---------------------------------------------------------------
RUN-1001 :       Parameters      |  Settings  |  Default Values  |  Note  
RUN-1001 : ---------------------------------------------------------------
RUN-1001 :         effort        |   normal   |      normal      |        
RUN-1001 :        fix_hold       |     on     |        on        |        
RUN-1001 :   hold_fix_iteration  |     5      |        5         |        
RUN-1001 :     post_route_opt    |    auto    |       auto       |        
RUN-1001 :         timing        |     on     |        on        |        
RUN-1001 : ---------------------------------------------------------------
RUN-1002 : start command "route"
RUN-1001 : Open license file F:/AnlogicFpga/TD_6.2.1_Engineer_6.2.168.116/license/Anlogic.lic
PHY-1001 : Reconnected 29 VDD pins with routing demanding
PHY-1001 : Populate physical database on model design_top_wrapper.
RUN-1001 : Dedicate pll clock connection statistics:
RUN-1001 : Clock Region s_1_l [0,40][23,79]; Utilization: 1 out of 12
RUN-1001 : ----------------------------------------------------------------------------------------------------------------------------------------------------------------------------------------------------------------------------------
RUN-1001 :   Index  |                                    Leading Clock                                     |                                                          Special Sink                                                           
RUN-1001 : ----------------------------------------------------------------------------------------------------------------------------------------------------------------------------------------------------------------------------------
RUN-1001 :     1    |  u_ph1p35_324_ddr_wrapper/u_ddr2/ph1p_ddrmc_wrapper/ph1p_ddrmc_top/u_alc_mc_top/clk  |  u_ph1p35_324_ddr_wrapper/u_ddr2/ph1p_ddrmc_wrapper/ph1p_ddrmc_top/u_ddr_phy/u_ddrphy_top/u_ddrphy_clk/u_pll1/u_pll_inst.fbclk  
RUN-1001 : ----------------------------------------------------------------------------------------------------------------------------------------------------------------------------------------------------------------------------------
RUN-1001 : Clock Region s_1_r [24,40][43,79]; Utilization: 1 out of 12
RUN-1001 : -----------------------------------------------------------------------------------------------------------------------------------------------------------------------
RUN-1001 :   Index  |                                     Leading Clock                                     |                            Special Sink                             
RUN-1001 : -----------------------------------------------------------------------------------------------------------------------------------------------------------------------
RUN-1001 :     1    |  u_mipi_dphy_rx_ph1p_mipiio_wrapper/u_ph1p_mipiio_rx_wrapper/u_lane0_hs_detect/I_clk  |  u_PLL/ph1p_phy_pll_wrapper_25a56e5ce2f9_Inst/u_PH1P_PHY_PLL.fbclk  
RUN-1001 : -----------------------------------------------------------------------------------------------------------------------------------------------------------------------
PHY-1001 : Working orders of clock nets being processed in bank assignment:
PHY-1001 : u_ph1p35_324_ddr_wrapper/u_ddr2/ph1p_ddrmc_wrapper/ph1p_ddrmc_top/u_alc_mc_top/clk;
PHY-1001 : u_mipi_dphy_rx_ph1p_mipiio_wrapper/u_ph1p_mipiio_rx_wrapper/u_lane0_hs_detect/I_clk;
PHY-1001 : u_isp_top/u_rgb96_downscale_crop/u_scale_line_buffer/ram_f84573da5ab5_Inst/clkb;
PHY-1001 : u_hdmi_mixer/I_clk_syn_654;
PHY-1001 : I_sys_clk_syn_8;
PHY-1001 : O_cam_24m_syn_3;
PHY-1001 : u_hdmi_tx/u_hdmi2phy_wrapper/u0_lane_lvds_8_1/I_serial_clk_syn_1;
PHY-1001 : u_ph1p35_324_ddr_wrapper/u_ddr2/ph1p_ddrmc_wrapper/ph1p_ddrmc_top/u_ddr_phy/u_ddrphy_top/u_ddrphy/apb_pclk_syn_1;
PHY-1001 : u_uicfgcs500/uii2c_inst/scl_clk_syn_9;
PHY-1001 : Internal bound Intnl_0_0_25_40 is being created by clock u_ph1p35_324_ddr_wrapper/u_ddr2/usr_clk through SCLK.
PHY-1001 : Internal bound Intnl_25_0_23_40 is being created by clock MIPI_RX_BYTE_CLK through SCLK.
PHY-1001 : Internal bound Intnl_0_40_25_40 is being created by clock u_ph1p35_324_ddr_wrapper/u_ddr2/usr_clk through SCLK.
PHY-1001 : Internal bound Intnl_25_40_19_40 is being created by clock MIPI_RX_BYTE_CLK through SCLK.
RUN-1001 : Clock region assignment statistics:
RUN-1001 : Clock Region s_0_l [0,0][23,39]; Utilization: 6 out of 12
RUN-1001 : ----------------------------------------------------------------------------------------------------------------------------------------------------------------------------------------------------------------------------------------------------------------------------------------------------------------------------------------
RUN-1001 :   Bank  |                                                   Leading Clock                                                    |       Type        |                                                                          Buffer                                                                           |  Regional Clock Fanouts  
RUN-1001 : ----------------------------------------------------------------------------------------------------------------------------------------------------------------------------------------------------------------------------------------------------------------------------------------------------------------------------------------
RUN-1001 :    1    |                 u_ph1p35_324_ddr_wrapper/u_ddr2/ph1p_ddrmc_wrapper/ph1p_ddrmc_top/u_alc_mc_top/clk                 |  (infered sclk)   |   u_ph1p35_324_ddr_wrapper/u_ddr2/ph1p_ddrmc_wrapper/ph1p_ddrmc_top/u_ddr_phy/u_ddrphy_top/u_ddrphy_clk/u_pll1/u_bufg_fbclk_auto_created_sclk_s_0_l_bk1   |           1652           
RUN-1001 :    2    |                  u_isp_top/u_rgb96_downscale_crop/u_scale_line_buffer/ram_f84573da5ab5_Inst/clkb                   |  (infered sclk)   |                           u_mipi_dphy_rx_ph1p_mipiio_wrapper/u_ph1p_mipiio_rx_wrapper/bufg_feedback_auto_created_sclk_s_0_l_bk2                           |           738            
RUN-1001 :    3    |                                             u_hdmi_mixer/I_clk_syn_654                                             |  (infered sclk)   |                                              u_hdmi_mixer/I_clk_created_gclkinst_auto_created_sclk_s_0_l_bk3                                              |           103            
RUN-1001 :    4    |                                                  I_sys_clk_syn_8                                                   |  (infered sclk)   |                                               I_sys_clk_dup_6_created_gclkinst_auto_created_sclk_s_0_l_bk4                                                |            85            
RUN-1001 :    5    |                                                  O_cam_24m_syn_3                                                   |  (infered sclk)   |                                               O_cam_24m_dup_1_created_gclkinst_auto_created_sclk_s_0_l_bk5                                                |            20            
RUN-1001 :    6    |  u_ph1p35_324_ddr_wrapper/u_ddr2/ph1p_ddrmc_wrapper/ph1p_ddrmc_top/u_ddr_phy/u_ddrphy_top/u_ddrphy/apb_pclk_syn_1  |  (infered sclk)   |  u_ph1p35_324_ddr_wrapper/u_ddr2/ph1p_ddrmc_wrapper/ph1p_ddrmc_top/u_ddr_phy/u_ddrphy_top/u_ddrphy/apb_pclk_created_gclkinst_auto_created_sclk_s_0_l_bk6  |            3             
RUN-1001 : ----------------------------------------------------------------------------------------------------------------------------------------------------------------------------------------------------------------------------------------------------------------------------------------------------------------------------------------
RUN-1001 : Clock Region s_0_r [24,0][47,39]; Utilization: 6 out of 12
RUN-1001 : ---------------------------------------------------------------------------------------------------------------------------------------------------------------------------------------------------------------------------------------------------------------------------------------------------------
RUN-1001 :   Bank  |                                     Leading Clock                                     |       Type        |                                                                         Buffer                                                                          |  Regional Clock Fanouts  
RUN-1001 : ---------------------------------------------------------------------------------------------------------------------------------------------------------------------------------------------------------------------------------------------------------------------------------------------------------
RUN-1001 :    1    |    u_isp_top/u_rgb96_downscale_crop/u_scale_line_buffer/ram_f84573da5ab5_Inst/clkb    |  (infered sclk)   |                          u_mipi_dphy_rx_ph1p_mipiio_wrapper/u_ph1p_mipiio_rx_wrapper/bufg_feedback_auto_created_sclk_s_0_r_bk1                          |           1702           
RUN-1001 :    2    |  u_ph1p35_324_ddr_wrapper/u_ddr2/ph1p_ddrmc_wrapper/ph1p_ddrmc_top/u_alc_mc_top/clk   |  (infered sclk)   |  u_ph1p35_324_ddr_wrapper/u_ddr2/ph1p_ddrmc_wrapper/ph1p_ddrmc_top/u_ddr_phy/u_ddrphy_top/u_ddrphy_clk/u_pll1/u_bufg_fbclk_auto_created_sclk_s_0_r_bk2  |           263            
RUN-1001 :    3    |                              u_hdmi_mixer/I_clk_syn_654                               |  (infered sclk)   |                                             u_hdmi_mixer/I_clk_created_gclkinst_auto_created_sclk_s_0_r_bk3                                             |           185            
RUN-1001 :    4    |                                    O_cam_24m_syn_3                                    |  (infered sclk)   |                                              O_cam_24m_dup_1_created_gclkinst_auto_created_sclk_s_0_r_bk4                                               |            52            
RUN-1001 :    5    |                         u_uicfgcs500/uii2c_inst/scl_clk_syn_9                         |  (infered sclk)   |                                      u_uicfgcs500/uii2c_inst/scl_clk_created_gclkinst_auto_created_sclk_s_0_r_bk5                                       |            18            
RUN-1001 :    6    |  u_mipi_dphy_rx_ph1p_mipiio_wrapper/u_ph1p_mipiio_rx_wrapper/u_lane0_hs_detect/I_clk  |  (infered sclk)   |                                                     u_PLL/bufg_feedback_auto_created_sclk_s_0_r_bk6                                                     |            7             
RUN-1001 : ---------------------------------------------------------------------------------------------------------------------------------------------------------------------------------------------------------------------------------------------------------------------------------------------------------
RUN-1001 : Clock Region s_1_l [0,40][23,79]; Utilization: 3 out of 12
RUN-1001 : ----------------------------------------------------------------------------------------------------------------------------------------------------------------------------------------------------------------------------------------------------------------------------------------------------------------------------------------
RUN-1001 :   Bank  |                                                   Leading Clock                                                    |       Type        |                                                                          Buffer                                                                           |  Regional Clock Fanouts  
RUN-1001 : ----------------------------------------------------------------------------------------------------------------------------------------------------------------------------------------------------------------------------------------------------------------------------------------------------------------------------------------
RUN-1001 :    1    |                 u_ph1p35_324_ddr_wrapper/u_ddr2/ph1p_ddrmc_wrapper/ph1p_ddrmc_top/u_alc_mc_top/clk                 |  (infered sclk)   |   u_ph1p35_324_ddr_wrapper/u_ddr2/ph1p_ddrmc_wrapper/ph1p_ddrmc_top/u_ddr_phy/u_ddrphy_top/u_ddrphy_clk/u_pll1/u_bufg_fbclk_auto_created_sclk_s_1_l_bk1   |           239            
RUN-1001 :    2    |                  u_isp_top/u_rgb96_downscale_crop/u_scale_line_buffer/ram_f84573da5ab5_Inst/clkb                   |  (infered sclk)   |                           u_mipi_dphy_rx_ph1p_mipiio_wrapper/u_ph1p_mipiio_rx_wrapper/bufg_feedback_auto_created_sclk_s_1_l_bk2                           |           1475           
RUN-1001 :    3    |  u_ph1p35_324_ddr_wrapper/u_ddr2/ph1p_ddrmc_wrapper/ph1p_ddrmc_top/u_ddr_phy/u_ddrphy_top/u_ddrphy/apb_pclk_syn_1  |  (infered sclk)   |  u_ph1p35_324_ddr_wrapper/u_ddr2/ph1p_ddrmc_wrapper/ph1p_ddrmc_top/u_ddr_phy/u_ddrphy_top/u_ddrphy/apb_pclk_created_gclkinst_auto_created_sclk_s_1_l_bk3  |            26            
RUN-1001 : ----------------------------------------------------------------------------------------------------------------------------------------------------------------------------------------------------------------------------------------------------------------------------------------------------------------------------------------
RUN-1001 : Clock Region s_1_r [24,40][43,79]; Utilization: 5 out of 12
RUN-1001 : ---------------------------------------------------------------------------------------------------------------------------------------------------------------------------------------------------------------------------------------------------------------------------------------------------------
RUN-1001 :   Bank  |                                     Leading Clock                                     |       Type        |                                                                         Buffer                                                                          |  Regional Clock Fanouts  
RUN-1001 : ---------------------------------------------------------------------------------------------------------------------------------------------------------------------------------------------------------------------------------------------------------------------------------------------------------
RUN-1001 :    1    |  u_mipi_dphy_rx_ph1p_mipiio_wrapper/u_ph1p_mipiio_rx_wrapper/u_lane0_hs_detect/I_clk  |  (infered sclk)   |                                                     u_PLL/bufg_feedback_auto_created_sclk_s_1_r_bk1                                                     |            1             
RUN-1001 :    2    |    u_isp_top/u_rgb96_downscale_crop/u_scale_line_buffer/ram_f84573da5ab5_Inst/clkb    |  (infered sclk)   |                          u_mipi_dphy_rx_ph1p_mipiio_wrapper/u_ph1p_mipiio_rx_wrapper/bufg_feedback_auto_created_sclk_s_1_r_bk2                          |           1125           
RUN-1001 :    3    |                              u_hdmi_mixer/I_clk_syn_654                               |  (infered sclk)   |                                             u_hdmi_mixer/I_clk_created_gclkinst_auto_created_sclk_s_1_r_bk3                                             |           595            
RUN-1001 :    4    |           u_hdmi_tx/u_hdmi2phy_wrapper/u0_lane_lvds_8_1/I_serial_clk_syn_1            |  (infered sclk)   |                         u_hdmi_tx/u_hdmi2phy_wrapper/u0_lane_lvds_8_1/I_serial_clk_created_gclkinst_auto_created_sclk_s_1_r_bk4                         |            36            
RUN-1001 :    5    |  u_ph1p35_324_ddr_wrapper/u_ddr2/ph1p_ddrmc_wrapper/ph1p_ddrmc_top/u_alc_mc_top/clk   |  (infered sclk)   |  u_ph1p35_324_ddr_wrapper/u_ddr2/ph1p_ddrmc_wrapper/ph1p_ddrmc_top/u_ddr_phy/u_ddrphy_top/u_ddrphy_clk/u_pll1/u_bufg_fbclk_auto_created_sclk_s_1_r_bk5  |            25            
RUN-1001 : ---------------------------------------------------------------------------------------------------------------------------------------------------------------------------------------------------------------------------------------------------------------------------------------------------------
PHY-1001 : Populate physical database on model design_top_wrapper.
PHY-1001 : Route runs in 32 thread(s)
RUN-1001 : There are total 13519 instances
RUN-1001 : 408 mslices, 12599 lslices, 54 pads, 50 brams, 8 dsps
RUN-1001 : There are total 31621 nets
RUN-1001 : 20105 nets have 2 pins
RUN-1001 : 8992 nets have [3 - 5] pins
RUN-1001 : 1726 nets have [6 - 10] pins
RUN-1001 : 505 nets have [11 - 20] pins
RUN-1001 : 274 nets have [21 - 99] pins
RUN-1001 : 19 nets have 100+ pins
RUN-1002 : start command "start_timer"
RUN-1003 : finish command "start_timer" in  4.062868s wall, 3.921875s user + 0.031250s system = 3.953125s CPU (97.3%)

RUN-1004 : used memory is 1198 MB, reserved memory is 1292 MB, peak memory is 1198 MB
PHY-1001 : 408 mslices, 12599 lslices, 54 pads, 50 brams, 8 dsps

PHY-1001 : Stage 1 | Global Routing
PHY-1001 : Start global routing, caller is route ...
RUN-1001 : Generating global routing grids ...
PHY-1001 : Generate routing nets ...
RUN-1001 : Generate nets statistics:
RUN-1001 : ----------------------------
RUN-1001 :        Type       |  Nets   
RUN-1001 : ----------------------------
RUN-1001 :   TotalRouteNets  |  22188  
RUN-1001 :   DontRouteNets   |  4519   
RUN-1001 :     RouteNets     |  17669  
RUN-1001 :     RouteSinks    |  33314  
RUN-1001 : ----------------------------
PHY-1001 : Global iterations in 32 thread ...
PHY-1002 : len = 1.57094e+06, over cnt = 1821(2%), over = 4064, worst = 9
PHY-1002 : len = 1.61766e+06, over cnt = 1242(1%), over = 2287, worst = 9
PHY-1002 : len = 1.67419e+06, over cnt = 261(0%), over = 389, worst = 6
PHY-1002 : len = 1.68464e+06, over cnt = 0(0%), over = 0, worst = 0
PHY-1001 : End global iterations;  2.148628s wall, 3.781250s user + 0.046875s system = 3.828125s CPU (178.2%)

PHY-1001 : Congestion index:
PHY-1001 : top1  = 81.69(S 63.24, N 56.41, E 71.71, W 78.62, I 69.16, O 78.12)
PHY-1001 : top5  = 67.75(S 51.40, N 47.42, E 56.96, W 59.79, I 51.75, O 59.21)
PHY-1001 : top10 = 61.15(S 44.03, N 42.50, E 48.56, W 51.54, I 45.50, O 52.99)
PHY-1001 : top15 = 56.95(S 39.14, N 38.85, E 43.34, W 46.36, I 41.44, O 48.88)
PHY-1001 : End global routing;  2.655413s wall, 4.312500s user + 0.046875s system = 4.359375s CPU (164.2%)

PHY-1001 : End Stage 1 | Global Routing; Time: 2.655493s wall, 4.312500s user + 0.046875s system = 4.359375s CPU (164.2%); Memory(MB): used = 1221, reserved = 1292, peak = 1221;

PHY-1001 : Stage 2 | Detail Routing
PHY-1001 : Stage 2.1 | Build Routing Design
PHY-1001 : Routing in high effort: false
PHY-1001 : Routing Mode: normal
PHY-1001 : Generate detailed routing grids ...
RUN-1001 : Constructing routing connections ...
PHY-1001 : End build routing graph; 4.256361s wall, 24.890625s user + 0.265625s system = 25.156250s CPU (591.0%)

PHY-1001 : Generate nets ...
RUN-1001 : Generate nets statistics:
RUN-1001 : ------------------------------
RUN-1001 :         Type        |  Nets   
RUN-1001 : ------------------------------
RUN-1001 :        Route        |  22489  
RUN-1001 :      DontRoute      |  9132   
RUN-1001 :      RouteSinks     |  68311  
RUN-1001 :   RouteEntitySinks  |    0    
RUN-1001 :       Lut2Dff       |    0    
RUN-1001 :       Ram2Dff       |    0    
RUN-1001 :      Carry2Dff      |    0    
RUN-1001 : ------------------------------
RUN-1001 : DR clock net summary:
RUN-1001 : ---------------------------------------------------------------------------------------------------------------------------------------------------
RUN-1001 :   Net Idx  |                                                        Net Name                                                        |  Clock Type  
RUN-1001 : ---------------------------------------------------------------------------------------------------------------------------------------------------
RUN-1001 :      1     |                                                    I_sys_clk_dup_6                                                     |    Normal    
RUN-1001 :      2     |                                                    I_sys_clk_syn_8                                                     |    Normal    
RUN-1001 :      3     |                                                    O_cam_24m_dup_1                                                     |    Normal    
RUN-1001 :      4     |                                                    O_cam_24m_syn_3                                                     |    Normal    
RUN-1001 :      5     |                                                     u_PLL/clk0_buf                                                     |    Normal    
RUN-1001 :      6     |                                                   u_hdmi_mixer/I_clk                                                   |    Normal    
RUN-1001 :      7     |                                               u_hdmi_mixer/I_clk_syn_654                                               |    Normal    
RUN-1001 :      8     |                               u_hdmi_tx/u_hdmi2phy_wrapper/u0_lane_lvds_8_1/I_serial_clk                               |    Normal    
RUN-1001 :      9     |                            u_hdmi_tx/u_hdmi2phy_wrapper/u0_lane_lvds_8_1/I_serial_clk_syn_1                            |    Normal    
RUN-1001 :     10     |                    u_isp_top/u_rgb96_downscale_crop/u_scale_line_buffer/ram_f84573da5ab5_Inst/clkb                     |    Normal    
RUN-1001 :     11     |                     u_mipi_dphy_rx_ph1p_mipiio_wrapper/u_ph1p_mipiio_rx_wrapper/S_mipiio_hs_rx_clk                     |    Normal    
RUN-1001 :     12     |                  u_mipi_dphy_rx_ph1p_mipiio_wrapper/u_ph1p_mipiio_rx_wrapper/u_lane0_hs_detect/I_clk                   |    Normal    
RUN-1001 :     13     |                   u_ph1p35_324_ddr_wrapper/u_ddr2/ph1p_ddrmc_wrapper/ph1p_ddrmc_top/u_alc_mc_top/clk                   |    Normal    
RUN-1001 :     14     |       u_ph1p35_324_ddr_wrapper/u_ddr2/ph1p_ddrmc_wrapper/ph1p_ddrmc_top/u_ddr_phy/u_ddrphy_top/u_ddrphy/apb_pclk       |    Normal    
RUN-1001 :     15     |    u_ph1p35_324_ddr_wrapper/u_ddr2/ph1p_ddrmc_wrapper/ph1p_ddrmc_top/u_ddr_phy/u_ddrphy_top/u_ddrphy/apb_pclk_syn_1    |    Normal    
RUN-1001 :     16     |      u_ph1p35_324_ddr_wrapper/u_ddr2/ph1p_ddrmc_wrapper/ph1p_ddrmc_top/u_ddr_phy/u_ddrphy_top/u_ddrphy/ctl_clk[0]      |    Normal    
RUN-1001 :     17     |      u_ph1p35_324_ddr_wrapper/u_ddr2/ph1p_ddrmc_wrapper/ph1p_ddrmc_top/u_ddr_phy/u_ddrphy_top/u_ddrphy/ctl_clk[1]      |    Normal    
RUN-1001 :     18     |      u_ph1p35_324_ddr_wrapper/u_ddr2/ph1p_ddrmc_wrapper/ph1p_ddrmc_top/u_ddr_phy/u_ddrphy_top/u_ddrphy/ddr_clk[0]      |    Normal    
RUN-1001 :     19     |      u_ph1p35_324_ddr_wrapper/u_ddr2/ph1p_ddrmc_wrapper/ph1p_ddrmc_top/u_ddr_phy/u_ddrphy_top/u_ddrphy/ddr_clk[1]      |    Normal    
RUN-1001 :     20     |    u_ph1p35_324_ddr_wrapper/u_ddr2/ph1p_ddrmc_wrapper/ph1p_ddrmc_top/u_ddr_phy/u_ddrphy_top/u_ddrphy_clk/pll0_clk_1    |    Normal    
RUN-1001 :     21     |    u_ph1p35_324_ddr_wrapper/u_ddr2/ph1p_ddrmc_wrapper/ph1p_ddrmc_top/u_ddr_phy/u_ddrphy_top/u_ddrphy_clk/pll0_clk_2    |    Normal    
RUN-1001 :     22     |   u_ph1p35_324_ddr_wrapper/u_ddr2/ph1p_ddrmc_wrapper/ph1p_ddrmc_top/u_ddr_phy/u_ddrphy_top/u_ddrphy_clk/pll0_mlclk_1   |    Normal    
RUN-1001 :     23     |   u_ph1p35_324_ddr_wrapper/u_ddr2/ph1p_ddrmc_wrapper/ph1p_ddrmc_top/u_ddr_phy/u_ddrphy_top/u_ddrphy_clk/pll0_mlclk_2   |    Normal    
RUN-1001 :     24     |  u_ph1p35_324_ddr_wrapper/u_ddr2/ph1p_ddrmc_wrapper/ph1p_ddrmc_top/u_ddr_phy/u_ddrphy_top/u_ddrphy_clk/u_pll1/clkc[0]  |    Normal    
RUN-1001 :     25     |  u_ph1p35_324_ddr_wrapper/u_ddr2/ph1p_ddrmc_wrapper/ph1p_ddrmc_top/u_ddr_phy/u_ddrphy_top/u_ddrphy_clk/u_pll1/refclk   |    Normal    
RUN-1001 :     26     |                                            u_uicfgcs500/uii2c_inst/scl_clk                                             |    Normal    
RUN-1001 :     27     |                                         u_uicfgcs500/uii2c_inst/scl_clk_syn_9                                          |    Normal    
RUN-1001 : ---------------------------------------------------------------------------------------------------------------------------------------------------
RUN-1001 : DR clock buffer summary:
RUN-1001 : -------------------------------------------------------------------------------------------------------------------------------------------------------------------
RUN-1001 :   Idx  |                                                                           Name                                                                            
RUN-1001 : -------------------------------------------------------------------------------------------------------------------------------------------------------------------
RUN-1001 :    1   |   u_ph1p35_324_ddr_wrapper/u_ddr2/ph1p_ddrmc_wrapper/ph1p_ddrmc_top/u_ddr_phy/u_ddrphy_top/u_ddrphy_clk/u_pll1/u_bufg_fbclk_auto_created_sclk_s_0_l_bk1   
RUN-1001 :    2   |                           u_mipi_dphy_rx_ph1p_mipiio_wrapper/u_ph1p_mipiio_rx_wrapper/bufg_feedback_auto_created_sclk_s_0_l_bk2                           
RUN-1001 :    3   |                                              u_hdmi_mixer/I_clk_created_gclkinst_auto_created_sclk_s_0_l_bk3                                              
RUN-1001 :    4   |                                               I_sys_clk_dup_6_created_gclkinst_auto_created_sclk_s_0_l_bk4                                                
RUN-1001 :    5   |                                               O_cam_24m_dup_1_created_gclkinst_auto_created_sclk_s_0_l_bk5                                                
RUN-1001 :    6   |  u_ph1p35_324_ddr_wrapper/u_ddr2/ph1p_ddrmc_wrapper/ph1p_ddrmc_top/u_ddr_phy/u_ddrphy_top/u_ddrphy/apb_pclk_created_gclkinst_auto_created_sclk_s_0_l_bk6  
RUN-1001 :    7   |                           u_mipi_dphy_rx_ph1p_mipiio_wrapper/u_ph1p_mipiio_rx_wrapper/bufg_feedback_auto_created_sclk_s_0_r_bk1                           
RUN-1001 :    8   |   u_ph1p35_324_ddr_wrapper/u_ddr2/ph1p_ddrmc_wrapper/ph1p_ddrmc_top/u_ddr_phy/u_ddrphy_top/u_ddrphy_clk/u_pll1/u_bufg_fbclk_auto_created_sclk_s_0_r_bk2   
RUN-1001 :    9   |                                              u_hdmi_mixer/I_clk_created_gclkinst_auto_created_sclk_s_0_r_bk3                                              
RUN-1001 :   10   |                                               O_cam_24m_dup_1_created_gclkinst_auto_created_sclk_s_0_r_bk4                                                
RUN-1001 :   11   |                                       u_uicfgcs500/uii2c_inst/scl_clk_created_gclkinst_auto_created_sclk_s_0_r_bk5                                        
RUN-1001 :   12   |                                                      u_PLL/bufg_feedback_auto_created_sclk_s_0_r_bk6                                                      
RUN-1001 :   13   |   u_ph1p35_324_ddr_wrapper/u_ddr2/ph1p_ddrmc_wrapper/ph1p_ddrmc_top/u_ddr_phy/u_ddrphy_top/u_ddrphy_clk/u_pll1/u_bufg_fbclk_auto_created_sclk_s_1_l_bk1   
RUN-1001 :   14   |                           u_mipi_dphy_rx_ph1p_mipiio_wrapper/u_ph1p_mipiio_rx_wrapper/bufg_feedback_auto_created_sclk_s_1_l_bk2                           
RUN-1001 :   15   |  u_ph1p35_324_ddr_wrapper/u_ddr2/ph1p_ddrmc_wrapper/ph1p_ddrmc_top/u_ddr_phy/u_ddrphy_top/u_ddrphy/apb_pclk_created_gclkinst_auto_created_sclk_s_1_l_bk3  
RUN-1001 :   16   |                                                      u_PLL/bufg_feedback_auto_created_sclk_s_1_r_bk1                                                      
RUN-1001 :   17   |                           u_mipi_dphy_rx_ph1p_mipiio_wrapper/u_ph1p_mipiio_rx_wrapper/bufg_feedback_auto_created_sclk_s_1_r_bk2                           
RUN-1001 :   18   |                                              u_hdmi_mixer/I_clk_created_gclkinst_auto_created_sclk_s_1_r_bk3                                              
RUN-1001 :   19   |                          u_hdmi_tx/u_hdmi2phy_wrapper/u0_lane_lvds_8_1/I_serial_clk_created_gclkinst_auto_created_sclk_s_1_r_bk4                          
RUN-1001 :   20   |   u_ph1p35_324_ddr_wrapper/u_ddr2/ph1p_ddrmc_wrapper/ph1p_ddrmc_top/u_ddr_phy/u_ddrphy_top/u_ddrphy_clk/u_pll1/u_bufg_fbclk_auto_created_sclk_s_1_r_bk5   
RUN-1001 : -------------------------------------------------------------------------------------------------------------------------------------------------------------------
PHY-1001 : End Stage 2.1 | Build Routing Design; Time: 4.906114s wall, 25.500000s user + 0.296875s system = 25.796875s CPU (525.8%); Memory(MB): used = 1542, reserved = 1535, peak = 1542;

RUN-1001 : Top Percentage Crit. Net Stat.
RUN-1001 : -------------------------------------------------------
RUN-1001 :   Top %  |  Net Count  |  Avg. Fanout  |  Avg. Slack   
RUN-1001 : -------------------------------------------------------
RUN-1001 :     1    |     316     |   4.569620    |  2884.034810  
RUN-1001 :     2    |     632     |   3.838608    |  3265.930380  
RUN-1001 :     3    |     948     |   3.405063    |  3541.489451  
RUN-1001 :     4    |    1264     |   3.368671    |  3833.049051  
RUN-1001 :     5    |    1581     |   3.328273    |  4068.258697  
RUN-1001 :     6    |    1897     |   3.328413    |  4256.031629  
RUN-1001 :     7    |    2213     |   3.208315    |  4409.177135  
RUN-1001 :     8    |    2529     |   3.086200    |  4539.784895  
RUN-1001 :     9    |    2845     |   3.040422    |  4653.272056  
RUN-1001 :    10    |    3162     |   2.988615    |  4754.629981  
RUN-1001 : -------------------------------------------------------
PHY-1001 : Stage 2.2 | Tile Base Routing
PHY-1001 : 189 nets need to preroute.
PHY-1001 : len = 0, over cnt = 0(0%), over = 0, worst = 0, crit = 0
PHY-1001 : End Stage 2.2 | Tile Base Routing; Time: 0.618169s wall, 6.812500s user + 0.031250s system = 6.843750s CPU (1107.1%); Memory(MB): used = 1545, reserved = 1538, peak = 1545;

PHY-1001 : Stage 2.3 | Clock Nets Routing
PHY-1001 : Routed 0% nets.
PHY-1001 : len = 390048, over cnt = 0(0%), over = 0, worst = 0, crit = 0
PHY-1001 : End Stage 2.3 | Clock Nets Routing; Time: 1.586429s wall, 1.625000s user + 0.000000s system = 1.625000s CPU (102.4%); Memory(MB): used = 1581, reserved = 1574, peak = 1581;

PHY-1001 : Stage 2.4 | Routing Initialization
PHY-1001 : Mark 1% net(place mode slack < 3442ps) as critical nets.
PHY-1001 : Stage 2.4.1 | Normal Nets Routing
PHY-1001 : Routed 71% nets.
PHY-1001 : len = 2.6969e+06, over cnt = 12440(0%), over = 13293, worst = 4, crit = 0
PHY-1001 : End Stage 2.4.1 | Normal Nets Routing; Time: 11.145198s wall, 23.875000s user + 0.437500s system = 24.312500s CPU (218.1%); Memory(MB): used = 1623, reserved = 1617, peak = 1623;

PHY-1001 : Stage 2.4.2 | Update Timing
RUN-1002 : start command "start_timer"
USR-1002 : Derived clock:  create_generated_clock -name {u_PLL/ph1p_phy_pll_wrapper_25a56e5ce2f9_Inst/u_PH1P_PHY_PLL.clkc[0]} -source [get_ports {I_sys_clk}] -master_clock {sys_clk_50m} -multiply_by 2.0000 -duty_cycle 50.0000 [get_pins {u_PLL/ph1p_phy_pll_wrapper_25a56e5ce2f9_Inst/u_PH1P_PHY_PLL.clkc[0]}]
USR-1002 : Derived clock:  create_generated_clock -name {u_PLL/ph1p_phy_pll_wrapper_25a56e5ce2f9_Inst/u_PH1P_PHY_PLL.clkc[1]} -source [get_ports {I_sys_clk}] -master_clock {sys_clk_50m} -divide_by 2.1000 -duty_cycle 50.0000 [get_pins {u_PLL/ph1p_phy_pll_wrapper_25a56e5ce2f9_Inst/u_PH1P_PHY_PLL.clkc[1]}]
USR-1002 : Derived clock:  create_generated_clock -name {u_PLL/ph1p_phy_pll_wrapper_25a56e5ce2f9_Inst/u_PH1P_PHY_PLL.clkc[4]} -source [get_ports {I_sys_clk}] -master_clock {sys_clk_50m} -multiply_by 1.5000 -duty_cycle 50.0000 [get_pins {u_PLL/ph1p_phy_pll_wrapper_25a56e5ce2f9_Inst/u_PH1P_PHY_PLL.clkc[4]}]
USR-1002 : Derived clock:  create_generated_clock -name {u_PLL/ph1p_phy_pll_wrapper_25a56e5ce2f9_Inst/u_PH1P_PHY_PLL.clkc[5]} -source [get_ports {I_sys_clk}] -master_clock {sys_clk_50m} -multiply_by 7.5000 -duty_cycle 50.0000 [get_pins {u_PLL/ph1p_phy_pll_wrapper_25a56e5ce2f9_Inst/u_PH1P_PHY_PLL.clkc[5]}]
USR-1002 : Derived clock:  create_generated_clock -name {u_ph1p35_324_ddr_wrapper/u_ddr2/ph1p_ddrmc_wrapper/ph1p_ddrmc_top/u_ddr_phy/u_ddrphy_top/u_ddrphy_clk/u_pll0/u_pll_inst.clkc[0]} -source [get_ports {I_sys_clk}] -master_clock {sys_clk_50m} -multiply_by 1.3333 -duty_cycle 50.0000 [get_pins {u_ph1p35_324_ddr_wrapper/u_ddr2/ph1p_ddrmc_wrapper/ph1p_ddrmc_top/u_ddr_phy/u_ddrphy_top/u_ddrphy_clk/u_pll0/u_pll_inst.clkc[0]}]
USR-1002 : Derived clock:  create_generated_clock -name {u_ph1p35_324_ddr_wrapper/u_ddr2/ph1p_ddrmc_wrapper/ph1p_ddrmc_top/u_ddr_phy/u_ddrphy_top/u_ddrphy_clk/u_pll0/u_pll_inst.clkc[1]} -source [get_ports {I_sys_clk}] -master_clock {sys_clk_50m} -multiply_by 1.3333 -duty_cycle 50.0000 [get_pins {u_ph1p35_324_ddr_wrapper/u_ddr2/ph1p_ddrmc_wrapper/ph1p_ddrmc_top/u_ddr_phy/u_ddrphy_top/u_ddrphy_clk/u_pll0/u_pll_inst.clkc[1]}]
USR-1002 : Derived clock:  create_generated_clock -name {u_ph1p35_324_ddr_wrapper/u_ddr2/ph1p_ddrmc_wrapper/ph1p_ddrmc_top/u_ddr_phy/u_ddrphy_top/u_ddrphy_clk/u_pll0/u_pll_inst.clkc[2]} -source [get_ports {I_sys_clk}] -master_clock {sys_clk_50m} -multiply_by 5.3333 -duty_cycle 50.0000 [get_pins {u_ph1p35_324_ddr_wrapper/u_ddr2/ph1p_ddrmc_wrapper/ph1p_ddrmc_top/u_ddr_phy/u_ddrphy_top/u_ddrphy_clk/u_pll0/u_pll_inst.clkc[2]}]
USR-1002 : Derived clock:  create_generated_clock -name {u_ph1p35_324_ddr_wrapper/u_ddr2/ph1p_ddrmc_wrapper/ph1p_ddrmc_top/u_ddr_phy/u_ddrphy_top/u_ddrphy_clk/u_pll0/u_pll_inst.clkc[3]} -source [get_ports {I_sys_clk}] -master_clock {sys_clk_50m} -divide_by 1.9687 -duty_cycle 50.0000 [get_pins {u_ph1p35_324_ddr_wrapper/u_ddr2/ph1p_ddrmc_wrapper/ph1p_ddrmc_top/u_ddr_phy/u_ddrphy_top/u_ddrphy_clk/u_pll0/u_pll_inst.clkc[3]}]
USR-1002 : Derived clock:  create_generated_clock -name {u_ph1p35_324_ddr_wrapper/u_ddr2/ph1p_ddrmc_wrapper/ph1p_ddrmc_top/u_ddr_phy/u_ddrphy_top/u_ddrphy_clk/u_pll1/u_pll_inst.clkc[0]} -source [get_pins {u_ph1p35_324_ddr_wrapper/u_ddr2/ph1p_ddrmc_wrapper/ph1p_ddrmc_top/u_ddr_phy/u_ddrphy_top/u_ddrphy_clk/u_pll0/u_pll_inst.clkc[0]}] -master_clock {u_ph1p35_324_ddr_wrapper/u_ddr2/ph1p_ddrmc_wrapper/ph1p_ddrmc_top/u_ddr_phy/u_ddrphy_top/u_ddrphy_clk/u_pll0/u_pll_inst.clkc[0]} -multiply_by 1.0000 -duty_cycle 50.0000 [get_pins {u_ph1p35_324_ddr_wrapper/u_ddr2/ph1p_ddrmc_wrapper/ph1p_ddrmc_top/u_ddr_phy/u_ddrphy_top/u_ddrphy_clk/u_pll1/u_pll_inst.clkc[0]}]
8.888000
15.000000
15.000000
13.333000
RUN-1003 : finish command "start_timer" in  2.544690s wall, 2.515625s user + 0.015625s system = 2.531250s CPU (99.5%)

RUN-1004 : used memory is 1624 MB, reserved memory is 1617 MB, peak memory is 1624 MB
TMR-2502 : Net delay update with mode: Routed
PHY-1001 : 0/22188(0%) critical/total net(s).
PHY-1001 : Setup: WNS(ns) = 1.313, TNS(ns) = 0.000, FEP = 0 | Hold: WNS(ns) = -0.206, TNS(ns) = -13.974, FEP = 274.
PHY-1001 : End Stage 2.4.2 | Update Timing; Time: 7.768132s wall, 7.640625s user + 0.031250s system = 7.671875s CPU (98.8%); Memory(MB): used = 1732, reserved = 1725, peak = 1732;

PHY-1001 : Stage 2.4.3 | Deskew Clock Tree
RUN-1001 : Deskew Summary
RUN-1001 : ---------------------------------------------------------------------------------------------------------------------------------
RUN-1001 :                                                 Clock                                                 |  Pre-Skew  |  Post-Skew  
RUN-1001 : ---------------------------------------------------------------------------------------------------------------------------------
RUN-1001 :                                             mipi_rx_ck_pad                                            |     32     |     32      
RUN-1001 :   u_mipi_dphy_rx_ph1p_mipiio_wrapper/u_ph1p_mipiio_rx_wrapper/u_PH1P_LOGIC_DPHY_MIPI_RX.io_clk_pad_p  |     32     |     32      
RUN-1001 :                                            MIPI_RX_BYTE_CLK                                           |     32     |     32      
RUN-1001 :                                              pll_clk_100m                                             |     20     |     20      
RUN-1001 :                                             HDMI_PIXEL_CLK                                            |     13     |     13      
RUN-1001 :                                u_ph1p35_324_ddr_wrapper/u_ddr2/usr_clk                                |     15     |     15      
RUN-1001 :                                u_ph1p35_324_ddr_wrapper/u_ddr2/mcu_clk                                |     13     |     13      
RUN-1001 :                                              pll_clk_24m                                              |     4      |      4      
RUN-1001 : ---------------------------------------------------------------------------------------------------------------------------------
PHY-1001 : 0/22188(0%) critical/total net(s).
PHY-1001 : Setup: WNS(ns) = 1.313, TNS(ns) = 0.000, FEP = 0 | Hold: WNS(ns) = -0.206, TNS(ns) = -13.974, FEP = 274.
PHY-1001 : End Stage 2.4.3 | Deskew Clock Tree; Time: 5.273193s wall, 5.031250s user + 0.015625s system = 5.046875s CPU (95.7%); Memory(MB): used = 1762, reserved = 1754, peak = 1762;

PHY-1001 : End Stage 2.4 | Routing Initialization; Time: 24.349136s wall, 36.687500s user + 0.500000s system = 37.187500s CPU (152.7%); Memory(MB): used = 1762, reserved = 1754, peak = 1762;

PHY-1001 : Stage 2.5 | Routing Optimization
PHY-1001 : Build lut bridge;  0.177794s wall, 0.187500s user + 0.000000s system = 0.187500s CPU (105.5%)

PHY-1001 : Stage 2.5.1 | Phase 1
PHY-1001 : Stage 2.5.1.1 | Hold TimeOptimization
PHY-1001 : Iter 0; Processed 361 pins with HWNS -0.206ns HTNS -5.150ns FEP 110 took 0.902263 seconds.
PHY-1001 : Iter 1; Processed 501 pins with HWNS -0.008ns HTNS -0.008ns FEP 1 took 2.42732 seconds.
PHY-1001 : len = 2.7405e+06, over cnt = 12323(0%), over = 13169, worst = 4, crit = 0
PHY-1001 : End Stage 2.5.1.1 | Hold TimeOptimization; Time: 3.440761s wall, 3.593750s user + 0.046875s system = 3.640625s CPU (105.8%); Memory(MB): used = 1764, reserved = 1756, peak = 1764;

PHY-1001 : Stage 2.5.1.2 | High Fanout Nets Optimization
PHY-1001 : High fanout net optimize summary:
PHY-1001 : Process 0 nets and 0 pins with SWNS 1.313ns STNS 0.000ns FEP 0.
PHY-1001 : len = 2.7405e+06, over cnt = 12323(0%), over = 13169, worst = 4, crit = 0
PHY-1001 : End Stage 2.5.1.2 | High Fanout Nets Optimization; Time: 0.280689s wall, 0.421875s user + 0.000000s system = 0.421875s CPU (150.3%); Memory(MB): used = 1764, reserved = 1756, peak = 1764;

PHY-1001 : Stage 2.5.1.3 | Setup TimeOptimization
PHY-1001 : Mark 0 critical net(s) and 0 critical pin(s).
PHY-1001 : len = 2.7405e+06, over cnt = 12323(0%), over = 13169, worst = 4, crit = 0
PHY-1001 : End Stage 2.5.1.3 | Setup TimeOptimization; Time: 0.442887s wall, 0.421875s user + 0.000000s system = 0.421875s CPU (95.3%); Memory(MB): used = 1764, reserved = 1756, peak = 1764;

PHY-1001 : Stage 2.5.1.4 | Rip-up And ReRoute
PHY-0007 : Congestion: {80.61, 70.54, 65.27, 61.93}; Timing: {1.313ns, 0.000ns, 0}
PHY-1001 : Iter 1: len = 2.82362e+06, over cnt = 5432(0%), over = 5599, worst = 3, crit = 0, time(s) = 6.41
PHY-1001 : Iter 2: len = 2.8472e+06, over cnt = 3205(0%), over = 3247, worst = 2, crit = 0, time(s) = 2.89
PHY-1001 : Iter 3: len = 2.85315e+06, over cnt = 2453(0%), over = 2466, worst = 2, crit = 0, time(s) = 1.89
PHY-1001 : Iter 4: len = 2.88835e+06, over cnt = 1158(0%), over = 1160, worst = 2, crit = 0, time(s) = 2.27
PHY-1001 : Iter 5: len = 2.89725e+06, over cnt = 799(0%), over = 799, worst = 1, crit = 0, time(s) = 1.42
PHY-1001 : Iter 6: len = 2.90045e+06, over cnt = 679(0%), over = 679, worst = 1, crit = 0, time(s) = 0.81
PHY-1001 : Iter 7: len = 2.90109e+06, over cnt = 650(0%), over = 650, worst = 1, crit = 0, time(s) = 0.82
PHY-1001 : Marking 17 (0.44%) hot zones with cutoff utilization 81.25.
PHY-1001 : Iter 8: len = 2.93027e+06, over cnt = 139(0%), over = 139, worst = 1, crit = 0, time(s) = 0.73
PHY-1001 : Iter 9: len = 2.93638e+06, over cnt = 50(0%), over = 50, worst = 1, crit = 0, time(s) = 0.35
PHY-1001 : Iter 10: len = 2.93915e+06, over cnt = 17(0%), over = 17, worst = 1, crit = 0, time(s) = 0.15
PHY-1001 : Iter 11: len = 2.94043e+06, over cnt = 4(0%), over = 4, worst = 1, crit = 0, time(s) = 0.10
PHY-1001 : Iter 12: len = 2.94064e+06, over cnt = 1(0%), over = 1, worst = 1, crit = 0, time(s) = 0.10
PHY-1001 : Marking 17 (0.44%) hot zones with cutoff utilization 81.25.
PHY-1001 : Iter 13: len = 2.94064e+06, over cnt = 1(0%), over = 1, worst = 1, crit = 0, time(s) = 0.08
PHY-1001 : Iter 14: len = 2.94064e+06, over cnt = 0(0%), over = 0, worst = 0, crit = 0, time(s) = 0.08
PHY-1001 : Marking 17 (0.44%) hot zones with cutoff utilization 81.25.
PHY-1001 : Update congestion ...
PHY-1001 : Marking 17 (0.44%) hot zones with cutoff utilization 81.25.
PHY-1001 : Congestion index:
PHY-1001 : top1  = 84.33(S 70.84, N 63.68, E 76.53, W 81.89, I 69.16, O 78.12)
PHY-1001 : top5  = 74.64(S 60.11, N 56.00, E 65.04, W 70.71, I 51.75, O 59.21)
PHY-1001 : top10 = 69.42(S 54.51, N 51.92, E 58.66, W 64.33, I 45.50, O 52.99)
PHY-1001 : top15 = 66.12(S 50.74, N 48.98, E 54.13, W 59.92, I 41.44, O 48.88)
PHY-1001 : End update congestion; 0.026307s wall, 0.015625s user + 0.000000s system = 0.015625s CPU (59.4%)

PHY-1001 : End Stage 2.5.1.4 | Rip-up And ReRoute; Time: 18.356347s wall, 45.312500s user + 0.578125s system = 45.890625s CPU (250.0%); Memory(MB): used = 1768, reserved = 1760, peak = 1768;

PHY-1001 : Stage 2.5.1.5 | Update Timing
PHY-1001 : 0/22188(0%) critical/total net(s).
PHY-1001 : Setup: WNS(ns) = 0.032, TNS(ns) = 0.000, FEP = 0 | Hold: WNS(ns) = -0.160, TNS(ns) = -2.408, FEP = 55.
PHY-1001 : End Stage 2.5.1.5 | Update Timing; Time: 2.975481s wall, 2.875000s user + 0.031250s system = 2.906250s CPU (97.7%); Memory(MB): used = 1782, reserved = 1774, peak = 1782;

PHY-1001 : Stage 2.5.1.6 | Commit Data
PHY-1001 : Commit better result to database ...
PHY-1001 : End Stage 2.5.1.6 | Commit Data; Time: 0.152497s wall, 0.109375s user + 0.015625s system = 0.125000s CPU (82.0%); Memory(MB): used = 1799, reserved = 1794, peak = 1799;

PHY-1001 : End Stage 2.5.1 | Phase 1; Time: 26.332783s wall, 53.515625s user + 0.687500s system = 54.203125s CPU (205.8%); Memory(MB): used = 1799, reserved = 1794, peak = 1799;

PHY-1001 : Stage 2.5.2 | Phase 2
PHY-1001 : Stage 2.5.2.1 | Hold TimeOptimization
PHY-1001 : Iter 0; Processed 70 pins with HWNS -0.108ns HTNS -0.374ns FEP 9 took 0.284684 seconds.
PHY-1001 : Iter 1; Processed 84 pins with HWNS 0.020ns HTNS 0.000ns FEP 0 took 0.353445 seconds.
PHY-1001 : len = 2.94891e+06, over cnt = 32(0%), over = 46, worst = 3, crit = 0
PHY-1001 : End Stage 2.5.2.1 | Hold TimeOptimization; Time: 0.762047s wall, 0.875000s user + 0.046875s system = 0.921875s CPU (121.0%); Memory(MB): used = 1799, reserved = 1794, peak = 1799;

PHY-1001 : Stage 2.5.2.2 | High Fanout Nets Optimization
PHY-1001 : High fanout net optimize summary:
PHY-1001 : Process 0 nets and 0 pins with SWNS 0.032ns STNS 0.000ns FEP 0.
PHY-1001 : len = 2.94891e+06, over cnt = 32(0%), over = 46, worst = 3, crit = 0
PHY-1001 : End Stage 2.5.2.2 | High Fanout Nets Optimization; Time: 0.282447s wall, 0.421875s user + 0.015625s system = 0.437500s CPU (154.9%); Memory(MB): used = 1799, reserved = 1794, peak = 1799;

PHY-1001 : Stage 2.5.2.3 | Setup TimeOptimization
PHY-1001 : Start to optimize setup violation with net base ...
PHY-1001 : Iter 1; Processed 1 pins with SWNS 0.112ns STNS 0.000ns FEP 0 took 0.16429 seconds.
PHY-1001 : Mark 47 critical net(s) and 74 critical pin(s).
PHY-1001 : len = 2.94896e+06, over cnt = 33(0%), over = 47, worst = 3, crit = 0
PHY-1001 : End Stage 2.5.2.3 | Setup TimeOptimization; Time: 0.598702s wall, 0.781250s user + 0.031250s system = 0.812500s CPU (135.7%); Memory(MB): used = 1800, reserved = 1794, peak = 1800;

PHY-1001 : Stage 2.5.2.4 | Rip-up And ReRoute
PHY-1001 : Iter 1: len = 2.9456e+06, over cnt = 4(0%), over = 4, worst = 1, crit = 0, time(s) = 0.11
PHY-1001 : Iter 2: len = 2.94541e+06, over cnt = 2(0%), over = 2, worst = 1, crit = 0, time(s) = 0.06
PHY-1001 : Iter 3: len = 2.94515e+06, over cnt = 0(0%), over = 0, worst = 0, crit = 0, time(s) = 0.05
PHY-1001 : Update congestion ...
PHY-1001 : Marking 38 (0.99%) hot zones with cutoff utilization 81.25.
PHY-1001 : Congestion index:
PHY-1001 : top1  = 84.48(S 71.19, N 63.75, E 76.20, W 81.89, I 69.16, O 78.12)
PHY-1001 : top5  = 74.70(S 60.29, N 56.04, E 64.91, W 70.84, I 51.75, O 59.21)
PHY-1001 : top10 = 69.45(S 54.63, N 51.98, E 58.58, W 64.44, I 45.50, O 52.99)
PHY-1001 : top15 = 66.15(S 50.87, N 49.05, E 54.09, W 60.03, I 41.44, O 48.88)
PHY-1001 : End update congestion; 0.030243s wall, 0.031250s user + 0.000000s system = 0.031250s CPU (103.3%)

PHY-1001 : End Stage 2.5.2.4 | Rip-up And ReRoute; Time: 0.320104s wall, 0.906250s user + 0.000000s system = 0.906250s CPU (283.1%); Memory(MB): used = 1800, reserved = 1794, peak = 1800;

PHY-1001 : Stage 2.5.2.5 | Update Timing
PHY-1001 : 0/22188(0%) critical/total net(s).
PHY-1001 : Setup: WNS(ns) = 0.112, TNS(ns) = 0.000, FEP = 0 | Hold: WNS(ns) = -0.154, TNS(ns) = -1.548, FEP = 25.
PHY-1001 : End Stage 2.5.2.5 | Update Timing; Time: 0.381466s wall, 0.375000s user + 0.000000s system = 0.375000s CPU (98.3%); Memory(MB): used = 1800, reserved = 1794, peak = 1800;

PHY-1001 : Stage 2.5.2.6 | Commit Data
PHY-1001 : Commit better result to database ...
PHY-1001 : End Stage 2.5.2.6 | Commit Data; Time: 0.053532s wall, 0.046875s user + 0.000000s system = 0.046875s CPU (87.6%); Memory(MB): used = 1800, reserved = 1794, peak = 1800;

PHY-1001 : End Stage 2.5.2 | Phase 2; Time: 2.852333s wall, 3.953125s user + 0.093750s system = 4.046875s CPU (141.9%); Memory(MB): used = 1800, reserved = 1794, peak = 1800;

PHY-1001 : End Stage 2.5 | Routing Optimization; Time: 34.630420s wall, 62.640625s user + 0.906250s system = 63.546875s CPU (183.5%); Memory(MB): used = 1800, reserved = 1794, peak = 1800;

PHY-1001 : Stage 2.6 | Multi-try route Optimization
PHY-1001 : End Stage 2.6 | Multi-try route Optimization; Time: 0.083958s wall, 0.078125s user + 0.000000s system = 0.078125s CPU (93.1%); Memory(MB): used = 1802, reserved = 1794, peak = 1802;

PHY-1003 : Routed, final wirelength = 2.94515e+06
RUN-1001 : Clock region assignment statistics:
RUN-1001 : Clock Region s_0_l [0,0][23,39]; Utilization: 6 out of 12
RUN-1001 : -----------------------------------------------------------------------------------------------------------------------------------------------------------------------------------------------------------------------------------------------------------------------------------------------------------------------------------------------------------------------------------------------------------------------------------------------------
RUN-1001 :   Bank  |                                                   Assigned Clock                                                   |                                                    Route Clock                                                     |  Marking  |                                                                          Buffer                                                                           |  Regional Clock Fanouts  
RUN-1001 : -----------------------------------------------------------------------------------------------------------------------------------------------------------------------------------------------------------------------------------------------------------------------------------------------------------------------------------------------------------------------------------------------------------------------------------------------------
RUN-1001 :    1    |                 u_ph1p35_324_ddr_wrapper/u_ddr2/ph1p_ddrmc_wrapper/ph1p_ddrmc_top/u_alc_mc_top/clk                 |                 u_ph1p35_324_ddr_wrapper/u_ddr2/ph1p_ddrmc_wrapper/ph1p_ddrmc_top/u_alc_mc_top/clk                 |           |   u_ph1p35_324_ddr_wrapper/u_ddr2/ph1p_ddrmc_wrapper/ph1p_ddrmc_top/u_ddr_phy/u_ddrphy_top/u_ddrphy_clk/u_pll1/u_bufg_fbclk_auto_created_sclk_s_0_l_bk1   |           1652           
RUN-1001 :    2    |                  u_isp_top/u_rgb96_downscale_crop/u_scale_line_buffer/ram_f84573da5ab5_Inst/clkb                   |                  u_isp_top/u_rgb96_downscale_crop/u_scale_line_buffer/ram_f84573da5ab5_Inst/clkb                   |           |                           u_mipi_dphy_rx_ph1p_mipiio_wrapper/u_ph1p_mipiio_rx_wrapper/bufg_feedback_auto_created_sclk_s_0_l_bk2                           |           738            
RUN-1001 :    3    |                                             u_hdmi_mixer/I_clk_syn_654                                             |                                             u_hdmi_mixer/I_clk_syn_654                                             |           |                                              u_hdmi_mixer/I_clk_created_gclkinst_auto_created_sclk_s_0_l_bk3                                              |           103            
RUN-1001 :    4    |                                                  I_sys_clk_syn_8                                                   |                                                  I_sys_clk_syn_8                                                   |           |                                               I_sys_clk_dup_6_created_gclkinst_auto_created_sclk_s_0_l_bk4                                                |            85            
RUN-1001 :    5    |                                                  O_cam_24m_syn_3                                                   |                                                  O_cam_24m_syn_3                                                   |           |                                               O_cam_24m_dup_1_created_gclkinst_auto_created_sclk_s_0_l_bk5                                                |            20            
RUN-1001 :    6    |  u_ph1p35_324_ddr_wrapper/u_ddr2/ph1p_ddrmc_wrapper/ph1p_ddrmc_top/u_ddr_phy/u_ddrphy_top/u_ddrphy/apb_pclk_syn_1  |  u_ph1p35_324_ddr_wrapper/u_ddr2/ph1p_ddrmc_wrapper/ph1p_ddrmc_top/u_ddr_phy/u_ddrphy_top/u_ddrphy/apb_pclk_syn_1  |           |  u_ph1p35_324_ddr_wrapper/u_ddr2/ph1p_ddrmc_wrapper/ph1p_ddrmc_top/u_ddr_phy/u_ddrphy_top/u_ddrphy/apb_pclk_created_gclkinst_auto_created_sclk_s_0_l_bk6  |            3             
RUN-1001 : -----------------------------------------------------------------------------------------------------------------------------------------------------------------------------------------------------------------------------------------------------------------------------------------------------------------------------------------------------------------------------------------------------------------------------------------------------
RUN-1001 : Clock Region s_0_r [24,0][47,39]; Utilization: 6 out of 12
RUN-1001 : -----------------------------------------------------------------------------------------------------------------------------------------------------------------------------------------------------------------------------------------------------------------------------------------------------------------------------------------------------------------------------------------
RUN-1001 :   Bank  |                                    Assigned Clock                                     |                                      Route Clock                                      |  Marking  |                                                                         Buffer                                                                          |  Regional Clock Fanouts  
RUN-1001 : -----------------------------------------------------------------------------------------------------------------------------------------------------------------------------------------------------------------------------------------------------------------------------------------------------------------------------------------------------------------------------------------
RUN-1001 :    1    |    u_isp_top/u_rgb96_downscale_crop/u_scale_line_buffer/ram_f84573da5ab5_Inst/clkb    |    u_isp_top/u_rgb96_downscale_crop/u_scale_line_buffer/ram_f84573da5ab5_Inst/clkb    |           |                          u_mipi_dphy_rx_ph1p_mipiio_wrapper/u_ph1p_mipiio_rx_wrapper/bufg_feedback_auto_created_sclk_s_0_r_bk1                          |           1702           
RUN-1001 :    2    |  u_ph1p35_324_ddr_wrapper/u_ddr2/ph1p_ddrmc_wrapper/ph1p_ddrmc_top/u_alc_mc_top/clk   |  u_ph1p35_324_ddr_wrapper/u_ddr2/ph1p_ddrmc_wrapper/ph1p_ddrmc_top/u_alc_mc_top/clk   |           |  u_ph1p35_324_ddr_wrapper/u_ddr2/ph1p_ddrmc_wrapper/ph1p_ddrmc_top/u_ddr_phy/u_ddrphy_top/u_ddrphy_clk/u_pll1/u_bufg_fbclk_auto_created_sclk_s_0_r_bk2  |           263            
RUN-1001 :    3    |                              u_hdmi_mixer/I_clk_syn_654                               |                              u_hdmi_mixer/I_clk_syn_654                               |           |                                             u_hdmi_mixer/I_clk_created_gclkinst_auto_created_sclk_s_0_r_bk3                                             |           185            
RUN-1001 :    4    |                                    O_cam_24m_syn_3                                    |                                    O_cam_24m_syn_3                                    |           |                                              O_cam_24m_dup_1_created_gclkinst_auto_created_sclk_s_0_r_bk4                                               |            52            
RUN-1001 :    5    |                         u_uicfgcs500/uii2c_inst/scl_clk_syn_9                         |                         u_uicfgcs500/uii2c_inst/scl_clk_syn_9                         |           |                                      u_uicfgcs500/uii2c_inst/scl_clk_created_gclkinst_auto_created_sclk_s_0_r_bk5                                       |            18            
RUN-1001 :    6    |  u_mipi_dphy_rx_ph1p_mipiio_wrapper/u_ph1p_mipiio_rx_wrapper/u_lane0_hs_detect/I_clk  |  u_mipi_dphy_rx_ph1p_mipiio_wrapper/u_ph1p_mipiio_rx_wrapper/u_lane0_hs_detect/I_clk  |           |                                                     u_PLL/bufg_feedback_auto_created_sclk_s_0_r_bk6                                                     |            7             
RUN-1001 : -----------------------------------------------------------------------------------------------------------------------------------------------------------------------------------------------------------------------------------------------------------------------------------------------------------------------------------------------------------------------------------------
RUN-1001 : Clock Region s_1_l [0,40][23,79]; Utilization: 3 out of 12
RUN-1001 : -----------------------------------------------------------------------------------------------------------------------------------------------------------------------------------------------------------------------------------------------------------------------------------------------------------------------------------------------------------------------------------------------------------------------------------------------------
RUN-1001 :   Bank  |                                                   Assigned Clock                                                   |                                                    Route Clock                                                     |  Marking  |                                                                          Buffer                                                                           |  Regional Clock Fanouts  
RUN-1001 : -----------------------------------------------------------------------------------------------------------------------------------------------------------------------------------------------------------------------------------------------------------------------------------------------------------------------------------------------------------------------------------------------------------------------------------------------------
RUN-1001 :    1    |                 u_ph1p35_324_ddr_wrapper/u_ddr2/ph1p_ddrmc_wrapper/ph1p_ddrmc_top/u_alc_mc_top/clk                 |                 u_ph1p35_324_ddr_wrapper/u_ddr2/ph1p_ddrmc_wrapper/ph1p_ddrmc_top/u_alc_mc_top/clk                 |           |   u_ph1p35_324_ddr_wrapper/u_ddr2/ph1p_ddrmc_wrapper/ph1p_ddrmc_top/u_ddr_phy/u_ddrphy_top/u_ddrphy_clk/u_pll1/u_bufg_fbclk_auto_created_sclk_s_1_l_bk1   |           239            
RUN-1001 :    2    |                  u_isp_top/u_rgb96_downscale_crop/u_scale_line_buffer/ram_f84573da5ab5_Inst/clkb                   |                  u_isp_top/u_rgb96_downscale_crop/u_scale_line_buffer/ram_f84573da5ab5_Inst/clkb                   |           |                           u_mipi_dphy_rx_ph1p_mipiio_wrapper/u_ph1p_mipiio_rx_wrapper/bufg_feedback_auto_created_sclk_s_1_l_bk2                           |           1475           
RUN-1001 :    3    |  u_ph1p35_324_ddr_wrapper/u_ddr2/ph1p_ddrmc_wrapper/ph1p_ddrmc_top/u_ddr_phy/u_ddrphy_top/u_ddrphy/apb_pclk_syn_1  |  u_ph1p35_324_ddr_wrapper/u_ddr2/ph1p_ddrmc_wrapper/ph1p_ddrmc_top/u_ddr_phy/u_ddrphy_top/u_ddrphy/apb_pclk_syn_1  |           |  u_ph1p35_324_ddr_wrapper/u_ddr2/ph1p_ddrmc_wrapper/ph1p_ddrmc_top/u_ddr_phy/u_ddrphy_top/u_ddrphy/apb_pclk_created_gclkinst_auto_created_sclk_s_1_l_bk3  |            26            
RUN-1001 : -----------------------------------------------------------------------------------------------------------------------------------------------------------------------------------------------------------------------------------------------------------------------------------------------------------------------------------------------------------------------------------------------------------------------------------------------------
RUN-1001 : Clock Region s_1_r [24,40][43,79]; Utilization: 5 out of 12
RUN-1001 : -----------------------------------------------------------------------------------------------------------------------------------------------------------------------------------------------------------------------------------------------------------------------------------------------------------------------------------------------------------------------------------------
RUN-1001 :   Bank  |                                    Assigned Clock                                     |                                      Route Clock                                      |  Marking  |                                                                         Buffer                                                                          |  Regional Clock Fanouts  
RUN-1001 : -----------------------------------------------------------------------------------------------------------------------------------------------------------------------------------------------------------------------------------------------------------------------------------------------------------------------------------------------------------------------------------------
RUN-1001 :    1    |  u_mipi_dphy_rx_ph1p_mipiio_wrapper/u_ph1p_mipiio_rx_wrapper/u_lane0_hs_detect/I_clk  |  u_mipi_dphy_rx_ph1p_mipiio_wrapper/u_ph1p_mipiio_rx_wrapper/u_lane0_hs_detect/I_clk  |           |                                                     u_PLL/bufg_feedback_auto_created_sclk_s_1_r_bk1                                                     |            1             
RUN-1001 :    2    |    u_isp_top/u_rgb96_downscale_crop/u_scale_line_buffer/ram_f84573da5ab5_Inst/clkb    |    u_isp_top/u_rgb96_downscale_crop/u_scale_line_buffer/ram_f84573da5ab5_Inst/clkb    |           |                          u_mipi_dphy_rx_ph1p_mipiio_wrapper/u_ph1p_mipiio_rx_wrapper/bufg_feedback_auto_created_sclk_s_1_r_bk2                          |           1125           
RUN-1001 :    3    |                              u_hdmi_mixer/I_clk_syn_654                               |                              u_hdmi_mixer/I_clk_syn_654                               |           |                                             u_hdmi_mixer/I_clk_created_gclkinst_auto_created_sclk_s_1_r_bk3                                             |           595            
RUN-1001 :    4    |           u_hdmi_tx/u_hdmi2phy_wrapper/u0_lane_lvds_8_1/I_serial_clk_syn_1            |           u_hdmi_tx/u_hdmi2phy_wrapper/u0_lane_lvds_8_1/I_serial_clk_syn_1            |           |                         u_hdmi_tx/u_hdmi2phy_wrapper/u0_lane_lvds_8_1/I_serial_clk_created_gclkinst_auto_created_sclk_s_1_r_bk4                         |            36            
RUN-1001 :    5    |  u_ph1p35_324_ddr_wrapper/u_ddr2/ph1p_ddrmc_wrapper/ph1p_ddrmc_top/u_alc_mc_top/clk   |  u_ph1p35_324_ddr_wrapper/u_ddr2/ph1p_ddrmc_wrapper/ph1p_ddrmc_top/u_alc_mc_top/clk   |           |  u_ph1p35_324_ddr_wrapper/u_ddr2/ph1p_ddrmc_wrapper/ph1p_ddrmc_top/u_ddr_phy/u_ddrphy_top/u_ddrphy_clk/u_pll1/u_bufg_fbclk_auto_created_sclk_s_1_r_bk5  |            25            
RUN-1001 : -----------------------------------------------------------------------------------------------------------------------------------------------------------------------------------------------------------------------------------------------------------------------------------------------------------------------------------------------------------------------------------------
RUN-1002 : start command "export_db camera_to_dsi_display_pr.db"
RUN-1001 : Exported flow parameters
RUN-1001 : Exported /
RUN-1001 : Exported libs
RUN-1001 : Exported entities
RUN-1001 : Exported ports
RUN-1001 : Exported pins
RUN-1001 : Exported instances
RUN-1001 : Exported nets
RUN-1001 : Exported buses
RUN-1001 : Exported models
RUN-1001 : Exported phy database
RUN-1001 : Exported packer
RUN-1001 : Exported congestions
RUN-1001 : Exported violations
RUN-1001 : Exported ATMR Setting
RUN-1001 : Exported timing constraints
RUN-1001 : Exported IO constraints
RUN-1001 : Exported Inst constraints
RUN-1001 : Exported ChipWatcher
RUN-1003 : finish command "export_db camera_to_dsi_display_pr.db" in  1.530374s wall, 2.062500s user + 0.031250s system = 2.093750s CPU (136.8%)

RUN-1004 : used memory is 1872 MB, reserved memory is 1980 MB, peak memory is 1872 MB
PHY-1001 : Current memory(MB): used = 1872, reserved = 1980, peak = 1872.
PHY-1001 : End export database. 1.610335s wall, 2.140625s user + 0.031250s system = 2.171875s CPU (134.9%)

PHY-1001 : End detail routing;  70.187320s wall, 137.828125s user + 1.765625s system = 139.593750s CPU (198.9%)

PHY-1001 : End Stage 2 | Detail Routing; Time: 70.187448s wall, 137.828125s user + 1.765625s system = 139.593750s CPU (198.9%); Memory(MB): used = 1872, reserved = 1980, peak = 1872;

RUN-1002 : start command "fix_hold"

PHY-1001 : Stage 3 | Hold Fix
PHY-1001 : Stage 3.1 | Load Design Data
PHY-1034 : Refresh detailed routing grids ...
PHY-1001 : Generate nets ...
PHY-1001 : eco open net = 0
PHY-1001 : End Stage 3.1 | Load Design Data; Time: 0.517436s wall, 0.578125s user + 0.000000s system = 0.578125s CPU (111.7%); Memory(MB): used = 1874, reserved = 1980, peak = 1874;

PHY-1001 : Stage 3.2 | Hold Fix Optimization
RUN-1002 : start command "start_timer"
RUN-1003 : finish command "start_timer" in  2.378395s wall, 2.312500s user + 0.031250s system = 2.343750s CPU (98.5%)

RUN-1004 : used memory is 1874 MB, reserved memory is 1980 MB, peak memory is 1874 MB
PHY-1001 : Timing info: SWNS 0.112ns | STNS 0.000ns | HWNS -0.154ns | HTNS -1.548ns.
PHY-1001 : Processing hold violation on 29 end-point, worst slack = -154ps, best slack = 15ps.
PHY-1001 : End timing refresh.  7.030280s wall, 6.859375s user + 0.062500s system = 6.921875s CPU (98.5%)

PHY-1001 : Stage 3.2.1 | Phase 1
PHY-1001 : Stage 3.2.1.1 | Hold Fix By LutBridge
PHY-1001 : len = 2.94787e+06, over cnt = 0(0%), over = 0, worst = 0, crit = 0
PHY-1001 : Bridge count = 6; unresolved count = 0.
PHY-1001 : 0 out of 29 ((0.00)%) EP fixed by LB.
PHY-1001 : End Stage 3.2.1.1 | Hold Fix By LutBridge; Time: 1.122087s wall, 1.171875s user + 0.031250s system = 1.203125s CPU (107.2%); Memory(MB): used = 1875, reserved = 1980, peak = 1875;

PHY-1001 : Timing info: SWNS 0.112ns | STNS 0.000ns | HWNS -0.050ns | HTNS -0.101ns.
PHY-1001 : Processing hold violation on 6 end-point, worst slack = -50ps, best slack = 4ps.
PHY-1001 : End timing refresh.  0.116335s wall, 0.109375s user + 0.000000s system = 0.109375s CPU (94.0%)

PHY-1001 : Stage 3.2.1.2 | Hold Fix By Pin
PHY-1001 : len = 2.94816e+06, over cnt = 0(0%), over = 0, worst = 0, crit = 0
PHY-1001 : 2 out of 6 ((33.33)%) EP fixed by pin delay.
PHY-1001 : End Stage 3.2.1.2 | Hold Fix By Pin; Time: 0.654038s wall, 0.750000s user + 0.015625s system = 0.765625s CPU (117.1%); Memory(MB): used = 1875, reserved = 1980, peak = 1875;

PHY-1001 : Timing info: SWNS 0.112ns | STNS 0.000ns | HWNS -0.050ns | HTNS -0.080ns.
PHY-1001 : Processing hold violation on 4 end-point, worst slack = -50ps, best slack = 4ps.
PHY-1001 : End timing refresh.  0.113221s wall, 0.109375s user + 0.000000s system = 0.109375s CPU (96.6%)

PHY-1001 : Stage 3.2.1.3 | Hold Fix By Net
PHY-1001 : len = 2.94909e+06, over cnt = 0(0%), over = 0, worst = 0, crit = 0
PHY-1001 : 4 out of 4 ((100.00)%) EP fixed by net delay.
PHY-1001 : End Stage 3.2.1.3 | Hold Fix By Net; Time: 0.305526s wall, 0.406250s user + 0.015625s system = 0.421875s CPU (138.1%); Memory(MB): used = 1875, reserved = 1980, peak = 1875;

PHY-1001 : Timing info: SWNS 0.112ns | STNS 0.000ns | HWNS 0.020ns | HTNS 0.000ns.
PHY-1001 : End timing refresh.  0.120467s wall, 0.125000s user + 0.000000s system = 0.125000s CPU (103.8%)

PHY-1001 : End Stage 3.2.1 | Phase 1; Time: 2.486490s wall, 2.703125s user + 0.078125s system = 2.781250s CPU (111.9%); Memory(MB): used = 1875, reserved = 1980, peak = 1875;

PHY-1001 : End Stage 3.2 | Hold Fix Optimization; Time: 9.517811s wall, 9.562500s user + 0.140625s system = 9.703125s CPU (101.9%); Memory(MB): used = 1875, reserved = 1980, peak = 1875;

PHY-1001 : End Stage 3 | Hold Fix; Time: 10.251628s wall, 10.343750s user + 0.140625s system = 10.484375s CPU (102.3%); Memory(MB): used = 1875, reserved = 1980, peak = 1875;

RUN-1003 : finish command "fix_hold" in  10.294152s wall, 10.375000s user + 0.140625s system = 10.515625s CPU (102.2%)

RUN-1004 : used memory is 1875 MB, reserved memory is 1980 MB, peak memory is 1875 MB
PHY-1001 : Stage 4 | Report Route Qor
RUN-1002 : start command "report_qor -step route -file route.qor"
RUN-1002 : start command "start_timer"
RUN-1003 : finish command "start_timer" in  2.415224s wall, 2.359375s user + 0.000000s system = 2.359375s CPU (97.7%)

RUN-1004 : used memory is 1875 MB, reserved memory is 1980 MB, peak memory is 1875 MB
-----------------------------------------------------------
| QoR metrics               |         value               |
-----------------------------------------------------------
| Timing                    |                             |
|     Setup WNS             |          112                |
|     Setup TNS             |            0                |
|     Num of violated S-EP  |            0                |
|     Hold WNS              |           20                |
|     Hold TNS              |            0                |
|     Num of violated H-EP  |            0                |
-----------------------------------------------------------
| Routing Resource          |                             |
|     Wire length           |      2949088                |
-----------------------------------------------------------
| Utilization               |                             |
|     #slices               |        13007                |
|     slices percentage     |       61.31%                |
|     #RAMs                 |           50                |
|     #DSPs                 |            8                |
|     #DRAMHARDCON          |           37                |
-----------------------------------------------------------
Report route stage QoR done.

RUN-1003 : finish command "report_qor -step route -file route.qor" in  7.318101s wall, 7.109375s user + 0.046875s system = 7.156250s CPU (97.8%)

RUN-1004 : used memory is 1875 MB, reserved memory is 1980 MB, peak memory is 1875 MB
RUN-1002 : start command "update_timing -mode final"
RUN-1002 : start command "start_timer"
RUN-1003 : finish command "start_timer" in  2.350750s wall, 2.281250s user + 0.000000s system = 2.281250s CPU (97.0%)

RUN-1004 : used memory is 1875 MB, reserved memory is 1980 MB, peak memory is 1875 MB
RUN-1003 : finish command "update_timing -mode final" in  7.171162s wall, 6.875000s user + 0.062500s system = 6.937500s CPU (96.7%)

RUN-1004 : used memory is 1875 MB, reserved memory is 1980 MB, peak memory is 1875 MB
RUN-1002 : start command "report_timing_summary -file final_timing.rpt"
OPT-1001 : QoR tracer report on route step:
    SWNS [   incr ]    STNS [   incr ]  S-FEPS [   incr ]    HWNS [   incr ]      HTNS [     incr ]    H-FEPS [     incr ]    CELL [   incr ]       WL [    incr ]   RT(s) [   incr ]   MEM(mb) [     incr ]
    1313 [      0 ]       0 [      0 ]       0 [      0 ]    -206 [      0 ]    -13974 [        0 ]       274 [        0 ]   13519 [      0 ]  2696896 [       0 ]      42 [      0 ]      1762 [        0 ] : dr_initialization
    1313 [      0 ]       0 [      0 ]       0 [      0 ]      -8 [    198 ]        -8 [    13966 ]         1 [     -273 ]   13519 [      0 ]  2740496 [   43600 ]      52 [     10 ]      1764 [        2 ] : dr_timing_opt_phase1
      32 [  -1281 ]       0 [      0 ]       0 [      0 ]    -160 [   -152 ]     -2408 [    -2400 ]        55 [       54 ]   13519 [      0 ]  2940640 [  200144 ]      74 [     22 ]      1799 [       35 ] : dr_opt_phase1
     112 [     80 ]       0 [      0 ]       0 [      0 ]      20 [    180 ]         0 [     2408 ]         0 [      -55 ]   13519 [      0 ]  2948960 [    8320 ]      76 [      2 ]      1800 [        1 ] : dr_timing_opt_phase2
     112 [      0 ]       0 [      0 ]       0 [      0 ]    -154 [   -174 ]     -1548 [    -1548 ]        25 [       25 ]   13519 [      0 ]  2945152 [   -3808 ]      77 [      1 ]      1800 [        0 ] : dr_opt_phase2
     112 [      0 ]       0 [      0 ]       0 [      0 ]    -154 [      0 ]     -1548 [        0 ]        25 [        0 ]   13519 [      0 ]  2945152 [       0 ]      77 [      0 ]      1802 [        2 ] : multi_try_opt
     112 [      0 ]       0 [      0 ]       0 [      0 ]      20 [    174 ]         0 [     1548 ]         0 [      -25 ]   13519 [      0 ]  2949088 [    3936 ]      89 [     12 ]      1875 [       73 ] : fix_hold_opt

PHY-1001 : End Stage 4 | Report Route Qor; Time: 14.694073s wall, 14.187500s user + 0.109375s system = 14.296875s CPU (97.3%); Memory(MB): used = 1875, reserved = 1980, peak = 1875;

PHY-1001 : Stage 5 | Routing DRC
PHY-1001 : Stage 5.1 | Check And Add Lut-bridge
PHY-1001 : End Stage 5.1 | Check And Add Lut-bridge; Time: 0.128742s wall, 0.093750s user + 0.031250s system = 0.125000s CPU (97.1%); Memory(MB): used = 1875, reserved = 1980, peak = 1875;

PHY-1001 : Stage 5.2 | Lut Bridge Check
PHY-1001 : End Stage 5.2 | Lut Bridge Check; Time: 0.291797s wall, 0.296875s user + 0.000000s system = 0.296875s CPU (101.7%); Memory(MB): used = 1875, reserved = 1980, peak = 1875;

PHY-1001 : Stage 5.3 | Physical Net Status Check
PHY-1001 : End Stage 5.3 | Physical Net Status Check; Time: 0.076323s wall, 0.078125s user + 0.000000s system = 0.078125s CPU (102.4%); Memory(MB): used = 1875, reserved = 1980, peak = 1875;

PHY-1001 : Start multi-drive drc check......
PHY-1001 : No multi-drive.
PHY-1001 : Stage 5.4 | Clock Net Status Check
PHY-1001 : 2 clock net(s) utilize local routing resource.
PHY-5079 CRITICAL-WARNING: Marked 1 clock net(s) utilize the local routing resources. Please check log message and the sinks of clock nets.
RUN-1001 : CTS Local Wire Summary
RUN-1001 : ------------------------------------------------------------------------------------------------------------------------------------------------------------
RUN-1001 :    ClockName    |   DriverType    |  Clock/Fanout  |  LocalWireNum  |                                  NetName                                   |  Marked  
RUN-1001 : ------------------------------------------------------------------------------------------------------------------------------------------------------------
RUN-1001 :        -        |  AL_PHY_LSLICE  |      1/3       |       17       |                      u_uicfgcs500/uii2c_inst/scl_clk                       |    -     
RUN-1001 :   pll_clk_24m   |   AL_PHY_SCLK   |     19/20      |       3        |  O_cam_24m_dup_1_created_gclkinst_auto_created_sclk_s_0_l_bk5_sclk_outnet  |   true   
RUN-1001 : ------------------------------------------------------------------------------------------------------------------------------------------------------------
PHY-5088 WARNING: Clock_Analyzer: Detected 1 buffer(s) clkin net because they drive non-clock sinks. Run "analyze_clock -detail" for more infomation.
PHY-5088 WARNING: Clock_Analyzer: Detected 1 buffer(s) clkout net because they drive non-clock sinks. Run "analyze_clock -detail" for more infomation.
PHY-5088 WARNING: Clock_Analyzer: 2 clock-net(s) because they drive other clock net, may cause clock skew. Run "analyze_clock -detail" for more infomation.
PHY-1001 : End Stage 5.4 | Clock Net Status Check; Time: 0.095121s wall, 0.093750s user + 0.000000s system = 0.093750s CPU (98.6%); Memory(MB): used = 1875, reserved = 1980, peak = 1875;

PHY-1001 : Stage 5.5 | Abnormal Timing Path check
PHY-1001 : No abnormal timing path.
PHY-1001 : End Stage 5.5 | Abnormal Timing Path check; Time: 0.299770s wall, 0.296875s user + 0.000000s system = 0.296875s CPU (99.0%); Memory(MB): used = 1875, reserved = 1980, peak = 1875;

PHY-1001 : Stage 5.6 | Bound Check
PHY-1001 : Check Pass.
PHY-1001 : End Stage 5.6 | Bound Check; Time: 0.004256s wall, 0.000000s user + 0.000000s system = 0.000000s CPU (n/a%); Memory(MB): used = 1875, reserved = 1980, peak = 1875;

PHY-1001 : End Stage 5 | Routing DRC; Time: 0.965144s wall, 0.937500s user + 0.031250s system = 0.968750s CPU (100.4%); Memory(MB): used = 1875, reserved = 1980, peak = 1875;

RUN-1003 : finish command "route" in  105.223130s wall, 173.890625s user + 2.125000s system = 176.015625s CPU (167.3%)

RUN-1004 : used memory is 1875 MB, reserved memory is 1980 MB, peak memory is 1875 MB
RUN-1002 : start command "report_area -io_info -file camera_to_dsi_display_phy.area"
SYN-4034 : The count of slices with lut is 7076.
SYN-4035 : The count of slices with lut+ripple is 3173.
RUN-1001 : standard
***Report Model: design_top_wrapper Device: PH1P35MDG324***

Design Statistics
#IO                        58   out of    160   36.25%
  #input                    2
  #output                  31
  #inout                   25
#lut6                   10657   out of  21216   50.23%
#reg                    13740
  #slice reg            13740   out of  42432   32.38%
  #pad reg                  0

Utilization Statistics
#slice                  13007   out of  21216   61.31%
  #used ram               408
    #dram lut             296
    #shifter lut          112
  #used logic           12599
    #with luts           7076
    #with adder          3173
    #reg only            2350
#feedthrough             2395
#f7mux                      0   out of  10608    0.00%
#f8mux                      0   out of   5304    0.00%
#eram                      50   out of    108   46.30%
  #eram20k                 50
  #fifo20k                  0
#dsp                        8   out of     40   20.00%
#ddr_byte                   6   out of     12   50.00%
#mipi_tx                    0   out of      2    0.00%
#mipi_rx                    1   out of      2   50.00%
#pad                       17   out of    160   10.62%
#pll                        3   out of      6   50.00%
#gclk                       9   out of     32   28.12%
#lclk                       0   out of     12    0.00%
#sclk                      20   out of     48   41.67%
#mlclk                      2   out of      6   33.33%
#ioclk                      4   out of     18   22.22%


DataNet Average Fanout:

   Index     Fanout     Nets   
    #1          1       19935  
    #2          2       7348   
    #3          3        955   
    #4          4        592   
    #5        5-10      1720   
    #6        11-50      441   
    #7       51-100      39    
    #8       101-500      3    
  Average     2.05             

RUN-1002 : start command "update_timing -mode final"
RUN-1002 : start command "start_timer"
RUN-1003 : finish command "start_timer" in  2.366329s wall, 2.296875s user + 0.031250s system = 2.328125s CPU (98.4%)

RUN-1004 : used memory is 1875 MB, reserved memory is 1980 MB, peak memory is 1875 MB
RUN-1003 : finish command "update_timing -mode final" in  7.137169s wall, 6.968750s user + 0.046875s system = 7.015625s CPU (98.3%)

RUN-1004 : used memory is 1875 MB, reserved memory is 1980 MB, peak memory is 1875 MB
RUN-1002 : start command "report_timing_status -file camera_to_dsi_display_phy.ts"
RUN-1002 : start command "report_timing_summary -file camera_to_dsi_display_pr.timing"
RUN-1002 : start command "report_timing_exception -file camera_to_dsi_display_exception.timing"
RUN-1002 : start command "flow_status -file route_flow.status"
Location         : D:\2026fpga\lab_hd_1_mipi_hdmi\td_project\camera_to_dsi_display_Runs\phy_1
Running with     : Tang Dynasty v6.2.168116
                   Copyright (c) 2012-2025 Anlogic Inc.
Top Model        : design_top_wrapper
Device           : PH1P35MDG324
Speed            : 3

Timing Mode      : final
Setup            : WNS   112ps  TNS        0ps  NUM_FEPS     0
Hold             : WNS    20ps  TNS        0ps  NUM_FEPS     0

Flow Statistics  :
RUN-1001 : Flow Statistics:
RUN-1001 : ---------------------------------------------------------------------------------------------------
RUN-1001 :      command     |  #calls  |  wall time   |  cpu time(s)  |  used memory(mb)  |  peak memory(mb)  
RUN-1001 : ---------------------------------------------------------------------------------------------------
RUN-1001 :       place      |    1     |  2m43s(60%)  |   482(73%)    |       1170        |       1175        
RUN-1001 :       route      |    1     |  1m35s(35%)  |   165(25%)    |       1875        |       1875        
RUN-1001 :     fix_hold     |    1     |   10s(3%)    |    10(1%)     |       1875        |       1875        
RUN-1001 :   import_device  |    1     |    2s(0%)    |     2(0%)     |        323        |        323        
RUN-1001 :     import_db    |    1     |    1s(0%)    |     0(0%)     |        520        |        520        
RUN-1001 : ---------------------------------------------------------------------------------------------------
RUN-1001 :       total      |    5     |    4m31s     |      659      |       1875        |       1875        
RUN-1001 : ---------------------------------------------------------------------------------------------------
RUN-1002 : start command "report_clock_utilization -file route_clock_utilization.txt"
RUN-1002 : start command "export_db camera_to_dsi_display_pr.db"
RUN-1001 : Exported flow parameters
RUN-1001 : Exported /
RUN-1001 : Exported libs
RUN-1001 : Exported entities
RUN-1001 : Exported ports
RUN-1001 : Exported pins
RUN-1001 : Exported instances
RUN-1001 : Exported nets
RUN-1001 : Exported buses
RUN-1001 : Exported models
RUN-1001 : Exported phy database
RUN-1001 : Exported packer
RUN-1001 : Exported congestions
RUN-1001 : Exported violations
RUN-1001 : Exported ATMR Setting
RUN-1001 : Exported timing constraints
RUN-1001 : Exported IO constraints
RUN-1001 : Exported Inst constraints
RUN-1001 : Exported ChipWatcher
RUN-1003 : finish command "export_db camera_to_dsi_display_pr.db" in  1.486371s wall, 2.078125s user + 0.031250s system = 2.109375s CPU (141.9%)

RUN-1004 : used memory is 1875 MB, reserved memory is 1980 MB, peak memory is 1875 MB
RUN-1002 : start command "commit_param -step bitgen"
RUN-1001 : Print Global Property
RUN-1001 : -------------------------------------------------------------
RUN-1001 :     Parameters    |   Settings   |  Default Values  |  Note  
RUN-1001 : -------------------------------------------------------------
RUN-1001 :    enable_seed    |     off      |       off        |        
RUN-1001 :    hfn_to_clock   |  1000000000  |    1000000000    |        
RUN-1001 :      message      |   standard   |     standard     |        
RUN-1001 :    qor_monitor    |      on      |        on        |        
RUN-1001 :   speedup_effort  |      0       |        0         |        
RUN-1001 :    syn_ip_flow    |     off      |       off        |        
RUN-1001 :       thread      |     auto     |       auto       |        
RUN-1001 : -------------------------------------------------------------
RUN-1002 : start command "set_param bitgen compress on"
RUN-1001 : Print Bitgen Property
RUN-1001 : -------------------------------------------------------------
RUN-1001 :      Parameters     |  Settings  |  Default Values  |  Note  
RUN-1001 : -------------------------------------------------------------
RUN-1001 :         bin         |    off     |       off        |        
RUN-1001 :       compress      |     on     |       off        |   *    
RUN-1001 :       gen_mask      |    off     |       off        |        
RUN-1001 :      max_stream     |     on     |        on        |        
RUN-1001 :      time_info      |     on     |        on        |        
RUN-1001 :   unused_io_status  |   pullup   |      pullup      |        
RUN-1001 :       version       |    0x00    |       0x00       |        
RUN-1001 : -------------------------------------------------------------
RUN-1002 : start command "bitgen -bit camera_to_dsi_display.bit"
RUN-1002 : start command "export_bid camera_to_dsi_display_inst.bid"
BIT-1003 : Start to generate bitstream. 
BIT-1002 : Bitgen processed 3 pll_pd instances.
BIT-1002 : Init instances with 32 threads.
BIT-1002 : Init instances completely, inst num: 13520
BIT-1002 : Init pips with 32 threads.
BIT-1002 : Init pips completely, net num: 22489, pip num: 211502
BIT-1002 : Init feedthrough with 32 threads.
BIT-1002 : Init feedthrough completely, num: 2395
BIT-1003 : Multithreading accelaration with 32 threads.
BIT-1003 : Generate bitstream completely, there are 718547 bits set as '1'.
PRG-1501 : Bit compressed, frame number changed from 3481 to 3443, ratio 1.09%
BIT-1004 : Generate file camera_to_dsi_display_compress.bit.
BIT-1004 : Generate file camera_to_dsi_display.bit.
RUN-1003 : finish command "bitgen -bit camera_to_dsi_display.bit" in  5.039395s wall, 55.734375s user + 1.718750s system = 57.453125s CPU (1140.1%)

RUN-1004 : used memory is 1876 MB, reserved memory is 1980 MB, peak memory is 1876 MB
RUN-1002 : start command "setup_debugger"
RUN-1002 : start command "export_bitgen_param -file .bitgen_param.f"
RUN-1002 : start command "export_flow_status -s opt_place -e bitgen"
RUN-1002 : start command "flow_status"

Location         : D:\2026fpga\lab_hd_1_mipi_hdmi\td_project\camera_to_dsi_display_Runs\phy_1
Running with     : Tang Dynasty v6.2.168116
                   Copyright (c) 2012-2025 Anlogic Inc.
Top Model        : design_top_wrapper
Device           : PH1P35MDG324
Speed            : 3

Timing Mode      : final
Setup            : WNS   112ps  TNS        0ps  NUM_FEPS     0
Hold             : WNS    20ps  TNS        0ps  NUM_FEPS     0

RUN-1001 : Flow Statistics:
RUN-1001 : ---------------------------------------------------------------------------------------------------
RUN-1001 :      command     |  #calls  |  wall time   |  cpu time(s)  |  used memory(mb)  |  peak memory(mb)  
RUN-1001 : ---------------------------------------------------------------------------------------------------
RUN-1001 :       place      |    1     |  2m43s(59%)  |   482(67%)    |       1170        |       1175        
RUN-1001 :       route      |    1     |  1m35s(34%)  |   165(23%)    |       1875        |       1875        
RUN-1001 :     fix_hold     |    1     |   10s(3%)    |    10(1%)     |       1875        |       1875        
RUN-1001 :      bitgen      |    1     |    5s(1%)    |    56(7%)     |       1876        |       1876        
RUN-1001 :   import_device  |    1     |    2s(0%)    |     2(0%)     |        323        |        323        
RUN-1001 :     import_db    |    1     |    1s(0%)    |     0(0%)     |        520        |        520        
RUN-1001 : ---------------------------------------------------------------------------------------------------
RUN-1001 :       total      |    6     |    4m36s     |      715      |       1876        |       1876        
RUN-1001 : ---------------------------------------------------------------------------------------------------

