============================================================
   Tang Dynasty, V6.2.168116
   Copyright (c) 2012-2025 Anlogic Inc.
   Executable = F:/AnlogicFpga/TD_6.2.1_Engineer_6.2.168.116/bin/td_commands_prompt.exe
   Built at =   16:32:07 Jun 12 2025
   Run by =     pc
   Run Date =   Wed Sep 16 19:11:56 2026

   Run on =     CIRBUG
============================================================
RUN-1002 : start command "import_device ph1_35p.db -package PH1P35MDG324 -speed 3"
ARC-1001 : Device Initialization.
ARC-1001 : ----------------------------------------------------------------
ARC-1001 :           OPTION          |          IO           |   SETTING   
ARC-1001 : ----------------------------------------------------------------
ARC-1001 :   non_jtag_persist(none)  |        35 IOs         |    gpio    
ARC-1001 :            jtag           |  P13/P15/L14/R13/T13  |  dedicate  
ARC-1001 : ----------------------------------------------------------------
RUN-1003 : finish command "import_device ph1_35p.db -package PH1P35MDG324 -speed 3" in  2.342230s wall, 2.078125s user + 0.062500s system = 2.140625s CPU (91.4%)

RUN-1004 : used memory is 323 MB, reserved memory is 321 MB, peak memory is 323 MB
RUN-1002 : start command "open_project camera_to_dsi_display.prj -noanalyze"
RUN-1002 : start command "import_db ../syn_1/camera_to_dsi_display_gate.db"
RUN-1001 : Importing database generated by Tang Dynasty, V6.2.168116.
RUN-1001 : Database version number 46207
RUN-1001 : Import flow parameters
RUN-1001 : Import netlist
RUN-1001 : Import timing constraints
RUN-1001 : Import IO constraints
RUN-1001 : Import Inst constraints
RUN-1001 : Import ChipWatcher
RUN-1001 : Import design success TD_VERSION=6.2.168116 , DB_VERSION=46207
RUN-1003 : finish command "import_db ../syn_1/camera_to_dsi_display_gate.db" in  1.076021s wall, 0.609375s user + 0.062500s system = 0.671875s CPU (62.4%)

RUN-1004 : used memory is 521 MB, reserved memory is 519 MB, peak memory is 521 MB
RUN-1002 : start command "commit_param -step place"
RUN-1001 : Print Global Property
RUN-1001 : -------------------------------------------------------------
RUN-1001 :     Parameters    |   Settings   |  Default Values  |  Note  
RUN-1001 : -------------------------------------------------------------
RUN-1001 :    enable_seed    |     off      |       off        |        
RUN-1001 :    hfn_to_clock   |  1000000000  |    1000000000    |        
RUN-1001 :      message      |   standard   |     standard     |        
RUN-1001 :    qor_monitor    |      on      |        on        |        
RUN-1001 :   speedup_effort  |      0       |        0         |        
RUN-1001 :    syn_ip_flow    |     off      |       off        |        
RUN-1001 :       thread      |     auto     |       auto       |        
RUN-1001 : -------------------------------------------------------------
RUN-1001 : Print Place Property
RUN-1001 : ---------------------------------------------------------------
RUN-1001 :       Parameters      |  Settings  |  Default Values  |  Note  
RUN-1001 : ---------------------------------------------------------------
RUN-1001 :         effort        |   medium   |      medium      |        
RUN-1001 :     hfn_opt_effort    |   medium   |      medium      |        
RUN-1001 :    logic_level_opt    |    off     |       off        |        
RUN-1001 :   macro_performance   |    auto    |       auto       |        
RUN-1001 :       max_fanout      |   999999   |      999999      |        
RUN-1001 :       opt_timing      |   medium   |      medium      |        
RUN-1001 :     post_place_opt    |    auto    |       auto       |        
RUN-1001 :      pr_strategy      |     1      |        1         |        
RUN-1001 :   preplace_floorplan  |    off     |       off        |        
RUN-1001 : ---------------------------------------------------------------
RUN-1002 : start command "insert_debugger"
RUN-1002 : start command "place"
RUN-1001 : Open license file F:/AnlogicFpga/TD_6.2.1_Engineer_6.2.168.116/license/Anlogic.lic
PHY-3001 : Placer runs in 32 thread(s).
PHY-1001 : Stage 1 | Initialize Design
PHY-1001 : Stage 1.1 | Build Design
PHY-1001 : 10014 luts, 14174 seqs, 408 mslices, 3252 lslices, 53 pads, 49 brams, 8 dsps
RUN-1002 : start command "legalize_phy_inst"
SYN-1011 : Flatten model design_top_wrapper
SYN-1001 : ADC: Instance "u_ph1p35_324_ddr_wrapper/u_ddr2/ph1p_ddrmc_wrapper/ph1p_ddrmc_top/u_ddr_phy/u_ddrphy_top/u_ddrphy/ac_byte[0]$ac_byte_used$u_ddrphy_ac_byte_wrapper/u_ddrphy_byte" LOCATION="X0Y70Z0"
SYN-1001 : ADC: Instance "u_ph1p35_324_ddr_wrapper/u_ddr2/ph1p_ddrmc_wrapper/ph1p_ddrmc_top/u_ddr_phy/u_ddrphy_top/u_ddrphy/ac_byte[1]$ac_byte_used$u_ddrphy_ac_byte_wrapper/u_ddrphy_byte" LOCATION="X0Y60Z0"
SYN-1001 : ADC: Instance "u_ph1p35_324_ddr_wrapper/u_ddr2/ph1p_ddrmc_wrapper/ph1p_ddrmc_top/u_ddr_phy/u_ddrphy_top/u_ddrphy/ac_byte[2]$ac_byte_used$u_ddrphy_ac_byte_wrapper/u_ddrphy_byte" LOCATION="X0Y50Z0"
SYN-1001 : ADC: Instance "u_ph1p35_324_ddr_wrapper/u_ddr2/ph1p_ddrmc_wrapper/ph1p_ddrmc_top/u_ddr_phy/u_ddrphy_top/u_ddrphy/ac_byte[3]$ac_byte_used$u_ddrphy_ac_byte_wrapper/u_ddrphy_byte" LOCATION="X0Y40Z0"
SYN-1001 : ADC: Instance "u_ph1p35_324_ddr_wrapper/u_ddr2/ph1p_ddrmc_wrapper/ph1p_ddrmc_top/u_ddr_phy/u_ddrphy_top/u_ddrphy/bkref[0]$u_ddrphy_bankref" LOCATION="X0Y19Z0"
SYN-1001 : ADC: Instance "u_ph1p35_324_ddr_wrapper/u_ddr2/ph1p_ddrmc_wrapper/ph1p_ddrmc_top/u_ddr_phy/u_ddrphy_top/u_ddrphy/bkref[1]$u_ddrphy_bankref" LOCATION="X0Y59Z0"
SYN-1001 : ADC: Instance "u_ph1p35_324_ddr_wrapper/u_ddr2/ph1p_ddrmc_wrapper/ph1p_ddrmc_top/u_ddr_phy/u_ddrphy_top/u_ddrphy/dx_byte[0]$dx_byte_used$u_ddrphy_dx_byte_wrapper/u_ddrphy_byte" LOCATION="X0Y30Z0"
SYN-1001 : ADC: Instance "u_ph1p35_324_ddr_wrapper/u_ddr2/ph1p_ddrmc_wrapper/ph1p_ddrmc_top/u_ddr_phy/u_ddrphy_top/u_ddrphy/dx_byte[1]$dx_byte_used$u_ddrphy_dx_byte_wrapper/u_ddrphy_byte" LOCATION="X0Y10Z0"
SYN-1001 : ADC: Instance "u_ph1p35_324_ddr_wrapper/u_ddr2/ph1p_ddrmc_wrapper/ph1p_ddrmc_top/u_ddr_phy/u_ddrphy_top/u_ddrphy_clk/ioclk[0]$u_ioclk_0" LOCATION="X0Y59Z0"
SYN-1001 : ADC: Instance "u_ph1p35_324_ddr_wrapper/u_ddr2/ph1p_ddrmc_wrapper/ph1p_ddrmc_top/u_ddr_phy/u_ddrphy_top/u_ddrphy_clk/ioclk[0]$u_ioclk_1" LOCATION="X0Y59Z1"
SYN-1001 : ADC: Instance "u_ph1p35_324_ddr_wrapper/u_ddr2/ph1p_ddrmc_wrapper/ph1p_ddrmc_top/u_ddr_phy/u_ddrphy_top/u_ddrphy_clk/ioclk[1]$u_ioclk_0" LOCATION="X0Y19Z0"
SYN-1001 : ADC: Instance "u_ph1p35_324_ddr_wrapper/u_ddr2/ph1p_ddrmc_wrapper/ph1p_ddrmc_top/u_ddr_phy/u_ddrphy_top/u_ddrphy_clk/ioclk[1]$u_ioclk_1" LOCATION="X0Y19Z1"
SYN-1001 : ADC: Instance "u_ph1p35_324_ddr_wrapper/u_ddr2/ph1p_ddrmc_wrapper/ph1p_ddrmc_top/u_ddr_phy/u_ddrphy_top/u_ddrphy_clk/u_mlclk_1" LOCATION="X0Y59Z0"
SYN-1001 : ADC: Instance "u_ph1p35_324_ddr_wrapper/u_ddr2/ph1p_ddrmc_wrapper/ph1p_ddrmc_top/u_ddr_phy/u_ddrphy_top/u_ddrphy_clk/u_mlclk_2" LOCATION="X0Y59Z1"
SYN-1001 : ADC: Instance "u_ph1p35_324_ddr_wrapper/u_ddr2/ph1p_ddrmc_wrapper/ph1p_ddrmc_top/u_ddr_phy/u_ddrphy_top/u_ddrphy_clk/u_pll0/u_pll_inst" LOCATION="X0Y40Z0"
SYN-1001 : ADC: Instance "u_ph1p35_324_ddr_wrapper/u_ddr2/ph1p_ddrmc_wrapper/ph1p_ddrmc_top/u_ddr_phy/u_ddrphy_top/u_ddrphy_clk/u_pll1/u_pll_inst" LOCATION="X0Y79Z0"
PHY-1001 : Remove keep and sweep redundant instances ...
PHY-1001 : 9709 luts, 13832 seqs, 408 mslices, 3221 lslices, 53 pads, 49 brams, 8 dsps
PHY-1001 : End Stage 1.1 | Build Design; Time: 0.471792s wall, 0.468750s user + 0.000000s system = 0.468750s CPU (99.4%); Memory(MB): used = 522, reserved = 519, peak = 522;

PHY-1001 : Stage 1.2 | Optimize Design
OPT-1001 : Stage 1.2.1 | Simplify Lut
OPT-1001 : End Stage 1.2.1 | Simplify Lut; Time: 0.062356s wall, 0.062500s user + 0.000000s system = 0.062500s CPU (100.2%); Memory(MB): used = 522, reserved = 519, peak = 522;

OPT-1001 : Stage 1.2.2 | Sweep
OPT-1001 : End Stage 1.2.2 | Sweep; Time: 0.021561s wall, 0.031250s user + 0.000000s system = 0.031250s CPU (144.9%); Memory(MB): used = 522, reserved = 519, peak = 522;

OPT-1001 : Stage 1.2.3 | Merge Lut
OPT-1001 : Start remap optimization ...
RUN-1001 :   Added 0 lut1 for undup drivers
OPT-1001 : skip lut merge since lut number 9707 is similar to or less than reg number 13832
OPT-1001 : End Stage 1.2.3 | Merge Lut; Time: 0.034605s wall, 0.031250s user + 0.000000s system = 0.031250s CPU (90.3%); Memory(MB): used = 522, reserved = 519, peak = 522;

OPT-1001 : Stage 1.2.4 | Synthesize High-fanout Net
OPT-1001 : Start high-fanout net optimization in pre-place flow with medium effort ...
RUN-1001 : HFN opt statistic
RUN-1001 : ------------------------------------------------------
RUN-1001 :   DriverCell type  |  HFN count  |  Duplicated count  
RUN-1001 : ------------------------------------------------------
RUN-1001 :       LSLICE       |      0      |         0          
RUN-1001 :       MSLICE       |      0      |         0          
RUN-1001 :        TOTAL       |      0      |         0          
RUN-1001 : ------------------------------------------------------
OPT-1001 : End high-fanout net optimization;  0.000120s wall, 0.000000s user + 0.000000s system = 0.000000s CPU (n/a%)

OPT-1001 : Current memory(MB): used = 523, reserved = 519, peak = 523.
OPT-1001 : End Stage 1.2.4 | Synthesize High-fanout Net; Time: 0.000212s wall, 0.000000s user + 0.000000s system = 0.000000s CPU (n/a%); Memory(MB): used = 523, reserved = 519, peak = 523;

OPT-1001 : End physical optimization;  0.119017s wall, 0.125000s user + 0.000000s system = 0.125000s CPU (105.0%)

PHY-1001 : End Stage 1.2 | Optimize Design; Time: 0.119099s wall, 0.125000s user + 0.000000s system = 0.125000s CPU (105.0%); Memory(MB): used = 523, reserved = 519, peak = 523;

PHY-1001 : Stage 1.3 | Initialize Clock
PHY-1001 : Start to synthesize physical clock networks.
RUN-1002 : start command "start_timer"
USR-1002 : Derived clock:  create_generated_clock -name {u_PLL/ph1p_phy_pll_wrapper_25a56e5ce2f9_Inst/u_PH1P_PHY_PLL.clkc[0]} -source [get_ports {I_sys_clk}] -master_clock {sys_clk_50m} -multiply_by 2.0000 -duty_cycle 50.0000 [get_pins {u_PLL/ph1p_phy_pll_wrapper_25a56e5ce2f9_Inst/u_PH1P_PHY_PLL.clkc[0]}]
USR-1002 : Derived clock:  create_generated_clock -name {u_PLL/ph1p_phy_pll_wrapper_25a56e5ce2f9_Inst/u_PH1P_PHY_PLL.clkc[1]} -source [get_ports {I_sys_clk}] -master_clock {sys_clk_50m} -divide_by 2.1000 -duty_cycle 50.0000 [get_pins {u_PLL/ph1p_phy_pll_wrapper_25a56e5ce2f9_Inst/u_PH1P_PHY_PLL.clkc[1]}]
USR-1002 : Derived clock:  create_generated_clock -name {u_PLL/ph1p_phy_pll_wrapper_25a56e5ce2f9_Inst/u_PH1P_PHY_PLL.clkc[4]} -source [get_ports {I_sys_clk}] -master_clock {sys_clk_50m} -multiply_by 3.0000 -duty_cycle 50.0000 [get_pins {u_PLL/ph1p_phy_pll_wrapper_25a56e5ce2f9_Inst/u_PH1P_PHY_PLL.clkc[4]}]
USR-1002 : Derived clock:  create_generated_clock -name {u_PLL/ph1p_phy_pll_wrapper_25a56e5ce2f9_Inst/u_PH1P_PHY_PLL.clkc[5]} -source [get_ports {I_sys_clk}] -master_clock {sys_clk_50m} -multiply_by 15.0000 -duty_cycle 50.0000 [get_pins {u_PLL/ph1p_phy_pll_wrapper_25a56e5ce2f9_Inst/u_PH1P_PHY_PLL.clkc[5]}]
USR-1002 : Derived clock:  create_generated_clock -name {u_ph1p35_324_ddr_wrapper/u_ddr2/ph1p_ddrmc_wrapper/ph1p_ddrmc_top/u_ddr_phy/u_ddrphy_top/u_ddrphy_clk/u_pll0/u_pll_inst.clkc[0]} -source [get_ports {I_sys_clk}] -master_clock {sys_clk_50m} -multiply_by 1.3333 -duty_cycle 50.0000 [get_pins {u_ph1p35_324_ddr_wrapper/u_ddr2/ph1p_ddrmc_wrapper/ph1p_ddrmc_top/u_ddr_phy/u_ddrphy_top/u_ddrphy_clk/u_pll0/u_pll_inst.clkc[0]}]
USR-1002 : Derived clock:  create_generated_clock -name {u_ph1p35_324_ddr_wrapper/u_ddr2/ph1p_ddrmc_wrapper/ph1p_ddrmc_top/u_ddr_phy/u_ddrphy_top/u_ddrphy_clk/u_pll0/u_pll_inst.clkc[1]} -source [get_ports {I_sys_clk}] -master_clock {sys_clk_50m} -multiply_by 1.3333 -duty_cycle 50.0000 [get_pins {u_ph1p35_324_ddr_wrapper/u_ddr2/ph1p_ddrmc_wrapper/ph1p_ddrmc_top/u_ddr_phy/u_ddrphy_top/u_ddrphy_clk/u_pll0/u_pll_inst.clkc[1]}]
USR-1002 : Derived clock:  create_generated_clock -name {u_ph1p35_324_ddr_wrapper/u_ddr2/ph1p_ddrmc_wrapper/ph1p_ddrmc_top/u_ddr_phy/u_ddrphy_top/u_ddrphy_clk/u_pll0/u_pll_inst.clkc[2]} -source [get_ports {I_sys_clk}] -master_clock {sys_clk_50m} -multiply_by 5.3333 -duty_cycle 50.0000 [get_pins {u_ph1p35_324_ddr_wrapper/u_ddr2/ph1p_ddrmc_wrapper/ph1p_ddrmc_top/u_ddr_phy/u_ddrphy_top/u_ddrphy_clk/u_pll0/u_pll_inst.clkc[2]}]
USR-1002 : Derived clock:  create_generated_clock -name {u_ph1p35_324_ddr_wrapper/u_ddr2/ph1p_ddrmc_wrapper/ph1p_ddrmc_top/u_ddr_phy/u_ddrphy_top/u_ddrphy_clk/u_pll0/u_pll_inst.clkc[3]} -source [get_ports {I_sys_clk}] -master_clock {sys_clk_50m} -divide_by 1.9687 -duty_cycle 50.0000 [get_pins {u_ph1p35_324_ddr_wrapper/u_ddr2/ph1p_ddrmc_wrapper/ph1p_ddrmc_top/u_ddr_phy/u_ddrphy_top/u_ddrphy_clk/u_pll0/u_pll_inst.clkc[3]}]
USR-1002 : Derived clock:  create_generated_clock -name {u_ph1p35_324_ddr_wrapper/u_ddr2/ph1p_ddrmc_wrapper/ph1p_ddrmc_top/u_ddr_phy/u_ddrphy_top/u_ddrphy_clk/u_pll1/u_pll_inst.clkc[0]} -source [get_pins {u_ph1p35_324_ddr_wrapper/u_ddr2/ph1p_ddrmc_wrapper/ph1p_ddrmc_top/u_ddr_phy/u_ddrphy_top/u_ddrphy_clk/u_pll0/u_pll_inst.clkc[0]}] -master_clock {u_ph1p35_324_ddr_wrapper/u_ddr2/ph1p_ddrmc_wrapper/ph1p_ddrmc_top/u_ddr_phy/u_ddrphy_top/u_ddrphy_clk/u_pll0/u_pll_inst.clkc[0]} -multiply_by 1.0000 -duty_cycle 50.0000 [get_pins {u_ph1p35_324_ddr_wrapper/u_ddr2/ph1p_ddrmc_wrapper/ph1p_ddrmc_top/u_ddr_phy/u_ddrphy_top/u_ddrphy_clk/u_pll1/u_pll_inst.clkc[0]}]
8.888000
15.000000
15.000000
6.666000
RUN-1003 : finish command "start_timer" in  1.973946s wall, 1.953125s user + 0.015625s system = 1.968750s CPU (99.7%)

RUN-1004 : used memory is 708 MB, reserved memory is 708 MB, peak memory is 708 MB
TMR-2502 : Net delay update with mode: Synthesized
PHY-5060 CRITICAL-WARNING: Clock net candidate u_uicfgcs500/uii2c_inst/scl_clk has mixed fanouts of 1 clock pins; 2 data/ctrl pins. Please check connection of the net in design.
PHY-5060 CRITICAL-WARNING: Clock net candidate O_cam_24m_syn_3 has mixed fanouts of 176 clock pins; 1 data/ctrl pins. Please check connection of the net in design.
PHY-1001 : Populate physical database on model design_top_wrapper.
RUN-1001 : There are total 27378 instances
RUN-0007 : 9707 luts, 13832 seqs, 408 mslices, 3221 lslices, 53 pads, 49 brams, 8 dsps
RUN-1001 : There are total 37680 nets
RUN-1001 : 25636 nets have 2 pins
RUN-1001 : 9610 nets have [3 - 5] pins
RUN-1001 : 1712 nets have [6 - 10] pins
RUN-1001 : 410 nets have [11 - 20] pins
RUN-1001 : 269 nets have [21 - 99] pins
RUN-1001 : 43 nets have 100+ pins
PHY-1001 : Start to check user instance location assignments; please refer to ADC constraint.
PHY-1001 : End Stage 1.3 | Initialize Clock; Time: 3.290387s wall, 3.218750s user + 0.031250s system = 3.250000s CPU (98.8%); Memory(MB): used = 792, reserved = 792, peak = 792;

PHY-1001 : End Stage 1 | Initialize Design; Time: 3.924463s wall, 3.859375s user + 0.031250s system = 3.890625s CPU (99.1%); Memory(MB): used = 792, reserved = 792, peak = 792;

PHY-1001 : Stage 2 | Global Placement
RUN-1001 : Report Control nets information:
RUN-1001 : DFF Distribution
RUN-1001 : -------------------------------------
RUN-1001 :   CE   |  SSR  |  ASR  |  DFF Count  
RUN-1001 : -------------------------------------
RUN-1001 :   No   |  No   |  No   |    6702     
RUN-1001 :   No   |  No   |  Yes  |    3741     
RUN-1001 :   No   |  Yes  |  No   |     217     
RUN-1001 :   Yes  |  No   |  No   |     376     
RUN-1001 :   Yes  |  No   |  Yes  |    2874     
RUN-1001 :   Yes  |  Yes  |  No   |     146     
RUN-1001 : -------------------------------------
RUN-1001 : Control Group Statistic
RUN-1001 : -----------------------------
RUN-1001 :   #CLK  |  #CE  |  #SSR/ASR  
RUN-1001 : -----------------------------
RUN-1001 :    9    |  122  |     26     
RUN-1001 : -----------------------------
RUN-0007 : Control Set = 158
PHY-1001 : Stage 2.1 | Place Fixed Instances
PHY-1001 : Processing 2 clock pins of DDR instance u_ph1p35_324_ddr_wrapper/u_ddr2/ph1p_ddrmc_wrapper/ph1p_ddrmc_top/u_ddr_phy/u_ddrphy_top/u_ddrphy/ac_byte[0]$ac_byte_used$u_ddrphy_ac_byte_wrapper/u_ddrphy_byte, location = x0y70z0.
PHY-1001 :   User location X0Y59Z1 of ioclk instance u_ph1p35_324_ddr_wrapper/u_ddr2/ph1p_ddrmc_wrapper/ph1p_ddrmc_top/u_ddr_phy/u_ddrphy_top/u_ddrphy_clk/ioclk[0]$u_ioclk_1.
PHY-1001 :   Placement of ioclk instance u_ph1p35_324_ddr_wrapper/u_ddr2/ph1p_ddrmc_wrapper/ph1p_ddrmc_top/u_ddr_phy/u_ddrphy_top/u_ddrphy_clk/ioclk[0]$u_ioclk_1; location = x0y59z1.
PHY-1001 :   User location X0Y59Z0 of ioclk instance u_ph1p35_324_ddr_wrapper/u_ddr2/ph1p_ddrmc_wrapper/ph1p_ddrmc_top/u_ddr_phy/u_ddrphy_top/u_ddrphy_clk/ioclk[0]$u_ioclk_0.
PHY-1001 :   Placement of ioclk instance u_ph1p35_324_ddr_wrapper/u_ddr2/ph1p_ddrmc_wrapper/ph1p_ddrmc_top/u_ddr_phy/u_ddrphy_top/u_ddrphy_clk/ioclk[0]$u_ioclk_0; location = x0y59z0.
PHY-1001 : Processing 2 clock pins of DDR instance u_ph1p35_324_ddr_wrapper/u_ddr2/ph1p_ddrmc_wrapper/ph1p_ddrmc_top/u_ddr_phy/u_ddrphy_top/u_ddrphy/ac_byte[1]$ac_byte_used$u_ddrphy_ac_byte_wrapper/u_ddrphy_byte, location = x0y60z0.
PHY-1001 :   Placed ioclk instance u_ph1p35_324_ddr_wrapper/u_ddr2/ph1p_ddrmc_wrapper/ph1p_ddrmc_top/u_ddr_phy/u_ddrphy_top/u_ddrphy_clk/ioclk[0]$u_ioclk_1, location = x0y59z1.
PHY-1001 :   Placed ioclk instance u_ph1p35_324_ddr_wrapper/u_ddr2/ph1p_ddrmc_wrapper/ph1p_ddrmc_top/u_ddr_phy/u_ddrphy_top/u_ddrphy_clk/ioclk[0]$u_ioclk_0, location = x0y59z0.
PHY-1001 : Processing 2 clock pins of DDR instance u_ph1p35_324_ddr_wrapper/u_ddr2/ph1p_ddrmc_wrapper/ph1p_ddrmc_top/u_ddr_phy/u_ddrphy_top/u_ddrphy/ac_byte[2]$ac_byte_used$u_ddrphy_ac_byte_wrapper/u_ddrphy_byte, location = x0y50z0.
PHY-1001 :   Placed ioclk instance u_ph1p35_324_ddr_wrapper/u_ddr2/ph1p_ddrmc_wrapper/ph1p_ddrmc_top/u_ddr_phy/u_ddrphy_top/u_ddrphy_clk/ioclk[0]$u_ioclk_1, location = x0y59z1.
PHY-1001 :   Placed ioclk instance u_ph1p35_324_ddr_wrapper/u_ddr2/ph1p_ddrmc_wrapper/ph1p_ddrmc_top/u_ddr_phy/u_ddrphy_top/u_ddrphy_clk/ioclk[0]$u_ioclk_0, location = x0y59z0.
PHY-1001 : Processing 2 clock pins of DDR instance u_ph1p35_324_ddr_wrapper/u_ddr2/ph1p_ddrmc_wrapper/ph1p_ddrmc_top/u_ddr_phy/u_ddrphy_top/u_ddrphy/ac_byte[3]$ac_byte_used$u_ddrphy_ac_byte_wrapper/u_ddrphy_byte, location = x0y40z0.
PHY-1001 :   Placed ioclk instance u_ph1p35_324_ddr_wrapper/u_ddr2/ph1p_ddrmc_wrapper/ph1p_ddrmc_top/u_ddr_phy/u_ddrphy_top/u_ddrphy_clk/ioclk[0]$u_ioclk_1, location = x0y59z1.
PHY-1001 :   Placed ioclk instance u_ph1p35_324_ddr_wrapper/u_ddr2/ph1p_ddrmc_wrapper/ph1p_ddrmc_top/u_ddr_phy/u_ddrphy_top/u_ddrphy_clk/ioclk[0]$u_ioclk_0, location = x0y59z0.
PHY-1001 : Processing 2 clock pins of DDR instance u_ph1p35_324_ddr_wrapper/u_ddr2/ph1p_ddrmc_wrapper/ph1p_ddrmc_top/u_ddr_phy/u_ddrphy_top/u_ddrphy/dx_byte[0]$dx_byte_used$u_ddrphy_dx_byte_wrapper/u_ddrphy_byte, location = x0y30z0.
PHY-1001 :   User location X0Y19Z1 of ioclk instance u_ph1p35_324_ddr_wrapper/u_ddr2/ph1p_ddrmc_wrapper/ph1p_ddrmc_top/u_ddr_phy/u_ddrphy_top/u_ddrphy_clk/ioclk[1]$u_ioclk_1.
PHY-1001 :   Placement of ioclk instance u_ph1p35_324_ddr_wrapper/u_ddr2/ph1p_ddrmc_wrapper/ph1p_ddrmc_top/u_ddr_phy/u_ddrphy_top/u_ddrphy_clk/ioclk[1]$u_ioclk_1; location = x0y19z1.
PHY-1001 :   User location X0Y19Z0 of ioclk instance u_ph1p35_324_ddr_wrapper/u_ddr2/ph1p_ddrmc_wrapper/ph1p_ddrmc_top/u_ddr_phy/u_ddrphy_top/u_ddrphy_clk/ioclk[1]$u_ioclk_0.
PHY-1001 :   Placement of ioclk instance u_ph1p35_324_ddr_wrapper/u_ddr2/ph1p_ddrmc_wrapper/ph1p_ddrmc_top/u_ddr_phy/u_ddrphy_top/u_ddrphy_clk/ioclk[1]$u_ioclk_0; location = x0y19z0.
PHY-1001 : Processing 2 clock pins of DDR instance u_ph1p35_324_ddr_wrapper/u_ddr2/ph1p_ddrmc_wrapper/ph1p_ddrmc_top/u_ddr_phy/u_ddrphy_top/u_ddrphy/dx_byte[1]$dx_byte_used$u_ddrphy_dx_byte_wrapper/u_ddrphy_byte, location = x0y10z0.
PHY-1001 :   Placed ioclk instance u_ph1p35_324_ddr_wrapper/u_ddr2/ph1p_ddrmc_wrapper/ph1p_ddrmc_top/u_ddr_phy/u_ddrphy_top/u_ddrphy_clk/ioclk[1]$u_ioclk_1, location = x0y19z1.
PHY-1001 :   Placed ioclk instance u_ph1p35_324_ddr_wrapper/u_ddr2/ph1p_ddrmc_wrapper/ph1p_ddrmc_top/u_ddr_phy/u_ddrphy_top/u_ddrphy_clk/ioclk[1]$u_ioclk_0, location = x0y19z0.
PHY-1001 : DDR MLCLK topology u_ph1p35_324_ddr_wrapper/u_ddr2/ph1p_ddrmc_wrapper/ph1p_ddrmc_top/u_ddr_phy/u_ddrphy_top/u_ddrphy_clk/u_mlclk_1.
PHY-1001 :   Driver: PH1P_PHY_PLL_V2 u_ph1p35_324_ddr_wrapper/u_ddr2/ph1p_ddrmc_wrapper/ph1p_ddrmc_top/u_ddr_phy/u_ddrphy_top/u_ddrphy_clk/u_pll0/u_pll_inst.clkc[1], user location :X0Y40Z0.
PHY-1001 :   Sink: PH1P_PHY_IOCLK u_ph1p35_324_ddr_wrapper/u_ddr2/ph1p_ddrmc_wrapper/ph1p_ddrmc_top/u_ddr_phy/u_ddrphy_top/u_ddrphy_clk/ioclk[0]$u_ioclk_0, location = x0y59z0, sectorID = 1.
PHY-1001 :   Sink: PH1P_PHY_IOCLK u_ph1p35_324_ddr_wrapper/u_ddr2/ph1p_ddrmc_wrapper/ph1p_ddrmc_top/u_ddr_phy/u_ddrphy_top/u_ddrphy_clk/ioclk[1]$u_ioclk_0, location = x0y19z0, sectorID = 0.
PHY-1001 : Placement of MLCLK instance u_ph1p35_324_ddr_wrapper/u_ddr2/ph1p_ddrmc_wrapper/ph1p_ddrmc_top/u_ddr_phy/u_ddrphy_top/u_ddrphy_clk/u_mlclk_1; location = x0y59z0,  sectorID = 1.
PHY-1001 : DDR MLCLK topology u_ph1p35_324_ddr_wrapper/u_ddr2/ph1p_ddrmc_wrapper/ph1p_ddrmc_top/u_ddr_phy/u_ddrphy_top/u_ddrphy_clk/u_mlclk_2.
PHY-1001 :   Driver: PH1P_PHY_PLL_V2 u_ph1p35_324_ddr_wrapper/u_ddr2/ph1p_ddrmc_wrapper/ph1p_ddrmc_top/u_ddr_phy/u_ddrphy_top/u_ddrphy_clk/u_pll0/u_pll_inst.clkc[2], user location :X0Y40Z0.
PHY-1001 :   Sink: PH1P_PHY_IOCLK u_ph1p35_324_ddr_wrapper/u_ddr2/ph1p_ddrmc_wrapper/ph1p_ddrmc_top/u_ddr_phy/u_ddrphy_top/u_ddrphy_clk/ioclk[0]$u_ioclk_1, location = x0y59z1, sectorID = 1.
PHY-1001 :   Sink: PH1P_PHY_IOCLK u_ph1p35_324_ddr_wrapper/u_ddr2/ph1p_ddrmc_wrapper/ph1p_ddrmc_top/u_ddr_phy/u_ddrphy_top/u_ddrphy_clk/ioclk[1]$u_ioclk_1, location = x0y19z1, sectorID = 0.
PHY-1001 : Placement of MLCLK instance u_ph1p35_324_ddr_wrapper/u_ddr2/ph1p_ddrmc_wrapper/ph1p_ddrmc_top/u_ddr_phy/u_ddrphy_top/u_ddrphy_clk/u_mlclk_2; location = x0y59z1,  sectorID = 1.
PHY-5016 WARNING: PLL clkc is driving an IO without location.
PHY-5016 WARNING: PLL clkc is not driving a clock-capable IO.
PHY-5016 WARNING: PLL clkc is driving an IO without location.
PHY-5016 WARNING: PLL clkc is not driving a clock-capable IO.
PHY-1001 : End Stage 2.1 | Place Fixed Instances; Time: 0.074551s wall, 0.078125s user + 0.000000s system = 0.078125s CPU (104.8%); Memory(MB): used = 822, reserved = 820, peak = 822;

PHY-1001 : Stage 2.2 | Pre-Place DRC Check
PHY-1001 : Stage 2.2.1 | Force Route Constraint Check
PHY-1001 : Check Pass.
PHY-1001 : End Stage 2.2.1 | Force Route Constraint Check; Time: 0.003379s wall, 0.000000s user + 0.000000s system = 0.000000s CPU (n/a%); Memory(MB): used = 822, reserved = 820, peak = 822;

PHY-1001 : End Stage 2.2 | Pre-Place DRC Check; Time: 0.003432s wall, 0.000000s user + 0.000000s system = 0.000000s CPU (n/a%); Memory(MB): used = 822, reserved = 820, peak = 822;

PHY-1001 : Clock GCLK Statistics:
RUN-1001 : GCLK Index: 
RUN-1001 : -------------------------------------------------------------------------------------------------------------------------------------------------------
RUN-1001 :   Index  |                                                          Clock GCLK                                                           |  Location   
RUN-1001 : -------------------------------------------------------------------------------------------------------------------------------------------------------
RUN-1001 :     1    |                           u_mipi_dphy_rx_ph1p_mipiio_wrapper/u_ph1p_mipiio_rx_wrapper/bufg_feedback                           |  x23y39z0   
RUN-1001 :     2    |   u_ph1p35_324_ddr_wrapper/u_ddr2/ph1p_ddrmc_wrapper/ph1p_ddrmc_top/u_ddr_phy/u_ddrphy_top/u_ddrphy_clk/u_pll1/u_bufg_fbclk   |  x23y39z16  
RUN-1001 :     3    |                                              u_hdmi_mixer/I_clk_created_gclkinst                                              |  x23y39z17  
RUN-1001 :     4    |                                               O_cam_24m_dup_1_created_gclkinst                                                |  x23y39z18  
RUN-1001 :     5    |                                               I_sys_clk_dup_6_created_gclkinst                                                |  x23y39z22  
RUN-1001 :     6    |                          u_hdmi_tx/u_hdmi2phy_wrapper/u0_lane_lvds_8_1/I_serial_clk_created_gclkinst                          |  x23y39z19  
RUN-1001 :     7    |  u_ph1p35_324_ddr_wrapper/u_ddr2/ph1p_ddrmc_wrapper/ph1p_ddrmc_top/u_ddr_phy/u_ddrphy_top/u_ddrphy/apb_pclk_created_gclkinst  |  x23y39z20  
RUN-1001 :     8    |                                       u_uicfgcs500/uii2c_inst/scl_clk_created_gclkinst                                        |  x23y39z1   
RUN-1001 :     9    |                                                      u_PLL/bufg_feedback                                                      |  x23y39z21  
RUN-1001 : -------------------------------------------------------------------------------------------------------------------------------------------------------
RUN-1001 : Clock Nets Connect To GCLK Statistics: 
RUN-1001 : -----------------------------------------------------------------------------------------------------------------------------------------------------------------------------------------
RUN-1001 :   Index  |                        Leading Net                        |  CLK/DATA/IO/PLL Sink(s)  |                       Following Net                       |  CLK/DATA/IO/PLL Sink(s)  
RUN-1001 : -----------------------------------------------------------------------------------------------------------------------------------------------------------------------------------------
RUN-1001 :     1    | u_mipi_dphy_rx_ph1p_mipiio_wrapper/u_ph1p_mipiio_rx_w...  |          1/0/0/0          | u_isp_top/u_rgb96_downscale_crop/u_scale_line_buffer/...  |        8723/0/0/0         
RUN-1001 :     2    | u_ph1p35_324_ddr_wrapper/u_ddr2/ph1p_ddrmc_wrapper/ph...  |          1/0/0/0          | u_ph1p35_324_ddr_wrapper/u_ddr2/ph1p_ddrmc_wrapper/ph...  |        3545/0/0/0         
RUN-1001 :     3    |                    u_hdmi_mixer/I_clk                     |          1/0/0/0          |                u_hdmi_mixer/I_clk_syn_661                 |        1396/0/0/0         
RUN-1001 :     4    |                      O_cam_24m_dup_1                      |          1/0/0/0          |                      O_cam_24m_syn_3                      |         176/1/0/0         
RUN-1001 :     5    |                      I_sys_clk_dup_6                      |          3/0/0/0          |                      I_sys_clk_syn_8                      |         137/0/0/0         
RUN-1001 :     6    | u_hdmi_tx/u_hdmi2phy_wrapper/u0_lane_lvds_8_1/I_seria...  |          1/0/0/0          | u_hdmi_tx/u_hdmi2phy_wrapper/u0_lane_lvds_8_1/I_seria...  |         61/0/0/0          
RUN-1001 :     7    | u_ph1p35_324_ddr_wrapper/u_ddr2/ph1p_ddrmc_wrapper/ph...  |          1/0/0/0          | u_ph1p35_324_ddr_wrapper/u_ddr2/ph1p_ddrmc_wrapper/ph...  |         43/0/0/0          
RUN-1001 :     8    |              u_uicfgcs500/uii2c_inst/scl_clk              |          1/2/0/0          |           u_uicfgcs500/uii2c_inst/scl_clk_syn_9           |         24/0/0/0          
RUN-1001 :     9    |                      u_PLL/clk0_buf                       |          1/0/0/0          | u_mipi_dphy_rx_ph1p_mipiio_wrapper/u_ph1p_mipiio_rx_w...  |         13/0/0/0          
RUN-1001 : -----------------------------------------------------------------------------------------------------------------------------------------------------------------------------------------
PHY-1001 : Stage 2.3 | Global Placement Step 1
PHY-3001 : Target density is 60%
PHY-1001 : Stage 2.3.1 | Update Timing
RUN-1002 : start command "start_timer"
RUN-1003 : finish command "start_timer" in  1.442594s wall, 1.437500s user + 0.000000s system = 1.437500s CPU (99.6%)

RUN-1004 : used memory is 857 MB, reserved memory is 856 MB, peak memory is 857 MB
PHY-1001 : SWNS: -466, STNS: -18265, FEP: 69
PHY-3001 : tot_pins 281382 tot_hfn_pins 27735 perc. 9 tot_hhfn_pins 5756 perc. 2
PHY-1001 : End Stage 2.3.1 | Update Timing; Time: 2.809770s wall, 2.781250s user + 0.015625s system = 2.796875s CPU (99.5%); Memory(MB): used = 868, reserved = 868, peak = 868;

PHY-0007 : Cell area utilization is 49%
RUN-1001 : Huge Net Statistic
RUN-1001 : ----------------------------------------------------------------------------------------------------------------------------------------------------------------------------------------
RUN-1001 :   Fanout  |  Slack  |                                                                                Net                                                                                
RUN-1001 : ----------------------------------------------------------------------------------------------------------------------------------------------------------------------------------------
RUN-1001 :    3195   |   Inf   |                                u_ph1p35_324_ddr_wrapper/u_ddr2/ph1p_ddrmc_wrapper/ph1p_ddrmc_top/u_ddr_phy/u_ddrphy_top/sys_rst_n                                 
RUN-1001 :    1472   |  11982  |                                u_ph1p35_324_ddr_wrapper/u_ddr2/ph1p_ddrmc_wrapper/ph1p_ddrmc_top/u_alc_mc_top/u_rbuf_addr_fifo/rst                                
RUN-1001 :    1089   |   Inf   |  u_ph1p35_324_ddr_wrapper/u_ddr2/ph1p_ddrmc_wrapper/ph1p_ddrmc_top/u_ddr_phy/u_ddrphy_top/u_ddrphy/dx_byte[1]$dx_byte_used$u_ddrphy_dx_byte_wrapper/dx_phy_rst_n  
RUN-1001 : ----------------------------------------------------------------------------------------------------------------------------------------------------------------------------------------
PHY-3001 : Clustering ...
PHY-3001 : End clustering;  0.149423s wall, 0.531250s user + 0.250000s system = 0.781250s CPU (522.8%)

PHY-3001 : Target density is 60%
PHY-1001 : Stage 2.3.2 | GP Iteration
PHY-1001 : End Stage 2.3.2 | GP Iteration; Time: 2.511389s wall, 11.390625s user + 3.093750s system = 14.484375s CPU (576.7%); Memory(MB): used = 880, reserved = 879, peak = 880;

PHY-3001 : Multithread accelerating rate: 5.67
RUN-1002 : start command "start_timer"
USR-1002 : Derived clock:  create_generated_clock -name {u_PLL/ph1p_phy_pll_wrapper_25a56e5ce2f9_Inst/u_PH1P_PHY_PLL.clkc[0]} -source [get_ports {I_sys_clk}] -master_clock {sys_clk_50m} -multiply_by 2.0000 -duty_cycle 50.0000 [get_pins {u_PLL/ph1p_phy_pll_wrapper_25a56e5ce2f9_Inst/u_PH1P_PHY_PLL.clkc[0]}]
USR-1002 : Derived clock:  create_generated_clock -name {u_PLL/ph1p_phy_pll_wrapper_25a56e5ce2f9_Inst/u_PH1P_PHY_PLL.clkc[1]} -source [get_ports {I_sys_clk}] -master_clock {sys_clk_50m} -divide_by 2.1000 -duty_cycle 50.0000 [get_pins {u_PLL/ph1p_phy_pll_wrapper_25a56e5ce2f9_Inst/u_PH1P_PHY_PLL.clkc[1]}]
USR-1002 : Derived clock:  create_generated_clock -name {u_PLL/ph1p_phy_pll_wrapper_25a56e5ce2f9_Inst/u_PH1P_PHY_PLL.clkc[4]} -source [get_ports {I_sys_clk}] -master_clock {sys_clk_50m} -multiply_by 3.0000 -duty_cycle 50.0000 [get_pins {u_PLL/ph1p_phy_pll_wrapper_25a56e5ce2f9_Inst/u_PH1P_PHY_PLL.clkc[4]}]
USR-1002 : Derived clock:  create_generated_clock -name {u_PLL/ph1p_phy_pll_wrapper_25a56e5ce2f9_Inst/u_PH1P_PHY_PLL.clkc[5]} -source [get_ports {I_sys_clk}] -master_clock {sys_clk_50m} -multiply_by 15.0000 -duty_cycle 50.0000 [get_pins {u_PLL/ph1p_phy_pll_wrapper_25a56e5ce2f9_Inst/u_PH1P_PHY_PLL.clkc[5]}]
USR-1002 : Derived clock:  create_generated_clock -name {u_ph1p35_324_ddr_wrapper/u_ddr2/ph1p_ddrmc_wrapper/ph1p_ddrmc_top/u_ddr_phy/u_ddrphy_top/u_ddrphy_clk/u_pll0/u_pll_inst.clkc[0]} -source [get_ports {I_sys_clk}] -master_clock {sys_clk_50m} -multiply_by 1.3333 -duty_cycle 50.0000 [get_pins {u_ph1p35_324_ddr_wrapper/u_ddr2/ph1p_ddrmc_wrapper/ph1p_ddrmc_top/u_ddr_phy/u_ddrphy_top/u_ddrphy_clk/u_pll0/u_pll_inst.clkc[0]}]
USR-1002 : Derived clock:  create_generated_clock -name {u_ph1p35_324_ddr_wrapper/u_ddr2/ph1p_ddrmc_wrapper/ph1p_ddrmc_top/u_ddr_phy/u_ddrphy_top/u_ddrphy_clk/u_pll0/u_pll_inst.clkc[1]} -source [get_ports {I_sys_clk}] -master_clock {sys_clk_50m} -multiply_by 1.3333 -duty_cycle 50.0000 [get_pins {u_ph1p35_324_ddr_wrapper/u_ddr2/ph1p_ddrmc_wrapper/ph1p_ddrmc_top/u_ddr_phy/u_ddrphy_top/u_ddrphy_clk/u_pll0/u_pll_inst.clkc[1]}]
USR-1002 : Derived clock:  create_generated_clock -name {u_ph1p35_324_ddr_wrapper/u_ddr2/ph1p_ddrmc_wrapper/ph1p_ddrmc_top/u_ddr_phy/u_ddrphy_top/u_ddrphy_clk/u_pll0/u_pll_inst.clkc[2]} -source [get_ports {I_sys_clk}] -master_clock {sys_clk_50m} -multiply_by 5.3333 -duty_cycle 50.0000 [get_pins {u_ph1p35_324_ddr_wrapper/u_ddr2/ph1p_ddrmc_wrapper/ph1p_ddrmc_top/u_ddr_phy/u_ddrphy_top/u_ddrphy_clk/u_pll0/u_pll_inst.clkc[2]}]
USR-1002 : Derived clock:  create_generated_clock -name {u_ph1p35_324_ddr_wrapper/u_ddr2/ph1p_ddrmc_wrapper/ph1p_ddrmc_top/u_ddr_phy/u_ddrphy_top/u_ddrphy_clk/u_pll0/u_pll_inst.clkc[3]} -source [get_ports {I_sys_clk}] -master_clock {sys_clk_50m} -divide_by 1.9687 -duty_cycle 50.0000 [get_pins {u_ph1p35_324_ddr_wrapper/u_ddr2/ph1p_ddrmc_wrapper/ph1p_ddrmc_top/u_ddr_phy/u_ddrphy_top/u_ddrphy_clk/u_pll0/u_pll_inst.clkc[3]}]
USR-1002 : Derived clock:  create_generated_clock -name {u_ph1p35_324_ddr_wrapper/u_ddr2/ph1p_ddrmc_wrapper/ph1p_ddrmc_top/u_ddr_phy/u_ddrphy_top/u_ddrphy_clk/u_pll1/u_pll_inst.clkc[0]} -source [get_pins {u_ph1p35_324_ddr_wrapper/u_ddr2/ph1p_ddrmc_wrapper/ph1p_ddrmc_top/u_ddr_phy/u_ddrphy_top/u_ddrphy_clk/u_pll0/u_pll_inst.clkc[0]}] -master_clock {u_ph1p35_324_ddr_wrapper/u_ddr2/ph1p_ddrmc_wrapper/ph1p_ddrmc_top/u_ddr_phy/u_ddrphy_top/u_ddrphy_clk/u_pll0/u_pll_inst.clkc[0]} -multiply_by 1.0000 -duty_cycle 50.0000 [get_pins {u_ph1p35_324_ddr_wrapper/u_ddr2/ph1p_ddrmc_wrapper/ph1p_ddrmc_top/u_ddr_phy/u_ddrphy_top/u_ddrphy_clk/u_pll1/u_pll_inst.clkc[0]}]
8.888000
15.000000
15.000000
6.666000
RUN-1003 : finish command "start_timer" in  1.818008s wall, 1.765625s user + 0.031250s system = 1.796875s CPU (98.8%)

RUN-1004 : used memory is 880 MB, reserved memory is 879 MB, peak memory is 880 MB
TMR-2502 : Net delay update with mode: Placed
PHY-3001 : No need to merge 9x9 Dsps.
PHY-1001 : Populate physical database on model design_top_wrapper.
PHY-1001 : End Stage 2.3 | Global Placement Step 1; Time: 9.148497s wall, 18.234375s user + 3.421875s system = 21.656250s CPU (236.7%); Memory(MB): used = 934, reserved = 933, peak = 934;

PHY-1001 : Stage 2.4 | RAM/DSP Legalization and Detailed Placement
PHY-1001 : Stage 2.4.1 | Legalization
PHY-3001 : Before Legalized: Len = 1.67329e+06
PHY-3001 : After Legalized: Len = 1.68516e+06, Over = 119.562
PHY-1001 : End Stage 2.4.1 | Legalization; Time: 1.663080s wall, 1.546875s user + 0.031250s system = 1.578125s CPU (94.9%); Memory(MB): used = 936, reserved = 934, peak = 936;

PHY-1001 : Stage 2.4.2 | Detailed Placement
PHY-1001 : Stage 2.4.2.1 | Simulated Annealing Based DP
PHY-0007 : Initial: WL Cost = 139536, TD Cost = 226779, SWNS = 47, STNS = 0, Nums per T = 570, Range Limit = 2x32
PHY-0007 : Finally: WL Cost = 137716, TD Cost = 225190, WL Ratio = 0.986954, TD Ratio = 0.992991, SWNS = 47, STNS = 0
RUN-1001 : Print Detailed placement's Summary information
RUN-1001 : -------------------------------------------------------------------------------------------------------------------------------
RUN-1001 :             |  Total  |  Accept  |  Reject by overFlow  |  Reject by worseCost  |  Failed by noTarget  |  Failed by gridCheck  
RUN-1001 : -------------------------------------------------------------------------------------------------------------------------------
RUN-1001 :   RAM/DSPs  |  2280   |    51    |          0           |         2229          |          0           |           0           
RUN-1001 :    Macros   |   349   |    5     |          0           |          344          |          0           |           0           
RUN-1001 : -------------------------------------------------------------------------------------------------------------------------------
PHY-1001 : End Stage 2.4.2.1 | Simulated Annealing Based DP; Time: 1.835634s wall, 2.171875s user + 0.093750s system = 2.265625s CPU (123.4%); Memory(MB): used = 940, reserved = 937, peak = 940;

PHY-3001 : End Detailed Place; 
PHY-1001 : End Stage 2.4.2 | Detailed Placement; Time: 2.013659s wall, 2.343750s user + 0.093750s system = 2.437500s CPU (121.0%); Memory(MB): used = 940, reserved = 937, peak = 940;

PHY-1001 : End Stage 2.4 | RAM/DSP Legalization and Detailed Placement; Time: 3.677342s wall, 3.890625s user + 0.125000s system = 4.015625s CPU (109.2%); Memory(MB): used = 940, reserved = 937, peak = 940;

PHY-1001 : Stage 2.5 | Global Placement Step 2
PHY-3001 : Target density is 60%
PHY-1001 : Stage 2.5.1 | Update Timing
PHY-1001 : SWNS: 47, STNS: 0, FEP: 0
PHY-1001 : End Stage 2.5.1 | Update Timing; Time: 0.160715s wall, 0.156250s user + 0.000000s system = 0.156250s CPU (97.2%); Memory(MB): used = 940, reserved = 937, peak = 940;

PHY-1001 : Stage 2.5.2 | Refresh Congestion
RUN-1001 : Generating global routing grids ...
RUN-1001 : Building simple global routing graph ...
PHY-1001 : Generate routing nets ...
PHY-1001 : Reuse net number 0/13242.
PHY-1001 : Global iterations in 32 thread ...
PHY-1002 : len = 1.71715e+06, over cnt = 2229(3%), over = 12167, worst = 64
PHY-1001 : End global iterations;  0.532467s wall, 0.937500s user + 0.062500s system = 1.000000s CPU (187.8%)

PHY-1001 : Congestion index:
PHY-1001 : top1  = 197.62(S 130.33, N 95.88, E 178.12, W 140.87, I 365.98, O 454.36)
PHY-1001 : top5  = 128.89(S 75.75, N 64.92, E 100.62, W 95.28, I 175.73, O 229.18)
PHY-1001 : top10 = 102.87(S 56.96, N 51.42, E 72.58, W 74.97, I 121.24, O 163.02)
PHY-1001 : top15 = 88.20(S 46.97, N 42.84, E 57.98, W 62.49, I 93.27, O 127.48)
PHY-1001 : End Stage 2.5.2 | Refresh Congestion; Time: 1.018510s wall, 1.421875s user + 0.062500s system = 1.484375s CPU (145.7%); Memory(MB): used = 1019, reserved = 1017, peak = 1019;

PHY-1001 : Stage 2.5.3 | GP Iteration
PHY-1001 : End Stage 2.5.3 | GP Iteration; Time: 3.876998s wall, 29.375000s user + 1.156250s system = 30.531250s CPU (787.5%); Memory(MB): used = 1024, reserved = 1023, peak = 1024;

PHY-3001 : Multithread accelerating rate: 7.82
PHY-1001 : End Stage 2.5 | Global Placement Step 2; Time: 6.737188s wall, 32.593750s user + 1.250000s system = 33.843750s CPU (502.3%); Memory(MB): used = 1027, reserved = 1026, peak = 1027;

PHY-1001 : Stage 2.6 | RAM/DSP Detailed Placement
PHY-1001 : Stage 2.6.1 | Detailed Placement
PHY-1001 : Stage 2.6.1.1 | Simulated Annealing Based DP
PHY-0007 : Initial: WL Cost = 126902, TD Cost = 224765, SWNS = -6, STNS = -12, Nums per T = 570, Range Limit = 2x32
PHY-0007 : Finally: WL Cost = 126305, TD Cost = 224365, WL Ratio = 0.9953, TD Ratio = 0.998219, SWNS = -6, STNS = -12
RUN-1001 : Print Detailed placement's Summary information
RUN-1001 : -------------------------------------------------------------------------------------------------------------------------------
RUN-1001 :             |  Total  |  Accept  |  Reject by overFlow  |  Reject by worseCost  |  Failed by noTarget  |  Failed by gridCheck  
RUN-1001 : -------------------------------------------------------------------------------------------------------------------------------
RUN-1001 :   RAM/DSPs  |  1710   |    15    |          0           |         1695          |          0           |           0           
RUN-1001 :    Macros   |   253   |    0     |          0           |          253          |          0           |           0           
RUN-1001 : -------------------------------------------------------------------------------------------------------------------------------
PHY-1001 : End Stage 2.6.1.1 | Simulated Annealing Based DP; Time: 0.223454s wall, 0.234375s user + 0.000000s system = 0.234375s CPU (104.9%); Memory(MB): used = 1027, reserved = 1026, peak = 1027;

PHY-3001 : End Detailed Place; 
PHY-1001 : End Stage 2.6.1 | Detailed Placement; Time: 0.402928s wall, 0.406250s user + 0.000000s system = 0.406250s CPU (100.8%); Memory(MB): used = 1028, reserved = 1026, peak = 1028;

PHY-1001 : Stage 2.6.2 | Spreading
OPT-1001 : Total overflow 544.53 peak overflow 4.78
PHY-3001 : Spreading for sector grids.
PHY-3001 : Iter 1, total overflow: 0
PHY-3001 : tot_capacity: 48, usage_cnt: 22, movable_cnt: 35
PHY-3001 : End spreading;  0.081716s wall, 0.375000s user + 0.000000s system = 0.375000s CPU (458.9%)

PHY-1001 : End Stage 2.6.2 | Spreading; Time: 0.081799s wall, 0.375000s user + 0.000000s system = 0.375000s CPU (458.4%); Memory(MB): used = 1028, reserved = 1026, peak = 1028;

PHY-1001 : End Stage 2.6 | RAM/DSP Detailed Placement; Time: 0.680058s wall, 0.984375s user + 0.000000s system = 0.984375s CPU (144.7%); Memory(MB): used = 1028, reserved = 1026, peak = 1028;

PHY-1001 : Stage 2.7 | Optimize Design
OPT-1001 : Start physical optimization ...
OPT-1001 : Total overflow 544.53 peak overflow 4.78
OPT-1001 : Stage 2.7.1 | Synthesize High-fanout Net
OPT-1001 : Start high-fanout net optimization in pre-pack flow with medium effort ...
OPT-1001 : Update timing in Manhattan mode
OPT-1001 : End timing update;  1.583224s wall, 1.562500s user + 0.000000s system = 1.562500s CPU (98.7%)

OPT-1001 : Start: SWNS -6 STNS -12 NUM_FEPS 2
OPT-1001 : Total overflow 544.53 peak overflow 4.78
PHY-1001 : Populate physical database on model design_top_wrapper.
OPT-1001 : 38 high-fanout net processed.
PHY-3001 : Start incremental placement ...
PHY-1001 : Populate physical database on model design_top_wrapper.
PHY-1001 : Processing 2 clock pins of DDR instance u_ph1p35_324_ddr_wrapper/u_ddr2/ph1p_ddrmc_wrapper/ph1p_ddrmc_top/u_ddr_phy/u_ddrphy_top/u_ddrphy/ac_byte[0]$ac_byte_used$u_ddrphy_ac_byte_wrapper/u_ddrphy_byte, location = x0y70z0.
PHY-1001 :   Placed ioclk instance u_ph1p35_324_ddr_wrapper/u_ddr2/ph1p_ddrmc_wrapper/ph1p_ddrmc_top/u_ddr_phy/u_ddrphy_top/u_ddrphy_clk/ioclk[0]$u_ioclk_1, location = x0y59z1.
PHY-1001 :   Placed ioclk instance u_ph1p35_324_ddr_wrapper/u_ddr2/ph1p_ddrmc_wrapper/ph1p_ddrmc_top/u_ddr_phy/u_ddrphy_top/u_ddrphy_clk/ioclk[0]$u_ioclk_0, location = x0y59z0.
PHY-1001 : Processing 2 clock pins of DDR instance u_ph1p35_324_ddr_wrapper/u_ddr2/ph1p_ddrmc_wrapper/ph1p_ddrmc_top/u_ddr_phy/u_ddrphy_top/u_ddrphy/ac_byte[1]$ac_byte_used$u_ddrphy_ac_byte_wrapper/u_ddrphy_byte, location = x0y60z0.
PHY-1001 :   Placed ioclk instance u_ph1p35_324_ddr_wrapper/u_ddr2/ph1p_ddrmc_wrapper/ph1p_ddrmc_top/u_ddr_phy/u_ddrphy_top/u_ddrphy_clk/ioclk[0]$u_ioclk_1, location = x0y59z1.
PHY-1001 :   Placed ioclk instance u_ph1p35_324_ddr_wrapper/u_ddr2/ph1p_ddrmc_wrapper/ph1p_ddrmc_top/u_ddr_phy/u_ddrphy_top/u_ddrphy_clk/ioclk[0]$u_ioclk_0, location = x0y59z0.
PHY-1001 : Processing 2 clock pins of DDR instance u_ph1p35_324_ddr_wrapper/u_ddr2/ph1p_ddrmc_wrapper/ph1p_ddrmc_top/u_ddr_phy/u_ddrphy_top/u_ddrphy/ac_byte[2]$ac_byte_used$u_ddrphy_ac_byte_wrapper/u_ddrphy_byte, location = x0y50z0.
PHY-1001 :   Placed ioclk instance u_ph1p35_324_ddr_wrapper/u_ddr2/ph1p_ddrmc_wrapper/ph1p_ddrmc_top/u_ddr_phy/u_ddrphy_top/u_ddrphy_clk/ioclk[0]$u_ioclk_1, location = x0y59z1.
PHY-1001 :   Placed ioclk instance u_ph1p35_324_ddr_wrapper/u_ddr2/ph1p_ddrmc_wrapper/ph1p_ddrmc_top/u_ddr_phy/u_ddrphy_top/u_ddrphy_clk/ioclk[0]$u_ioclk_0, location = x0y59z0.
PHY-1001 : Processing 2 clock pins of DDR instance u_ph1p35_324_ddr_wrapper/u_ddr2/ph1p_ddrmc_wrapper/ph1p_ddrmc_top/u_ddr_phy/u_ddrphy_top/u_ddrphy/ac_byte[3]$ac_byte_used$u_ddrphy_ac_byte_wrapper/u_ddrphy_byte, location = x0y40z0.
PHY-1001 :   Placed ioclk instance u_ph1p35_324_ddr_wrapper/u_ddr2/ph1p_ddrmc_wrapper/ph1p_ddrmc_top/u_ddr_phy/u_ddrphy_top/u_ddrphy_clk/ioclk[0]$u_ioclk_1, location = x0y59z1.
PHY-1001 :   Placed ioclk instance u_ph1p35_324_ddr_wrapper/u_ddr2/ph1p_ddrmc_wrapper/ph1p_ddrmc_top/u_ddr_phy/u_ddrphy_top/u_ddrphy_clk/ioclk[0]$u_ioclk_0, location = x0y59z0.
PHY-1001 : Processing 2 clock pins of DDR instance u_ph1p35_324_ddr_wrapper/u_ddr2/ph1p_ddrmc_wrapper/ph1p_ddrmc_top/u_ddr_phy/u_ddrphy_top/u_ddrphy/dx_byte[0]$dx_byte_used$u_ddrphy_dx_byte_wrapper/u_ddrphy_byte, location = x0y30z0.
PHY-1001 :   Placed ioclk instance u_ph1p35_324_ddr_wrapper/u_ddr2/ph1p_ddrmc_wrapper/ph1p_ddrmc_top/u_ddr_phy/u_ddrphy_top/u_ddrphy_clk/ioclk[1]$u_ioclk_1, location = x0y19z1.
PHY-1001 :   Placed ioclk instance u_ph1p35_324_ddr_wrapper/u_ddr2/ph1p_ddrmc_wrapper/ph1p_ddrmc_top/u_ddr_phy/u_ddrphy_top/u_ddrphy_clk/ioclk[1]$u_ioclk_0, location = x0y19z0.
PHY-1001 : Processing 2 clock pins of DDR instance u_ph1p35_324_ddr_wrapper/u_ddr2/ph1p_ddrmc_wrapper/ph1p_ddrmc_top/u_ddr_phy/u_ddrphy_top/u_ddrphy/dx_byte[1]$dx_byte_used$u_ddrphy_dx_byte_wrapper/u_ddrphy_byte, location = x0y10z0.
PHY-1001 :   Placed ioclk instance u_ph1p35_324_ddr_wrapper/u_ddr2/ph1p_ddrmc_wrapper/ph1p_ddrmc_top/u_ddr_phy/u_ddrphy_top/u_ddrphy_clk/ioclk[1]$u_ioclk_1, location = x0y19z1.
PHY-1001 :   Placed ioclk instance u_ph1p35_324_ddr_wrapper/u_ddr2/ph1p_ddrmc_wrapper/ph1p_ddrmc_top/u_ddr_phy/u_ddrphy_top/u_ddrphy_clk/ioclk[1]$u_ioclk_0, location = x0y19z0.
PHY-3001 : Target density is 60%
PHY-3001 : Target density is 60%
PHY-1001 : Stage 2.7.1.1 | Update Timing
PHY-1001 : SWNS: -6, STNS: -12, FEP: 2
PHY-1001 : End Stage 2.7.1.1 | Update Timing; Time: 0.170650s wall, 0.171875s user + 0.000000s system = 0.171875s CPU (100.7%); Memory(MB): used = 1029, reserved = 1026, peak = 1029;

PHY-1001 : Stage 2.7.1.2 | Refresh Congestion
RUN-1001 : Generating global routing grids ...
PHY-1001 : Generate routing nets ...
PHY-1001 : Reuse net number 119/24324.
PHY-1001 : Global iterations in 32 thread ...
PHY-1002 : len = 1.5871e+06, over cnt = 3075(4%), over = 16462, worst = 81
PHY-1001 : End global iterations;  0.836788s wall, 1.812500s user + 0.000000s system = 1.812500s CPU (216.6%)

PHY-1001 : Congestion index:
PHY-1001 : top1  = 177.61(S 129.44, N 119.44, E 157.00, W 134.13, I 181.33, O 225.00)
PHY-1001 : top5  = 127.55(S 86.64, N 80.14, E 95.24, W 94.12, I 108.72, O 136.07)
PHY-1001 : top10 = 106.84(S 67.54, N 61.69, E 73.80, W 75.85, I 81.11, O 104.22)
PHY-1001 : top15 = 94.55(S 57.03, N 51.53, E 62.25, W 65.29, I 66.98, O 87.07)
PHY-1001 : End Stage 2.7.1.2 | Refresh Congestion; Time: 1.092364s wall, 2.046875s user + 0.000000s system = 2.046875s CPU (187.4%); Memory(MB): used = 1040, reserved = 1039, peak = 1040;

PHY-1001 : Stage 2.7.1.3 | GP Iteration
PHY-1001 : End Stage 2.7.1.3 | GP Iteration; Time: 0.938869s wall, 6.375000s user + 0.265625s system = 6.640625s CPU (707.3%); Memory(MB): used = 1043, reserved = 1041, peak = 1043;

PHY-3001 : Multithread accelerating rate: 6.88
OPT-1001 : Total overflow 533.12 peak overflow 4.47
PHY-3001 : Spreading for sector grids.
PHY-3001 : Iter 1, total overflow: 0
PHY-3001 : tot_capacity: 48, usage_cnt: 22, movable_cnt: 37
PHY-3001 : End spreading;  0.093548s wall, 0.156250s user + 0.015625s system = 0.171875s CPU (183.7%)

PHY-3001 : Final: Len = 1.26138e+06, Over = 107.75
PHY-3001 : End incremental placement;  2.647132s wall, 9.093750s user + 0.281250s system = 9.375000s CPU (354.2%)

OPT-1001 : Total overflow 533.12 peak overflow 4.47
RUN-1001 : HFN opt statistic
RUN-1001 : ------------------------------------------------------
RUN-1001 :   DriverCell type  |  HFN count  |  Duplicated count  
RUN-1001 : ------------------------------------------------------
RUN-1001 :         REG        |     21      |         98         
RUN-1001 :        LUT6        |      3      |         11         
RUN-1001 :        LUT5        |      4      |         12         
RUN-1001 :        LUT4        |      1      |         3          
RUN-1001 :        LUT3        |      2      |         5          
RUN-1001 :        LUT2        |      7      |         23         
RUN-1001 :        TOTAL       |     38      |        152         
RUN-1001 : ------------------------------------------------------
OPT-1001 : End high-fanout net optimization;  5.832830s wall, 12.234375s user + 0.296875s system = 12.531250s CPU (214.8%)

OPT-1001 : Update timing in Manhattan mode
OPT-1001 : End timing update;  1.674382s wall, 1.640625s user + 0.015625s system = 1.656250s CPU (98.9%)

OPT-1001 : Current memory(MB): used = 1043, reserved = 1041, peak = 1043.
OPT-1001 : End Stage 2.7.1 | Synthesize High-fanout Net; Time: 7.696036s wall, 14.062500s user + 0.312500s system = 14.375000s CPU (186.8%); Memory(MB): used = 1043, reserved = 1041, peak = 1043;

OPT-1001 : Stage 2.7.2 | Global Optimization
OPT-1001 : Start global optimization ...
OPT-0007 : Start: SWNS -1 STNS -2 NUM_FEPS 2
OPT-1001 : Start congestion update ...
RUN-1001 : Generating global routing grids ...
PHY-1001 : Generate routing nets ...
PHY-1001 : Reuse net number 4674/22093.
PHY-1001 : Global iterations in 32 thread ...
PHY-1002 : len = 1.41363e+06, over cnt = 2651(3%), over = 8797, worst = 27
PHY-1002 : len = 1.5221e+06, over cnt = 2216(3%), over = 5369, worst = 16
PHY-1002 : len = 1.62896e+06, over cnt = 955(1%), over = 2149, worst = 11
PHY-1002 : len = 1.67194e+06, over cnt = 427(0%), over = 969, worst = 11
PHY-1002 : len = 1.69806e+06, over cnt = 58(0%), over = 163, worst = 9
PHY-1001 : End global iterations;  2.520334s wall, 3.671875s user + 0.015625s system = 3.687500s CPU (146.3%)

PHY-1001 : Congestion index:
PHY-1001 : top1  = 91.10(S 73.61, N 70.78, E 86.92, W 80.26, I 189.14, O 215.62)
PHY-1001 : top5  = 75.29(S 59.89, N 54.96, E 65.91, W 66.02, I 107.79, O 130.73)
PHY-1001 : top10 = 68.54(S 51.92, N 47.21, E 55.12, W 58.62, I 80.79, O 100.87)
PHY-1001 : top15 = 63.99(S 46.41, N 42.21, E 48.70, W 53.59, I 66.67, O 85.04)
OPT-1001 : End congestion update;  2.914027s wall, 4.375000s user + 0.015625s system = 4.390625s CPU (150.7%)

OPT-0007 : Iter 1: improved SWNS -1 STNS -2 NUM_FEPS 2 with 39 cells processed and 1659 slack improved
OPT-0007 : Iter 2: improved SWNS -1 STNS -2 NUM_FEPS 2 with 17 cells processed and 1169 slack improved
OPT-0007 : Iter 3: improved SWNS -1 STNS -2 NUM_FEPS 2 with 14 cells processed and 534 slack improved
OPT-0007 : Iter 4: improved SWNS -1 STNS -2 NUM_FEPS 2 with 1 cells processed and 0 slack improved
OPT-1001 : Overall commit ratio 0.20
OPT-1001 : End global optimization;  3.060677s wall, 4.500000s user + 0.015625s system = 4.515625s CPU (147.5%)

OPT-1001 : Current memory(MB): used = 1043, reserved = 1041, peak = 1043.
OPT-1001 : End Stage 2.7.2 | Global Optimization; Time: 4.263150s wall, 5.671875s user + 0.031250s system = 5.703125s CPU (133.8%); Memory(MB): used = 1043, reserved = 1041, peak = 1043;

OPT-0007 : End flow prepack: SWNS -1 STNS -2 NUM_FEPS 2
OPT-1001 : End physical optimization;  12.002609s wall, 19.781250s user + 0.343750s system = 20.125000s CPU (167.7%)

PHY-1001 : End Stage 2.7 | Optimize Design; Time: 12.005881s wall, 19.781250s user + 0.343750s system = 20.125000s CPU (167.6%); Memory(MB): used = 1043, reserved = 1041, peak = 1043;

PHY-1001 : Stage 2.8 | Pack and Legalization
PHY-1001 : Stage 2.8.1 | Direct Legalization
PHY-3001 : Start Direct Legalization ...
PHY-3001 : Get top1 grid util = 0.723119, top1_avg = 0.723119.
PHY-1001 : Populate physical database on model design_top_wrapper.
PHY-3001 : Target density is 60%
PHY-3001 : Before Legalization for Slice Macros, Len = 1.26762e+06.
RUN-1001 : Legalization top10 inst displacement:
RUN-1001 : ---------------------------------------------------------------------------------------------------------------------------------------------------------------------------------------------------------------------------
RUN-1001 :   Index  |  Bounded  |  Height  |        Location        |  Disp. (slots)  |  Disp. (grids)  |                                                            Name                                                             
RUN-1001 : ---------------------------------------------------------------------------------------------------------------------------------------------------------------------------------------------------------------------------
RUN-1001 :     1    |     N     |    8     |   x2y46z5 to x5y49z0   |       43        |        6        |   u_ph1p35_324_ddr_wrapper/u_ddr2/ph1p_ddrmc_wrapper/ph1p_ddrmc_top/u_ddr_phy/u_ddrphy_top/u_ddrphy_init/ramread0_syn_91    
RUN-1001 :     2    |     N     |    8     |   x2y45z5 to x5y44z0   |       37        |        4        |   u_ph1p35_324_ddr_wrapper/u_ddr2/ph1p_ddrmc_wrapper/ph1p_ddrmc_top/u_ddr_phy/u_ddrphy_top/u_ddrphy_init/ramread0_syn_151   
RUN-1001 :     3    |     N     |    8     |   x2y46z4 to x5y48z0   |       36        |        5        |   u_ph1p35_324_ddr_wrapper/u_ddr2/ph1p_ddrmc_wrapper/ph1p_ddrmc_top/u_ddr_phy/u_ddrphy_top/u_ddrphy_init/ramread0_syn_51    
RUN-1001 :     4    |     N     |    8     |   x2y46z3 to x5y45z0   |       35        |        4        |   u_ph1p35_324_ddr_wrapper/u_ddr2/ph1p_ddrmc_wrapper/ph1p_ddrmc_top/u_ddr_phy/u_ddrphy_top/u_ddrphy_init/ramread0_syn_31    
RUN-1001 :     5    |     N     |    8     |   x2y46z5 to x5y47z0   |       27        |        4        |   u_ph1p35_324_ddr_wrapper/u_ddr2/ph1p_ddrmc_wrapper/ph1p_ddrmc_top/u_ddr_phy/u_ddrphy_top/u_ddrphy_init/ramread0_syn_71    
RUN-1001 :     6    |     N     |    8     |   x2y46z3 to x5y46z0   |       27        |        3        |   u_ph1p35_324_ddr_wrapper/u_ddr2/ph1p_ddrmc_wrapper/ph1p_ddrmc_top/u_ddr_phy/u_ddrphy_top/u_ddrphy_init/ramread0_syn_111   
RUN-1001 :     7    |     N     |    8     |   x2y49z7 to x5y50z0   |       25        |        4        |   u_ph1p35_324_ddr_wrapper/u_ddr2/ph1p_ddrmc_wrapper/ph1p_ddrmc_top/u_ddr_phy/u_ddrphy_top/u_ddrphy_init/ramread0_syn_131   
RUN-1001 :     8    |     N     |    8     |   x12y6z2 to x11y8z0   |       22        |        3        |  u_ph1p35_324_ddr_wrapper/u_ddr2/ph1p_ddrmc_wrapper/ph1p_ddrmc_top/u_phy2mc_fifo/byteIdx_1[1]$u_wfifo_sync/ramread0_syn_48  
RUN-1001 :     9    |     N     |    8     |   x13y6z5 to x15y6z0   |       21        |        2        |     u_ph1p35_324_ddr_wrapper/u_ddr2/ph1p_ddrmc_wrapper/ph1p_ddrmc_top/u_alc_mc_top/u_wr_data/u_ptr_ram1/ramread0_syn_25     
RUN-1001 :    10    |     N     |    8     |  x23y37z5 to x21y38z0  |       19        |        3        |                                    u_isp_top/u_awb/div_gen_G_R_r1/al_d6a16df[32]_syn_124                                    
RUN-1001 : ---------------------------------------------------------------------------------------------------------------------------------------------------------------------------------------------------------------------------
PHY-3001 : After Legalization for Slice Macros, Len = 1.3048e+06.
RUN-1001 : Generating global routing grids ...
PHY-1001 : Generate routing nets ...
PHY-1001 : Reuse net number 19482/21998.
RUN-1002 : start command "update_timing -mode MANHATTAN"
RUN-1002 : start command "start_timer"
RUN-1003 : finish command "start_timer" in  1.633180s wall, 1.625000s user + 0.000000s system = 1.625000s CPU (99.5%)

RUN-1004 : used memory is 1066 MB, reserved memory is 1063 MB, peak memory is 1066 MB
RUN-1003 : finish command "update_timing -mode MANHATTAN" in  3.113287s wall, 3.109375s user + 0.000000s system = 3.109375s CPU (99.9%)

RUN-1004 : used memory is 1066 MB, reserved memory is 1063 MB, peak memory is 1066 MB
PHY-1001 : Global iterations in 32 thread ...
PHY-1002 : len = 1.69019e+06, over cnt = 859(1%), over = 1900, worst = 10
PHY-1002 : len = 1.70858e+06, over cnt = 633(0%), over = 1042, worst = 9
PHY-1002 : len = 1.72538e+06, over cnt = 335(0%), over = 510, worst = 8
PHY-1002 : len = 1.73381e+06, over cnt = 154(0%), over = 225, worst = 8
PHY-1002 : len = 1.73965e+06, over cnt = 28(0%), over = 42, worst = 2
PHY-1001 : End global iterations;  1.119782s wall, 1.312500s user + 0.000000s system = 1.312500s CPU (117.2%)

PHY-1001 : Congestion index:
PHY-1001 : top1  = 88.67(S 71.91, N 70.12, E 84.46, W 80.10, I 179.80, O 209.62)
PHY-1001 : top5  = 75.15(S 59.19, N 54.77, E 64.67, W 66.34, I 104.13, O 128.81)
PHY-1001 : top10 = 68.54(S 51.47, N 46.91, E 54.97, W 58.63, I 79.62, O 100.27)
PHY-1001 : top15 = 63.95(S 46.10, N 41.96, E 48.95, W 53.65, I 66.27, O 85.16)
PHY-3001 : Total Iter 113, legal = 23200 / 23200 (100.00%), avg_move = 30.05, max_move = 304.
PHY-3001 : There are no illegal insts.
PHY-1001 : Populate physical database on model design_top_wrapper.
PHY-3001 : End Direct Legalization;  22.538900s wall, 261.000000s user + 2.109375s system = 263.109375s CPU (1167.4%)

RUN-1001 : Summary of LUT-FF Pairs
RUN-1001 : ---------------------------------------------------------------
RUN-1001 :   Num of Fanout Seqs  |   1x   |  2x  |  3~5  |  6~10  |  >10  
RUN-1001 : ---------------------------------------------------------------
RUN-1001 :         Total         |  6762  |  5   |  53   |   3    |  23   
RUN-1001 :          Grid         |  6760  |  5   |  49   |   3    |  23   
RUN-1001 :          Bank         |  6614  |  5   |  45   |   3    |  23   
RUN-1001 :         Paired        |  6597  |  5   |  45   |   3    |  23   
RUN-1001 : ---------------------------------------------------------------
RUN-1001 : Summary of LUT Pairs
RUN-1001 : ---------------------------------------------------------------------------------------------------------------------
RUN-1001 :            |           |           |           |           |           |  O5 + O6  |  Only O5  |  Only O6  |  Total  
RUN-1001 : ---------------------------------------------------------------------------------------------------------------------
RUN-1001 :   5 Share  |  4 Share  |  3 Share  |  2 Share  |  1 Share  |  0 Share  |           |           |           |         
RUN-1001 :     47     |    164    |    230    |    368    |   1678    |   3451    |   5938    |   2416    |   1911    |  10265  
RUN-1001 : ---------------------------------------------------------------------------------------------------------------------
PHY-1001 : End Stage 2.8.1 | Direct Legalization; Time: 22.602108s wall, 261.062500s user + 2.109375s system = 263.171875s CPU (1164.4%); Memory(MB): used = 1163, reserved = 1159, peak = 1164;

PHY-3001 : Target density is 60%
PHY-3001 : After Direct Legalization, Len = 1.60477e+06.
PHY-1001 : End Stage 2.8 | Pack and Legalization; Time: 22.798597s wall, 261.234375s user + 2.125000s system = 263.359375s CPU (1155.2%); Memory(MB): used = 1163, reserved = 1159, peak = 1164;

RUN-1002 : start command "start_timer"
RUN-1003 : finish command "start_timer" in  3.444383s wall, 3.078125s user + 0.109375s system = 3.187500s CPU (92.5%)

RUN-1004 : used memory is 1163 MB, reserved memory is 1159 MB, peak memory is 1164 MB
PHY-1001 : End Stage 2 | Global Placement; Time: 60.207461s wall, 341.468750s user + 7.406250s system = 348.875000s CPU (579.5%); Memory(MB): used = 1163, reserved = 1159, peak = 1164;

PHY-1001 : Stage 3 | Detailed Placement
PHY-1001 : Stage 3.1 | SLICE Detailed Placement
PHY-1001 : Stage 3.1.1 | Spreading
PHY-3001 : Design contains 160 ce signals.
PHY-3001 : Spreading for sector grids.
PHY-3001 : Iter 1, total overflow: 0
PHY-3001 : tot_capacity: 36, usage_cnt: 18, movable_cnt: 27
PHY-3001 : Spreading for clock grids.
PHY-3001 : clock grid count for 24 x 4 grids
PHY-3001 : Spreading for plb grids.
PHY-3001 : total displace: 0, max displace: 0.
PHY-3001 : End spreading;  0.344484s wall, 0.343750s user + 0.000000s system = 0.343750s CPU (99.8%)

PHY-1001 : End Stage 3.1.1 | Spreading; Time: 0.344611s wall, 0.343750s user + 0.000000s system = 0.343750s CPU (99.8%); Memory(MB): used = 1168, reserved = 1165, peak = 1168;

PHY-1001 : Stage 3.1.2 | Simulated Annealing Based DP
RUN-1001 : Generating global routing grids ...
PHY-1001 : Generate routing nets ...
PHY-1001 : Reuse net number 2385/17670.
PHY-1001 : Global iterations in 32 thread ...
PHY-1002 : len = 1.71307e+06, over cnt = 1320(1%), over = 2802, worst = 9
PHY-1002 : len = 1.74528e+06, over cnt = 796(1%), over = 1410, worst = 8
PHY-1002 : len = 1.76581e+06, over cnt = 372(0%), over = 682, worst = 8
PHY-1002 : len = 1.77877e+06, over cnt = 111(0%), over = 175, worst = 6
PHY-1002 : len = 1.78248e+06, over cnt = 0(0%), over = 0, worst = 0
PHY-1001 : End global iterations;  1.721461s wall, 2.562500s user + 0.078125s system = 2.640625s CPU (153.4%)

PHY-1001 : Congestion index:
PHY-1001 : top1  = 82.25(S 61.75, N 60.06, E 78.87, W 74.67, I 62.53, O 71.63)
PHY-1001 : top5  = 69.51(S 50.03, N 47.13, E 61.52, W 61.02, I 51.44, O 59.46)
PHY-1001 : top10 = 62.91(S 43.43, N 39.98, E 52.39, W 53.35, I 45.49, O 53.74)
PHY-1001 : top15 = 58.82(S 39.03, N 35.73, E 46.48, W 48.31, I 41.32, O 49.32)
PHY-0007 : Initial: WL Cost = 125017, TD Cost = 139310, SWNS = 114, STNS = 0, Nums per T = 96470, Range Limit = 4x8
PHY-0007 : Finally: WL Cost = 112001, TD Cost = 104436, WL Ratio = 0.895887, TD Ratio = 0.749672, SWNS = 167, STNS = 0
RUN-1001 : Print Detailed placement's Summary information
RUN-1001 : ------------------------------------------------------------------------------------------------------------------------------
RUN-1001 :           |  Total   |  Accept  |  Reject by overFlow  |  Reject by worseCost  |  Failed by noTarget  |  Failed by gridCheck  
RUN-1001 : ------------------------------------------------------------------------------------------------------------------------------
RUN-1001 :   Slices  |  964700  |  26074   |         3572         |        920668         |         320          |         14066         
RUN-1001 :   Macros  |  22758   |   154    |         262          |         22271         |          36          |          35           
RUN-1001 : ------------------------------------------------------------------------------------------------------------------------------
PHY-1001 : End Stage 3.1.2 | Simulated Annealing Based DP; Time: 24.083682s wall, 25.406250s user + 0.265625s system = 25.671875s CPU (106.6%); Memory(MB): used = 1180, reserved = 1175, peak = 1180;

PHY-3001 : End Detailed Place; 
PHY-3001 : Final: Len = 1.41625e+06, Over = 0
PHY-1001 : End Stage 3.1 | SLICE Detailed Placement; Time: 24.891394s wall, 26.109375s user + 0.296875s system = 26.406250s CPU (106.1%); Memory(MB): used = 1180, reserved = 1175, peak = 1180;

PHY-3001 : End Detailed Place; 
PHY-1001 : Stage 3.2 | Optimize Design
OPT-1001 : Start physical optimization ...
OPT-1001 : Total overflow 0.00 peak overflow 0.00
OPT-1001 : Stage 3.2.1 | Physical Optimization
OPT-1001 : Start high-fanout net optimization in optimize equivalent flow with medium effort ...
OPT-1001 : Clean unloaded insts before merging registers
PHY-1001 : Populate physical database on model design_top_wrapper.
PHY-1001 : Populate physical database on model design_top_wrapper.
OPT-1001 : Total overflow 0.00 peak overflow 0.00
OPT-1001 : End optimize duplicated nets. Total 58 instances are merged and 922 sinks are reconnected,  2.711364s wall, 2.421875s user + 0.031250s system = 2.453125s CPU (90.5%)

OPT-1001 : End high-fanout net optimization;  2.713338s wall, 2.421875s user + 0.031250s system = 2.453125s CPU (90.4%)

OPT-1001 : Update timing in Manhattan mode
RUN-1002 : start command "start_timer"
RUN-1003 : finish command "start_timer" in  2.723343s wall, 2.609375s user + 0.000000s system = 2.609375s CPU (95.8%)

RUN-1004 : used memory is 1180 MB, reserved memory is 1175 MB, peak memory is 1180 MB
OPT-1001 : End timing update;  4.269298s wall, 4.140625s user + 0.000000s system = 4.140625s CPU (97.0%)

OPT-1001 : Current memory(MB): used = 1180, reserved = 1175, peak = 1180.
OPT-1001 : End Stage 3.2.1 | Physical Optimization; Time: 7.146639s wall, 6.734375s user + 0.031250s system = 6.765625s CPU (94.7%); Memory(MB): used = 1180, reserved = 1175, peak = 1180;

OPT-1001 : Stage 3.2.2 | Synthesize High-fanout Net
OPT-1001 : Start high-fanout net optimization in post-pack flow with medium effort ...
OPT-1001 : Start: SWNS 167 STNS 0 NUM_FEPS 0
OPT-1001 : Total overflow 0.00 peak overflow 0.00
PHY-1001 : Populate physical database on model design_top_wrapper.
OPT-1001 : 46 high-fanout net processed.
OPT-1001 : Total overflow 0.00 peak overflow 0.00
RUN-1001 : HFN opt statistic
RUN-1001 : ------------------------------------------------------
RUN-1001 :   DriverCell type  |  HFN count  |  Duplicated count  
RUN-1001 : ------------------------------------------------------
RUN-1001 :       LSLICE       |      0      |         0          
RUN-1001 :       MSLICE       |      0      |         0          
RUN-1001 :        OTHER       |     46      |         22         
RUN-1001 :        TOTAL       |     46      |         22         
RUN-1001 : ------------------------------------------------------
OPT-1001 : End high-fanout net optimization;  0.955477s wall, 0.937500s user + 0.000000s system = 0.937500s CPU (98.1%)

OPT-1001 : Current memory(MB): used = 1180, reserved = 1175, peak = 1180.
OPT-1001 : End Stage 3.2.2 | Synthesize High-fanout Net; Time: 1.120497s wall, 1.109375s user + 0.000000s system = 1.109375s CPU (99.0%); Memory(MB): used = 1180, reserved = 1175, peak = 1180;

OPT-1001 : Stage 3.2.3 | Optimize Path
OPT-1001 : Start unpack path based optimization ...
OPT-0007 : Start: SWNS 167 STNS 0 NUM_FEPS 0 with mode 2
OPT-1001 : Start congestion update ...
RUN-1001 : Generating global routing grids ...
PHY-1001 : Generate routing nets ...
PHY-1001 : Reuse net number 5965/18273.
PHY-1001 : Global iterations in 32 thread ...
PHY-1002 : len = 1.60062e+06, over cnt = 1642(2%), over = 3388, worst = 9
PHY-1002 : len = 1.64349e+06, over cnt = 952(1%), over = 1617, worst = 9
PHY-1002 : len = 1.67432e+06, over cnt = 278(0%), over = 469, worst = 7
PHY-1002 : len = 1.68114e+06, over cnt = 129(0%), over = 198, worst = 5
PHY-1002 : len = 1.6835e+06, over cnt = 75(0%), over = 121, worst = 5
PHY-1001 : End global iterations;  1.415968s wall, 2.437500s user + 0.062500s system = 2.500000s CPU (176.6%)

PHY-1001 : Congestion index:
PHY-1001 : top1  = 82.54(S 60.48, N 59.14, E 78.37, W 75.25, I 62.12, O 70.31)
PHY-1001 : top5  = 69.20(S 49.48, N 46.47, E 59.07, W 61.97, I 50.89, O 57.37)
PHY-1001 : top10 = 62.48(S 43.41, N 40.27, E 49.91, W 54.62, I 45.07, O 52.08)
PHY-1001 : top15 = 58.30(S 39.08, N 36.25, E 44.23, W 49.61, I 40.95, O 48.18)
OPT-1001 : End congestion update;  1.885666s wall, 2.921875s user + 0.062500s system = 2.984375s CPU (158.3%)

OPT-0007 : Iter 1: improved SWNS 167 STNS 0 NUM_FEPS 0 with 87(3032) cells and 1516(1516) paths processed with 13353 slack improved, crit_thod: 3000 ratio: 0.96(98/102) rt: 0.8s
OPT-0007 : Iter 2: improved SWNS 167 STNS 0 NUM_FEPS 0 with 14(1172) cells and 586(586) paths processed with 3704 slack improved, crit_thod: 3000 ratio: 0.85(17/20) rt: 0.4s
OPT-0007 : Iter 3: improved SWNS 167 STNS 0 NUM_FEPS 0 with 0(486) cells and 243(243) paths processed with 0 slack improved, crit_thod: 3000 ratio: 0.00(0/3) rt: 0.1s
OPT-1001 : End path based optimization;  3.241649s wall, 4.250000s user + 0.078125s system = 4.328125s CPU (133.5%)

OPT-1001 : Current memory(MB): used = 1180, reserved = 1175, peak = 1180.
OPT-1001 : End Stage 3.2.3 | Optimize Path; Time: 3.407293s wall, 4.421875s user + 0.078125s system = 4.500000s CPU (132.1%); Memory(MB): used = 1180, reserved = 1175, peak = 1180;

OPT-1001 : Stage 3.2.4 | Optimize Duplicated Nets
OPT-1001 : Start: WNS 167 TNS 0 NUM_FEPS 0
OPT-1001 : Clean unloaded insts before merging registers
PHY-1001 : Populate physical database on model design_top_wrapper.
PHY-1001 : Populate physical database on model design_top_wrapper.
OPT-1001 : Total overflow 0.00 peak overflow 0.00
OPT-1001 : End optimize duplicated nets. Total 1 instances are merged and 179 sinks are reconnected,  3.017268s wall, 2.984375s user + 0.015625s system = 3.000000s CPU (99.4%)

OPT-1001 : Update timing in Manhattan mode
RUN-1002 : start command "start_timer"
RUN-1003 : finish command "start_timer" in  4.256450s wall, 4.234375s user + 0.031250s system = 4.265625s CPU (100.2%)

RUN-1004 : used memory is 1180 MB, reserved memory is 1175 MB, peak memory is 1180 MB
OPT-1001 : End timing update;  6.726835s wall, 6.703125s user + 0.031250s system = 6.734375s CPU (100.1%)

OPT-1001 : Current memory(MB): used = 1180, reserved = 1175, peak = 1180.
OPT-1001 : End Stage 3.2.4 | Optimize Duplicated Nets; Time: 10.019541s wall, 9.953125s user + 0.046875s system = 10.000000s CPU (99.8%); Memory(MB): used = 1180, reserved = 1175, peak = 1180;

OPT-1001 : Stage 3.2.5 | Swap Pins
OPT-1001 : Start pin optimization...
OPT-1001 : Start: SWNS 167 STNS 0 NUM_FEPS 0
OPT-1001 : Successfully optimized 1091 instances
OPT-1001 : Successfully optimized 363 instances
OPT-1001 : End pin optimization;  2.899340s wall, 2.890625s user + 0.000000s system = 2.890625s CPU (99.7%)

OPT-1001 : Current memory(MB): used = 1180, reserved = 1175, peak = 1180.
OPT-1001 : End Stage 3.2.5 | Swap Pins; Time: 3.145155s wall, 3.125000s user + 0.000000s system = 3.125000s CPU (99.4%); Memory(MB): used = 1180, reserved = 1175, peak = 1180;

OPT-1001 : Stage 3.2.6 | Optimize Beeline
OPT-1001 : Start beeline optimization...
OPT-1001 : Start: SWNS 167 STNS 0 NUM_FEPS 0
PHY-1001 : Beeline DP, 732 out of 4892 (14.96)%; hop = 977.
PHY-1001 : Beeline DP, 261 out of 4222 (6.18)%; hop = 357.
PHY-1001 : Beeline DP, 131 out of 4066 (3.22)%; hop = 186.
PHY-1001 : Beeline DP, 95 out of 4033 (2.36)%; hop = 129.
PHY-1001 : Beeline DP, 76 out of 4007 (1.90)%; hop = 104.
PHY-1001 : Beeline optimization intraPLB, 2293 1-hop(40.73%), 2286 2-hop(40.60%), 443 3-hop( 7.87%), 608 others (10.80%)
PHY-1001 :  19.407101s wall, 19.375000s user + 0.000000s system = 19.375000s CPU (99.8%)

RUN-1001 : Beeline optimization outerPLB: 1-hop 1944, 2-hop 3562, 3-hop 2041, 4-hop 614, other 1830 
OPT-1001 : End beeline optimization;  20.411984s wall, 20.375000s user + 0.015625s system = 20.390625s CPU (99.9%)

OPT-1001 : Update timing in Manhattan mode
OPT-1001 : End timing update;  2.578903s wall, 2.578125s user + 0.000000s system = 2.578125s CPU (100.0%)

OPT-1001 : End Stage 3.2.6 | Optimize Beeline; Time: 23.458944s wall, 23.421875s user + 0.015625s system = 23.437500s CPU (99.9%); Memory(MB): used = 1180, reserved = 1175, peak = 1180;

OPT-0007 : End flow postpack: SWNS 167 STNS 0 NUM_FEPS 0
RUN-1001 : Generating global routing grids ...
PHY-1001 : Generate routing nets ...
PHY-1001 : Reuse net number 15906/17620.
PHY-1001 : Global iterations in 32 thread ...
PHY-1002 : len = 1.69829e+06, over cnt = 453(0%), over = 685, worst = 7
PHY-1002 : len = 1.7084e+06, over cnt = 205(0%), over = 252, worst = 4
PHY-1002 : len = 1.71317e+06, over cnt = 49(0%), over = 55, worst = 3
PHY-1002 : len = 1.7143e+06, over cnt = 12(0%), over = 13, worst = 2
PHY-1002 : len = 1.71451e+06, over cnt = 0(0%), over = 0, worst = 0
PHY-1001 : End global iterations;  0.815293s wall, 1.203125s user + 0.000000s system = 1.203125s CPU (147.6%)

PHY-1001 : Congestion index:
PHY-1001 : top1  = 82.04(S 60.24, N 58.81, E 77.55, W 75.74, I 62.01, O 70.39)
PHY-1001 : top5  = 68.98(S 49.52, N 45.93, E 58.70, W 62.20, I 50.11, O 57.24)
PHY-1001 : top10 = 62.38(S 43.43, N 40.01, E 49.63, W 54.79, I 44.49, O 51.87)
PHY-1001 : top15 = 58.20(S 39.24, N 36.14, E 44.18, W 49.79, I 40.49, O 47.97)
RUN-1001 : top one percent high-util tile is with util 75 and average util is 81.763158
RUN-1001 : QoR Analysis:
OPT-0007 :   SWNS 167 STNS 0 NUM_FEPS 0
RUN-1001 :   Local congestion issue exists, and most congested 1% tile average routing util is 81.763158
OPT-1002 :   please consider adjusting placer strategy to avoid the congestion issue
RUN-1001 :   Top critical paths
RUN-1001 :       #1 path slack 167ps with logic level 2 
RUN-1001 :       #2 path slack 192ps with logic level 1 
RUN-1001 :       #3 path slack 192ps with logic level 1 
RUN-1001 :       #4 path slack 254ps with logic level 1 
RUN-1001 :       #5 path slack 254ps with logic level 1 
RUN-1001 :       #6 path slack 260ps with logic level 1 
RUN-1001 :       #7 path slack 260ps with logic level 1 
RUN-1001 :       #8 path slack 266ps with logic level 1 
RUN-1001 :       #9 path slack 266ps with logic level 1 
RUN-1001 :       #10 path slack 266ps with logic level 1 
OPT-1001 : End physical optimization;  50.045308s wall, 50.875000s user + 0.171875s system = 51.046875s CPU (102.0%)

PHY-1001 : End Stage 3.2 | Optimize Design; Time: 50.045606s wall, 50.875000s user + 0.171875s system = 51.046875s CPU (102.0%); Memory(MB): used = 1180, reserved = 1175, peak = 1180;

RUN-1001 : Report Control nets information:
RUN-1001 : DFF Distribution
RUN-1001 : -------------------------------------
RUN-1001 :   CE   |  SSR  |  ASR  |  DFF Count  
RUN-1001 : -------------------------------------
RUN-1001 :   No   |  No   |  No   |     224     
RUN-1001 :   No   |  No   |  Yes  |      0      
RUN-1001 :   No   |  Yes  |  No   |      0      
RUN-1001 :   Yes  |  No   |  No   |    6866     
RUN-1001 :   Yes  |  No   |  Yes  |    6679     
RUN-1001 :   Yes  |  Yes  |  No   |     363     
RUN-1001 : -------------------------------------
RUN-1001 : Control Group Statistic
RUN-1001 : -----------------------------
RUN-1001 :   #CLK  |  #CE  |  #SSR/ASR  
RUN-1001 : -----------------------------
RUN-1001 :    10   |  469  |     31     
RUN-1001 : -----------------------------
RUN-0007 : Control Set = 543
PHY-1001 : End Stage 3 | Detailed Placement; Time: 75.250755s wall, 77.312500s user + 0.468750s system = 77.781250s CPU (103.4%); Memory(MB): used = 1180, reserved = 1175, peak = 1180;

PHY-1001 : Populate physical database on model design_top_wrapper.
PHY-1001 : Stage 4 | Optimize Design
PHY-3001 : Start incremental legalization ...
PHY-1001 : Populate physical database on model design_top_wrapper.
PHY-1001 : Processing 2 clock pins of DDR instance u_ph1p35_324_ddr_wrapper/u_ddr2/ph1p_ddrmc_wrapper/ph1p_ddrmc_top/u_ddr_phy/u_ddrphy_top/u_ddrphy/ac_byte[0]$ac_byte_used$u_ddrphy_ac_byte_wrapper/u_ddrphy_byte, location = x0y70z0.
PHY-1001 :   Placed ioclk instance u_ph1p35_324_ddr_wrapper/u_ddr2/ph1p_ddrmc_wrapper/ph1p_ddrmc_top/u_ddr_phy/u_ddrphy_top/u_ddrphy_clk/ioclk[0]$u_ioclk_1, location = x0y59z1.
PHY-1001 :   Placed ioclk instance u_ph1p35_324_ddr_wrapper/u_ddr2/ph1p_ddrmc_wrapper/ph1p_ddrmc_top/u_ddr_phy/u_ddrphy_top/u_ddrphy_clk/ioclk[0]$u_ioclk_0, location = x0y59z0.
PHY-1001 : Processing 2 clock pins of DDR instance u_ph1p35_324_ddr_wrapper/u_ddr2/ph1p_ddrmc_wrapper/ph1p_ddrmc_top/u_ddr_phy/u_ddrphy_top/u_ddrphy/ac_byte[1]$ac_byte_used$u_ddrphy_ac_byte_wrapper/u_ddrphy_byte, location = x0y60z0.
PHY-1001 :   Placed ioclk instance u_ph1p35_324_ddr_wrapper/u_ddr2/ph1p_ddrmc_wrapper/ph1p_ddrmc_top/u_ddr_phy/u_ddrphy_top/u_ddrphy_clk/ioclk[0]$u_ioclk_1, location = x0y59z1.
PHY-1001 :   Placed ioclk instance u_ph1p35_324_ddr_wrapper/u_ddr2/ph1p_ddrmc_wrapper/ph1p_ddrmc_top/u_ddr_phy/u_ddrphy_top/u_ddrphy_clk/ioclk[0]$u_ioclk_0, location = x0y59z0.
PHY-1001 : Processing 2 clock pins of DDR instance u_ph1p35_324_ddr_wrapper/u_ddr2/ph1p_ddrmc_wrapper/ph1p_ddrmc_top/u_ddr_phy/u_ddrphy_top/u_ddrphy/ac_byte[2]$ac_byte_used$u_ddrphy_ac_byte_wrapper/u_ddrphy_byte, location = x0y50z0.
PHY-1001 :   Placed ioclk instance u_ph1p35_324_ddr_wrapper/u_ddr2/ph1p_ddrmc_wrapper/ph1p_ddrmc_top/u_ddr_phy/u_ddrphy_top/u_ddrphy_clk/ioclk[0]$u_ioclk_1, location = x0y59z1.
PHY-1001 :   Placed ioclk instance u_ph1p35_324_ddr_wrapper/u_ddr2/ph1p_ddrmc_wrapper/ph1p_ddrmc_top/u_ddr_phy/u_ddrphy_top/u_ddrphy_clk/ioclk[0]$u_ioclk_0, location = x0y59z0.
PHY-1001 : Processing 2 clock pins of DDR instance u_ph1p35_324_ddr_wrapper/u_ddr2/ph1p_ddrmc_wrapper/ph1p_ddrmc_top/u_ddr_phy/u_ddrphy_top/u_ddrphy/ac_byte[3]$ac_byte_used$u_ddrphy_ac_byte_wrapper/u_ddrphy_byte, location = x0y40z0.
PHY-1001 :   Placed ioclk instance u_ph1p35_324_ddr_wrapper/u_ddr2/ph1p_ddrmc_wrapper/ph1p_ddrmc_top/u_ddr_phy/u_ddrphy_top/u_ddrphy_clk/ioclk[0]$u_ioclk_1, location = x0y59z1.
PHY-1001 :   Placed ioclk instance u_ph1p35_324_ddr_wrapper/u_ddr2/ph1p_ddrmc_wrapper/ph1p_ddrmc_top/u_ddr_phy/u_ddrphy_top/u_ddrphy_clk/ioclk[0]$u_ioclk_0, location = x0y59z0.
PHY-1001 : Processing 2 clock pins of DDR instance u_ph1p35_324_ddr_wrapper/u_ddr2/ph1p_ddrmc_wrapper/ph1p_ddrmc_top/u_ddr_phy/u_ddrphy_top/u_ddrphy/dx_byte[0]$dx_byte_used$u_ddrphy_dx_byte_wrapper/u_ddrphy_byte, location = x0y30z0.
PHY-1001 :   Placed ioclk instance u_ph1p35_324_ddr_wrapper/u_ddr2/ph1p_ddrmc_wrapper/ph1p_ddrmc_top/u_ddr_phy/u_ddrphy_top/u_ddrphy_clk/ioclk[1]$u_ioclk_1, location = x0y19z1.
PHY-1001 :   Placed ioclk instance u_ph1p35_324_ddr_wrapper/u_ddr2/ph1p_ddrmc_wrapper/ph1p_ddrmc_top/u_ddr_phy/u_ddrphy_top/u_ddrphy_clk/ioclk[1]$u_ioclk_0, location = x0y19z0.
PHY-1001 : Processing 2 clock pins of DDR instance u_ph1p35_324_ddr_wrapper/u_ddr2/ph1p_ddrmc_wrapper/ph1p_ddrmc_top/u_ddr_phy/u_ddrphy_top/u_ddrphy/dx_byte[1]$dx_byte_used$u_ddrphy_dx_byte_wrapper/u_ddrphy_byte, location = x0y10z0.
PHY-1001 :   Placed ioclk instance u_ph1p35_324_ddr_wrapper/u_ddr2/ph1p_ddrmc_wrapper/ph1p_ddrmc_top/u_ddr_phy/u_ddrphy_top/u_ddrphy_clk/ioclk[1]$u_ioclk_1, location = x0y19z1.
PHY-1001 :   Placed ioclk instance u_ph1p35_324_ddr_wrapper/u_ddr2/ph1p_ddrmc_wrapper/ph1p_ddrmc_top/u_ddr_phy/u_ddrphy_top/u_ddrphy_clk/ioclk[1]$u_ioclk_0, location = x0y19z0.
PHY-3001 : Target density is 60%
PHY-3001 : Target density is 60%
PHY-3001 : Initial: Len = 1.45324e+06, Over = 0
PHY-1001 : Stage 4.1 | Spreading
PHY-3001 : Design contains 150 ce signals.
PHY-3001 : Spreading for sector grids.
PHY-3001 : Iter 1, total overflow: 0
PHY-3001 : tot_capacity: 48, usage_cnt: 22, movable_cnt: 37
PHY-3001 : Spreading for clock grids.
PHY-3001 : clock grid count for 24 x 4 grids
PHY-3001 : Spreading for plb grids.
PHY-3001 : total displace: 0, max displace: 0.
PHY-3001 : End spreading;  0.492868s wall, 0.406250s user + 0.062500s system = 0.468750s CPU (95.1%)

PHY-1001 : End Stage 4.1 | Spreading; Time: 0.493041s wall, 0.406250s user + 0.062500s system = 0.468750s CPU (95.1%); Memory(MB): used = 1180, reserved = 1175, peak = 1180;

PHY-3001 : Final: Len = 1.45324e+06, Over = 0
PHY-3001 : End incremental legalization;  0.970862s wall, 0.906250s user + 0.062500s system = 0.968750s CPU (99.8%)

RUN-1002 : start command "report_qor -step place -file place.qor"
RUN-1002 : start command "start_timer"
RUN-1003 : finish command "start_timer" in  2.894401s wall, 2.890625s user + 0.000000s system = 2.890625s CPU (99.9%)

RUN-1004 : used memory is 1180 MB, reserved memory is 1175 MB, peak memory is 1180 MB
RUN-1001 : Generating global routing grids ...
-----------------------------------------------------------
| QoR metrics               |         value               |
-----------------------------------------------------------
| Timing                    |                             |
|     Setup WNS             |          167                |
|     Setup TNS             |            0                |
|     Num of violated S-EP  |            0                |
|     FMAX                  |   857.633MHz                |
|     SWNS path clock period |       1333ps                |
|     Hold WNS              |         -313                |
|     Hold TNS              |       -69531                |
|     Num of violated H-EP  |          539                |
-----------------------------------------------------------
| Routing Resource          |                             |
|     Wire length           |      1448791                |
|     Route Net Num         |        22253                |
|     DontRoute Net Num     |         9209                |
|     RouteSinks Num        |        66955                |
-----------------------------------------------------------
| Utilization               |                             |
|     #slices               |        13073                |
|     slices percentage     |       61.62%                |
|     #RAMs                 |           49                |
|     #DSPs                 |            8                |
|     #DRAMHARDCON          |           37                |
-----------------------------------------------------------
| Congestion                |                             |
|     Top 1% tile util      |           75                |
|     Top 1% tile avg util  |       81.76%                |
|     Over 100% util #tile  |            0                |
|     Max level             |            1                |
|     Window                |  [ 15   7] - [ 18   7]      |
-----------------------------------------------------------
Report place stage QoR done.

RUN-1003 : finish command "report_qor -step place -file place.qor" in  6.395632s wall, 6.375000s user + 0.000000s system = 6.375000s CPU (99.7%)

RUN-1004 : used memory is 1180 MB, reserved memory is 1175 MB, peak memory is 1180 MB
PHY-1001 : End Stage 4 | Optimize Design; Time: 7.393219s wall, 7.296875s user + 0.062500s system = 7.359375s CPU (99.5%); Memory(MB): used = 1180, reserved = 1175, peak = 1180;

PHY-1001 : Stage 5 | DRC Check
PHY-1001 : Stage 5.1 | Slice Attributes Check
PHY-1035 : Redundant attributes/nets in slice detected. You can use tcl "check_slice_attr -verbose" to get full message.
PHY-1039 : Found 112 mslices getting no used reg attributes, eg: u_hdmi_tx/u_hdmi_1_4b_transmitter_core_wrapper/u_hdmi_tx_controller_wrapper/u_hdmi_video_data_assemble/S_island_guard_band_1d_syn_10.
PHY-1039 : Found 112 mslices getting no used ce attributes, eg: u_hdmi_tx/u_hdmi_1_4b_transmitter_core_wrapper/u_hdmi_tx_controller_wrapper/u_hdmi_video_data_assemble/S_island_guard_band_1d_syn_10.
PHY-1001 : End Stage 5.1 | Slice Attributes Check; Time: 0.076006s wall, 0.078125s user + 0.000000s system = 0.078125s CPU (102.8%); Memory(MB): used = 1180, reserved = 1175, peak = 1180;

PHY-1001 : Stage 5.2 | Clock Bound Check
PHY-1001 : Check pass.
PHY-1001 : End Stage 5.2 | Clock Bound Check; Time: 0.003550s wall, 0.000000s user + 0.000000s system = 0.000000s CPU (n/a%); Memory(MB): used = 1180, reserved = 1175, peak = 1180;

PHY-1001 : Stage 5.3 | Force Route Constraint Check
PHY-1001 : Check Pass.
PHY-1001 : End Stage 5.3 | Force Route Constraint Check; Time: 0.003460s wall, 0.000000s user + 0.000000s system = 0.000000s CPU (n/a%); Memory(MB): used = 1180, reserved = 1175, peak = 1180;

PHY-1001 : Stage 5.4 | Sigmap Check
PHY-1001 : Check pass.
PHY-1001 : End Stage 5.4 | Sigmap Check; Time: 0.130334s wall, 0.125000s user + 0.000000s system = 0.125000s CPU (95.9%); Memory(MB): used = 1180, reserved = 1175, peak = 1180;

PHY-1001 : Stage 5.5 | Duplicated SelfDriven Check
PHY-1001 : Check pass.
PHY-1001 : End Stage 5.5 | Duplicated SelfDriven Check; Time: 0.615525s wall, 0.578125s user + 0.031250s system = 0.609375s CPU (99.0%); Memory(MB): used = 1180, reserved = 1175, peak = 1180;

PHY-1001 : Stage 5.6 | Clock Rule Check
PHY-5088 WARNING: Clock_Analyzer: Detected 1 buffer(s) clkin net because they drive non-clock sinks. Run "analyze_clock -detail" for more infomation.
PHY-5088 WARNING: Clock_Analyzer: Detected 1 buffer(s) clkout net because they drive non-clock sinks. Run "analyze_clock -detail" for more infomation.
PHY-5088 WARNING: Clock_Analyzer: 3 clock-net(s) because they drive other clock net, may cause clock skew. Run "analyze_clock -detail" for more infomation.
PHY-1001 : End Stage 5.6 | Clock Rule Check; Time: 0.139647s wall, 0.140625s user + 0.000000s system = 0.140625s CPU (100.7%); Memory(MB): used = 1181, reserved = 1175, peak = 1181;

PHY-1001 : End Stage 5 | DRC Check; Time: 1.069305s wall, 1.015625s user + 0.031250s system = 1.046875s CPU (97.9%); Memory(MB): used = 1181, reserved = 1175, peak = 1181;

OPT-1001 : QoR tracer report on placement steps:
    SWNS [   incr ]    STNS [   incr ]    FEPS [   incr ]    CRIT [   incr ]      CELL [     incr ]        WL [     incr ]    CONG [   incr ]    PDES [   incr ]   RT(s) [   incr ]   MEM(mb) [     incr ]
       0 [      0 ]       0 [      0 ]       0 [      0 ]       0 [      0 ]     27372 [        0 ]         0 [        0 ]    0.00 [   0.00 ]       0 [      0 ]       0 [      0 ]       522 [        0 ] : preplace:simplify_lut
       0 [      0 ]       0 [      0 ]       0 [      0 ]       0 [      0 ]     27372 [        0 ]         0 [        0 ]    0.00 [   0.00 ]       0 [      0 ]       0 [      0 ]       522 [        0 ] : preplace:sweep
       0 [      0 ]       0 [      0 ]       0 [      0 ]       0 [      0 ]     27372 [        0 ]         0 [        0 ]    0.00 [   0.00 ]       0 [      0 ]       0 [      0 ]       522 [        0 ] : preplace:lut_merge
       0 [      0 ]       0 [      0 ]       0 [      0 ]       0 [      0 ]     27372 [        0 ]         0 [        0 ]    0.00 [   0.00 ]       0 [      0 ]       0 [      0 ]       523 [        1 ] : preplace:hfn_opt
      47 [     47 ]       0 [      0 ]       0 [      0 ]    4032 [   4032 ]     29158 [     1786 ]   1667341 [  1667341 ]    0.00 [   0.00 ]       0 [      0 ]      13 [     13 ]       931 [      408 ] : step1_gp
      47 [      0 ]       0 [      0 ]       0 [      0 ]    4068 [     36 ]     29158 [        0 ]   1679290 [    11949 ]    0.00 [   0.00 ]       0 [      0 ]      14 [      1 ]       936 [        5 ] : step1_legal
      47 [      0 ]       0 [      0 ]       0 [      0 ]    4073 [      5 ]     29158 [        0 ]   1652571 [   -26719 ]    0.00 [   0.00 ]       0 [      0 ]      16 [      2 ]       940 [        4 ] : step1_dp
      -6 [    -53 ]     -12 [    -12 ]       2 [      2 ]    4200 [    127 ]     29158 [        0 ]   1473701 [  -178870 ]  197.29 [ 197.29 ]       0 [      0 ]      23 [      7 ]      1027 [       87 ] : step2_gp
      -6 [      0 ]     -12 [      0 ]       2 [      0 ]    4200 [      0 ]     29158 [        0 ]   1465450 [    -8251 ]  197.29 [   0.00 ]       0 [      0 ]      24 [      1 ]      1028 [        1 ] : step2_dp
      -6 [      0 ]     -12 [      0 ]       2 [      0 ]    4200 [      0 ]     29158 [        0 ]   1465450 [        0 ]  197.29 [   0.00 ]       0 [      0 ]      24 [      0 ]      1028 [        0 ] : prepack_spreading
      -1 [      5 ]      -2 [     10 ]       2 [      0 ]    4256 [     56 ]     29311 [      153 ]   1255812 [  -209638 ]  177.13 [ -20.16 ]       0 [      0 ]      32 [      8 ]      1043 [       15 ] : prepack:hfn_opt
      -1 [      0 ]      -2 [      0 ]       2 [      0 ]    4252 [     -4 ]     29311 [        0 ]   1260962 [     5150 ]   90.68 [ -86.45 ]       0 [      0 ]      36 [      4 ]      1043 [        0 ] : prepack:global_opt
     114 [    115 ]       0 [      2 ]       0 [     -2 ]    4487 [    235 ]     15040 [   -14271 ]   1600311 [   339349 ]   88.24 [  -2.45 ]       0 [      0 ]      64 [     28 ]      1164 [      121 ] : direct_legalization
     114 [      0 ]       0 [      0 ]       0 [      0 ]    4487 [      0 ]     15040 [        0 ]   1600311 [        0 ]   88.24 [   0.00 ]       0 [      0 ]      64 [      0 ]      1169 [        5 ] : post_pack_spreading
     167 [     53 ]       0 [      0 ]       0 [      0 ]    4651 [    164 ]     15040 [        0 ]   1411793 [  -188518 ]   81.95 [  -6.29 ]       0 [      0 ]      89 [     25 ]      1180 [       11 ] : post_pack_dp
     167 [      0 ]       0 [      0 ]       0 [      0 ]    4655 [      4 ]     15030 [      -10 ]   1403951 [    -7842 ]   81.95 [   0.00 ]       0 [      0 ]      96 [      7 ]      1180 [        0 ] : postpack:optimize_equivalent_quick
     167 [      0 ]       0 [      0 ]       0 [      0 ]    4652 [     -3 ]     15052 [       22 ]   1405740 [     1789 ]   81.95 [   0.00 ]       0 [      0 ]      97 [      1 ]      1180 [        0 ] : postpack:hfn_opt
     167 [      0 ]       0 [      0 ]       0 [      0 ]    4654 [      2 ]     15066 [       14 ]   1413692 [     7952 ]   82.26 [   0.32 ]       0 [      0 ]     100 [      3 ]      1180 [        0 ] : postpack:path_opt
     167 [      0 ]       0 [      0 ]       0 [      0 ]    4655 [      1 ]     15063 [       -3 ]   1412688 [    -1004 ]   82.26 [   0.00 ]       0 [      0 ]     110 [     10 ]      1180 [        0 ] : postpack:optimize_equivalent
     167 [      0 ]       0 [      0 ]       0 [      0 ]    4928 [    273 ]     15063 [        0 ]   1412688 [        0 ]   82.26 [   0.00 ]       0 [      0 ]     114 [      4 ]      1180 [        0 ] : postpack:pin_opt
     167 [      0 ]       0 [      0 ]       0 [      0 ]    4869 [    -59 ]     15063 [        0 ]   1447729 [    35041 ]   82.26 [   0.00 ]       0 [      0 ]     137 [     23 ]      1180 [        0 ] : postpack:beeline_opt

RUN-1003 : finish command "place" in  148.117722s wall, 431.218750s user + 8.000000s system = 439.218750s CPU (296.5%)

RUN-1004 : used memory is 1181 MB, reserved memory is 1175 MB, peak memory is 1181 MB
RUN-1002 : start command "update_timing -mode manhattan"
RUN-1002 : start command "start_timer"
RUN-1003 : finish command "start_timer" in  2.965226s wall, 2.968750s user + 0.000000s system = 2.968750s CPU (100.1%)

RUN-1004 : used memory is 1180 MB, reserved memory is 1175 MB, peak memory is 1181 MB
RUN-1003 : finish command "update_timing -mode manhattan" in  5.124979s wall, 5.078125s user + 0.031250s system = 5.109375s CPU (99.7%)

RUN-1004 : used memory is 1180 MB, reserved memory is 1175 MB, peak memory is 1181 MB
RUN-1002 : start command "report_timing_summary -file camera_to_dsi_display_place.timing"
RUN-1002 : start command "report_area -io_info -file camera_to_dsi_display_phy.area"
SYN-4034 : The count of slices with lut is 7065.
SYN-4035 : The count of slices with lut+ripple is 3212.
RUN-1001 : standard
***Report Model: design_top_wrapper Device: PH1P35MDG324***

Design Statistics
#IO                        60   out of    160   37.50%
  #input                    6
  #output                  31
  #inout                   23
#lut6                   10685   out of  21216   50.36%
#reg                    13908
  #slice reg            13908   out of  42432   32.78%
  #pad reg                  0

Utilization Statistics
#slice                  13073   out of  21216   61.62%
  #used ram               408
    #dram lut             296
    #shifter lut          112
  #used logic           12665
    #with luts           7065
    #with adder          3212
    #reg only            2388
#f7mux                      0   out of  10608    0.00%
#f8mux                      0   out of   5304    0.00%
#eram                      49   out of    108   45.37%
  #eram20k                 49
  #fifo20k                  0
#dsp                        8   out of     40   20.00%
#ddr_byte                   6   out of     12   50.00%
#mipi_tx                    0   out of      2    0.00%
#mipi_rx                    1   out of      2   50.00%
#pad                       19   out of    160   11.88%
#pll                        3   out of      6   50.00%
#gclk                       9   out of     32   28.12%
#lclk                       0   out of     12    0.00%
#sclk                       0   out of     48    0.00%
#mlclk                      2   out of      6   33.33%
#ioclk                      4   out of     18   22.22%

RUN-1002 : start command "flow_status -file place_flow.status"
Location         : D:\2026fpga\lab_hd_1_mipi_hdmi\td_project\camera_to_dsi_display_Runs\phy_1
Running with     : Tang Dynasty v6.2.168116
                   Copyright (c) 2012-2025 Anlogic Inc.
Top Model        : design_top_wrapper
Device           : PH1P35MDG324
Speed            : 3

Timing Mode      : manhattan
Setup            : WNS   167ps  TNS        0ps  NUM_FEPS     0
Hold             : WNS  -313ps  TNS   -69531ps  NUM_FEPS   539

Flow Statistics  :
RUN-1001 : Flow Statistics:
RUN-1001 : ---------------------------------------------------------------------------------------------------
RUN-1001 :      command     |  #calls  |  wall time   |  cpu time(s)  |  used memory(mb)  |  peak memory(mb)  
RUN-1001 : ---------------------------------------------------------------------------------------------------
RUN-1001 :       place      |    1     |  2m28s(98%)  |   439(99%)    |       1181        |       1181        
RUN-1001 :   import_device  |    1     |    2s(1%)    |     2(0%)     |        323        |        323        
RUN-1001 :     import_db    |    1     |    1s(0%)    |     0(0%)     |        521        |        521        
RUN-1001 : ---------------------------------------------------------------------------------------------------
RUN-1001 :       total      |    3     |    2m31s     |      441      |       1181        |       1181        
RUN-1001 : ---------------------------------------------------------------------------------------------------
RUN-1002 : start command "report_clock_utilization -file place_clock_utilization.txt"
RUN-1002 : start command "export_db camera_to_dsi_display_place.db"
RUN-1001 : Exported flow parameters
RUN-1001 : Exported /
RUN-1001 : Exported libs
RUN-1001 : Exported entities
RUN-1001 : Exported ports
RUN-1001 : Exported pins
RUN-1001 : Exported instances
RUN-1001 : Exported nets
RUN-1001 : Exported buses
RUN-1001 : Exported models
RUN-1001 : Exported phy database
RUN-1001 : Exported packer
RUN-1001 : Exported congestions
RUN-1001 : Exported violations
RUN-1001 : Exported ATMR Setting
RUN-1001 : Exported timing constraints
RUN-1001 : Exported IO constraints
RUN-1001 : Exported Inst constraints
RUN-1001 : Exported ChipWatcher
RUN-1003 : finish command "export_db camera_to_dsi_display_place.db" in  1.302935s wall, 1.796875s user + 0.031250s system = 1.828125s CPU (140.3%)

RUN-1004 : used memory is 1201 MB, reserved memory is 1287 MB, peak memory is 1201 MB
RUN-1002 : start command "commit_param -step route"
RUN-1001 : Print Global Property
RUN-1001 : -------------------------------------------------------------
RUN-1001 :     Parameters    |   Settings   |  Default Values  |  Note  
RUN-1001 : -------------------------------------------------------------
RUN-1001 :    enable_seed    |     off      |       off        |        
RUN-1001 :    hfn_to_clock   |  1000000000  |    1000000000    |        
RUN-1001 :      message      |   standard   |     standard     |        
RUN-1001 :    qor_monitor    |      on      |        on        |        
RUN-1001 :   speedup_effort  |      0       |        0         |        
RUN-1001 :    syn_ip_flow    |     off      |       off        |        
RUN-1001 :       thread      |     auto     |       auto       |        
RUN-1001 : -------------------------------------------------------------
RUN-1001 : Print Route Property
RUN-1001 : ---------------------------------------------------------------
RUN-1001 :       Parameters      |  Settings  |  Default Values  |  Note  
RUN-1001 : ---------------------------------------------------------------
RUN-1001 :         effort        |   normal   |      normal      |        
RUN-1001 :        fix_hold       |     on     |        on        |        
RUN-1001 :   hold_fix_iteration  |     5      |        5         |        
RUN-1001 :     post_route_opt    |    auto    |       auto       |        
RUN-1001 :         timing        |     on     |        on        |        
RUN-1001 : ---------------------------------------------------------------
RUN-1002 : start command "route"
RUN-1001 : Open license file F:/AnlogicFpga/TD_6.2.1_Engineer_6.2.168.116/license/Anlogic.lic
PHY-1001 : Reconnected 29 VDD pins with routing demanding
PHY-1001 : Populate physical database on model design_top_wrapper.
RUN-1001 : Dedicate pll clock connection statistics:
RUN-1001 : Clock Region s_1_l [0,40][23,79]; Utilization: 1 out of 12
RUN-1001 : ----------------------------------------------------------------------------------------------------------------------------------------------------------------------------------------------------------------------------------
RUN-1001 :   Index  |                                    Leading Clock                                     |                                                          Special Sink                                                           
RUN-1001 : ----------------------------------------------------------------------------------------------------------------------------------------------------------------------------------------------------------------------------------
RUN-1001 :     1    |  u_ph1p35_324_ddr_wrapper/u_ddr2/ph1p_ddrmc_wrapper/ph1p_ddrmc_top/u_alc_mc_top/clk  |  u_ph1p35_324_ddr_wrapper/u_ddr2/ph1p_ddrmc_wrapper/ph1p_ddrmc_top/u_ddr_phy/u_ddrphy_top/u_ddrphy_clk/u_pll1/u_pll_inst.fbclk  
RUN-1001 : ----------------------------------------------------------------------------------------------------------------------------------------------------------------------------------------------------------------------------------
RUN-1001 : Clock Region s_1_r [24,40][43,79]; Utilization: 1 out of 12
RUN-1001 : -----------------------------------------------------------------------------------------------------------------------------------------------------------------------
RUN-1001 :   Index  |                                     Leading Clock                                     |                            Special Sink                             
RUN-1001 : -----------------------------------------------------------------------------------------------------------------------------------------------------------------------
RUN-1001 :     1    |  u_mipi_dphy_rx_ph1p_mipiio_wrapper/u_ph1p_mipiio_rx_wrapper/u_lane0_hs_detect/I_clk  |  u_PLL/ph1p_phy_pll_wrapper_25a56e5ce2f9_Inst/u_PH1P_PHY_PLL.fbclk  
RUN-1001 : -----------------------------------------------------------------------------------------------------------------------------------------------------------------------
PHY-1001 : Working orders of clock nets being processed in bank assignment:
PHY-1001 : u_ph1p35_324_ddr_wrapper/u_ddr2/ph1p_ddrmc_wrapper/ph1p_ddrmc_top/u_alc_mc_top/clk;
PHY-1001 : u_mipi_dphy_rx_ph1p_mipiio_wrapper/u_ph1p_mipiio_rx_wrapper/u_lane0_hs_detect/I_clk;
PHY-1001 : u_isp_top/u_rgb96_downscale_crop/u_scale_line_buffer/ram_f84573da5ab5_Inst/clkb;
PHY-1001 : u_hdmi_mixer/I_clk_syn_661;
PHY-1001 : O_cam_24m_syn_3;
PHY-1001 : I_sys_clk_syn_8;
PHY-1001 : u_hdmi_tx/u_hdmi2phy_wrapper/u0_lane_lvds_8_1/I_serial_clk_syn_1;
PHY-1001 : u_ph1p35_324_ddr_wrapper/u_ddr2/ph1p_ddrmc_wrapper/ph1p_ddrmc_top/u_ddr_phy/u_ddrphy_top/u_ddrphy/apb_pclk_syn_1;
PHY-1001 : u_uicfgcs500/uii2c_inst/scl_clk_syn_9;
PHY-1001 : Internal bound Intnl_0_0_25_40 is being created by clock MIPI_RX_BYTE_CLK through SCLK.
PHY-1001 : Internal bound Intnl_25_0_23_40 is being created by clock MIPI_RX_BYTE_CLK through SCLK.
PHY-1001 : Internal bound Intnl_0_40_25_40 is being created by clock u_ph1p35_324_ddr_wrapper/u_ddr2/usr_clk through SCLK.
PHY-1001 : Internal bound Intnl_25_40_19_40 is being created by clock HDMI_PIXEL_CLK through SCLK.
RUN-1001 : Clock region assignment statistics:
RUN-1001 : Clock Region s_0_l [0,0][23,39]; Utilization: 7 out of 12
RUN-1001 : ----------------------------------------------------------------------------------------------------------------------------------------------------------------------------------------------------------------------------------------------------------------------------------------------------------------------------------------
RUN-1001 :   Bank  |                                                   Leading Clock                                                    |       Type        |                                                                          Buffer                                                                           |  Regional Clock Fanouts  
RUN-1001 : ----------------------------------------------------------------------------------------------------------------------------------------------------------------------------------------------------------------------------------------------------------------------------------------------------------------------------------------
RUN-1001 :    1    |                  u_isp_top/u_rgb96_downscale_crop/u_scale_line_buffer/ram_f84573da5ab5_Inst/clkb                   |  (infered sclk)   |                           u_mipi_dphy_rx_ph1p_mipiio_wrapper/u_ph1p_mipiio_rx_wrapper/bufg_feedback_auto_created_sclk_s_0_l_bk1                           |           1132           
RUN-1001 :    2    |                 u_ph1p35_324_ddr_wrapper/u_ddr2/ph1p_ddrmc_wrapper/ph1p_ddrmc_top/u_alc_mc_top/clk                 |  (infered sclk)   |   u_ph1p35_324_ddr_wrapper/u_ddr2/ph1p_ddrmc_wrapper/ph1p_ddrmc_top/u_ddr_phy/u_ddrphy_top/u_ddrphy_clk/u_pll1/u_bufg_fbclk_auto_created_sclk_s_0_l_bk2   |           1054           
RUN-1001 :    3    |                                                  O_cam_24m_syn_3                                                   |  (infered sclk)   |                                               O_cam_24m_dup_1_created_gclkinst_auto_created_sclk_s_0_l_bk3                                                |            78            
RUN-1001 :    4    |                                                  I_sys_clk_syn_8                                                   |  (infered sclk)   |                                               I_sys_clk_dup_6_created_gclkinst_auto_created_sclk_s_0_l_bk4                                                |            77            
RUN-1001 :    5    |                                       u_uicfgcs500/uii2c_inst/scl_clk_syn_9                                        |  (infered sclk)   |                                       u_uicfgcs500/uii2c_inst/scl_clk_created_gclkinst_auto_created_sclk_s_0_l_bk5                                        |            18            
RUN-1001 :    6    |                                             u_hdmi_mixer/I_clk_syn_661                                             |  (infered sclk)   |                                              u_hdmi_mixer/I_clk_created_gclkinst_auto_created_sclk_s_0_l_bk6                                              |            6             
RUN-1001 :    7    |  u_ph1p35_324_ddr_wrapper/u_ddr2/ph1p_ddrmc_wrapper/ph1p_ddrmc_top/u_ddr_phy/u_ddrphy_top/u_ddrphy/apb_pclk_syn_1  |  (infered sclk)   |  u_ph1p35_324_ddr_wrapper/u_ddr2/ph1p_ddrmc_wrapper/ph1p_ddrmc_top/u_ddr_phy/u_ddrphy_top/u_ddrphy/apb_pclk_created_gclkinst_auto_created_sclk_s_0_l_bk7  |            3             
RUN-1001 : ----------------------------------------------------------------------------------------------------------------------------------------------------------------------------------------------------------------------------------------------------------------------------------------------------------------------------------------
RUN-1001 : Clock Region s_0_r [24,0][47,39]; Utilization: 5 out of 12
RUN-1001 : ---------------------------------------------------------------------------------------------------------------------------------------------------------------------------------------------------------------------------------------------------------------------------------------------------------
RUN-1001 :   Bank  |                                     Leading Clock                                     |       Type        |                                                                         Buffer                                                                          |  Regional Clock Fanouts  
RUN-1001 : ---------------------------------------------------------------------------------------------------------------------------------------------------------------------------------------------------------------------------------------------------------------------------------------------------------
RUN-1001 :    1    |    u_isp_top/u_rgb96_downscale_crop/u_scale_line_buffer/ram_f84573da5ab5_Inst/clkb    |  (infered sclk)   |                          u_mipi_dphy_rx_ph1p_mipiio_wrapper/u_ph1p_mipiio_rx_wrapper/bufg_feedback_auto_created_sclk_s_0_r_bk1                          |           2088           
RUN-1001 :    2    |                              u_hdmi_mixer/I_clk_syn_661                               |  (infered sclk)   |                                             u_hdmi_mixer/I_clk_created_gclkinst_auto_created_sclk_s_0_r_bk2                                             |           170            
RUN-1001 :    3    |                                    O_cam_24m_syn_3                                    |  (infered sclk)   |                                              O_cam_24m_dup_1_created_gclkinst_auto_created_sclk_s_0_r_bk3                                               |            38            
RUN-1001 :    4    |  u_ph1p35_324_ddr_wrapper/u_ddr2/ph1p_ddrmc_wrapper/ph1p_ddrmc_top/u_alc_mc_top/clk   |  (infered sclk)   |  u_ph1p35_324_ddr_wrapper/u_ddr2/ph1p_ddrmc_wrapper/ph1p_ddrmc_top/u_ddr_phy/u_ddrphy_top/u_ddrphy_clk/u_pll1/u_bufg_fbclk_auto_created_sclk_s_0_r_bk4  |            33            
RUN-1001 :    5    |  u_mipi_dphy_rx_ph1p_mipiio_wrapper/u_ph1p_mipiio_rx_wrapper/u_lane0_hs_detect/I_clk  |  (infered sclk)   |                                                     u_PLL/bufg_feedback_auto_created_sclk_s_0_r_bk5                                                     |            7             
RUN-1001 : ---------------------------------------------------------------------------------------------------------------------------------------------------------------------------------------------------------------------------------------------------------------------------------------------------------
RUN-1001 : Clock Region s_1_l [0,40][23,79]; Utilization: 4 out of 12
RUN-1001 : ----------------------------------------------------------------------------------------------------------------------------------------------------------------------------------------------------------------------------------------------------------------------------------------------------------------------------------------
RUN-1001 :   Bank  |                                                   Leading Clock                                                    |       Type        |                                                                          Buffer                                                                           |  Regional Clock Fanouts  
RUN-1001 : ----------------------------------------------------------------------------------------------------------------------------------------------------------------------------------------------------------------------------------------------------------------------------------------------------------------------------------------
RUN-1001 :    1    |                 u_ph1p35_324_ddr_wrapper/u_ddr2/ph1p_ddrmc_wrapper/ph1p_ddrmc_top/u_alc_mc_top/clk                 |  (infered sclk)   |   u_ph1p35_324_ddr_wrapper/u_ddr2/ph1p_ddrmc_wrapper/ph1p_ddrmc_top/u_ddr_phy/u_ddrphy_top/u_ddrphy_clk/u_pll1/u_bufg_fbclk_auto_created_sclk_s_1_l_bk1   |           1022           
RUN-1001 :    2    |                  u_isp_top/u_rgb96_downscale_crop/u_scale_line_buffer/ram_f84573da5ab5_Inst/clkb                   |  (infered sclk)   |                           u_mipi_dphy_rx_ph1p_mipiio_wrapper/u_ph1p_mipiio_rx_wrapper/bufg_feedback_auto_created_sclk_s_1_l_bk2                           |           1294           
RUN-1001 :    3    |  u_ph1p35_324_ddr_wrapper/u_ddr2/ph1p_ddrmc_wrapper/ph1p_ddrmc_top/u_ddr_phy/u_ddrphy_top/u_ddrphy/apb_pclk_syn_1  |  (infered sclk)   |  u_ph1p35_324_ddr_wrapper/u_ddr2/ph1p_ddrmc_wrapper/ph1p_ddrmc_top/u_ddr_phy/u_ddrphy_top/u_ddrphy/apb_pclk_created_gclkinst_auto_created_sclk_s_1_l_bk3  |            25            
RUN-1001 :    4    |                                                  O_cam_24m_syn_3                                                   |  (infered sclk)   |                                               O_cam_24m_dup_1_created_gclkinst_auto_created_sclk_s_1_l_bk4                                                |            1             
RUN-1001 : ----------------------------------------------------------------------------------------------------------------------------------------------------------------------------------------------------------------------------------------------------------------------------------------------------------------------------------------
RUN-1001 : Clock Region s_1_r [24,40][43,79]; Utilization: 6 out of 12
RUN-1001 : ---------------------------------------------------------------------------------------------------------------------------------------------------------------------------------------------------------------------------------------------------------------------------------------------------------
RUN-1001 :   Bank  |                                     Leading Clock                                     |       Type        |                                                                         Buffer                                                                          |  Regional Clock Fanouts  
RUN-1001 : ---------------------------------------------------------------------------------------------------------------------------------------------------------------------------------------------------------------------------------------------------------------------------------------------------------
RUN-1001 :    1    |  u_mipi_dphy_rx_ph1p_mipiio_wrapper/u_ph1p_mipiio_rx_wrapper/u_lane0_hs_detect/I_clk  |  (infered sclk)   |                                                     u_PLL/bufg_feedback_auto_created_sclk_s_1_r_bk1                                                     |            1             
RUN-1001 :    2    |                              u_hdmi_mixer/I_clk_syn_661                               |  (infered sclk)   |                                             u_hdmi_mixer/I_clk_created_gclkinst_auto_created_sclk_s_1_r_bk2                                             |           695            
RUN-1001 :    3    |    u_isp_top/u_rgb96_downscale_crop/u_scale_line_buffer/ram_f84573da5ab5_Inst/clkb    |  (infered sclk)   |                          u_mipi_dphy_rx_ph1p_mipiio_wrapper/u_ph1p_mipiio_rx_wrapper/bufg_feedback_auto_created_sclk_s_1_r_bk3                          |           617            
RUN-1001 :    4    |  u_ph1p35_324_ddr_wrapper/u_ddr2/ph1p_ddrmc_wrapper/ph1p_ddrmc_top/u_alc_mc_top/clk   |  (infered sclk)   |  u_ph1p35_324_ddr_wrapper/u_ddr2/ph1p_ddrmc_wrapper/ph1p_ddrmc_top/u_ddr_phy/u_ddrphy_top/u_ddrphy_clk/u_pll1/u_bufg_fbclk_auto_created_sclk_s_1_r_bk4  |           100            
RUN-1001 :    5    |           u_hdmi_tx/u_hdmi2phy_wrapper/u0_lane_lvds_8_1/I_serial_clk_syn_1            |  (infered sclk)   |                         u_hdmi_tx/u_hdmi2phy_wrapper/u0_lane_lvds_8_1/I_serial_clk_created_gclkinst_auto_created_sclk_s_1_r_bk5                         |            38            
RUN-1001 :    6    |                                    O_cam_24m_syn_3                                    |  (infered sclk)   |                                              O_cam_24m_dup_1_created_gclkinst_auto_created_sclk_s_1_r_bk6                                               |            1             
RUN-1001 : ---------------------------------------------------------------------------------------------------------------------------------------------------------------------------------------------------------------------------------------------------------------------------------------------------------
PHY-1001 : Populate physical database on model design_top_wrapper.
PHY-1001 : Route runs in 32 thread(s)
RUN-1001 : There are total 13580 instances
RUN-1001 : 408 mslices, 12665 lslices, 53 pads, 49 brams, 8 dsps
RUN-1001 : There are total 31776 nets
RUN-1001 : 20206 nets have 2 pins
RUN-1001 : 9096 nets have [3 - 5] pins
RUN-1001 : 1665 nets have [6 - 10] pins
RUN-1001 : 531 nets have [11 - 20] pins
RUN-1001 : 260 nets have [21 - 99] pins
RUN-1001 : 18 nets have 100+ pins
RUN-1002 : start command "start_timer"
RUN-1003 : finish command "start_timer" in  5.132686s wall, 5.031250s user + 0.015625s system = 5.046875s CPU (98.3%)

RUN-1004 : used memory is 1201 MB, reserved memory is 1287 MB, peak memory is 1201 MB
PHY-1001 : 408 mslices, 12665 lslices, 53 pads, 49 brams, 8 dsps

PHY-1001 : Stage 1 | Global Routing
PHY-1001 : Start global routing, caller is route ...
RUN-1001 : Generating global routing grids ...
PHY-1001 : Generate routing nets ...
RUN-1001 : Generate nets statistics:
RUN-1001 : ----------------------------
RUN-1001 :        Type       |  Nets   
RUN-1001 : ----------------------------
RUN-1001 :   TotalRouteNets  |  22275  
RUN-1001 :   DontRouteNets   |  4655   
RUN-1001 :     RouteNets     |  17620  
RUN-1001 :     RouteSinks    |  33322  
RUN-1001 : ----------------------------
PHY-1001 : Global iterations in 32 thread ...
PHY-1002 : len = 1.5656e+06, over cnt = 1839(2%), over = 4073, worst = 9
PHY-1002 : len = 1.6253e+06, over cnt = 1069(1%), over = 1791, worst = 9
PHY-1002 : len = 1.65888e+06, over cnt = 391(0%), over = 627, worst = 9
PHY-1002 : len = 1.67674e+06, over cnt = 0(0%), over = 0, worst = 0
PHY-1001 : End global iterations;  2.506110s wall, 4.406250s user + 0.093750s system = 4.500000s CPU (179.6%)

PHY-1001 : Congestion index:
PHY-1001 : top1  = 81.67(S 60.42, N 57.10, E 77.88, W 75.82, I 68.83, O 78.12)
PHY-1001 : top5  = 68.43(S 49.13, N 45.52, E 57.99, W 61.32, I 51.87, O 58.68)
PHY-1001 : top10 = 61.59(S 42.84, N 39.42, E 48.96, W 53.93, I 45.47, O 52.56)
PHY-1001 : top15 = 57.44(S 38.59, N 35.66, E 43.43, W 48.95, I 41.19, O 48.40)
PHY-1001 : End global routing;  3.156954s wall, 5.046875s user + 0.093750s system = 5.140625s CPU (162.8%)

PHY-1001 : End Stage 1 | Global Routing; Time: 3.157059s wall, 5.062500s user + 0.093750s system = 5.156250s CPU (163.3%); Memory(MB): used = 1220, reserved = 1288, peak = 1220;

PHY-1001 : Stage 2 | Detail Routing
PHY-1001 : Stage 2.1 | Build Routing Design
PHY-1001 : Routing in high effort: false
PHY-1001 : Routing Mode: normal
PHY-1001 : Generate detailed routing grids ...
RUN-1001 : Constructing routing connections ...
PHY-1001 : End build routing graph; 4.811998s wall, 27.093750s user + 0.421875s system = 27.515625s CPU (571.8%)

PHY-1001 : Generate nets ...
RUN-1001 : Generate nets statistics:
RUN-1001 : ------------------------------
RUN-1001 :         Type        |  Nets   
RUN-1001 : ------------------------------
RUN-1001 :        Route        |  22568  
RUN-1001 :      DontRoute      |  9208   
RUN-1001 :      RouteSinks     |  68761  
RUN-1001 :   RouteEntitySinks  |    0    
RUN-1001 :       Lut2Dff       |    0    
RUN-1001 :       Ram2Dff       |    0    
RUN-1001 :      Carry2Dff      |    0    
RUN-1001 : ------------------------------
RUN-1001 : DR clock net summary:
RUN-1001 : ---------------------------------------------------------------------------------------------------------------------------------------------------
RUN-1001 :   Net Idx  |                                                        Net Name                                                        |  Clock Type  
RUN-1001 : ---------------------------------------------------------------------------------------------------------------------------------------------------
RUN-1001 :      1     |                                                    I_sys_clk_dup_6                                                     |    Normal    
RUN-1001 :      2     |                                                    I_sys_clk_syn_8                                                     |    Normal    
RUN-1001 :      3     |                                                    O_cam_24m_dup_1                                                     |    Normal    
RUN-1001 :      4     |                                                    O_cam_24m_syn_3                                                     |    Normal    
RUN-1001 :      5     |                                                     u_PLL/clk0_buf                                                     |    Normal    
RUN-1001 :      6     |                                                   u_hdmi_mixer/I_clk                                                   |    Normal    
RUN-1001 :      7     |                                               u_hdmi_mixer/I_clk_syn_661                                               |    Normal    
RUN-1001 :      8     |                               u_hdmi_tx/u_hdmi2phy_wrapper/u0_lane_lvds_8_1/I_serial_clk                               |    Normal    
RUN-1001 :      9     |                            u_hdmi_tx/u_hdmi2phy_wrapper/u0_lane_lvds_8_1/I_serial_clk_syn_1                            |    Normal    
RUN-1001 :     10     |                    u_isp_top/u_rgb96_downscale_crop/u_scale_line_buffer/ram_f84573da5ab5_Inst/clkb                     |    Normal    
RUN-1001 :     11     |                     u_mipi_dphy_rx_ph1p_mipiio_wrapper/u_ph1p_mipiio_rx_wrapper/S_mipiio_hs_rx_clk                     |    Normal    
RUN-1001 :     12     |                  u_mipi_dphy_rx_ph1p_mipiio_wrapper/u_ph1p_mipiio_rx_wrapper/u_lane0_hs_detect/I_clk                   |    Normal    
RUN-1001 :     13     |                   u_ph1p35_324_ddr_wrapper/u_ddr2/ph1p_ddrmc_wrapper/ph1p_ddrmc_top/u_alc_mc_top/clk                   |    Normal    
RUN-1001 :     14     |       u_ph1p35_324_ddr_wrapper/u_ddr2/ph1p_ddrmc_wrapper/ph1p_ddrmc_top/u_ddr_phy/u_ddrphy_top/u_ddrphy/apb_pclk       |    Normal    
RUN-1001 :     15     |    u_ph1p35_324_ddr_wrapper/u_ddr2/ph1p_ddrmc_wrapper/ph1p_ddrmc_top/u_ddr_phy/u_ddrphy_top/u_ddrphy/apb_pclk_syn_1    |    Normal    
RUN-1001 :     16     |      u_ph1p35_324_ddr_wrapper/u_ddr2/ph1p_ddrmc_wrapper/ph1p_ddrmc_top/u_ddr_phy/u_ddrphy_top/u_ddrphy/ctl_clk[0]      |    Normal    
RUN-1001 :     17     |      u_ph1p35_324_ddr_wrapper/u_ddr2/ph1p_ddrmc_wrapper/ph1p_ddrmc_top/u_ddr_phy/u_ddrphy_top/u_ddrphy/ctl_clk[1]      |    Normal    
RUN-1001 :     18     |      u_ph1p35_324_ddr_wrapper/u_ddr2/ph1p_ddrmc_wrapper/ph1p_ddrmc_top/u_ddr_phy/u_ddrphy_top/u_ddrphy/ddr_clk[0]      |    Normal    
RUN-1001 :     19     |      u_ph1p35_324_ddr_wrapper/u_ddr2/ph1p_ddrmc_wrapper/ph1p_ddrmc_top/u_ddr_phy/u_ddrphy_top/u_ddrphy/ddr_clk[1]      |    Normal    
RUN-1001 :     20     |    u_ph1p35_324_ddr_wrapper/u_ddr2/ph1p_ddrmc_wrapper/ph1p_ddrmc_top/u_ddr_phy/u_ddrphy_top/u_ddrphy_clk/pll0_clk_1    |    Normal    
RUN-1001 :     21     |    u_ph1p35_324_ddr_wrapper/u_ddr2/ph1p_ddrmc_wrapper/ph1p_ddrmc_top/u_ddr_phy/u_ddrphy_top/u_ddrphy_clk/pll0_clk_2    |    Normal    
RUN-1001 :     22     |   u_ph1p35_324_ddr_wrapper/u_ddr2/ph1p_ddrmc_wrapper/ph1p_ddrmc_top/u_ddr_phy/u_ddrphy_top/u_ddrphy_clk/pll0_mlclk_1   |    Normal    
RUN-1001 :     23     |   u_ph1p35_324_ddr_wrapper/u_ddr2/ph1p_ddrmc_wrapper/ph1p_ddrmc_top/u_ddr_phy/u_ddrphy_top/u_ddrphy_clk/pll0_mlclk_2   |    Normal    
RUN-1001 :     24     |  u_ph1p35_324_ddr_wrapper/u_ddr2/ph1p_ddrmc_wrapper/ph1p_ddrmc_top/u_ddr_phy/u_ddrphy_top/u_ddrphy_clk/u_pll1/clkc[0]  |    Normal    
RUN-1001 :     25     |  u_ph1p35_324_ddr_wrapper/u_ddr2/ph1p_ddrmc_wrapper/ph1p_ddrmc_top/u_ddr_phy/u_ddrphy_top/u_ddrphy_clk/u_pll1/refclk   |    Normal    
RUN-1001 :     26     |                                            u_uicfgcs500/uii2c_inst/scl_clk                                             |    Normal    
RUN-1001 :     27     |                                         u_uicfgcs500/uii2c_inst/scl_clk_syn_9                                          |    Normal    
RUN-1001 : ---------------------------------------------------------------------------------------------------------------------------------------------------
RUN-1001 : DR clock buffer summary:
RUN-1001 : -------------------------------------------------------------------------------------------------------------------------------------------------------------------
RUN-1001 :   Idx  |                                                                           Name                                                                            
RUN-1001 : -------------------------------------------------------------------------------------------------------------------------------------------------------------------
RUN-1001 :    1   |                           u_mipi_dphy_rx_ph1p_mipiio_wrapper/u_ph1p_mipiio_rx_wrapper/bufg_feedback_auto_created_sclk_s_0_l_bk1                           
RUN-1001 :    2   |   u_ph1p35_324_ddr_wrapper/u_ddr2/ph1p_ddrmc_wrapper/ph1p_ddrmc_top/u_ddr_phy/u_ddrphy_top/u_ddrphy_clk/u_pll1/u_bufg_fbclk_auto_created_sclk_s_0_l_bk2   
RUN-1001 :    3   |                                               O_cam_24m_dup_1_created_gclkinst_auto_created_sclk_s_0_l_bk3                                                
RUN-1001 :    4   |                                               I_sys_clk_dup_6_created_gclkinst_auto_created_sclk_s_0_l_bk4                                                
RUN-1001 :    5   |                                       u_uicfgcs500/uii2c_inst/scl_clk_created_gclkinst_auto_created_sclk_s_0_l_bk5                                        
RUN-1001 :    6   |                                              u_hdmi_mixer/I_clk_created_gclkinst_auto_created_sclk_s_0_l_bk6                                              
RUN-1001 :    7   |  u_ph1p35_324_ddr_wrapper/u_ddr2/ph1p_ddrmc_wrapper/ph1p_ddrmc_top/u_ddr_phy/u_ddrphy_top/u_ddrphy/apb_pclk_created_gclkinst_auto_created_sclk_s_0_l_bk7  
RUN-1001 :    8   |                           u_mipi_dphy_rx_ph1p_mipiio_wrapper/u_ph1p_mipiio_rx_wrapper/bufg_feedback_auto_created_sclk_s_0_r_bk1                           
RUN-1001 :    9   |                                              u_hdmi_mixer/I_clk_created_gclkinst_auto_created_sclk_s_0_r_bk2                                              
RUN-1001 :   10   |                                               O_cam_24m_dup_1_created_gclkinst_auto_created_sclk_s_0_r_bk3                                                
RUN-1001 :   11   |   u_ph1p35_324_ddr_wrapper/u_ddr2/ph1p_ddrmc_wrapper/ph1p_ddrmc_top/u_ddr_phy/u_ddrphy_top/u_ddrphy_clk/u_pll1/u_bufg_fbclk_auto_created_sclk_s_0_r_bk4   
RUN-1001 :   12   |                                                      u_PLL/bufg_feedback_auto_created_sclk_s_0_r_bk5                                                      
RUN-1001 :   13   |   u_ph1p35_324_ddr_wrapper/u_ddr2/ph1p_ddrmc_wrapper/ph1p_ddrmc_top/u_ddr_phy/u_ddrphy_top/u_ddrphy_clk/u_pll1/u_bufg_fbclk_auto_created_sclk_s_1_l_bk1   
RUN-1001 :   14   |                           u_mipi_dphy_rx_ph1p_mipiio_wrapper/u_ph1p_mipiio_rx_wrapper/bufg_feedback_auto_created_sclk_s_1_l_bk2                           
RUN-1001 :   15   |  u_ph1p35_324_ddr_wrapper/u_ddr2/ph1p_ddrmc_wrapper/ph1p_ddrmc_top/u_ddr_phy/u_ddrphy_top/u_ddrphy/apb_pclk_created_gclkinst_auto_created_sclk_s_1_l_bk3  
RUN-1001 :   16   |                                               O_cam_24m_dup_1_created_gclkinst_auto_created_sclk_s_1_l_bk4                                                
RUN-1001 :   17   |                                                      u_PLL/bufg_feedback_auto_created_sclk_s_1_r_bk1                                                      
RUN-1001 :   18   |                                              u_hdmi_mixer/I_clk_created_gclkinst_auto_created_sclk_s_1_r_bk2                                              
RUN-1001 :   19   |                           u_mipi_dphy_rx_ph1p_mipiio_wrapper/u_ph1p_mipiio_rx_wrapper/bufg_feedback_auto_created_sclk_s_1_r_bk3                           
RUN-1001 :   20   |   u_ph1p35_324_ddr_wrapper/u_ddr2/ph1p_ddrmc_wrapper/ph1p_ddrmc_top/u_ddr_phy/u_ddrphy_top/u_ddrphy_clk/u_pll1/u_bufg_fbclk_auto_created_sclk_s_1_r_bk4   
RUN-1001 :   21   |                          u_hdmi_tx/u_hdmi2phy_wrapper/u0_lane_lvds_8_1/I_serial_clk_created_gclkinst_auto_created_sclk_s_1_r_bk5                          
RUN-1001 :   22   |                                               O_cam_24m_dup_1_created_gclkinst_auto_created_sclk_s_1_r_bk6                                                
RUN-1001 : -------------------------------------------------------------------------------------------------------------------------------------------------------------------
PHY-1001 : End Stage 2.1 | Build Routing Design; Time: 5.643021s wall, 27.859375s user + 0.468750s system = 28.328125s CPU (502.0%); Memory(MB): used = 1548, reserved = 1542, peak = 1548;

RUN-1001 : Top Percentage Crit. Net Stat.
RUN-1001 : -------------------------------------------------------
RUN-1001 :   Top %  |  Net Count  |  Avg. Fanout  |  Avg. Slack   
RUN-1001 : -------------------------------------------------------
RUN-1001 :     1    |     317     |   2.839117    |  2499.123028  
RUN-1001 :     2    |     635     |   2.688189    |  2996.009449  
RUN-1001 :     3    |     953     |   2.810073    |  3319.901364  
RUN-1001 :     4    |    1271     |   3.018883    |  3594.733281  
RUN-1001 :     5    |    1588     |   3.345088    |  3817.393577  
RUN-1001 :     6    |    1906     |   3.312697    |  4004.342078  
RUN-1001 :     7    |    2224     |   3.284622    |  4161.693345  
RUN-1001 :     8    |    2542     |   3.304091    |  4293.909127  
RUN-1001 :     9    |    2859     |   3.190276    |  4406.840853  
RUN-1001 :    10    |    3177     |   3.117406    |  4506.328612  
RUN-1001 : -------------------------------------------------------
PHY-1001 : Stage 2.2 | Tile Base Routing
PHY-1001 : 193 nets need to preroute.
PHY-1001 : len = 0, over cnt = 0(0%), over = 0, worst = 0, crit = 0
PHY-1001 : End Stage 2.2 | Tile Base Routing; Time: 0.361648s wall, 7.015625s user + 0.046875s system = 7.062500s CPU (1952.9%); Memory(MB): used = 1552, reserved = 1545, peak = 1552;

PHY-1001 : Stage 2.3 | Clock Nets Routing
PHY-1001 : Routed 0% nets.
PHY-1001 : len = 401664, over cnt = 0(0%), over = 0, worst = 0, crit = 0
PHY-1001 : End Stage 2.3 | Clock Nets Routing; Time: 1.904242s wall, 2.234375s user + 0.015625s system = 2.250000s CPU (118.2%); Memory(MB): used = 1584, reserved = 1577, peak = 1584;

PHY-1001 : Stage 2.4 | Routing Initialization
PHY-1001 : Mark 1% net(place mode slack < 3355ps) as critical nets.
PHY-1001 : Stage 2.4.1 | Normal Nets Routing
PHY-1001 : Routed 71% nets.
PHY-1001 : len = 2.68771e+06, over cnt = 12261(0%), over = 13142, worst = 3, crit = 0
PHY-1001 : End Stage 2.4.1 | Normal Nets Routing; Time: 15.140194s wall, 30.625000s user + 0.265625s system = 30.890625s CPU (204.0%); Memory(MB): used = 1630, reserved = 1623, peak = 1630;

PHY-1001 : Stage 2.4.2 | Update Timing
RUN-1002 : start command "start_timer"
USR-1002 : Derived clock:  create_generated_clock -name {u_PLL/ph1p_phy_pll_wrapper_25a56e5ce2f9_Inst/u_PH1P_PHY_PLL.clkc[0]} -source [get_ports {I_sys_clk}] -master_clock {sys_clk_50m} -multiply_by 2.0000 -duty_cycle 50.0000 [get_pins {u_PLL/ph1p_phy_pll_wrapper_25a56e5ce2f9_Inst/u_PH1P_PHY_PLL.clkc[0]}]
USR-1002 : Derived clock:  create_generated_clock -name {u_PLL/ph1p_phy_pll_wrapper_25a56e5ce2f9_Inst/u_PH1P_PHY_PLL.clkc[1]} -source [get_ports {I_sys_clk}] -master_clock {sys_clk_50m} -divide_by 2.1000 -duty_cycle 50.0000 [get_pins {u_PLL/ph1p_phy_pll_wrapper_25a56e5ce2f9_Inst/u_PH1P_PHY_PLL.clkc[1]}]
USR-1002 : Derived clock:  create_generated_clock -name {u_PLL/ph1p_phy_pll_wrapper_25a56e5ce2f9_Inst/u_PH1P_PHY_PLL.clkc[4]} -source [get_ports {I_sys_clk}] -master_clock {sys_clk_50m} -multiply_by 3.0000 -duty_cycle 50.0000 [get_pins {u_PLL/ph1p_phy_pll_wrapper_25a56e5ce2f9_Inst/u_PH1P_PHY_PLL.clkc[4]}]
USR-1002 : Derived clock:  create_generated_clock -name {u_PLL/ph1p_phy_pll_wrapper_25a56e5ce2f9_Inst/u_PH1P_PHY_PLL.clkc[5]} -source [get_ports {I_sys_clk}] -master_clock {sys_clk_50m} -multiply_by 15.0000 -duty_cycle 50.0000 [get_pins {u_PLL/ph1p_phy_pll_wrapper_25a56e5ce2f9_Inst/u_PH1P_PHY_PLL.clkc[5]}]
USR-1002 : Derived clock:  create_generated_clock -name {u_ph1p35_324_ddr_wrapper/u_ddr2/ph1p_ddrmc_wrapper/ph1p_ddrmc_top/u_ddr_phy/u_ddrphy_top/u_ddrphy_clk/u_pll0/u_pll_inst.clkc[0]} -source [get_ports {I_sys_clk}] -master_clock {sys_clk_50m} -multiply_by 1.3333 -duty_cycle 50.0000 [get_pins {u_ph1p35_324_ddr_wrapper/u_ddr2/ph1p_ddrmc_wrapper/ph1p_ddrmc_top/u_ddr_phy/u_ddrphy_top/u_ddrphy_clk/u_pll0/u_pll_inst.clkc[0]}]
USR-1002 : Derived clock:  create_generated_clock -name {u_ph1p35_324_ddr_wrapper/u_ddr2/ph1p_ddrmc_wrapper/ph1p_ddrmc_top/u_ddr_phy/u_ddrphy_top/u_ddrphy_clk/u_pll0/u_pll_inst.clkc[1]} -source [get_ports {I_sys_clk}] -master_clock {sys_clk_50m} -multiply_by 1.3333 -duty_cycle 50.0000 [get_pins {u_ph1p35_324_ddr_wrapper/u_ddr2/ph1p_ddrmc_wrapper/ph1p_ddrmc_top/u_ddr_phy/u_ddrphy_top/u_ddrphy_clk/u_pll0/u_pll_inst.clkc[1]}]
USR-1002 : Derived clock:  create_generated_clock -name {u_ph1p35_324_ddr_wrapper/u_ddr2/ph1p_ddrmc_wrapper/ph1p_ddrmc_top/u_ddr_phy/u_ddrphy_top/u_ddrphy_clk/u_pll0/u_pll_inst.clkc[2]} -source [get_ports {I_sys_clk}] -master_clock {sys_clk_50m} -multiply_by 5.3333 -duty_cycle 50.0000 [get_pins {u_ph1p35_324_ddr_wrapper/u_ddr2/ph1p_ddrmc_wrapper/ph1p_ddrmc_top/u_ddr_phy/u_ddrphy_top/u_ddrphy_clk/u_pll0/u_pll_inst.clkc[2]}]
USR-1002 : Derived clock:  create_generated_clock -name {u_ph1p35_324_ddr_wrapper/u_ddr2/ph1p_ddrmc_wrapper/ph1p_ddrmc_top/u_ddr_phy/u_ddrphy_top/u_ddrphy_clk/u_pll0/u_pll_inst.clkc[3]} -source [get_ports {I_sys_clk}] -master_clock {sys_clk_50m} -divide_by 1.9687 -duty_cycle 50.0000 [get_pins {u_ph1p35_324_ddr_wrapper/u_ddr2/ph1p_ddrmc_wrapper/ph1p_ddrmc_top/u_ddr_phy/u_ddrphy_top/u_ddrphy_clk/u_pll0/u_pll_inst.clkc[3]}]
USR-1002 : Derived clock:  create_generated_clock -name {u_ph1p35_324_ddr_wrapper/u_ddr2/ph1p_ddrmc_wrapper/ph1p_ddrmc_top/u_ddr_phy/u_ddrphy_top/u_ddrphy_clk/u_pll1/u_pll_inst.clkc[0]} -source [get_pins {u_ph1p35_324_ddr_wrapper/u_ddr2/ph1p_ddrmc_wrapper/ph1p_ddrmc_top/u_ddr_phy/u_ddrphy_top/u_ddrphy_clk/u_pll0/u_pll_inst.clkc[0]}] -master_clock {u_ph1p35_324_ddr_wrapper/u_ddr2/ph1p_ddrmc_wrapper/ph1p_ddrmc_top/u_ddr_phy/u_ddrphy_top/u_ddrphy_clk/u_pll0/u_pll_inst.clkc[0]} -multiply_by 1.0000 -duty_cycle 50.0000 [get_pins {u_ph1p35_324_ddr_wrapper/u_ddr2/ph1p_ddrmc_wrapper/ph1p_ddrmc_top/u_ddr_phy/u_ddrphy_top/u_ddrphy_clk/u_pll1/u_pll_inst.clkc[0]}]
8.888000
15.000000
15.000000
6.666000
RUN-1003 : finish command "start_timer" in  3.164203s wall, 3.125000s user + 0.015625s system = 3.140625s CPU (99.3%)

RUN-1004 : used memory is 1630 MB, reserved memory is 1623 MB, peak memory is 1630 MB
TMR-2502 : Net delay update with mode: Routed
PHY-1001 : 0/22275(0%) critical/total net(s).
PHY-1001 : Setup: WNS(ns) = 0.051, TNS(ns) = 0.000, FEP = 0 | Hold: WNS(ns) = -0.233, TNS(ns) = -10.463, FEP = 236.
PHY-1001 : End Stage 2.4.2 | Update Timing; Time: 9.682028s wall, 9.531250s user + 0.093750s system = 9.625000s CPU (99.4%); Memory(MB): used = 1744, reserved = 1737, peak = 1744;

PHY-1001 : Stage 2.4.3 | Deskew Clock Tree
RUN-1001 : Deskew Summary
RUN-1001 : ---------------------------------------------------------------------------------------------------------------------------------
RUN-1001 :                                                 Clock                                                 |  Pre-Skew  |  Post-Skew  
RUN-1001 : ---------------------------------------------------------------------------------------------------------------------------------
RUN-1001 :                                             mipi_rx_ck_pad                                            |     32     |     32      
RUN-1001 :   u_mipi_dphy_rx_ph1p_mipiio_wrapper/u_ph1p_mipiio_rx_wrapper/u_PH1P_LOGIC_DPHY_MIPI_RX.io_clk_pad_p  |     32     |     32      
RUN-1001 :                                             HDMI_PIXEL_CLK                                            |     13     |     13      
RUN-1001 :                                            MIPI_RX_BYTE_CLK                                           |     32     |     32      
RUN-1001 :                                              pll_clk_100m                                             |     20     |     20      
RUN-1001 :                                u_ph1p35_324_ddr_wrapper/u_ddr2/usr_clk                                |     15     |     15      
RUN-1001 :                                u_ph1p35_324_ddr_wrapper/u_ddr2/mcu_clk                                |     12     |     12      
RUN-1001 :                                              pll_clk_24m                                              |     16     |     16      
RUN-1001 : ---------------------------------------------------------------------------------------------------------------------------------
PHY-1001 : 0/22275(0%) critical/total net(s).
PHY-1001 : Setup: WNS(ns) = 0.051, TNS(ns) = 0.000, FEP = 0 | Hold: WNS(ns) = -0.233, TNS(ns) = -10.463, FEP = 236.
PHY-1001 : End Stage 2.4.3 | Deskew Clock Tree; Time: 6.826085s wall, 6.781250s user + 0.015625s system = 6.796875s CPU (99.6%); Memory(MB): used = 1776, reserved = 1768, peak = 1776;

PHY-1001 : End Stage 2.4 | Routing Initialization; Time: 31.798507s wall, 47.093750s user + 0.375000s system = 47.468750s CPU (149.3%); Memory(MB): used = 1776, reserved = 1768, peak = 1776;

PHY-1001 : Stage 2.5 | Routing Optimization
PHY-1001 : Build lut bridge;  0.233152s wall, 0.234375s user + 0.000000s system = 0.234375s CPU (100.5%)

PHY-1001 : Stage 2.5.1 | Phase 1
PHY-1001 : Stage 2.5.1.1 | Hold TimeOptimization
PHY-1001 : Iter 0; Processed 298 pins with HWNS -0.233ns HTNS -6.727ns FEP 134 took 0.66453 seconds.
PHY-1001 : Iter 1; Processed 432 pins with HWNS -0.030ns HTNS -0.049ns FEP 3 took 1.70733 seconds.
PHY-1001 : len = 2.71368e+06, over cnt = 12196(0%), over = 13081, worst = 3, crit = 0
PHY-1001 : End Stage 2.5.1.1 | Hold TimeOptimization; Time: 2.510925s wall, 3.109375s user + 0.015625s system = 3.125000s CPU (124.5%); Memory(MB): used = 1778, reserved = 1770, peak = 1778;

PHY-1001 : Stage 2.5.1.2 | High Fanout Nets Optimization
PHY-1001 : High fanout net optimize summary:
PHY-1001 : Process 0 nets and 0 pins with SWNS 0.051ns STNS 0.000ns FEP 0.
PHY-1001 : len = 2.71368e+06, over cnt = 12196(0%), over = 13081, worst = 3, crit = 0
PHY-1001 : End Stage 2.5.1.2 | High Fanout Nets Optimization; Time: 0.309865s wall, 0.296875s user + 0.015625s system = 0.312500s CPU (100.9%); Memory(MB): used = 1778, reserved = 1770, peak = 1778;

PHY-1001 : Stage 2.5.1.3 | Setup TimeOptimization
PHY-1001 : Start to optimize setup violation with net base ...
PHY-1001 : Iter 1; Processed 5 pins with SWNS 0.061ns STNS 0.000ns FEP 0 took 0.394312 seconds.
PHY-1001 : len = 2.71382e+06, over cnt = 12196(0%), over = 13083, worst = 3, crit = 0
PHY-1001 : End Stage 2.5.1.3 | Setup TimeOptimization; Time: 0.775874s wall, 1.187500s user + 0.000000s system = 1.187500s CPU (153.1%); Memory(MB): used = 1778, reserved = 1770, peak = 1778;

PHY-1001 : Stage 2.5.1.4 | Rip-up And ReRoute
PHY-0007 : Congestion: {79.53, 69.73, 64.77, 61.44}; Timing: {0.061ns, 0.000ns, 0}
PHY-1001 : Iter 1: len = 2.79986e+06, over cnt = 5801(0%), over = 6026, worst = 3, crit = 0, time(s) = 7.69
PHY-1001 : Iter 2: len = 2.83123e+06, over cnt = 3423(0%), over = 3466, worst = 3, crit = 0, time(s) = 3.34
PHY-1001 : Iter 3: len = 2.83979e+06, over cnt = 2443(0%), over = 2447, worst = 2, crit = 0, time(s) = 2.97
PHY-1001 : Iter 4: len = 2.87877e+06, over cnt = 1082(0%), over = 1083, worst = 2, crit = 0, time(s) = 2.77
PHY-1001 : Iter 5: len = 2.88802e+06, over cnt = 732(0%), over = 732, worst = 1, crit = 0, time(s) = 1.31
PHY-1001 : Iter 6: len = 2.89182e+06, over cnt = 597(0%), over = 597, worst = 1, crit = 0, time(s) = 0.82
PHY-1001 : Iter 7: len = 2.89288e+06, over cnt = 558(0%), over = 558, worst = 1, crit = 0, time(s) = 0.56
PHY-1001 : Marking 16 (0.42%) hot zones with cutoff utilization 81.25.
PHY-1001 : Iter 8: len = 2.91627e+06, over cnt = 165(0%), over = 165, worst = 1, crit = 0, time(s) = 0.99
PHY-1001 : Iter 9: len = 2.92251e+06, over cnt = 49(0%), over = 49, worst = 1, crit = 0, time(s) = 0.41
PHY-1001 : Iter 10: len = 2.92515e+06, over cnt = 18(0%), over = 18, worst = 1, crit = 0, time(s) = 0.15
PHY-1001 : Iter 11: len = 2.92614e+06, over cnt = 7(0%), over = 7, worst = 1, crit = 0, time(s) = 0.09
PHY-1001 : Iter 12: len = 2.9267e+06, over cnt = 0(0%), over = 0, worst = 0, crit = 0, time(s) = 0.08
PHY-1001 : Marking 16 (0.42%) hot zones with cutoff utilization 81.25.
PHY-1001 : Update congestion ...
PHY-1001 : Marking 16 (0.42%) hot zones with cutoff utilization 81.25.
PHY-1001 : Congestion index:
PHY-1001 : top1  = 84.30(S 66.00, N 62.05, E 78.30, W 81.23, I 68.83, O 78.12)
PHY-1001 : top5  = 74.97(S 57.92, N 54.71, E 65.64, W 71.68, I 51.87, O 58.68)
PHY-1001 : top10 = 70.09(S 53.27, N 50.26, E 58.90, W 66.14, I 45.47, O 52.56)
PHY-1001 : top15 = 66.68(S 49.91, N 47.02, E 54.11, W 62.21, I 41.19, O 48.40)
PHY-1001 : End update congestion; 0.036481s wall, 0.031250s user + 0.000000s system = 0.031250s CPU (85.7%)

PHY-1001 : End Stage 2.5.1.4 | Rip-up And ReRoute; Time: 21.402908s wall, 52.000000s user + 0.531250s system = 52.531250s CPU (245.4%); Memory(MB): used = 1780, reserved = 1773, peak = 1780;

PHY-1001 : Stage 2.5.1.5 | Update Timing
PHY-1001 : 5/22275(0%) critical/total net(s).
PHY-1001 : Setup: WNS(ns) = -2.870, TNS(ns) = -73.180, FEP = 96 | Hold: WNS(ns) = -0.090, TNS(ns) = -0.769, FEP = 27.
PHY-1001 : End Stage 2.5.1.5 | Update Timing; Time: 3.923816s wall, 3.734375s user + 0.062500s system = 3.796875s CPU (96.8%); Memory(MB): used = 1794, reserved = 1786, peak = 1794;

PHY-1001 : Stage 2.5.1.6 | Commit Data
PHY-1001 : Commit better result to database ...
PHY-1001 : End Stage 2.5.1.6 | Commit Data; Time: 0.192289s wall, 0.171875s user + 0.015625s system = 0.187500s CPU (97.5%); Memory(MB): used = 1812, reserved = 1804, peak = 1812;

PHY-1001 : End Stage 2.5.1 | Phase 1; Time: 29.951849s wall, 61.406250s user + 0.640625s system = 62.046875s CPU (207.2%); Memory(MB): used = 1812, reserved = 1804, peak = 1812;

PHY-1001 : Stage 2.5.2 | Phase 2
PHY-1001 : Stage 2.5.2.1 | Hold TimeOptimization
PHY-1001 : Iter 0; Processed 36 pins with HWNS -0.043ns HTNS -0.212ns FEP 9 took 0.195469 seconds.
PHY-1001 : Iter 1; Processed 46 pins with HWNS 0.020ns HTNS 0.000ns FEP 0 took 0.15039 seconds.
PHY-1001 : len = 2.92966e+06, over cnt = 17(0%), over = 21, worst = 2, crit = 0
PHY-1001 : End Stage 2.5.2.1 | Hold TimeOptimization; Time: 0.492735s wall, 0.484375s user + 0.000000s system = 0.484375s CPU (98.3%); Memory(MB): used = 1812, reserved = 1804, peak = 1812;

PHY-1001 : Stage 2.5.2.2 | High Fanout Nets Optimization
PHY-1001 : High fanout net optimize summary:
PHY-1001 : Process 1 nets and 13 pins with SWNS -0.122ns STNS -0.201ns FEP 5.
PHY-1001 : len = 2.9443e+06, over cnt = 17(0%), over = 21, worst = 2, crit = 0
PHY-1001 : End Stage 2.5.2.2 | High Fanout Nets Optimization; Time: 2.009716s wall, 2.046875s user + 0.015625s system = 2.062500s CPU (102.6%); Memory(MB): used = 1812, reserved = 1804, peak = 1812;

PHY-1001 : Stage 2.5.2.3 | Setup TimeOptimization
PHY-1001 : Start to optimize setup violation with net base ...
PHY-1001 : Iter 1; Processed 10 pins with SWNS 0.068ns STNS 0.000ns FEP 0 took 1.17253 seconds.
PHY-1001 : len = 2.94701e+06, over cnt = 24(0%), over = 28, worst = 2, crit = 0
PHY-1001 : End Stage 2.5.2.3 | Setup TimeOptimization; Time: 1.523016s wall, 1.906250s user + 0.015625s system = 1.921875s CPU (126.2%); Memory(MB): used = 1812, reserved = 1804, peak = 1812;

PHY-1001 : Stage 2.5.2.4 | Rip-up And ReRoute
PHY-1001 : Iter 1: len = 2.94546e+06, over cnt = 1(0%), over = 1, worst = 1, crit = 0, time(s) = 0.10
PHY-1001 : Iter 2: len = 2.94539e+06, over cnt = 0(0%), over = 0, worst = 0, crit = 0, time(s) = 0.05
PHY-1001 : Update congestion ...
PHY-1001 : Marking 40 (1.04%) hot zones with cutoff utilization 80.95.
PHY-1001 : Congestion index:
PHY-1001 : top1  = 84.15(S 66.22, N 61.91, E 78.30, W 81.08, I 68.83, O 78.12)
PHY-1001 : top5  = 75.11(S 58.07, N 54.69, E 65.71, W 71.90, I 51.87, O 58.68)
PHY-1001 : top10 = 70.22(S 53.35, N 50.34, E 58.92, W 66.28, I 45.47, O 52.56)
PHY-1001 : top15 = 66.80(S 49.97, N 47.11, E 54.15, W 62.30, I 41.19, O 48.40)
PHY-1001 : End update congestion; 0.036638s wall, 0.031250s user + 0.000000s system = 0.031250s CPU (85.3%)

PHY-1001 : End Stage 2.5.2.4 | Rip-up And ReRoute; Time: 0.244584s wall, 0.640625s user + 0.015625s system = 0.656250s CPU (268.3%); Memory(MB): used = 1812, reserved = 1804, peak = 1812;

PHY-1001 : Stage 2.5.2.5 | Update Timing
PHY-1001 : 0/22275(0%) critical/total net(s).
PHY-1001 : Setup: WNS(ns) = 0.068, TNS(ns) = 0.000, FEP = 0 | Hold: WNS(ns) = -0.090, TNS(ns) = -0.578, FEP = 15.
PHY-1001 : End Stage 2.5.2.5 | Update Timing; Time: 0.489491s wall, 0.500000s user + 0.000000s system = 0.500000s CPU (102.1%); Memory(MB): used = 1812, reserved = 1804, peak = 1812;

PHY-1001 : Stage 2.5.2.6 | Commit Data
PHY-1001 : Commit better result to database ...
PHY-1001 : End Stage 2.5.2.6 | Commit Data; Time: 0.061647s wall, 0.062500s user + 0.000000s system = 0.062500s CPU (101.4%); Memory(MB): used = 1812, reserved = 1804, peak = 1812;

PHY-1001 : End Stage 2.5.2 | Phase 2; Time: 5.396919s wall, 6.187500s user + 0.062500s system = 6.250000s CPU (115.8%); Memory(MB): used = 1812, reserved = 1804, peak = 1812;

PHY-1001 : Stage 2.5.3 | Phase 3
PHY-1001 : Stage 2.5.3.1 | Hold TimeOptimization
PHY-1001 : Iter 0; Processed 18 pins with HWNS 0.020ns HTNS 0.000ns FEP 0 took 0.16696 seconds.
PHY-1001 : len = 2.94712e+06, over cnt = 15(0%), over = 17, worst = 2, crit = 0
PHY-1001 : End Stage 2.5.3.1 | Hold TimeOptimization; Time: 0.313428s wall, 0.390625s user + 0.015625s system = 0.406250s CPU (129.6%); Memory(MB): used = 1812, reserved = 1804, peak = 1812;

PHY-1001 : Stage 2.5.3.2 | High Fanout Nets Optimization
PHY-1001 : High fanout net optimize summary:
PHY-1001 : Process 0 nets and 0 pins with SWNS 0.068ns STNS 0.000ns FEP 0.
PHY-1001 : len = 2.94712e+06, over cnt = 15(0%), over = 17, worst = 2, crit = 0
PHY-1001 : End Stage 2.5.3.2 | High Fanout Nets Optimization; Time: 0.391530s wall, 0.828125s user + 0.000000s system = 0.828125s CPU (211.5%); Memory(MB): used = 1812, reserved = 1804, peak = 1812;

PHY-1001 : Stage 2.5.3.3 | Setup TimeOptimization
PHY-1001 : Start to optimize setup violation with net base ...
PHY-1001 : Iter 1; Processed 1 pins with SWNS 0.068ns STNS 0.000ns FEP 0 took 0.190886 seconds.
PHY-1001 : len = 2.94712e+06, over cnt = 15(0%), over = 17, worst = 2, crit = 0
PHY-1001 : End Stage 2.5.3.3 | Setup TimeOptimization; Time: 0.590311s wall, 0.781250s user + 0.015625s system = 0.796875s CPU (135.0%); Memory(MB): used = 1812, reserved = 1804, peak = 1812;

PHY-1001 : Stage 2.5.3.4 | Rip-up And ReRoute
PHY-1001 : Iter 1: len = 2.9464e+06, over cnt = 6(0%), over = 7, worst = 2, crit = 0, time(s) = 0.06
PHY-1001 : Iter 2: len = 2.94563e+06, over cnt = 0(0%), over = 0, worst = 0, crit = 0, time(s) = 0.06
PHY-1001 : Update congestion ...
PHY-1001 : Marking 40 (1.04%) hot zones with cutoff utilization 80.95.
PHY-1001 : Congestion index:
PHY-1001 : top1  = 84.15(S 66.22, N 61.91, E 78.30, W 81.08, I 68.83, O 78.12)
PHY-1001 : top5  = 75.11(S 58.07, N 54.69, E 65.74, W 71.90, I 51.87, O 58.68)
PHY-1001 : top10 = 70.23(S 53.35, N 50.34, E 58.94, W 66.26, I 45.47, O 52.56)
PHY-1001 : top15 = 66.79(S 49.98, N 47.10, E 54.16, W 62.29, I 41.19, O 48.40)
PHY-1001 : End update congestion; 0.037436s wall, 0.046875s user + 0.000000s system = 0.046875s CPU (125.2%)

PHY-1001 : End Stage 2.5.3.4 | Rip-up And ReRoute; Time: 0.216021s wall, 0.578125s user + 0.046875s system = 0.625000s CPU (289.3%); Memory(MB): used = 1812, reserved = 1804, peak = 1812;

PHY-1001 : Stage 2.5.3.5 | Update Timing
PHY-1001 : 0/22275(0%) critical/total net(s).
PHY-1001 : Setup: WNS(ns) = 0.068, TNS(ns) = 0.000, FEP = 0 | Hold: WNS(ns) = -0.084, TNS(ns) = -0.341, FEP = 10.
PHY-1001 : End Stage 2.5.3.5 | Update Timing; Time: 0.441401s wall, 0.421875s user + 0.015625s system = 0.437500s CPU (99.1%); Memory(MB): used = 1812, reserved = 1804, peak = 1812;

PHY-1001 : Stage 2.5.3.6 | Commit Data
PHY-1001 : Commit better result to database ...
PHY-1001 : End Stage 2.5.3.6 | Commit Data; Time: 0.063118s wall, 0.062500s user + 0.000000s system = 0.062500s CPU (99.0%); Memory(MB): used = 1812, reserved = 1804, peak = 1812;

PHY-1001 : End Stage 2.5.3 | Phase 3; Time: 2.534019s wall, 3.578125s user + 0.109375s system = 3.687500s CPU (145.5%); Memory(MB): used = 1812, reserved = 1804, peak = 1812;

PHY-1001 : End Stage 2.5 | Routing Optimization; Time: 44.873965s wall, 78.093750s user + 0.812500s system = 78.906250s CPU (175.8%); Memory(MB): used = 1812, reserved = 1804, peak = 1812;

PHY-1001 : Stage 2.6 | Multi-try route Optimization
PHY-1001 : Original timing status: SWNS 68ps, STNS 0ps, FEP 0.
PHY-1001 : Start to multi-try route opt...
PHY-1033 : Iter 1, processed 7 pins with SWNS 68 -> 79ps STNS 0 -> 0ps FEP 0 -> 0.
PHY-1033 : Iter 2, processed 5 pins with SWNS 79 -> 79ps STNS 0 -> 0ps FEP 0 -> 0.
PHY-1033 : Try cnt 12, commit cnt 3(25.00%).
PHY-1001 : len = 2.94568e+06, over cnt = 0(0%), over = 0, worst = 0, crit = 0
PHY-1001 : Update timing ...
PHY-1001 : 0/22275(0%) critical/total net(s).
PHY-1001 : Setup: WNS(ns) = 0.079, TNS(ns) = 0.000, FEP = 0 | Hold: WNS(ns) = -0.084, TNS(ns) = -0.341, FEP = 10.
PHY-1001 : End update timing; 0.419404s wall, 0.421875s user + 0.000000s system = 0.421875s CPU (100.6%)

PHY-1001 : End multi-try route opt;  6.943535s wall, 10.656250s user + 0.171875s system = 10.828125s CPU (155.9%)

PHY-1001 : End Stage 2.6 | Multi-try route Optimization; Time: 7.052255s wall, 10.765625s user + 0.171875s system = 10.937500s CPU (155.1%); Memory(MB): used = 1815, reserved = 1808, peak = 1815;

PHY-1003 : Routed, final wirelength = 2.94568e+06
RUN-1001 : Clock region assignment statistics:
RUN-1001 : Clock Region s_0_l [0,0][23,39]; Utilization: 7 out of 12
RUN-1001 : -----------------------------------------------------------------------------------------------------------------------------------------------------------------------------------------------------------------------------------------------------------------------------------------------------------------------------------------------------------------------------------------------------------------------------------------------------
RUN-1001 :   Bank  |                                                   Assigned Clock                                                   |                                                    Route Clock                                                     |  Marking  |                                                                          Buffer                                                                           |  Regional Clock Fanouts  
RUN-1001 : -----------------------------------------------------------------------------------------------------------------------------------------------------------------------------------------------------------------------------------------------------------------------------------------------------------------------------------------------------------------------------------------------------------------------------------------------------
RUN-1001 :    1    |                  u_isp_top/u_rgb96_downscale_crop/u_scale_line_buffer/ram_f84573da5ab5_Inst/clkb                   |                  u_isp_top/u_rgb96_downscale_crop/u_scale_line_buffer/ram_f84573da5ab5_Inst/clkb                   |           |                           u_mipi_dphy_rx_ph1p_mipiio_wrapper/u_ph1p_mipiio_rx_wrapper/bufg_feedback_auto_created_sclk_s_0_l_bk1                           |           1132           
RUN-1001 :    2    |                 u_ph1p35_324_ddr_wrapper/u_ddr2/ph1p_ddrmc_wrapper/ph1p_ddrmc_top/u_alc_mc_top/clk                 |                 u_ph1p35_324_ddr_wrapper/u_ddr2/ph1p_ddrmc_wrapper/ph1p_ddrmc_top/u_alc_mc_top/clk                 |           |   u_ph1p35_324_ddr_wrapper/u_ddr2/ph1p_ddrmc_wrapper/ph1p_ddrmc_top/u_ddr_phy/u_ddrphy_top/u_ddrphy_clk/u_pll1/u_bufg_fbclk_auto_created_sclk_s_0_l_bk2   |           1054           
RUN-1001 :    3    |                                                  O_cam_24m_syn_3                                                   |                                                  O_cam_24m_syn_3                                                   |           |                                               O_cam_24m_dup_1_created_gclkinst_auto_created_sclk_s_0_l_bk3                                                |            78            
RUN-1001 :    4    |                                                  I_sys_clk_syn_8                                                   |                                                  I_sys_clk_syn_8                                                   |           |                                               I_sys_clk_dup_6_created_gclkinst_auto_created_sclk_s_0_l_bk4                                                |            77            
RUN-1001 :    5    |                                       u_uicfgcs500/uii2c_inst/scl_clk_syn_9                                        |                                       u_uicfgcs500/uii2c_inst/scl_clk_syn_9                                        |           |                                       u_uicfgcs500/uii2c_inst/scl_clk_created_gclkinst_auto_created_sclk_s_0_l_bk5                                        |            18            
RUN-1001 :    6    |                                             u_hdmi_mixer/I_clk_syn_661                                             |                                             u_hdmi_mixer/I_clk_syn_661                                             |           |                                              u_hdmi_mixer/I_clk_created_gclkinst_auto_created_sclk_s_0_l_bk6                                              |            6             
RUN-1001 :    7    |  u_ph1p35_324_ddr_wrapper/u_ddr2/ph1p_ddrmc_wrapper/ph1p_ddrmc_top/u_ddr_phy/u_ddrphy_top/u_ddrphy/apb_pclk_syn_1  |  u_ph1p35_324_ddr_wrapper/u_ddr2/ph1p_ddrmc_wrapper/ph1p_ddrmc_top/u_ddr_phy/u_ddrphy_top/u_ddrphy/apb_pclk_syn_1  |           |  u_ph1p35_324_ddr_wrapper/u_ddr2/ph1p_ddrmc_wrapper/ph1p_ddrmc_top/u_ddr_phy/u_ddrphy_top/u_ddrphy/apb_pclk_created_gclkinst_auto_created_sclk_s_0_l_bk7  |            3             
RUN-1001 : -----------------------------------------------------------------------------------------------------------------------------------------------------------------------------------------------------------------------------------------------------------------------------------------------------------------------------------------------------------------------------------------------------------------------------------------------------
RUN-1001 : Clock Region s_0_r [24,0][47,39]; Utilization: 5 out of 12
RUN-1001 : -----------------------------------------------------------------------------------------------------------------------------------------------------------------------------------------------------------------------------------------------------------------------------------------------------------------------------------------------------------------------------------------
RUN-1001 :   Bank  |                                    Assigned Clock                                     |                                      Route Clock                                      |  Marking  |                                                                         Buffer                                                                          |  Regional Clock Fanouts  
RUN-1001 : -----------------------------------------------------------------------------------------------------------------------------------------------------------------------------------------------------------------------------------------------------------------------------------------------------------------------------------------------------------------------------------------
RUN-1001 :    1    |    u_isp_top/u_rgb96_downscale_crop/u_scale_line_buffer/ram_f84573da5ab5_Inst/clkb    |    u_isp_top/u_rgb96_downscale_crop/u_scale_line_buffer/ram_f84573da5ab5_Inst/clkb    |           |                          u_mipi_dphy_rx_ph1p_mipiio_wrapper/u_ph1p_mipiio_rx_wrapper/bufg_feedback_auto_created_sclk_s_0_r_bk1                          |           2088           
RUN-1001 :    2    |                              u_hdmi_mixer/I_clk_syn_661                               |                              u_hdmi_mixer/I_clk_syn_661                               |           |                                             u_hdmi_mixer/I_clk_created_gclkinst_auto_created_sclk_s_0_r_bk2                                             |           170            
RUN-1001 :    3    |                                    O_cam_24m_syn_3                                    |                                    O_cam_24m_syn_3                                    |           |                                              O_cam_24m_dup_1_created_gclkinst_auto_created_sclk_s_0_r_bk3                                               |            38            
RUN-1001 :    4    |  u_ph1p35_324_ddr_wrapper/u_ddr2/ph1p_ddrmc_wrapper/ph1p_ddrmc_top/u_alc_mc_top/clk   |  u_ph1p35_324_ddr_wrapper/u_ddr2/ph1p_ddrmc_wrapper/ph1p_ddrmc_top/u_alc_mc_top/clk   |           |  u_ph1p35_324_ddr_wrapper/u_ddr2/ph1p_ddrmc_wrapper/ph1p_ddrmc_top/u_ddr_phy/u_ddrphy_top/u_ddrphy_clk/u_pll1/u_bufg_fbclk_auto_created_sclk_s_0_r_bk4  |            33            
RUN-1001 :    5    |  u_mipi_dphy_rx_ph1p_mipiio_wrapper/u_ph1p_mipiio_rx_wrapper/u_lane0_hs_detect/I_clk  |  u_mipi_dphy_rx_ph1p_mipiio_wrapper/u_ph1p_mipiio_rx_wrapper/u_lane0_hs_detect/I_clk  |           |                                                     u_PLL/bufg_feedback_auto_created_sclk_s_0_r_bk5                                                     |            7             
RUN-1001 : -----------------------------------------------------------------------------------------------------------------------------------------------------------------------------------------------------------------------------------------------------------------------------------------------------------------------------------------------------------------------------------------
RUN-1001 : Clock Region s_1_l [0,40][23,79]; Utilization: 4 out of 12
RUN-1001 : -----------------------------------------------------------------------------------------------------------------------------------------------------------------------------------------------------------------------------------------------------------------------------------------------------------------------------------------------------------------------------------------------------------------------------------------------------
RUN-1001 :   Bank  |                                                   Assigned Clock                                                   |                                                    Route Clock                                                     |  Marking  |                                                                          Buffer                                                                           |  Regional Clock Fanouts  
RUN-1001 : -----------------------------------------------------------------------------------------------------------------------------------------------------------------------------------------------------------------------------------------------------------------------------------------------------------------------------------------------------------------------------------------------------------------------------------------------------
RUN-1001 :    1    |                 u_ph1p35_324_ddr_wrapper/u_ddr2/ph1p_ddrmc_wrapper/ph1p_ddrmc_top/u_alc_mc_top/clk                 |                 u_ph1p35_324_ddr_wrapper/u_ddr2/ph1p_ddrmc_wrapper/ph1p_ddrmc_top/u_alc_mc_top/clk                 |           |   u_ph1p35_324_ddr_wrapper/u_ddr2/ph1p_ddrmc_wrapper/ph1p_ddrmc_top/u_ddr_phy/u_ddrphy_top/u_ddrphy_clk/u_pll1/u_bufg_fbclk_auto_created_sclk_s_1_l_bk1   |           1022           
RUN-1001 :    2    |                  u_isp_top/u_rgb96_downscale_crop/u_scale_line_buffer/ram_f84573da5ab5_Inst/clkb                   |                  u_isp_top/u_rgb96_downscale_crop/u_scale_line_buffer/ram_f84573da5ab5_Inst/clkb                   |           |                           u_mipi_dphy_rx_ph1p_mipiio_wrapper/u_ph1p_mipiio_rx_wrapper/bufg_feedback_auto_created_sclk_s_1_l_bk2                           |           1294           
RUN-1001 :    3    |  u_ph1p35_324_ddr_wrapper/u_ddr2/ph1p_ddrmc_wrapper/ph1p_ddrmc_top/u_ddr_phy/u_ddrphy_top/u_ddrphy/apb_pclk_syn_1  |  u_ph1p35_324_ddr_wrapper/u_ddr2/ph1p_ddrmc_wrapper/ph1p_ddrmc_top/u_ddr_phy/u_ddrphy_top/u_ddrphy/apb_pclk_syn_1  |           |  u_ph1p35_324_ddr_wrapper/u_ddr2/ph1p_ddrmc_wrapper/ph1p_ddrmc_top/u_ddr_phy/u_ddrphy_top/u_ddrphy/apb_pclk_created_gclkinst_auto_created_sclk_s_1_l_bk3  |            25            
RUN-1001 :    4    |                                                  O_cam_24m_syn_3                                                   |                                                  O_cam_24m_syn_3                                                   |           |                                               O_cam_24m_dup_1_created_gclkinst_auto_created_sclk_s_1_l_bk4                                                |            1             
RUN-1001 : -----------------------------------------------------------------------------------------------------------------------------------------------------------------------------------------------------------------------------------------------------------------------------------------------------------------------------------------------------------------------------------------------------------------------------------------------------
RUN-1001 : Clock Region s_1_r [24,40][43,79]; Utilization: 6 out of 12
RUN-1001 : -----------------------------------------------------------------------------------------------------------------------------------------------------------------------------------------------------------------------------------------------------------------------------------------------------------------------------------------------------------------------------------------
RUN-1001 :   Bank  |                                    Assigned Clock                                     |                                      Route Clock                                      |  Marking  |                                                                         Buffer                                                                          |  Regional Clock Fanouts  
RUN-1001 : -----------------------------------------------------------------------------------------------------------------------------------------------------------------------------------------------------------------------------------------------------------------------------------------------------------------------------------------------------------------------------------------
RUN-1001 :    1    |  u_mipi_dphy_rx_ph1p_mipiio_wrapper/u_ph1p_mipiio_rx_wrapper/u_lane0_hs_detect/I_clk  |  u_mipi_dphy_rx_ph1p_mipiio_wrapper/u_ph1p_mipiio_rx_wrapper/u_lane0_hs_detect/I_clk  |           |                                                     u_PLL/bufg_feedback_auto_created_sclk_s_1_r_bk1                                                     |            1             
RUN-1001 :    2    |                              u_hdmi_mixer/I_clk_syn_661                               |                              u_hdmi_mixer/I_clk_syn_661                               |           |                                             u_hdmi_mixer/I_clk_created_gclkinst_auto_created_sclk_s_1_r_bk2                                             |           695            
RUN-1001 :    3    |    u_isp_top/u_rgb96_downscale_crop/u_scale_line_buffer/ram_f84573da5ab5_Inst/clkb    |    u_isp_top/u_rgb96_downscale_crop/u_scale_line_buffer/ram_f84573da5ab5_Inst/clkb    |           |                          u_mipi_dphy_rx_ph1p_mipiio_wrapper/u_ph1p_mipiio_rx_wrapper/bufg_feedback_auto_created_sclk_s_1_r_bk3                          |           617            
RUN-1001 :    4    |  u_ph1p35_324_ddr_wrapper/u_ddr2/ph1p_ddrmc_wrapper/ph1p_ddrmc_top/u_alc_mc_top/clk   |  u_ph1p35_324_ddr_wrapper/u_ddr2/ph1p_ddrmc_wrapper/ph1p_ddrmc_top/u_alc_mc_top/clk   |           |  u_ph1p35_324_ddr_wrapper/u_ddr2/ph1p_ddrmc_wrapper/ph1p_ddrmc_top/u_ddr_phy/u_ddrphy_top/u_ddrphy_clk/u_pll1/u_bufg_fbclk_auto_created_sclk_s_1_r_bk4  |           100            
RUN-1001 :    5    |           u_hdmi_tx/u_hdmi2phy_wrapper/u0_lane_lvds_8_1/I_serial_clk_syn_1            |           u_hdmi_tx/u_hdmi2phy_wrapper/u0_lane_lvds_8_1/I_serial_clk_syn_1            |           |                         u_hdmi_tx/u_hdmi2phy_wrapper/u0_lane_lvds_8_1/I_serial_clk_created_gclkinst_auto_created_sclk_s_1_r_bk5                         |            38            
RUN-1001 :    6    |                                    O_cam_24m_syn_3                                    |                                    O_cam_24m_syn_3                                    |           |                                              O_cam_24m_dup_1_created_gclkinst_auto_created_sclk_s_1_r_bk6                                               |            1             
RUN-1001 : -----------------------------------------------------------------------------------------------------------------------------------------------------------------------------------------------------------------------------------------------------------------------------------------------------------------------------------------------------------------------------------------
RUN-1002 : start command "export_db camera_to_dsi_display_pr.db"
RUN-1001 : Exported flow parameters
RUN-1001 : Exported /
RUN-1001 : Exported libs
RUN-1001 : Exported entities
RUN-1001 : Exported ports
RUN-1001 : Exported pins
RUN-1001 : Exported instances
RUN-1001 : Exported nets
RUN-1001 : Exported buses
RUN-1001 : Exported models
RUN-1001 : Exported phy database
RUN-1001 : Exported packer
RUN-1001 : Exported congestions
RUN-1001 : Exported violations
RUN-1001 : Exported ATMR Setting
RUN-1001 : Exported timing constraints
RUN-1001 : Exported IO constraints
RUN-1001 : Exported Inst constraints
RUN-1001 : Exported ChipWatcher
RUN-1003 : finish command "export_db camera_to_dsi_display_pr.db" in  1.835612s wall, 2.546875s user + 0.031250s system = 2.578125s CPU (140.5%)

RUN-1004 : used memory is 1885 MB, reserved memory is 1992 MB, peak memory is 1885 MB
PHY-1001 : Current memory(MB): used = 1885, reserved = 1992, peak = 1885.
PHY-1001 : End export database. 1.946584s wall, 2.656250s user + 0.031250s system = 2.687500s CPU (138.1%)

PHY-1001 : End detail routing;  96.703172s wall, 179.062500s user + 1.921875s system = 180.984375s CPU (187.2%)

PHY-1001 : End Stage 2 | Detail Routing; Time: 96.703320s wall, 179.062500s user + 1.921875s system = 180.984375s CPU (187.2%); Memory(MB): used = 1885, reserved = 1992, peak = 1885;

RUN-1002 : start command "fix_hold"

PHY-1001 : Stage 3 | Hold Fix
PHY-1001 : Stage 3.1 | Load Design Data
PHY-1034 : Refresh detailed routing grids ...
PHY-1001 : Generate nets ...
PHY-1001 : eco open net = 0
PHY-1001 : End Stage 3.1 | Load Design Data; Time: 0.718297s wall, 0.718750s user + 0.000000s system = 0.718750s CPU (100.1%); Memory(MB): used = 1887, reserved = 1992, peak = 1887;

PHY-1001 : Stage 3.2 | Hold Fix Optimization
RUN-1002 : start command "start_timer"
RUN-1003 : finish command "start_timer" in  2.965124s wall, 2.937500s user + 0.000000s system = 2.937500s CPU (99.1%)

RUN-1004 : used memory is 1887 MB, reserved memory is 1992 MB, peak memory is 1887 MB
PHY-1001 : Timing info: SWNS 0.079ns | STNS 0.000ns | HWNS -0.084ns | HTNS -0.341ns.
PHY-1001 : Processing hold violation on 15 end-point, worst slack = -84ps, best slack = 16ps.
PHY-1001 : End timing refresh.  9.087765s wall, 8.906250s user + 0.062500s system = 8.968750s CPU (98.7%)

PHY-1001 : Stage 3.2.1 | Phase 1
PHY-1001 : Stage 3.2.1.1 | Hold Fix By LutBridge
PHY-1001 : len = 2.94682e+06, over cnt = 0(0%), over = 0, worst = 0, crit = 0
PHY-1001 : Bridge count = 0; unresolved count = 0.
PHY-1001 : 0 out of 15 ((0.00)%) EP fixed by LB.
PHY-1001 : End Stage 3.2.1.1 | Hold Fix By LutBridge; Time: 0.890841s wall, 0.859375s user + 0.015625s system = 0.875000s CPU (98.2%); Memory(MB): used = 1887, reserved = 1992, peak = 1887;

PHY-1001 : Timing info: SWNS 0.079ns | STNS 0.000ns | HWNS 0.020ns | HTNS 0.000ns.
PHY-1001 : End timing refresh.  0.149747s wall, 0.093750s user + 0.046875s system = 0.140625s CPU (93.9%)

PHY-1001 : End Stage 3.2.1 | Phase 1; Time: 1.090762s wall, 1.000000s user + 0.062500s system = 1.062500s CPU (97.4%); Memory(MB): used = 1887, reserved = 1992, peak = 1887;

PHY-1001 : End Stage 3.2 | Hold Fix Optimization; Time: 10.180119s wall, 9.906250s user + 0.125000s system = 10.031250s CPU (98.5%); Memory(MB): used = 1887, reserved = 1992, peak = 1887;

PHY-1001 : End Stage 3 | Hold Fix; Time: 11.178142s wall, 10.906250s user + 0.125000s system = 11.031250s CPU (98.7%); Memory(MB): used = 1887, reserved = 1992, peak = 1887;

RUN-1003 : finish command "fix_hold" in  11.228700s wall, 10.953125s user + 0.140625s system = 11.093750s CPU (98.8%)

RUN-1004 : used memory is 1887 MB, reserved memory is 1992 MB, peak memory is 1887 MB
PHY-1001 : Stage 4 | Report Route Qor
RUN-1002 : start command "report_qor -step route -file route.qor"
RUN-1002 : start command "start_timer"
RUN-1003 : finish command "start_timer" in  2.945047s wall, 2.921875s user + 0.000000s system = 2.921875s CPU (99.2%)

RUN-1004 : used memory is 1887 MB, reserved memory is 1992 MB, peak memory is 1887 MB
-----------------------------------------------------------
| QoR metrics               |         value               |
-----------------------------------------------------------
| Timing                    |                             |
|     Setup WNS             |           79                |
|     Setup TNS             |            0                |
|     Num of violated S-EP  |            0                |
|     Hold WNS              |           20                |
|     Hold TNS              |            0                |
|     Num of violated H-EP  |            0                |
-----------------------------------------------------------
| Routing Resource          |                             |
|     Wire length           |      2946816                |
-----------------------------------------------------------
| Utilization               |                             |
|     #slices               |        13073                |
|     slices percentage     |       61.62%                |
|     #RAMs                 |           49                |
|     #DSPs                 |            8                |
|     #DRAMHARDCON          |           37                |
-----------------------------------------------------------
Report route stage QoR done.

RUN-1003 : finish command "report_qor -step route -file route.qor" in  9.292367s wall, 9.203125s user + 0.000000s system = 9.203125s CPU (99.0%)

RUN-1004 : used memory is 1887 MB, reserved memory is 1992 MB, peak memory is 1887 MB
RUN-1002 : start command "update_timing -mode final"
RUN-1002 : start command "start_timer"
RUN-1003 : finish command "start_timer" in  2.994508s wall, 3.000000s user + 0.000000s system = 3.000000s CPU (100.2%)

RUN-1004 : used memory is 1887 MB, reserved memory is 1992 MB, peak memory is 1887 MB
RUN-1003 : finish command "update_timing -mode final" in  9.039628s wall, 8.859375s user + 0.046875s system = 8.906250s CPU (98.5%)

RUN-1004 : used memory is 1887 MB, reserved memory is 1992 MB, peak memory is 1887 MB
RUN-1002 : start command "report_timing_summary -file final_timing.rpt"
OPT-1001 : QoR tracer report on route step:
    SWNS [   incr ]    STNS [   incr ]  S-FEPS [   incr ]    HWNS [   incr ]      HTNS [     incr ]    H-FEPS [     incr ]    CELL [   incr ]       WL [    incr ]   RT(s) [   incr ]   MEM(mb) [     incr ]
      51 [      0 ]       0 [      0 ]       0 [      0 ]    -233 [      0 ]    -10463 [        0 ]       236 [        0 ]   13580 [      0 ]  2687712 [       0 ]      53 [      0 ]      1776 [        0 ] : dr_initialization
      61 [     10 ]       0 [      0 ]       0 [      0 ]     -30 [    203 ]       -49 [    10414 ]         3 [     -233 ]   13580 [      0 ]  2713824 [   26112 ]      64 [     11 ]      1778 [        2 ] : dr_timing_opt_phase1
   -2870 [  -2931 ]  -73180 [ -73180 ]      96 [     96 ]     -90 [    -60 ]      -769 [     -720 ]        27 [       24 ]   13580 [      0 ]  2926704 [  212880 ]      90 [     26 ]      1812 [       34 ] : dr_opt_phase1
      68 [   2938 ]       0 [  73180 ]       0 [    -96 ]      20 [    110 ]         0 [      769 ]         0 [      -27 ]   13580 [      0 ]  2947008 [   20304 ]      94 [      4 ]      1812 [        0 ] : dr_timing_opt_phase2
      68 [      0 ]       0 [      0 ]       0 [      0 ]     -90 [   -110 ]      -578 [     -578 ]        15 [       15 ]   13580 [      0 ]  2945392 [   -1616 ]      95 [      1 ]      1812 [        0 ] : dr_opt_phase2
      68 [      0 ]       0 [      0 ]       0 [      0 ]      20 [    110 ]         0 [      578 ]         0 [      -15 ]   13580 [      0 ]  2947120 [    1728 ]      97 [      2 ]      1812 [        0 ] : dr_timing_opt_phase3
      68 [      0 ]       0 [      0 ]       0 [      0 ]     -84 [   -104 ]      -341 [     -341 ]        10 [       10 ]   13580 [      0 ]  2945632 [   -1488 ]      98 [      1 ]      1812 [        0 ] : dr_opt_phase3
      79 [     11 ]       0 [      0 ]       0 [      0 ]     -84 [      0 ]      -341 [        0 ]        10 [        0 ]   13580 [      0 ]  2945680 [      48 ]     105 [      7 ]      1815 [        3 ] : multi_try_opt
      79 [      0 ]       0 [      0 ]       0 [      0 ]      20 [    104 ]         0 [      341 ]         0 [      -10 ]   13580 [      0 ]  2946816 [    1136 ]     119 [     14 ]      1887 [       72 ] : fix_hold_opt

PHY-1001 : End Stage 4 | Report Route Qor; Time: 18.597188s wall, 18.296875s user + 0.078125s system = 18.375000s CPU (98.8%); Memory(MB): used = 1887, reserved = 1992, peak = 1887;

PHY-1001 : Stage 5 | Routing DRC
PHY-1001 : Stage 5.1 | Check And Add Lut-bridge
PHY-1001 : End Stage 5.1 | Check And Add Lut-bridge; Time: 0.166160s wall, 0.171875s user + 0.000000s system = 0.171875s CPU (103.4%); Memory(MB): used = 1887, reserved = 1992, peak = 1887;

PHY-1001 : Stage 5.2 | Lut Bridge Check
PHY-1001 : End Stage 5.2 | Lut Bridge Check; Time: 0.386147s wall, 0.375000s user + 0.000000s system = 0.375000s CPU (97.1%); Memory(MB): used = 1887, reserved = 1992, peak = 1887;

PHY-1001 : Stage 5.3 | Physical Net Status Check
PHY-1001 : End Stage 5.3 | Physical Net Status Check; Time: 0.096320s wall, 0.093750s user + 0.000000s system = 0.093750s CPU (97.3%); Memory(MB): used = 1887, reserved = 1992, peak = 1887;

PHY-1001 : Start multi-drive drc check......
PHY-1001 : No multi-drive.
PHY-1001 : Stage 5.4 | Clock Net Status Check
PHY-1001 : 2 clock net(s) utilize local routing resource.
PHY-5079 CRITICAL-WARNING: Marked 1 clock net(s) utilize the local routing resources. Please check log message and the sinks of clock nets.
RUN-1001 : CTS Local Wire Summary
RUN-1001 : ------------------------------------------------------------------------------------------------------------------------------------------------------------
RUN-1001 :    ClockName    |   DriverType    |  Clock/Fanout  |  LocalWireNum  |                                  NetName                                   |  Marked  
RUN-1001 : ------------------------------------------------------------------------------------------------------------------------------------------------------------
RUN-1001 :        -        |  AL_PHY_LSLICE  |      1/3       |       12       |                      u_uicfgcs500/uii2c_inst/scl_clk                       |    -     
RUN-1001 :   pll_clk_24m   |   AL_PHY_SCLK   |     77/78      |       3        |  O_cam_24m_dup_1_created_gclkinst_auto_created_sclk_s_0_l_bk3_sclk_outnet  |   true   
RUN-1001 : ------------------------------------------------------------------------------------------------------------------------------------------------------------
PHY-5088 WARNING: Clock_Analyzer: Detected 1 buffer(s) clkin net because they drive non-clock sinks. Run "analyze_clock -detail" for more infomation.
PHY-5088 WARNING: Clock_Analyzer: Detected 1 buffer(s) clkout net because they drive non-clock sinks. Run "analyze_clock -detail" for more infomation.
PHY-5088 WARNING: Clock_Analyzer: 2 clock-net(s) because they drive other clock net, may cause clock skew. Run "analyze_clock -detail" for more infomation.
PHY-1001 : End Stage 5.4 | Clock Net Status Check; Time: 0.124157s wall, 0.125000s user + 0.000000s system = 0.125000s CPU (100.7%); Memory(MB): used = 1887, reserved = 1992, peak = 1887;

PHY-1001 : Stage 5.5 | Abnormal Timing Path check
PHY-1001 : No abnormal timing path.
PHY-1001 : End Stage 5.5 | Abnormal Timing Path check; Time: 0.390145s wall, 0.375000s user + 0.015625s system = 0.390625s CPU (100.1%); Memory(MB): used = 1887, reserved = 1992, peak = 1887;

PHY-1001 : Stage 5.6 | Bound Check
PHY-1001 : Check Pass.
PHY-1001 : End Stage 5.6 | Bound Check; Time: 0.006178s wall, 0.000000s user + 0.000000s system = 0.000000s CPU (n/a%); Memory(MB): used = 1887, reserved = 1992, peak = 1887;

PHY-1001 : End Stage 5 | Routing DRC; Time: 1.245188s wall, 1.203125s user + 0.015625s system = 1.218750s CPU (97.9%); Memory(MB): used = 1887, reserved = 1992, peak = 1887;

RUN-1003 : finish command "route" in  139.199690s wall, 222.703125s user + 2.296875s system = 225.000000s CPU (161.6%)

RUN-1004 : used memory is 1887 MB, reserved memory is 1992 MB, peak memory is 1887 MB
RUN-1002 : start command "report_area -io_info -file camera_to_dsi_display_phy.area"
SYN-4034 : The count of slices with lut is 7065.
SYN-4035 : The count of slices with lut+ripple is 3212.
RUN-1001 : standard
***Report Model: design_top_wrapper Device: PH1P35MDG324***

Design Statistics
#IO                        60   out of    160   37.50%
  #input                    6
  #output                  31
  #inout                   23
#lut6                   10685   out of  21216   50.36%
#reg                    13908
  #slice reg            13908   out of  42432   32.78%
  #pad reg                  0

Utilization Statistics
#slice                  13073   out of  21216   61.62%
  #used ram               408
    #dram lut             296
    #shifter lut          112
  #used logic           12665
    #with luts           7065
    #with adder          3212
    #reg only            2388
#feedthrough             2325
#f7mux                      0   out of  10608    0.00%
#f8mux                      0   out of   5304    0.00%
#eram                      49   out of    108   45.37%
  #eram20k                 49
  #fifo20k                  0
#dsp                        8   out of     40   20.00%
#ddr_byte                   6   out of     12   50.00%
#mipi_tx                    0   out of      2    0.00%
#mipi_rx                    1   out of      2   50.00%
#pad                       19   out of    160   11.88%
#pll                        3   out of      6   50.00%
#gclk                       9   out of     32   28.12%
#lclk                       0   out of     12    0.00%
#sclk                      22   out of     48   45.83%
#mlclk                      2   out of      6   33.33%
#ioclk                      4   out of     18   22.22%


DataNet Average Fanout:

   Index     Fanout     Nets   
    #1          1       20034  
    #2          2       7375   
    #3          3        987   
    #4          4        645   
    #5        5-10      1666   
    #6        11-50      441   
    #7       51-100      40    
    #8       101-500      2    
  Average     2.04             

RUN-1002 : start command "update_timing -mode final"
RUN-1002 : start command "start_timer"
RUN-1003 : finish command "start_timer" in  2.997718s wall, 2.984375s user + 0.000000s system = 2.984375s CPU (99.6%)

RUN-1004 : used memory is 1887 MB, reserved memory is 1992 MB, peak memory is 1887 MB
RUN-1003 : finish command "update_timing -mode final" in  9.207710s wall, 9.109375s user + 0.046875s system = 9.156250s CPU (99.4%)

RUN-1004 : used memory is 1887 MB, reserved memory is 1992 MB, peak memory is 1887 MB
RUN-1002 : start command "report_timing_status -file camera_to_dsi_display_phy.ts"
RUN-1002 : start command "report_timing_summary -file camera_to_dsi_display_pr.timing"
RUN-1002 : start command "report_timing_exception -file camera_to_dsi_display_exception.timing"
RUN-1002 : start command "flow_status -file route_flow.status"
Location         : D:\2026fpga\lab_hd_1_mipi_hdmi\td_project\camera_to_dsi_display_Runs\phy_1
Running with     : Tang Dynasty v6.2.168116
                   Copyright (c) 2012-2025 Anlogic Inc.
Top Model        : design_top_wrapper
Device           : PH1P35MDG324
Speed            : 3

Timing Mode      : final
Setup            : WNS    79ps  TNS        0ps  NUM_FEPS     0
Hold             : WNS    20ps  TNS        0ps  NUM_FEPS     0

Flow Statistics  :
RUN-1001 : Flow Statistics:
RUN-1001 : ---------------------------------------------------------------------------------------------------
RUN-1001 :      command     |  #calls  |  wall time   |  cpu time(s)  |  used memory(mb)  |  peak memory(mb)  
RUN-1001 : ---------------------------------------------------------------------------------------------------
RUN-1001 :       place      |    1     |  2m28s(51%)  |   439(66%)    |       1181        |       1181        
RUN-1001 :       route      |    1     |  2m8s(44%)   |   214(32%)    |       1887        |       1887        
RUN-1001 :     fix_hold     |    1     |   11s(3%)    |    10(1%)     |       1887        |       1887        
RUN-1001 :   import_device  |    1     |    2s(0%)    |     2(0%)     |        323        |        323        
RUN-1001 :     import_db    |    1     |    1s(0%)    |     0(0%)     |        521        |        521        
RUN-1001 : ---------------------------------------------------------------------------------------------------
RUN-1001 :       total      |    5     |    4m50s     |      665      |       1887        |       1887        
RUN-1001 : ---------------------------------------------------------------------------------------------------
RUN-1002 : start command "report_clock_utilization -file route_clock_utilization.txt"
RUN-1002 : start command "export_db camera_to_dsi_display_pr.db"
RUN-1001 : Exported flow parameters
RUN-1001 : Exported /
RUN-1001 : Exported libs
RUN-1001 : Exported entities
RUN-1001 : Exported ports
RUN-1001 : Exported pins
RUN-1001 : Exported instances
RUN-1001 : Exported nets
RUN-1001 : Exported buses
RUN-1001 : Exported models
RUN-1001 : Exported phy database
RUN-1001 : Exported packer
RUN-1001 : Exported congestions
RUN-1001 : Exported violations
RUN-1001 : Exported ATMR Setting
RUN-1001 : Exported timing constraints
RUN-1001 : Exported IO constraints
RUN-1001 : Exported Inst constraints
RUN-1001 : Exported ChipWatcher
RUN-1003 : finish command "export_db camera_to_dsi_display_pr.db" in  1.737589s wall, 2.453125s user + 0.062500s system = 2.515625s CPU (144.8%)

RUN-1004 : used memory is 1888 MB, reserved memory is 1992 MB, peak memory is 1888 MB
RUN-1002 : start command "commit_param -step bitgen"
RUN-1001 : Print Global Property
RUN-1001 : -------------------------------------------------------------
RUN-1001 :     Parameters    |   Settings   |  Default Values  |  Note  
RUN-1001 : -------------------------------------------------------------
RUN-1001 :    enable_seed    |     off      |       off        |        
RUN-1001 :    hfn_to_clock   |  1000000000  |    1000000000    |        
RUN-1001 :      message      |   standard   |     standard     |        
RUN-1001 :    qor_monitor    |      on      |        on        |        
RUN-1001 :   speedup_effort  |      0       |        0         |        
RUN-1001 :    syn_ip_flow    |     off      |       off        |        
RUN-1001 :       thread      |     auto     |       auto       |        
RUN-1001 : -------------------------------------------------------------
RUN-1002 : start command "set_param bitgen compress on"
RUN-1001 : Print Bitgen Property
RUN-1001 : -------------------------------------------------------------
RUN-1001 :      Parameters     |  Settings  |  Default Values  |  Note  
RUN-1001 : -------------------------------------------------------------
RUN-1001 :         bin         |    off     |       off        |        
RUN-1001 :       compress      |     on     |       off        |   *    
RUN-1001 :       gen_mask      |    off     |       off        |        
RUN-1001 :      max_stream     |     on     |        on        |        
RUN-1001 :      time_info      |     on     |        on        |        
RUN-1001 :   unused_io_status  |   pullup   |      pullup      |        
RUN-1001 :       version       |    0x00    |       0x00       |        
RUN-1001 : -------------------------------------------------------------
RUN-1002 : start command "bitgen -bit camera_to_dsi_display.bit"
RUN-1002 : start command "export_bid camera_to_dsi_display_inst.bid"
BIT-1003 : Start to generate bitstream. 
BIT-1002 : Bitgen processed 3 pll_pd instances.
BIT-1002 : Init instances with 32 threads.
BIT-1002 : Init instances completely, inst num: 13581
BIT-1002 : Init pips with 32 threads.
BIT-1002 : Init pips completely, net num: 22568, pip num: 210984
BIT-1002 : Init feedthrough with 32 threads.
BIT-1002 : Init feedthrough completely, num: 2325
BIT-1003 : Multithreading accelaration with 32 threads.
BIT-1003 : Generate bitstream completely, there are 713978 bits set as '1'.
PRG-1501 : Bit compressed, frame number changed from 3481 to 3447, ratio 0.98%
BIT-1004 : Generate file camera_to_dsi_display_compress.bit.
BIT-1004 : Generate file camera_to_dsi_display.bit.
RUN-1003 : finish command "bitgen -bit camera_to_dsi_display.bit" in  5.824435s wall, 64.546875s user + 1.781250s system = 66.328125s CPU (1138.8%)

RUN-1004 : used memory is 1889 MB, reserved memory is 1993 MB, peak memory is 1889 MB
RUN-1002 : start command "setup_debugger"
RUN-1002 : start command "export_bitgen_param -file .bitgen_param.f"
RUN-1002 : start command "export_flow_status -s opt_place -e bitgen"
RUN-1002 : start command "flow_status"

Location         : D:\2026fpga\lab_hd_1_mipi_hdmi\td_project\camera_to_dsi_display_Runs\phy_1
Running with     : Tang Dynasty v6.2.168116
                   Copyright (c) 2012-2025 Anlogic Inc.
Top Model        : design_top_wrapper
Device           : PH1P35MDG324
Speed            : 3

Timing Mode      : final
Setup            : WNS    79ps  TNS        0ps  NUM_FEPS     0
Hold             : WNS    20ps  TNS        0ps  NUM_FEPS     0

RUN-1001 : Flow Statistics:
RUN-1001 : ---------------------------------------------------------------------------------------------------
RUN-1001 :      command     |  #calls  |  wall time   |  cpu time(s)  |  used memory(mb)  |  peak memory(mb)  
RUN-1001 : ---------------------------------------------------------------------------------------------------
RUN-1001 :       place      |    1     |  2m28s(50%)  |   439(60%)    |       1181        |       1181        
RUN-1001 :       route      |    1     |  2m8s(43%)   |   214(29%)    |       1887        |       1887        
RUN-1001 :     fix_hold     |    1     |   11s(3%)    |    10(1%)     |       1887        |       1887        
RUN-1001 :      bitgen      |    1     |    5s(1%)    |    65(8%)     |       1889        |       1889        
RUN-1001 :   import_device  |    1     |    2s(0%)    |     2(0%)     |        323        |        323        
RUN-1001 :     import_db    |    1     |    1s(0%)    |     0(0%)     |        521        |        521        
RUN-1001 : ---------------------------------------------------------------------------------------------------
RUN-1001 :       total      |    6     |    4m55s     |      730      |       1889        |       1889        
RUN-1001 : ---------------------------------------------------------------------------------------------------

