============================================================
   Tang Dynasty, V6.2.168116
   Copyright (c) 2012-2025 Anlogic Inc.
   Executable = F:/AnlogicFpga/TD_6.2.1_Engineer_6.2.168.116/bin/td_commands_prompt.exe
   Built at =   16:32:07 Jun 12 2025
   Run by =     pc
   Run Date =   Sun Sep 20 13:53:43 2026

   Run on =     CIRBUG
============================================================
RUN-1002 : start command "import_device ph1_35p.db -package PH1P35MDG324 -speed 3"
ARC-1001 : Device Initialization.
ARC-1001 : ----------------------------------------------------------------
ARC-1001 :           OPTION          |          IO           |   SETTING   
ARC-1001 : ----------------------------------------------------------------
ARC-1001 :   non_jtag_persist(none)  |        35 IOs         |    gpio    
ARC-1001 :            jtag           |  P13/P15/L14/R13/T13  |  dedicate  
ARC-1001 : ----------------------------------------------------------------
RUN-1003 : finish command "import_device ph1_35p.db -package PH1P35MDG324 -speed 3" in  2.340473s wall, 1.734375s user + 0.453125s system = 2.187500s CPU (93.5%)

RUN-1004 : used memory is 325 MB, reserved memory is 321 MB, peak memory is 325 MB
RUN-1002 : start command "open_project camera_to_dsi_display.prj -noanalyze"
RUN-1002 : start command "import_db ../syn_1/camera_to_dsi_display_gate.db"
RUN-1001 : Importing database generated by Tang Dynasty, V6.2.168116.
RUN-1001 : Database version number 46207
RUN-1001 : Import flow parameters
RUN-1001 : Import netlist
RUN-1001 : Import timing constraints
RUN-1001 : Import IO constraints
RUN-1001 : Import Inst constraints
RUN-1001 : Import ChipWatcher
RUN-1001 : Import design success TD_VERSION=6.2.168116 , DB_VERSION=46207
RUN-1003 : finish command "import_db ../syn_1/camera_to_dsi_display_gate.db" in  1.202350s wall, 0.609375s user + 0.125000s system = 0.734375s CPU (61.1%)

RUN-1004 : used memory is 536 MB, reserved memory is 531 MB, peak memory is 536 MB
RUN-1002 : start command "commit_param -step place"
RUN-1001 : Print Global Property
RUN-1001 : -------------------------------------------------------------
RUN-1001 :     Parameters    |   Settings   |  Default Values  |  Note  
RUN-1001 : -------------------------------------------------------------
RUN-1001 :    enable_seed    |     off      |       off        |        
RUN-1001 :    hfn_to_clock   |  1000000000  |    1000000000    |        
RUN-1001 :      message      |   standard   |     standard     |        
RUN-1001 :    qor_monitor    |      on      |        on        |        
RUN-1001 :   speedup_effort  |      0       |        0         |        
RUN-1001 :    syn_ip_flow    |     off      |       off        |        
RUN-1001 :       thread      |     auto     |       auto       |        
RUN-1001 : -------------------------------------------------------------
RUN-1001 : Print Place Property
RUN-1001 : ---------------------------------------------------------------
RUN-1001 :       Parameters      |  Settings  |  Default Values  |  Note  
RUN-1001 : ---------------------------------------------------------------
RUN-1001 :         effort        |   medium   |      medium      |        
RUN-1001 :     hfn_opt_effort    |   medium   |      medium      |        
RUN-1001 :    logic_level_opt    |    off     |       off        |        
RUN-1001 :   macro_performance   |    auto    |       auto       |        
RUN-1001 :       max_fanout      |   999999   |      999999      |        
RUN-1001 :       opt_timing      |   medium   |      medium      |        
RUN-1001 :     post_place_opt    |    auto    |       auto       |        
RUN-1001 :      pr_strategy      |     1      |        1         |        
RUN-1001 :   preplace_floorplan  |    off     |       off        |        
RUN-1001 : ---------------------------------------------------------------
RUN-1002 : start command "insert_debugger ../../chip_debugger"
RUN-1002 : start command "config_chipwatcher ../../chip_debugger/user.cfg"
RUN-1002 : start command "update_timing"
RUN-1002 : start command "start_timer"
USR-1002 : Derived clock:  create_generated_clock -name {u_PLL/ph1p_phy_pll_wrapper_25a56e5ce2f9_Inst/u_PH1P_PHY_PLL.clkc[0]} -source [get_ports {I_sys_clk}] -master_clock {sys_clk_50m} -multiply_by 2.0000 -duty_cycle 50.0000 [get_pins {u_PLL/ph1p_phy_pll_wrapper_25a56e5ce2f9_Inst/u_PH1P_PHY_PLL.clkc[0]}]
USR-1002 : Derived clock:  create_generated_clock -name {u_PLL/ph1p_phy_pll_wrapper_25a56e5ce2f9_Inst/u_PH1P_PHY_PLL.clkc[1]} -source [get_ports {I_sys_clk}] -master_clock {sys_clk_50m} -divide_by 2.1000 -duty_cycle 50.0000 [get_pins {u_PLL/ph1p_phy_pll_wrapper_25a56e5ce2f9_Inst/u_PH1P_PHY_PLL.clkc[1]}]
USR-1002 : Derived clock:  create_generated_clock -name {u_PLL/ph1p_phy_pll_wrapper_25a56e5ce2f9_Inst/u_PH1P_PHY_PLL.clkc[2]} -source [get_ports {I_sys_clk}] -master_clock {sys_clk_50m} -multiply_by 1.0000 -duty_cycle 50.0000 [get_pins {u_PLL/ph1p_phy_pll_wrapper_25a56e5ce2f9_Inst/u_PH1P_PHY_PLL.clkc[2]}]
USR-1002 : Derived clock:  create_generated_clock -name {u_PLL/ph1p_phy_pll_wrapper_25a56e5ce2f9_Inst/u_PH1P_PHY_PLL.clkc[3]} -source [get_ports {I_sys_clk}] -master_clock {sys_clk_50m} -multiply_by 6.0000 -duty_cycle 50.0000 [get_pins {u_PLL/ph1p_phy_pll_wrapper_25a56e5ce2f9_Inst/u_PH1P_PHY_PLL.clkc[3]}]
USR-1002 : Derived clock:  create_generated_clock -name {u_PLL/ph1p_phy_pll_wrapper_25a56e5ce2f9_Inst/u_PH1P_PHY_PLL.clkc[4]} -source [get_ports {I_sys_clk}] -master_clock {sys_clk_50m} -multiply_by 1.5000 -duty_cycle 50.0000 [get_pins {u_PLL/ph1p_phy_pll_wrapper_25a56e5ce2f9_Inst/u_PH1P_PHY_PLL.clkc[4]}]
USR-1002 : Derived clock:  create_generated_clock -name {u_PLL/ph1p_phy_pll_wrapper_25a56e5ce2f9_Inst/u_PH1P_PHY_PLL.clkc[5]} -source [get_ports {I_sys_clk}] -master_clock {sys_clk_50m} -multiply_by 7.5000 -duty_cycle 50.0000 [get_pins {u_PLL/ph1p_phy_pll_wrapper_25a56e5ce2f9_Inst/u_PH1P_PHY_PLL.clkc[5]}]
USR-1002 : Derived clock:  create_generated_clock -name {u_ph1p35_324_ddr_wrapper/u_ddr2/ph1p_ddrmc_wrapper/ph1p_ddrmc_top/u_ddr_phy/u_ddrphy_top/u_ddrphy_clk/u_pll0/u_pll_inst.clkc[0]} -source [get_ports {I_sys_clk}] -master_clock {sys_clk_50m} -multiply_by 1.3333 -duty_cycle 50.0000 [get_pins {u_ph1p35_324_ddr_wrapper/u_ddr2/ph1p_ddrmc_wrapper/ph1p_ddrmc_top/u_ddr_phy/u_ddrphy_top/u_ddrphy_clk/u_pll0/u_pll_inst.clkc[0]}]
USR-1002 : Derived clock:  create_generated_clock -name {u_ph1p35_324_ddr_wrapper/u_ddr2/ph1p_ddrmc_wrapper/ph1p_ddrmc_top/u_ddr_phy/u_ddrphy_top/u_ddrphy_clk/u_pll0/u_pll_inst.clkc[1]} -source [get_ports {I_sys_clk}] -master_clock {sys_clk_50m} -multiply_by 1.3333 -duty_cycle 50.0000 [get_pins {u_ph1p35_324_ddr_wrapper/u_ddr2/ph1p_ddrmc_wrapper/ph1p_ddrmc_top/u_ddr_phy/u_ddrphy_top/u_ddrphy_clk/u_pll0/u_pll_inst.clkc[1]}]
USR-1002 : Derived clock:  create_generated_clock -name {u_ph1p35_324_ddr_wrapper/u_ddr2/ph1p_ddrmc_wrapper/ph1p_ddrmc_top/u_ddr_phy/u_ddrphy_top/u_ddrphy_clk/u_pll0/u_pll_inst.clkc[2]} -source [get_ports {I_sys_clk}] -master_clock {sys_clk_50m} -multiply_by 5.3333 -duty_cycle 50.0000 [get_pins {u_ph1p35_324_ddr_wrapper/u_ddr2/ph1p_ddrmc_wrapper/ph1p_ddrmc_top/u_ddr_phy/u_ddrphy_top/u_ddrphy_clk/u_pll0/u_pll_inst.clkc[2]}]
USR-1002 : Derived clock:  create_generated_clock -name {u_ph1p35_324_ddr_wrapper/u_ddr2/ph1p_ddrmc_wrapper/ph1p_ddrmc_top/u_ddr_phy/u_ddrphy_top/u_ddrphy_clk/u_pll0/u_pll_inst.clkc[3]} -source [get_ports {I_sys_clk}] -master_clock {sys_clk_50m} -divide_by 1.9687 -duty_cycle 50.0000 [get_pins {u_ph1p35_324_ddr_wrapper/u_ddr2/ph1p_ddrmc_wrapper/ph1p_ddrmc_top/u_ddr_phy/u_ddrphy_top/u_ddrphy_clk/u_pll0/u_pll_inst.clkc[3]}]
USR-1002 : Derived clock:  create_generated_clock -name {u_ph1p35_324_ddr_wrapper/u_ddr2/ph1p_ddrmc_wrapper/ph1p_ddrmc_top/u_ddr_phy/u_ddrphy_top/u_ddrphy_clk/u_pll1/u_pll_inst.clkc[0]} -source [get_pins {u_ph1p35_324_ddr_wrapper/u_ddr2/ph1p_ddrmc_wrapper/ph1p_ddrmc_top/u_ddr_phy/u_ddrphy_top/u_ddrphy_clk/u_pll0/u_pll_inst.clkc[0]}] -master_clock {u_ph1p35_324_ddr_wrapper/u_ddr2/ph1p_ddrmc_wrapper/ph1p_ddrmc_top/u_ddr_phy/u_ddrphy_top/u_ddrphy_clk/u_pll0/u_pll_inst.clkc[0]} -multiply_by 1.0000 -duty_cycle 50.0000 [get_pins {u_ph1p35_324_ddr_wrapper/u_ddr2/ph1p_ddrmc_wrapper/ph1p_ddrmc_top/u_ddr_phy/u_ddrphy_top/u_ddrphy_clk/u_pll1/u_pll_inst.clkc[0]}]
8.888000
15.000000
15.000000
13.333000
RUN-1003 : finish command "start_timer" in  2.852669s wall, 2.562500s user + 0.171875s system = 2.734375s CPU (95.9%)

RUN-1004 : used memory is 696 MB, reserved memory is 697 MB, peak memory is 696 MB
TMR-2502 : Net delay update with mode: Synthesized
RUN-1003 : finish command "update_timing" in  4.390329s wall, 4.000000s user + 0.250000s system = 4.250000s CPU (96.8%)

RUN-1004 : used memory is 782 MB, reserved memory is 783 MB, peak memory is 782 MB
KIT-1004 : chipwatcher: sanity check successfully
KIT-1004 : Chipwatcher code = 1110101101001000
KIT-1004 : import watcher inst auto_created_cwc1 completed, there are 4 view node(s), 11 trigger net(s), 11 data net(s).
RUN-1003 : finish command "config_chipwatcher ../../chip_debugger/user.cfg" in  4.397953s wall, 4.000000s user + 0.250000s system = 4.250000s CPU (96.6%)

RUN-1004 : used memory is 782 MB, reserved memory is 783 MB, peak memory is 782 MB
RUN-1002 : start command "compile_watcher"
KIT-1004 : Ooc flow for module top_debug_hub is running...
RUN-1002 : start command "import_db -mode ooc cw/debug_hub/top_debug_hub_ooc.db"
USR-1600 : Load OOC design OOC Model: top_debug_hub .
RUN-1001 : Import OOC design success TD_VERSION=6.2.168116 , DB_VERSION=46207
KIT-1004 : Ooc flow for module auto_created_cwc1 is running...
RUN-1002 : start command "import_db -mode ooc cw/auto_created_cwc1/auto_created_cwc1_ooc.db"
USR-1600 : Load OOC design OOC Model: auto_created_cwc1 .
RUN-1001 : Import OOC design success TD_VERSION=6.2.168116 , DB_VERSION=46207
RUN-1003 : finish command "compile_watcher" in  9.815040s wall, 0.312500s user + 0.109375s system = 0.421875s CPU (4.3%)

RUN-1004 : used memory is 799 MB, reserved memory is 823 MB, peak memory is 799 MB
RUN-1002 : start command "pack -eco"
SYN-4002 : Packing 0 DFF/LATCH to SEQ ...
RUN-1002 : start command "legalize_phy_inst"
SYN-1001 : Stage 1 | Legalize Phy Inst
SYN-1011 : Flatten model design_top_wrapper
SYN-1001 : ADC: Instance "u_ph1p35_324_ddr_wrapper/u_ddr2/ph1p_ddrmc_wrapper/ph1p_ddrmc_top/u_ddr_phy/u_ddrphy_top/u_ddrphy/ac_byte[0]$ac_byte_used$u_ddrphy_ac_byte_wrapper/u_ddrphy_byte" LOCATION="X0Y70Z0"
SYN-1001 : ADC: Instance "u_ph1p35_324_ddr_wrapper/u_ddr2/ph1p_ddrmc_wrapper/ph1p_ddrmc_top/u_ddr_phy/u_ddrphy_top/u_ddrphy/ac_byte[1]$ac_byte_used$u_ddrphy_ac_byte_wrapper/u_ddrphy_byte" LOCATION="X0Y60Z0"
SYN-1001 : ADC: Instance "u_ph1p35_324_ddr_wrapper/u_ddr2/ph1p_ddrmc_wrapper/ph1p_ddrmc_top/u_ddr_phy/u_ddrphy_top/u_ddrphy/ac_byte[2]$ac_byte_used$u_ddrphy_ac_byte_wrapper/u_ddrphy_byte" LOCATION="X0Y50Z0"
SYN-1001 : ADC: Instance "u_ph1p35_324_ddr_wrapper/u_ddr2/ph1p_ddrmc_wrapper/ph1p_ddrmc_top/u_ddr_phy/u_ddrphy_top/u_ddrphy/ac_byte[3]$ac_byte_used$u_ddrphy_ac_byte_wrapper/u_ddrphy_byte" LOCATION="X0Y40Z0"
SYN-1001 : ADC: Instance "u_ph1p35_324_ddr_wrapper/u_ddr2/ph1p_ddrmc_wrapper/ph1p_ddrmc_top/u_ddr_phy/u_ddrphy_top/u_ddrphy/bkref[0]$u_ddrphy_bankref" LOCATION="X0Y19Z0"
SYN-1001 : ADC: Instance "u_ph1p35_324_ddr_wrapper/u_ddr2/ph1p_ddrmc_wrapper/ph1p_ddrmc_top/u_ddr_phy/u_ddrphy_top/u_ddrphy/bkref[1]$u_ddrphy_bankref" LOCATION="X0Y59Z0"
SYN-1001 : ADC: Instance "u_ph1p35_324_ddr_wrapper/u_ddr2/ph1p_ddrmc_wrapper/ph1p_ddrmc_top/u_ddr_phy/u_ddrphy_top/u_ddrphy/dx_byte[0]$dx_byte_used$u_ddrphy_dx_byte_wrapper/u_ddrphy_byte" LOCATION="X0Y30Z0"
SYN-1001 : ADC: Instance "u_ph1p35_324_ddr_wrapper/u_ddr2/ph1p_ddrmc_wrapper/ph1p_ddrmc_top/u_ddr_phy/u_ddrphy_top/u_ddrphy/dx_byte[1]$dx_byte_used$u_ddrphy_dx_byte_wrapper/u_ddrphy_byte" LOCATION="X0Y10Z0"
SYN-1001 : ADC: Instance "u_ph1p35_324_ddr_wrapper/u_ddr2/ph1p_ddrmc_wrapper/ph1p_ddrmc_top/u_ddr_phy/u_ddrphy_top/u_ddrphy_clk/ioclk[0]$u_ioclk_0" LOCATION="X0Y59Z0"
SYN-1001 : ADC: Instance "u_ph1p35_324_ddr_wrapper/u_ddr2/ph1p_ddrmc_wrapper/ph1p_ddrmc_top/u_ddr_phy/u_ddrphy_top/u_ddrphy_clk/ioclk[0]$u_ioclk_1" LOCATION="X0Y59Z1"
SYN-1001 : ADC: Instance "u_ph1p35_324_ddr_wrapper/u_ddr2/ph1p_ddrmc_wrapper/ph1p_ddrmc_top/u_ddr_phy/u_ddrphy_top/u_ddrphy_clk/ioclk[1]$u_ioclk_0" LOCATION="X0Y19Z0"
SYN-1001 : ADC: Instance "u_ph1p35_324_ddr_wrapper/u_ddr2/ph1p_ddrmc_wrapper/ph1p_ddrmc_top/u_ddr_phy/u_ddrphy_top/u_ddrphy_clk/ioclk[1]$u_ioclk_1" LOCATION="X0Y19Z1"
SYN-1001 : ADC: Instance "u_ph1p35_324_ddr_wrapper/u_ddr2/ph1p_ddrmc_wrapper/ph1p_ddrmc_top/u_ddr_phy/u_ddrphy_top/u_ddrphy_clk/u_mlclk_1" LOCATION="X0Y59Z0"
SYN-1001 : ADC: Instance "u_ph1p35_324_ddr_wrapper/u_ddr2/ph1p_ddrmc_wrapper/ph1p_ddrmc_top/u_ddr_phy/u_ddrphy_top/u_ddrphy_clk/u_mlclk_2" LOCATION="X0Y59Z1"
SYN-1001 : ADC: Instance "u_ph1p35_324_ddr_wrapper/u_ddr2/ph1p_ddrmc_wrapper/ph1p_ddrmc_top/u_ddr_phy/u_ddrphy_top/u_ddrphy_clk/u_pll0/u_pll_inst" LOCATION="X0Y40Z0"
SYN-1001 : ADC: Instance "u_ph1p35_324_ddr_wrapper/u_ddr2/ph1p_ddrmc_wrapper/ph1p_ddrmc_top/u_ddr_phy/u_ddrphy_top/u_ddrphy_clk/u_pll1/u_pll_inst" LOCATION="X0Y79Z0"
SYN-1001 : End Stage 1 | Legalize Phy Inst; Time: 0.196196s wall, 0.156250s user + 0.031250s system = 0.187500s CPU (95.6%); Memory(MB): used = 799, reserved = 823, peak = 799;

RUN-1003 : finish command "insert_debugger ../../chip_debugger" in  14.428661s wall, 4.484375s user + 0.390625s system = 4.875000s CPU (33.8%)

RUN-1004 : used memory is 799 MB, reserved memory is 823 MB, peak memory is 799 MB
RUN-1002 : start command "place"
RUN-1001 : Open license file F:/AnlogicFpga/TD_6.2.1_Engineer_6.2.168.116/license/Anlogic.lic
PHY-3001 : Placer runs in 32 thread(s).
PHY-1001 : Stage 1 | Initialize Design
PHY-1001 : Stage 1.1 | Build Design
PHY-1001 : 10572 luts, 15111 seqs, 416 mslices, 3296 lslices, 53 pads, 50 brams, 8 dsps
RUN-1002 : start command "legalize_phy_inst"
SYN-1011 : Flatten model design_top_wrapper
SYN-1001 : ADC: Instance "u_ph1p35_324_ddr_wrapper/u_ddr2/ph1p_ddrmc_wrapper/ph1p_ddrmc_top/u_ddr_phy/u_ddrphy_top/u_ddrphy/ac_byte[0]$ac_byte_used$u_ddrphy_ac_byte_wrapper/u_ddrphy_byte" LOCATION="X0Y70Z0"
SYN-1001 : ADC: Instance "u_ph1p35_324_ddr_wrapper/u_ddr2/ph1p_ddrmc_wrapper/ph1p_ddrmc_top/u_ddr_phy/u_ddrphy_top/u_ddrphy/ac_byte[1]$ac_byte_used$u_ddrphy_ac_byte_wrapper/u_ddrphy_byte" LOCATION="X0Y60Z0"
SYN-1001 : ADC: Instance "u_ph1p35_324_ddr_wrapper/u_ddr2/ph1p_ddrmc_wrapper/ph1p_ddrmc_top/u_ddr_phy/u_ddrphy_top/u_ddrphy/ac_byte[2]$ac_byte_used$u_ddrphy_ac_byte_wrapper/u_ddrphy_byte" LOCATION="X0Y50Z0"
SYN-1001 : ADC: Instance "u_ph1p35_324_ddr_wrapper/u_ddr2/ph1p_ddrmc_wrapper/ph1p_ddrmc_top/u_ddr_phy/u_ddrphy_top/u_ddrphy/ac_byte[3]$ac_byte_used$u_ddrphy_ac_byte_wrapper/u_ddrphy_byte" LOCATION="X0Y40Z0"
SYN-1001 : ADC: Instance "u_ph1p35_324_ddr_wrapper/u_ddr2/ph1p_ddrmc_wrapper/ph1p_ddrmc_top/u_ddr_phy/u_ddrphy_top/u_ddrphy/bkref[0]$u_ddrphy_bankref" LOCATION="X0Y19Z0"
SYN-1001 : ADC: Instance "u_ph1p35_324_ddr_wrapper/u_ddr2/ph1p_ddrmc_wrapper/ph1p_ddrmc_top/u_ddr_phy/u_ddrphy_top/u_ddrphy/bkref[1]$u_ddrphy_bankref" LOCATION="X0Y59Z0"
SYN-1001 : ADC: Instance "u_ph1p35_324_ddr_wrapper/u_ddr2/ph1p_ddrmc_wrapper/ph1p_ddrmc_top/u_ddr_phy/u_ddrphy_top/u_ddrphy/dx_byte[0]$dx_byte_used$u_ddrphy_dx_byte_wrapper/u_ddrphy_byte" LOCATION="X0Y30Z0"
SYN-1001 : ADC: Instance "u_ph1p35_324_ddr_wrapper/u_ddr2/ph1p_ddrmc_wrapper/ph1p_ddrmc_top/u_ddr_phy/u_ddrphy_top/u_ddrphy/dx_byte[1]$dx_byte_used$u_ddrphy_dx_byte_wrapper/u_ddrphy_byte" LOCATION="X0Y10Z0"
SYN-1001 : ADC: Instance "u_ph1p35_324_ddr_wrapper/u_ddr2/ph1p_ddrmc_wrapper/ph1p_ddrmc_top/u_ddr_phy/u_ddrphy_top/u_ddrphy_clk/ioclk[0]$u_ioclk_0" LOCATION="X0Y59Z0"
SYN-1001 : ADC: Instance "u_ph1p35_324_ddr_wrapper/u_ddr2/ph1p_ddrmc_wrapper/ph1p_ddrmc_top/u_ddr_phy/u_ddrphy_top/u_ddrphy_clk/ioclk[0]$u_ioclk_1" LOCATION="X0Y59Z1"
SYN-1001 : ADC: Instance "u_ph1p35_324_ddr_wrapper/u_ddr2/ph1p_ddrmc_wrapper/ph1p_ddrmc_top/u_ddr_phy/u_ddrphy_top/u_ddrphy_clk/ioclk[1]$u_ioclk_0" LOCATION="X0Y19Z0"
SYN-1001 : ADC: Instance "u_ph1p35_324_ddr_wrapper/u_ddr2/ph1p_ddrmc_wrapper/ph1p_ddrmc_top/u_ddr_phy/u_ddrphy_top/u_ddrphy_clk/ioclk[1]$u_ioclk_1" LOCATION="X0Y19Z1"
SYN-1001 : ADC: Instance "u_ph1p35_324_ddr_wrapper/u_ddr2/ph1p_ddrmc_wrapper/ph1p_ddrmc_top/u_ddr_phy/u_ddrphy_top/u_ddrphy_clk/u_mlclk_1" LOCATION="X0Y59Z0"
SYN-1001 : ADC: Instance "u_ph1p35_324_ddr_wrapper/u_ddr2/ph1p_ddrmc_wrapper/ph1p_ddrmc_top/u_ddr_phy/u_ddrphy_top/u_ddrphy_clk/u_mlclk_2" LOCATION="X0Y59Z1"
SYN-1001 : ADC: Instance "u_ph1p35_324_ddr_wrapper/u_ddr2/ph1p_ddrmc_wrapper/ph1p_ddrmc_top/u_ddr_phy/u_ddrphy_top/u_ddrphy_clk/u_pll0/u_pll_inst" LOCATION="X0Y40Z0"
SYN-1001 : ADC: Instance "u_ph1p35_324_ddr_wrapper/u_ddr2/ph1p_ddrmc_wrapper/ph1p_ddrmc_top/u_ddr_phy/u_ddrphy_top/u_ddrphy_clk/u_pll1/u_pll_inst" LOCATION="X0Y79Z0"
PHY-1001 : Remove keep and sweep redundant instances ...
PHY-1001 : 10259 luts, 14745 seqs, 416 mslices, 3265 lslices, 53 pads, 50 brams, 8 dsps
PHY-1001 : End Stage 1.1 | Build Design; Time: 0.680100s wall, 0.515625s user + 0.156250s system = 0.671875s CPU (98.8%); Memory(MB): used = 799, reserved = 823, peak = 799;

PHY-1001 : Stage 1.2 | Optimize Design
OPT-1001 : Stage 1.2.1 | Simplify Lut
OPT-1001 : End Stage 1.2.1 | Simplify Lut; Time: 0.101784s wall, 0.093750s user + 0.015625s system = 0.109375s CPU (107.5%); Memory(MB): used = 801, reserved = 823, peak = 801;

OPT-1001 : Stage 1.2.2 | Sweep
OPT-1001 : End Stage 1.2.2 | Sweep; Time: 0.033922s wall, 0.031250s user + 0.000000s system = 0.031250s CPU (92.1%); Memory(MB): used = 801, reserved = 823, peak = 801;

OPT-1001 : Stage 1.2.3 | Merge Lut
OPT-1001 : Start remap optimization ...
RUN-1001 :   Added 0 lut1 for undup drivers
OPT-1001 : skip lut merge since lut number 10256 is similar to or less than reg number 14745
OPT-1001 : End Stage 1.2.3 | Merge Lut; Time: 0.063554s wall, 0.062500s user + 0.000000s system = 0.062500s CPU (98.3%); Memory(MB): used = 801, reserved = 823, peak = 801;

OPT-1001 : Stage 1.2.4 | Synthesize High-fanout Net
OPT-1001 : Start high-fanout net optimization in pre-place flow with medium effort ...
RUN-1001 : HFN opt statistic
RUN-1001 : ------------------------------------------------------
RUN-1001 :   DriverCell type  |  HFN count  |  Duplicated count  
RUN-1001 : ------------------------------------------------------
RUN-1001 :       LSLICE       |      0      |         0          
RUN-1001 :       MSLICE       |      0      |         0          
RUN-1001 :        TOTAL       |      0      |         0          
RUN-1001 : ------------------------------------------------------
OPT-1001 : End high-fanout net optimization;  0.001915s wall, 0.000000s user + 0.000000s system = 0.000000s CPU (n/a%)

OPT-1001 : Current memory(MB): used = 801, reserved = 823, peak = 801.
OPT-1001 : End Stage 1.2.4 | Synthesize High-fanout Net; Time: 0.003164s wall, 0.000000s user + 0.000000s system = 0.000000s CPU (n/a%); Memory(MB): used = 801, reserved = 823, peak = 801;

OPT-1001 : End physical optimization;  0.205759s wall, 0.187500s user + 0.015625s system = 0.203125s CPU (98.7%)

PHY-1001 : End Stage 1.2 | Optimize Design; Time: 0.207209s wall, 0.187500s user + 0.015625s system = 0.203125s CPU (98.0%); Memory(MB): used = 801, reserved = 823, peak = 801;

PHY-1001 : Stage 1.3 | Initialize Clock
PHY-1001 : Start to synthesize physical clock networks.
RUN-1002 : start command "start_timer"
RUN-1003 : finish command "start_timer" in  2.032639s wall, 1.875000s user + 0.125000s system = 2.000000s CPU (98.4%)

RUN-1004 : used memory is 832 MB, reserved memory is 832 MB, peak memory is 832 MB
PHY-5060 CRITICAL-WARNING: Clock net candidate u_uicfgcs500/uii2c_inst/scl_clk has mixed fanouts of 1 clock pins; 2 data/ctrl pins. Please check connection of the net in design.
PHY-5060 CRITICAL-WARNING: Clock net candidate O_cam_24m_syn_3 has mixed fanouts of 150 clock pins; 1 data/ctrl pins. Please check connection of the net in design.
PHY-1001 : Populate physical database on model design_top_wrapper.
RUN-1001 : There are total 28904 instances
RUN-0007 : 10256 luts, 14745 seqs, 416 mslices, 3265 lslices, 53 pads, 50 brams, 8 dsps
RUN-1001 : There are total 39339 nets
RUN-1001 : 26742 nets have 2 pins
RUN-1001 : 9997 nets have [3 - 5] pins
RUN-1001 : 1828 nets have [6 - 10] pins
RUN-1001 : 434 nets have [11 - 20] pins
RUN-1001 : 293 nets have [21 - 99] pins
RUN-1001 : 45 nets have 100+ pins
PHY-1001 : Start to check user instance location assignments; please refer to ADC constraint.
PHY-1001 : End Stage 1.3 | Initialize Clock; Time: 4.342414s wall, 3.859375s user + 0.375000s system = 4.234375s CPU (97.5%); Memory(MB): used = 844, reserved = 843, peak = 844;

PHY-1001 : End Stage 1 | Initialize Design; Time: 5.314064s wall, 4.656250s user + 0.562500s system = 5.218750s CPU (98.2%); Memory(MB): used = 844, reserved = 843, peak = 844;

PHY-1001 : Stage 2 | Global Placement
RUN-1001 : Report Control nets information:
RUN-1001 : DFF Distribution
RUN-1001 : -------------------------------------
RUN-1001 :   CE   |  SSR  |  ASR  |  DFF Count  
RUN-1001 : -------------------------------------
RUN-1001 :   No   |  No   |  No   |    6907     
RUN-1001 :   No   |  No   |  Yes  |    3968     
RUN-1001 :   No   |  Yes  |  No   |     218     
RUN-1001 :   Yes  |  No   |  No   |     376     
RUN-1001 :   Yes  |  No   |  Yes  |    3370     
RUN-1001 :   Yes  |  Yes  |  No   |     146     
RUN-1001 : -------------------------------------
RUN-1001 : Control Group Statistic
RUN-1001 : -----------------------------
RUN-1001 :   #CLK  |  #CE  |  #SSR/ASR  
RUN-1001 : -----------------------------
RUN-1001 :    11   |  142  |     31     
RUN-1001 : -----------------------------
RUN-0007 : Control Set = 187
PHY-1001 : Stage 2.1 | Place Fixed Instances
PHY-1001 : Processing 2 clock pins of DDR instance u_ph1p35_324_ddr_wrapper/u_ddr2/ph1p_ddrmc_wrapper/ph1p_ddrmc_top/u_ddr_phy/u_ddrphy_top/u_ddrphy/ac_byte[0]$ac_byte_used$u_ddrphy_ac_byte_wrapper/u_ddrphy_byte, location = x0y70z0.
PHY-1001 :   User location X0Y59Z1 of ioclk instance u_ph1p35_324_ddr_wrapper/u_ddr2/ph1p_ddrmc_wrapper/ph1p_ddrmc_top/u_ddr_phy/u_ddrphy_top/u_ddrphy_clk/ioclk[0]$u_ioclk_1.
PHY-1001 :   Placement of ioclk instance u_ph1p35_324_ddr_wrapper/u_ddr2/ph1p_ddrmc_wrapper/ph1p_ddrmc_top/u_ddr_phy/u_ddrphy_top/u_ddrphy_clk/ioclk[0]$u_ioclk_1; location = x0y59z1.
PHY-1001 :   User location X0Y59Z0 of ioclk instance u_ph1p35_324_ddr_wrapper/u_ddr2/ph1p_ddrmc_wrapper/ph1p_ddrmc_top/u_ddr_phy/u_ddrphy_top/u_ddrphy_clk/ioclk[0]$u_ioclk_0.
PHY-1001 :   Placement of ioclk instance u_ph1p35_324_ddr_wrapper/u_ddr2/ph1p_ddrmc_wrapper/ph1p_ddrmc_top/u_ddr_phy/u_ddrphy_top/u_ddrphy_clk/ioclk[0]$u_ioclk_0; location = x0y59z0.
PHY-1001 : Processing 2 clock pins of DDR instance u_ph1p35_324_ddr_wrapper/u_ddr2/ph1p_ddrmc_wrapper/ph1p_ddrmc_top/u_ddr_phy/u_ddrphy_top/u_ddrphy/ac_byte[1]$ac_byte_used$u_ddrphy_ac_byte_wrapper/u_ddrphy_byte, location = x0y60z0.
PHY-1001 :   Placed ioclk instance u_ph1p35_324_ddr_wrapper/u_ddr2/ph1p_ddrmc_wrapper/ph1p_ddrmc_top/u_ddr_phy/u_ddrphy_top/u_ddrphy_clk/ioclk[0]$u_ioclk_1, location = x0y59z1.
PHY-1001 :   Placed ioclk instance u_ph1p35_324_ddr_wrapper/u_ddr2/ph1p_ddrmc_wrapper/ph1p_ddrmc_top/u_ddr_phy/u_ddrphy_top/u_ddrphy_clk/ioclk[0]$u_ioclk_0, location = x0y59z0.
PHY-1001 : Processing 2 clock pins of DDR instance u_ph1p35_324_ddr_wrapper/u_ddr2/ph1p_ddrmc_wrapper/ph1p_ddrmc_top/u_ddr_phy/u_ddrphy_top/u_ddrphy/ac_byte[2]$ac_byte_used$u_ddrphy_ac_byte_wrapper/u_ddrphy_byte, location = x0y50z0.
PHY-1001 :   Placed ioclk instance u_ph1p35_324_ddr_wrapper/u_ddr2/ph1p_ddrmc_wrapper/ph1p_ddrmc_top/u_ddr_phy/u_ddrphy_top/u_ddrphy_clk/ioclk[0]$u_ioclk_1, location = x0y59z1.
PHY-1001 :   Placed ioclk instance u_ph1p35_324_ddr_wrapper/u_ddr2/ph1p_ddrmc_wrapper/ph1p_ddrmc_top/u_ddr_phy/u_ddrphy_top/u_ddrphy_clk/ioclk[0]$u_ioclk_0, location = x0y59z0.
PHY-1001 : Processing 2 clock pins of DDR instance u_ph1p35_324_ddr_wrapper/u_ddr2/ph1p_ddrmc_wrapper/ph1p_ddrmc_top/u_ddr_phy/u_ddrphy_top/u_ddrphy/ac_byte[3]$ac_byte_used$u_ddrphy_ac_byte_wrapper/u_ddrphy_byte, location = x0y40z0.
PHY-1001 :   Placed ioclk instance u_ph1p35_324_ddr_wrapper/u_ddr2/ph1p_ddrmc_wrapper/ph1p_ddrmc_top/u_ddr_phy/u_ddrphy_top/u_ddrphy_clk/ioclk[0]$u_ioclk_1, location = x0y59z1.
PHY-1001 :   Placed ioclk instance u_ph1p35_324_ddr_wrapper/u_ddr2/ph1p_ddrmc_wrapper/ph1p_ddrmc_top/u_ddr_phy/u_ddrphy_top/u_ddrphy_clk/ioclk[0]$u_ioclk_0, location = x0y59z0.
PHY-1001 : Processing 2 clock pins of DDR instance u_ph1p35_324_ddr_wrapper/u_ddr2/ph1p_ddrmc_wrapper/ph1p_ddrmc_top/u_ddr_phy/u_ddrphy_top/u_ddrphy/dx_byte[0]$dx_byte_used$u_ddrphy_dx_byte_wrapper/u_ddrphy_byte, location = x0y30z0.
PHY-1001 :   User location X0Y19Z1 of ioclk instance u_ph1p35_324_ddr_wrapper/u_ddr2/ph1p_ddrmc_wrapper/ph1p_ddrmc_top/u_ddr_phy/u_ddrphy_top/u_ddrphy_clk/ioclk[1]$u_ioclk_1.
PHY-1001 :   Placement of ioclk instance u_ph1p35_324_ddr_wrapper/u_ddr2/ph1p_ddrmc_wrapper/ph1p_ddrmc_top/u_ddr_phy/u_ddrphy_top/u_ddrphy_clk/ioclk[1]$u_ioclk_1; location = x0y19z1.
PHY-1001 :   User location X0Y19Z0 of ioclk instance u_ph1p35_324_ddr_wrapper/u_ddr2/ph1p_ddrmc_wrapper/ph1p_ddrmc_top/u_ddr_phy/u_ddrphy_top/u_ddrphy_clk/ioclk[1]$u_ioclk_0.
PHY-1001 :   Placement of ioclk instance u_ph1p35_324_ddr_wrapper/u_ddr2/ph1p_ddrmc_wrapper/ph1p_ddrmc_top/u_ddr_phy/u_ddrphy_top/u_ddrphy_clk/ioclk[1]$u_ioclk_0; location = x0y19z0.
PHY-1001 : Processing 2 clock pins of DDR instance u_ph1p35_324_ddr_wrapper/u_ddr2/ph1p_ddrmc_wrapper/ph1p_ddrmc_top/u_ddr_phy/u_ddrphy_top/u_ddrphy/dx_byte[1]$dx_byte_used$u_ddrphy_dx_byte_wrapper/u_ddrphy_byte, location = x0y10z0.
PHY-1001 :   Placed ioclk instance u_ph1p35_324_ddr_wrapper/u_ddr2/ph1p_ddrmc_wrapper/ph1p_ddrmc_top/u_ddr_phy/u_ddrphy_top/u_ddrphy_clk/ioclk[1]$u_ioclk_1, location = x0y19z1.
PHY-1001 :   Placed ioclk instance u_ph1p35_324_ddr_wrapper/u_ddr2/ph1p_ddrmc_wrapper/ph1p_ddrmc_top/u_ddr_phy/u_ddrphy_top/u_ddrphy_clk/ioclk[1]$u_ioclk_0, location = x0y19z0.
PHY-1001 : DDR MLCLK topology u_ph1p35_324_ddr_wrapper/u_ddr2/ph1p_ddrmc_wrapper/ph1p_ddrmc_top/u_ddr_phy/u_ddrphy_top/u_ddrphy_clk/u_mlclk_1.
PHY-1001 :   Driver: PH1P_PHY_PLL_V2 u_ph1p35_324_ddr_wrapper/u_ddr2/ph1p_ddrmc_wrapper/ph1p_ddrmc_top/u_ddr_phy/u_ddrphy_top/u_ddrphy_clk/u_pll0/u_pll_inst.clkc[1], user location :X0Y40Z0.
PHY-1001 :   Sink: PH1P_PHY_IOCLK u_ph1p35_324_ddr_wrapper/u_ddr2/ph1p_ddrmc_wrapper/ph1p_ddrmc_top/u_ddr_phy/u_ddrphy_top/u_ddrphy_clk/ioclk[0]$u_ioclk_0, location = x0y59z0, sectorID = 1.
PHY-1001 :   Sink: PH1P_PHY_IOCLK u_ph1p35_324_ddr_wrapper/u_ddr2/ph1p_ddrmc_wrapper/ph1p_ddrmc_top/u_ddr_phy/u_ddrphy_top/u_ddrphy_clk/ioclk[1]$u_ioclk_0, location = x0y19z0, sectorID = 0.
PHY-1001 : Placement of MLCLK instance u_ph1p35_324_ddr_wrapper/u_ddr2/ph1p_ddrmc_wrapper/ph1p_ddrmc_top/u_ddr_phy/u_ddrphy_top/u_ddrphy_clk/u_mlclk_1; location = x0y59z0,  sectorID = 1.
PHY-1001 : DDR MLCLK topology u_ph1p35_324_ddr_wrapper/u_ddr2/ph1p_ddrmc_wrapper/ph1p_ddrmc_top/u_ddr_phy/u_ddrphy_top/u_ddrphy_clk/u_mlclk_2.
PHY-1001 :   Driver: PH1P_PHY_PLL_V2 u_ph1p35_324_ddr_wrapper/u_ddr2/ph1p_ddrmc_wrapper/ph1p_ddrmc_top/u_ddr_phy/u_ddrphy_top/u_ddrphy_clk/u_pll0/u_pll_inst.clkc[2], user location :X0Y40Z0.
PHY-1001 :   Sink: PH1P_PHY_IOCLK u_ph1p35_324_ddr_wrapper/u_ddr2/ph1p_ddrmc_wrapper/ph1p_ddrmc_top/u_ddr_phy/u_ddrphy_top/u_ddrphy_clk/ioclk[0]$u_ioclk_1, location = x0y59z1, sectorID = 1.
PHY-1001 :   Sink: PH1P_PHY_IOCLK u_ph1p35_324_ddr_wrapper/u_ddr2/ph1p_ddrmc_wrapper/ph1p_ddrmc_top/u_ddr_phy/u_ddrphy_top/u_ddrphy_clk/ioclk[1]$u_ioclk_1, location = x0y19z1, sectorID = 0.
PHY-1001 : Placement of MLCLK instance u_ph1p35_324_ddr_wrapper/u_ddr2/ph1p_ddrmc_wrapper/ph1p_ddrmc_top/u_ddr_phy/u_ddrphy_top/u_ddrphy_clk/u_mlclk_2; location = x0y59z1,  sectorID = 1.
PHY-5016 WARNING: PLL clkc is driving an IO without location.
PHY-5016 WARNING: PLL clkc is not driving a clock-capable IO.
PHY-5016 WARNING: PLL clkc is driving an IO without location.
PHY-5016 WARNING: PLL clkc is driving an IO without location.
PHY-5016 WARNING: PLL clkc is driving an IO without location.
PHY-5016 WARNING: PLL clkc is not driving a clock-capable IO.
PHY-1001 : End Stage 2.1 | Place Fixed Instances; Time: 0.120195s wall, 0.078125s user + 0.031250s system = 0.109375s CPU (91.0%); Memory(MB): used = 872, reserved = 871, peak = 872;

PHY-1001 : Stage 2.2 | Pre-Place DRC Check
PHY-1001 : Stage 2.2.1 | Force Route Constraint Check
PHY-1001 : Check Pass.
PHY-1001 : End Stage 2.2.1 | Force Route Constraint Check; Time: 0.004492s wall, 0.015625s user + 0.000000s system = 0.015625s CPU (347.8%); Memory(MB): used = 872, reserved = 871, peak = 872;

PHY-1001 : End Stage 2.2 | Pre-Place DRC Check; Time: 0.005223s wall, 0.015625s user + 0.000000s system = 0.015625s CPU (299.2%); Memory(MB): used = 872, reserved = 871, peak = 872;

PHY-1001 : Clock GCLK Statistics:
RUN-1001 : GCLK Index: 
RUN-1001 : -------------------------------------------------------------------------------------------------------------------------------------------------------
RUN-1001 :   Index  |                                                          Clock GCLK                                                           |  Location   
RUN-1001 : -------------------------------------------------------------------------------------------------------------------------------------------------------
RUN-1001 :     1    |                           u_mipi_dphy_rx_ph1p_mipiio_wrapper/u_ph1p_mipiio_rx_wrapper/bufg_feedback                           |  x23y39z1   
RUN-1001 :     2    |   u_ph1p35_324_ddr_wrapper/u_ddr2/ph1p_ddrmc_wrapper/ph1p_ddrmc_top/u_ddr_phy/u_ddrphy_top/u_ddrphy_clk/u_pll1/u_bufg_fbclk   |  x23y39z16  
RUN-1001 :     3    |                                               S_hdmi_pixel_clk_created_gclkinst                                               |  x23y39z17  
RUN-1001 :     4    |                                           u_mcu_ui_apb_regs/I_clk_created_gclkinst                                            |  x23y39z18  
RUN-1001 :     5    |                                                   cwc_jtck_created_gclkinst                                                   |  x23y39z0   
RUN-1001 :     6    |                                               O_cam_24m_dup_1_created_gclkinst                                                |  x23y39z19  
RUN-1001 :     7    |                                               I_sys_clk_dup_6_created_gclkinst                                                |  x23y39z24  
RUN-1001 :     8    |                          u_hdmi_tx/u_hdmi2phy_wrapper/u0_lane_lvds_8_1/I_serial_clk_created_gclkinst                          |  x23y39z20  
RUN-1001 :     9    |  u_ph1p35_324_ddr_wrapper/u_ddr2/ph1p_ddrmc_wrapper/ph1p_ddrmc_top/u_ddr_phy/u_ddrphy_top/u_ddrphy/apb_pclk_created_gclkinst  |  x23y39z21  
RUN-1001 :    10    |                                       u_uicfgcs500/uii2c_inst/scl_clk_created_gclkinst                                        |  x23y39z2   
RUN-1001 :    11    |                                                      u_PLL/bufg_feedback                                                      |  x23y39z22  
RUN-1001 :    12    |                                                S_mcu_ahb_clk_created_gclkinst                                                 |  x23y39z3   
RUN-1001 :    13    |                                     u_mcu/MCU_521bd43d073e_Inst/core_clk_created_gclkinst                                     |  x23y39z23  
RUN-1001 : -------------------------------------------------------------------------------------------------------------------------------------------------------
RUN-1001 : Clock Nets Connect To GCLK Statistics: 
RUN-1001 : -----------------------------------------------------------------------------------------------------------------------------------------------------------------------------------------
RUN-1001 :   Index  |                        Leading Net                        |  CLK/DATA/IO/PLL Sink(s)  |                       Following Net                       |  CLK/DATA/IO/PLL Sink(s)  
RUN-1001 : -----------------------------------------------------------------------------------------------------------------------------------------------------------------------------------------
RUN-1001 :     1    | u_mipi_dphy_rx_ph1p_mipiio_wrapper/u_ph1p_mipiio_rx_w...  |          1/0/0/0          | u_isp_top/u_rgb96_downscale_crop/u_scale_line_buffer/...  |        8723/0/0/0         
RUN-1001 :     2    | u_ph1p35_324_ddr_wrapper/u_ddr2/ph1p_ddrmc_wrapper/ph...  |          1/0/0/0          | u_ph1p35_324_ddr_wrapper/u_ddr2/ph1p_ddrmc_wrapper/ph...  |        3545/0/0/0         
RUN-1001 :     3    |                     S_hdmi_pixel_clk                      |          1/0/0/0          |                 S_hdmi_pixel_clk_syn_652                  |        1509/0/0/0         
RUN-1001 :     4    |                  u_mcu_ui_apb_regs/I_clk                  |          1/0/0/0          |               u_mcu_ui_apb_regs/I_clk_syn_1               |         552/0/0/0         
RUN-1001 :     5    |                         cwc_jtck                          |          1/0/0/0          |                      cwc_jtck_syn_1                       |         285/0/0/0         
RUN-1001 :     6    |                      O_cam_24m_dup_1                      |          1/0/0/0          |                      O_cam_24m_syn_3                      |         150/1/0/0         
RUN-1001 :     7    |                      I_sys_clk_dup_6                      |          3/0/0/0          |                      I_sys_clk_syn_8                      |         137/0/0/0         
RUN-1001 :     8    | u_hdmi_tx/u_hdmi2phy_wrapper/u0_lane_lvds_8_1/I_seria...  |          1/0/0/0          | u_hdmi_tx/u_hdmi2phy_wrapper/u0_lane_lvds_8_1/I_seria...  |         61/0/0/0          
RUN-1001 :     9    | u_ph1p35_324_ddr_wrapper/u_ddr2/ph1p_ddrmc_wrapper/ph...  |          1/0/0/0          | u_ph1p35_324_ddr_wrapper/u_ddr2/ph1p_ddrmc_wrapper/ph...  |         43/0/0/0          
RUN-1001 :    10    |              u_uicfgcs500/uii2c_inst/scl_clk              |          1/2/0/0          |           u_uicfgcs500/uii2c_inst/scl_clk_syn_9           |         24/0/0/0          
RUN-1001 :    11    |                      u_PLL/clk0_buf                       |          1/0/0/0          | u_mipi_dphy_rx_ph1p_mipiio_wrapper/u_ph1p_mipiio_rx_w...  |         14/0/0/0          
RUN-1001 :    12    |                       S_mcu_ahb_clk                       |          1/0/0/0          |                    S_mcu_ahb_clk_syn_5                    |          1/0/0/0          
RUN-1001 :    13    |           u_mcu/MCU_521bd43d073e_Inst/core_clk            |          1/0/0/0          |        u_mcu/MCU_521bd43d073e_Inst/core_clk_syn_1         |          1/0/0/0          
RUN-1001 : -----------------------------------------------------------------------------------------------------------------------------------------------------------------------------------------
PHY-1001 : Stage 2.3 | Global Placement Step 1
PHY-3001 : Target density is 60%
PHY-1001 : Stage 2.3.1 | Update Timing
RUN-1002 : start command "start_timer"
RUN-1003 : finish command "start_timer" in  2.202789s wall, 1.968750s user + 0.187500s system = 2.156250s CPU (97.9%)

RUN-1004 : used memory is 908 MB, reserved memory is 907 MB, peak memory is 908 MB
PHY-1001 : SWNS: -506, STNS: -5631, FEP: 51
PHY-3001 : tot_pins 280334 tot_hfn_pins 22039 perc. 7 tot_hhfn_pins 5960 perc. 2
PHY-1001 : End Stage 2.3.1 | Update Timing; Time: 4.239798s wall, 3.750000s user + 0.343750s system = 4.093750s CPU (96.6%); Memory(MB): used = 909, reserved = 908, peak = 909;

PHY-0007 : Cell area utilization is 52%
RUN-1001 : Huge Net Statistic
RUN-1001 : ----------------------------------------------------------------------------------------------------------------------------------------------------------------------------------------
RUN-1001 :   Fanout  |  Slack  |                                                                                Net                                                                                
RUN-1001 : ----------------------------------------------------------------------------------------------------------------------------------------------------------------------------------------
RUN-1001 :    3399   |   Inf   |                                u_ph1p35_324_ddr_wrapper/u_ddr2/ph1p_ddrmc_wrapper/ph1p_ddrmc_top/u_ddr_phy/u_ddrphy_top/sys_rst_n                                 
RUN-1001 :    1472   |  11982  |                                u_ph1p35_324_ddr_wrapper/u_ddr2/ph1p_ddrmc_wrapper/ph1p_ddrmc_top/u_alc_mc_top/u_rbuf_addr_fifo/rst                                
RUN-1001 :    1089   |   Inf   |  u_ph1p35_324_ddr_wrapper/u_ddr2/ph1p_ddrmc_wrapper/ph1p_ddrmc_top/u_ddr_phy/u_ddrphy_top/u_ddrphy/dx_byte[1]$dx_byte_used$u_ddrphy_dx_byte_wrapper/dx_phy_rst_n  
RUN-1001 : ----------------------------------------------------------------------------------------------------------------------------------------------------------------------------------------
PHY-3001 : Clustering ...
PHY-3001 : End clustering;  0.179832s wall, 0.515625s user + 0.343750s system = 0.859375s CPU (477.9%)

PHY-3001 : Target density is 60%
PHY-1001 : Stage 2.3.2 | GP Iteration
PHY-1001 : End Stage 2.3.2 | GP Iteration; Time: 3.353824s wall, 11.718750s user + 4.312500s system = 16.031250s CPU (478.0%); Memory(MB): used = 920, reserved = 918, peak = 920;

PHY-3001 : Multithread accelerating rate: 4.72
RUN-1002 : start command "start_timer"
USR-1002 : Derived clock:  create_generated_clock -name {u_PLL/ph1p_phy_pll_wrapper_25a56e5ce2f9_Inst/u_PH1P_PHY_PLL.clkc[0]} -source [get_ports {I_sys_clk}] -master_clock {sys_clk_50m} -multiply_by 2.0000 -duty_cycle 50.0000 [get_pins {u_PLL/ph1p_phy_pll_wrapper_25a56e5ce2f9_Inst/u_PH1P_PHY_PLL.clkc[0]}]
USR-1002 : Derived clock:  create_generated_clock -name {u_PLL/ph1p_phy_pll_wrapper_25a56e5ce2f9_Inst/u_PH1P_PHY_PLL.clkc[1]} -source [get_ports {I_sys_clk}] -master_clock {sys_clk_50m} -divide_by 2.1000 -duty_cycle 50.0000 [get_pins {u_PLL/ph1p_phy_pll_wrapper_25a56e5ce2f9_Inst/u_PH1P_PHY_PLL.clkc[1]}]
USR-1002 : Derived clock:  create_generated_clock -name {u_PLL/ph1p_phy_pll_wrapper_25a56e5ce2f9_Inst/u_PH1P_PHY_PLL.clkc[2]} -source [get_ports {I_sys_clk}] -master_clock {sys_clk_50m} -multiply_by 1.0000 -duty_cycle 50.0000 [get_pins {u_PLL/ph1p_phy_pll_wrapper_25a56e5ce2f9_Inst/u_PH1P_PHY_PLL.clkc[2]}]
USR-1002 : Derived clock:  create_generated_clock -name {u_PLL/ph1p_phy_pll_wrapper_25a56e5ce2f9_Inst/u_PH1P_PHY_PLL.clkc[3]} -source [get_ports {I_sys_clk}] -master_clock {sys_clk_50m} -multiply_by 6.0000 -duty_cycle 50.0000 [get_pins {u_PLL/ph1p_phy_pll_wrapper_25a56e5ce2f9_Inst/u_PH1P_PHY_PLL.clkc[3]}]
USR-1002 : Derived clock:  create_generated_clock -name {u_PLL/ph1p_phy_pll_wrapper_25a56e5ce2f9_Inst/u_PH1P_PHY_PLL.clkc[4]} -source [get_ports {I_sys_clk}] -master_clock {sys_clk_50m} -multiply_by 1.5000 -duty_cycle 50.0000 [get_pins {u_PLL/ph1p_phy_pll_wrapper_25a56e5ce2f9_Inst/u_PH1P_PHY_PLL.clkc[4]}]
USR-1002 : Derived clock:  create_generated_clock -name {u_PLL/ph1p_phy_pll_wrapper_25a56e5ce2f9_Inst/u_PH1P_PHY_PLL.clkc[5]} -source [get_ports {I_sys_clk}] -master_clock {sys_clk_50m} -multiply_by 7.5000 -duty_cycle 50.0000 [get_pins {u_PLL/ph1p_phy_pll_wrapper_25a56e5ce2f9_Inst/u_PH1P_PHY_PLL.clkc[5]}]
USR-1002 : Derived clock:  create_generated_clock -name {u_ph1p35_324_ddr_wrapper/u_ddr2/ph1p_ddrmc_wrapper/ph1p_ddrmc_top/u_ddr_phy/u_ddrphy_top/u_ddrphy_clk/u_pll0/u_pll_inst.clkc[0]} -source [get_ports {I_sys_clk}] -master_clock {sys_clk_50m} -multiply_by 1.3333 -duty_cycle 50.0000 [get_pins {u_ph1p35_324_ddr_wrapper/u_ddr2/ph1p_ddrmc_wrapper/ph1p_ddrmc_top/u_ddr_phy/u_ddrphy_top/u_ddrphy_clk/u_pll0/u_pll_inst.clkc[0]}]
USR-1002 : Derived clock:  create_generated_clock -name {u_ph1p35_324_ddr_wrapper/u_ddr2/ph1p_ddrmc_wrapper/ph1p_ddrmc_top/u_ddr_phy/u_ddrphy_top/u_ddrphy_clk/u_pll0/u_pll_inst.clkc[1]} -source [get_ports {I_sys_clk}] -master_clock {sys_clk_50m} -multiply_by 1.3333 -duty_cycle 50.0000 [get_pins {u_ph1p35_324_ddr_wrapper/u_ddr2/ph1p_ddrmc_wrapper/ph1p_ddrmc_top/u_ddr_phy/u_ddrphy_top/u_ddrphy_clk/u_pll0/u_pll_inst.clkc[1]}]
USR-1002 : Derived clock:  create_generated_clock -name {u_ph1p35_324_ddr_wrapper/u_ddr2/ph1p_ddrmc_wrapper/ph1p_ddrmc_top/u_ddr_phy/u_ddrphy_top/u_ddrphy_clk/u_pll0/u_pll_inst.clkc[2]} -source [get_ports {I_sys_clk}] -master_clock {sys_clk_50m} -multiply_by 5.3333 -duty_cycle 50.0000 [get_pins {u_ph1p35_324_ddr_wrapper/u_ddr2/ph1p_ddrmc_wrapper/ph1p_ddrmc_top/u_ddr_phy/u_ddrphy_top/u_ddrphy_clk/u_pll0/u_pll_inst.clkc[2]}]
USR-1002 : Derived clock:  create_generated_clock -name {u_ph1p35_324_ddr_wrapper/u_ddr2/ph1p_ddrmc_wrapper/ph1p_ddrmc_top/u_ddr_phy/u_ddrphy_top/u_ddrphy_clk/u_pll0/u_pll_inst.clkc[3]} -source [get_ports {I_sys_clk}] -master_clock {sys_clk_50m} -divide_by 1.9687 -duty_cycle 50.0000 [get_pins {u_ph1p35_324_ddr_wrapper/u_ddr2/ph1p_ddrmc_wrapper/ph1p_ddrmc_top/u_ddr_phy/u_ddrphy_top/u_ddrphy_clk/u_pll0/u_pll_inst.clkc[3]}]
USR-1002 : Derived clock:  create_generated_clock -name {u_ph1p35_324_ddr_wrapper/u_ddr2/ph1p_ddrmc_wrapper/ph1p_ddrmc_top/u_ddr_phy/u_ddrphy_top/u_ddrphy_clk/u_pll1/u_pll_inst.clkc[0]} -source [get_pins {u_ph1p35_324_ddr_wrapper/u_ddr2/ph1p_ddrmc_wrapper/ph1p_ddrmc_top/u_ddr_phy/u_ddrphy_top/u_ddrphy_clk/u_pll0/u_pll_inst.clkc[0]}] -master_clock {u_ph1p35_324_ddr_wrapper/u_ddr2/ph1p_ddrmc_wrapper/ph1p_ddrmc_top/u_ddr_phy/u_ddrphy_top/u_ddrphy_clk/u_pll0/u_pll_inst.clkc[0]} -multiply_by 1.0000 -duty_cycle 50.0000 [get_pins {u_ph1p35_324_ddr_wrapper/u_ddr2/ph1p_ddrmc_wrapper/ph1p_ddrmc_top/u_ddr_phy/u_ddrphy_top/u_ddrphy_clk/u_pll1/u_pll_inst.clkc[0]}]
8.888000
15.000000
15.000000
13.333000
RUN-1003 : finish command "start_timer" in  3.208755s wall, 2.937500s user + 0.171875s system = 3.109375s CPU (96.9%)

RUN-1004 : used memory is 920 MB, reserved memory is 918 MB, peak memory is 920 MB
TMR-2502 : Net delay update with mode: Placed
PHY-3001 : No need to merge 9x9 Dsps.
PHY-1001 : Populate physical database on model design_top_wrapper.
PHY-1001 : End Stage 2.3 | Global Placement Step 1; Time: 13.502331s wall, 21.281250s user + 5.281250s system = 26.562500s CPU (196.7%); Memory(MB): used = 979, reserved = 977, peak = 979;

PHY-1001 : Stage 2.4 | RAM/DSP Legalization and Detailed Placement
PHY-1001 : Stage 2.4.1 | Legalization
PHY-3001 : Before Legalized: Len = 1.87419e+06
PHY-3001 : After Legalized: Len = 1.88219e+06, Over = 125.969
PHY-1001 : End Stage 2.4.1 | Legalization; Time: 2.279065s wall, 2.156250s user + 0.062500s system = 2.218750s CPU (97.4%); Memory(MB): used = 981, reserved = 978, peak = 981;

PHY-1001 : Stage 2.4.2 | Detailed Placement
PHY-1001 : Stage 2.4.2.1 | Simulated Annealing Based DP
PHY-0007 : Initial: WL Cost = 157144, TD Cost = 220551, SWNS = 380, STNS = 0, Nums per T = 580, Range Limit = 2x32
PHY-0007 : Finally: WL Cost = 154148, TD Cost = 219741, WL Ratio = 0.980931, TD Ratio = 0.996328, SWNS = 380, STNS = 0
RUN-1001 : Print Detailed placement's Summary information
RUN-1001 : -------------------------------------------------------------------------------------------------------------------------------
RUN-1001 :             |  Total  |  Accept  |  Reject by overFlow  |  Reject by worseCost  |  Failed by noTarget  |  Failed by gridCheck  
RUN-1001 : -------------------------------------------------------------------------------------------------------------------------------
RUN-1001 :   RAM/DSPs  |  2320   |    64    |          0           |         2256          |          0           |           0           
RUN-1001 :    Macros   |   346   |    7     |          0           |          339          |          0           |           0           
RUN-1001 : -------------------------------------------------------------------------------------------------------------------------------
PHY-1001 : End Stage 2.4.2.1 | Simulated Annealing Based DP; Time: 2.561410s wall, 2.875000s user + 0.359375s system = 3.234375s CPU (126.3%); Memory(MB): used = 984, reserved = 982, peak = 984;

PHY-3001 : End Detailed Place; 
PHY-1001 : End Stage 2.4.2 | Detailed Placement; Time: 2.834544s wall, 3.125000s user + 0.359375s system = 3.484375s CPU (122.9%); Memory(MB): used = 984, reserved = 982, peak = 984;

PHY-1001 : End Stage 2.4 | RAM/DSP Legalization and Detailed Placement; Time: 5.114789s wall, 5.281250s user + 0.421875s system = 5.703125s CPU (111.5%); Memory(MB): used = 984, reserved = 982, peak = 984;

PHY-1001 : Stage 2.5 | Global Placement Step 2
PHY-3001 : Target density is 60%
PHY-1001 : Stage 2.5.1 | Update Timing
PHY-1001 : SWNS: 380, STNS: 0, FEP: 0
PHY-1001 : End Stage 2.5.1 | Update Timing; Time: 0.233646s wall, 0.234375s user + 0.000000s system = 0.234375s CPU (100.3%); Memory(MB): used = 984, reserved = 982, peak = 984;

PHY-1001 : Stage 2.5.2 | Refresh Congestion
RUN-1001 : Generating global routing grids ...
RUN-1001 : Building simple global routing graph ...
PHY-1001 : Generate routing nets ...
PHY-1001 : Reuse net number 0/13510.
PHY-1001 : Global iterations in 32 thread ...
PHY-1002 : len = 1.89494e+06, over cnt = 2368(3%), over = 14000, worst = 82
PHY-1001 : End global iterations;  0.813415s wall, 1.250000s user + 0.171875s system = 1.421875s CPU (174.8%)

PHY-1001 : Congestion index:
PHY-1001 : top1  = 199.14(S 156.58, N 162.50, E 131.80, W 123.32, I 340.05, O 419.65)
PHY-1001 : top5  = 132.90(S 93.67, N 92.83, E 86.78, W 78.08, I 177.60, O 238.31)
PHY-1001 : top10 = 105.44(S 68.84, N 66.95, E 66.56, W 59.93, I 124.78, O 170.35)
PHY-1001 : top15 = 90.17(S 55.82, N 54.20, E 55.14, W 49.23, I 97.11, O 134.33)
PHY-1001 : End Stage 2.5.2 | Refresh Congestion; Time: 1.446878s wall, 1.781250s user + 0.250000s system = 2.031250s CPU (140.4%); Memory(MB): used = 1065, reserved = 1063, peak = 1065;

PHY-1001 : Stage 2.5.3 | GP Iteration
PHY-1001 : End Stage 2.5.3 | GP Iteration; Time: 5.285086s wall, 44.406250s user + 1.750000s system = 46.156250s CPU (873.3%); Memory(MB): used = 1071, reserved = 1069, peak = 1071;

PHY-3001 : Multithread accelerating rate: 8.66
PHY-1001 : End Stage 2.5 | Global Placement Step 2; Time: 9.357811s wall, 48.687500s user + 2.078125s system = 50.765625s CPU (542.5%); Memory(MB): used = 1074, reserved = 1072, peak = 1074;

PHY-1001 : Stage 2.6 | RAM/DSP Detailed Placement
PHY-1001 : Stage 2.6.1 | Detailed Placement
PHY-1001 : Stage 2.6.1.1 | Simulated Annealing Based DP
PHY-0007 : Initial: WL Cost = 136781, TD Cost = 221066, SWNS = -10, STNS = -20, Nums per T = 580, Range Limit = 2x32
PHY-0007 : Finally: WL Cost = 135958, TD Cost = 220829, WL Ratio = 0.993983, TD Ratio = 0.998929, SWNS = -10, STNS = -20
RUN-1001 : Print Detailed placement's Summary information
RUN-1001 : -------------------------------------------------------------------------------------------------------------------------------
RUN-1001 :             |  Total  |  Accept  |  Reject by overFlow  |  Reject by worseCost  |  Failed by noTarget  |  Failed by gridCheck  
RUN-1001 : -------------------------------------------------------------------------------------------------------------------------------
RUN-1001 :   RAM/DSPs  |  1740   |    14    |          0           |         1726          |          0           |           0           
RUN-1001 :    Macros   |   240   |    0     |          0           |          240          |          0           |           0           
RUN-1001 : -------------------------------------------------------------------------------------------------------------------------------
PHY-1001 : End Stage 2.6.1.1 | Simulated Annealing Based DP; Time: 0.299789s wall, 0.500000s user + 0.000000s system = 0.500000s CPU (166.8%); Memory(MB): used = 1074, reserved = 1072, peak = 1074;

PHY-3001 : End Detailed Place; 
PHY-1001 : End Stage 2.6.1 | Detailed Placement; Time: 0.571746s wall, 0.765625s user + 0.000000s system = 0.765625s CPU (133.9%); Memory(MB): used = 1074, reserved = 1072, peak = 1074;

PHY-1001 : Stage 2.6.2 | Spreading
OPT-1001 : Total overflow 546.88 peak overflow 3.84
PHY-3001 : Spreading for sector grids.
PHY-3001 : Iter 1, total overflow: 0
PHY-3001 : tot_capacity: 48, usage_cnt: 27, movable_cnt: 31
PHY-3001 : End spreading;  0.139160s wall, 0.546875s user + 0.031250s system = 0.578125s CPU (415.4%)

PHY-1001 : End Stage 2.6.2 | Spreading; Time: 0.139665s wall, 0.546875s user + 0.031250s system = 0.578125s CPU (413.9%); Memory(MB): used = 1074, reserved = 1072, peak = 1074;

PHY-1001 : End Stage 2.6 | RAM/DSP Detailed Placement; Time: 1.009644s wall, 1.578125s user + 0.031250s system = 1.609375s CPU (159.4%); Memory(MB): used = 1074, reserved = 1072, peak = 1074;

PHY-1001 : Stage 2.7 | Optimize Design
OPT-1001 : Start physical optimization ...
OPT-1001 : Total overflow 546.88 peak overflow 3.84
OPT-1001 : Stage 2.7.1 | Synthesize High-fanout Net
OPT-1001 : Start high-fanout net optimization in pre-pack flow with medium effort ...
OPT-1001 : Update timing in Manhattan mode
OPT-1001 : End timing update;  2.201041s wall, 1.937500s user + 0.125000s system = 2.062500s CPU (93.7%)

OPT-1001 : Start: SWNS -10 STNS -20 NUM_FEPS 2
OPT-1001 : Total overflow 546.88 peak overflow 3.84
PHY-1001 : Populate physical database on model design_top_wrapper.
OPT-1001 : 35 high-fanout net processed.
PHY-3001 : Start incremental placement ...
PHY-1001 : Populate physical database on model design_top_wrapper.
PHY-1001 : Processing 2 clock pins of DDR instance u_ph1p35_324_ddr_wrapper/u_ddr2/ph1p_ddrmc_wrapper/ph1p_ddrmc_top/u_ddr_phy/u_ddrphy_top/u_ddrphy/ac_byte[0]$ac_byte_used$u_ddrphy_ac_byte_wrapper/u_ddrphy_byte, location = x0y70z0.
PHY-1001 :   Placed ioclk instance u_ph1p35_324_ddr_wrapper/u_ddr2/ph1p_ddrmc_wrapper/ph1p_ddrmc_top/u_ddr_phy/u_ddrphy_top/u_ddrphy_clk/ioclk[0]$u_ioclk_1, location = x0y59z1.
PHY-1001 :   Placed ioclk instance u_ph1p35_324_ddr_wrapper/u_ddr2/ph1p_ddrmc_wrapper/ph1p_ddrmc_top/u_ddr_phy/u_ddrphy_top/u_ddrphy_clk/ioclk[0]$u_ioclk_0, location = x0y59z0.
PHY-1001 : Processing 2 clock pins of DDR instance u_ph1p35_324_ddr_wrapper/u_ddr2/ph1p_ddrmc_wrapper/ph1p_ddrmc_top/u_ddr_phy/u_ddrphy_top/u_ddrphy/ac_byte[1]$ac_byte_used$u_ddrphy_ac_byte_wrapper/u_ddrphy_byte, location = x0y60z0.
PHY-1001 :   Placed ioclk instance u_ph1p35_324_ddr_wrapper/u_ddr2/ph1p_ddrmc_wrapper/ph1p_ddrmc_top/u_ddr_phy/u_ddrphy_top/u_ddrphy_clk/ioclk[0]$u_ioclk_1, location = x0y59z1.
PHY-1001 :   Placed ioclk instance u_ph1p35_324_ddr_wrapper/u_ddr2/ph1p_ddrmc_wrapper/ph1p_ddrmc_top/u_ddr_phy/u_ddrphy_top/u_ddrphy_clk/ioclk[0]$u_ioclk_0, location = x0y59z0.
PHY-1001 : Processing 2 clock pins of DDR instance u_ph1p35_324_ddr_wrapper/u_ddr2/ph1p_ddrmc_wrapper/ph1p_ddrmc_top/u_ddr_phy/u_ddrphy_top/u_ddrphy/ac_byte[2]$ac_byte_used$u_ddrphy_ac_byte_wrapper/u_ddrphy_byte, location = x0y50z0.
PHY-1001 :   Placed ioclk instance u_ph1p35_324_ddr_wrapper/u_ddr2/ph1p_ddrmc_wrapper/ph1p_ddrmc_top/u_ddr_phy/u_ddrphy_top/u_ddrphy_clk/ioclk[0]$u_ioclk_1, location = x0y59z1.
PHY-1001 :   Placed ioclk instance u_ph1p35_324_ddr_wrapper/u_ddr2/ph1p_ddrmc_wrapper/ph1p_ddrmc_top/u_ddr_phy/u_ddrphy_top/u_ddrphy_clk/ioclk[0]$u_ioclk_0, location = x0y59z0.
PHY-1001 : Processing 2 clock pins of DDR instance u_ph1p35_324_ddr_wrapper/u_ddr2/ph1p_ddrmc_wrapper/ph1p_ddrmc_top/u_ddr_phy/u_ddrphy_top/u_ddrphy/ac_byte[3]$ac_byte_used$u_ddrphy_ac_byte_wrapper/u_ddrphy_byte, location = x0y40z0.
PHY-1001 :   Placed ioclk instance u_ph1p35_324_ddr_wrapper/u_ddr2/ph1p_ddrmc_wrapper/ph1p_ddrmc_top/u_ddr_phy/u_ddrphy_top/u_ddrphy_clk/ioclk[0]$u_ioclk_1, location = x0y59z1.
PHY-1001 :   Placed ioclk instance u_ph1p35_324_ddr_wrapper/u_ddr2/ph1p_ddrmc_wrapper/ph1p_ddrmc_top/u_ddr_phy/u_ddrphy_top/u_ddrphy_clk/ioclk[0]$u_ioclk_0, location = x0y59z0.
PHY-1001 : Processing 2 clock pins of DDR instance u_ph1p35_324_ddr_wrapper/u_ddr2/ph1p_ddrmc_wrapper/ph1p_ddrmc_top/u_ddr_phy/u_ddrphy_top/u_ddrphy/dx_byte[0]$dx_byte_used$u_ddrphy_dx_byte_wrapper/u_ddrphy_byte, location = x0y30z0.
PHY-1001 :   Placed ioclk instance u_ph1p35_324_ddr_wrapper/u_ddr2/ph1p_ddrmc_wrapper/ph1p_ddrmc_top/u_ddr_phy/u_ddrphy_top/u_ddrphy_clk/ioclk[1]$u_ioclk_1, location = x0y19z1.
PHY-1001 :   Placed ioclk instance u_ph1p35_324_ddr_wrapper/u_ddr2/ph1p_ddrmc_wrapper/ph1p_ddrmc_top/u_ddr_phy/u_ddrphy_top/u_ddrphy_clk/ioclk[1]$u_ioclk_0, location = x0y19z0.
PHY-1001 : Processing 2 clock pins of DDR instance u_ph1p35_324_ddr_wrapper/u_ddr2/ph1p_ddrmc_wrapper/ph1p_ddrmc_top/u_ddr_phy/u_ddrphy_top/u_ddrphy/dx_byte[1]$dx_byte_used$u_ddrphy_dx_byte_wrapper/u_ddrphy_byte, location = x0y10z0.
PHY-1001 :   Placed ioclk instance u_ph1p35_324_ddr_wrapper/u_ddr2/ph1p_ddrmc_wrapper/ph1p_ddrmc_top/u_ddr_phy/u_ddrphy_top/u_ddrphy_clk/ioclk[1]$u_ioclk_1, location = x0y19z1.
PHY-1001 :   Placed ioclk instance u_ph1p35_324_ddr_wrapper/u_ddr2/ph1p_ddrmc_wrapper/ph1p_ddrmc_top/u_ddr_phy/u_ddrphy_top/u_ddrphy_clk/ioclk[1]$u_ioclk_0, location = x0y19z0.
PHY-3001 : Target density is 60%
PHY-3001 : Target density is 60%
PHY-1001 : Stage 2.7.1.1 | Update Timing
PHY-1001 : SWNS: 103, STNS: 0, FEP: 0
PHY-1001 : End Stage 2.7.1.1 | Update Timing; Time: 0.269922s wall, 0.187500s user + 0.062500s system = 0.250000s CPU (92.6%); Memory(MB): used = 1082, reserved = 1079, peak = 1082;

PHY-1001 : Stage 2.7.1.2 | Refresh Congestion
RUN-1001 : Generating global routing grids ...
PHY-1001 : Generate routing nets ...
PHY-1001 : Reuse net number 166/25695.
PHY-1001 : Global iterations in 32 thread ...
PHY-1002 : len = 1.70539e+06, over cnt = 3353(4%), over = 17031, worst = 55
PHY-1001 : End global iterations;  1.596066s wall, 2.953125s user + 0.109375s system = 3.062500s CPU (191.9%)

PHY-1001 : Congestion index:
PHY-1001 : top1  = 173.58(S 124.88, N 126.02, E 152.15, W 115.59, I 155.04, O 189.97)
PHY-1001 : top5  = 123.39(S 85.89, N 85.59, E 98.79, W 78.37, I 100.44, O 125.78)
PHY-1001 : top10 = 103.94(S 68.37, N 67.77, E 80.19, W 63.51, I 78.10, O 100.52)
PHY-1001 : top15 = 92.76(S 58.39, N 57.44, E 69.42, W 54.87, I 65.95, O 86.09)
PHY-1001 : End Stage 2.7.1.2 | Refresh Congestion; Time: 1.929659s wall, 3.718750s user + 0.156250s system = 3.875000s CPU (200.8%); Memory(MB): used = 1092, reserved = 1089, peak = 1092;

PHY-1001 : Stage 2.7.1.3 | GP Iteration
PHY-1001 : End Stage 2.7.1.3 | GP Iteration; Time: 2.736506s wall, 23.187500s user + 0.968750s system = 24.156250s CPU (882.7%); Memory(MB): used = 1092, reserved = 1089, peak = 1092;

PHY-3001 : Multithread accelerating rate: 8.69
OPT-1001 : Total overflow 561.03 peak overflow 4.38
PHY-3001 : Spreading for sector grids.
PHY-3001 : Iter 1, total overflow: 0
PHY-3001 : tot_capacity: 48, usage_cnt: 26, movable_cnt: 34
PHY-3001 : End spreading;  0.139232s wall, 0.156250s user + 0.000000s system = 0.156250s CPU (112.2%)

PHY-3001 : Final: Len = 1.41812e+06, Over = 92.6875
PHY-3001 : End incremental placement;  5.561189s wall, 27.687500s user + 1.234375s system = 28.921875s CPU (520.1%)

OPT-1001 : Total overflow 561.03 peak overflow 4.38
RUN-1001 : HFN opt statistic
RUN-1001 : ------------------------------------------------------
RUN-1001 :   DriverCell type  |  HFN count  |  Duplicated count  
RUN-1001 : ------------------------------------------------------
RUN-1001 :         REG        |     20      |         95         
RUN-1001 :        LUT6        |      2      |         11         
RUN-1001 :        LUT5        |      3      |         12         
RUN-1001 :        LUT4        |      2      |         9          
RUN-1001 :        LUT3        |      3      |         10         
RUN-1001 :        LUT2        |      5      |         25         
RUN-1001 :        TOTAL       |     35      |        162         
RUN-1001 : ------------------------------------------------------
OPT-1001 : End high-fanout net optimization;  9.741237s wall, 31.468750s user + 1.453125s system = 32.921875s CPU (338.0%)

OPT-1001 : Update timing in Manhattan mode
OPT-1001 : End timing update;  2.258756s wall, 2.078125s user + 0.109375s system = 2.187500s CPU (96.8%)

OPT-1001 : Current memory(MB): used = 1092, reserved = 1089, peak = 1092.
OPT-1001 : End Stage 2.7.1 | Synthesize High-fanout Net; Time: 12.254088s wall, 33.781250s user + 1.578125s system = 35.359375s CPU (288.6%); Memory(MB): used = 1092, reserved = 1089, peak = 1092;

OPT-1001 : Stage 2.7.2 | Global Optimization
OPT-1001 : Start global optimization ...
OPT-0007 : Start: SWNS 523 STNS 0 NUM_FEPS 0
OPT-1001 : Start congestion update ...
RUN-1001 : Generating global routing grids ...
PHY-1001 : Generate routing nets ...
PHY-1001 : Reuse net number 2324/24576.
PHY-1001 : Global iterations in 32 thread ...
PHY-1002 : len = 1.59606e+06, over cnt = 2921(4%), over = 9559, worst = 35
PHY-1002 : len = 1.72746e+06, over cnt = 2360(3%), over = 5399, worst = 14
PHY-1002 : len = 1.84366e+06, over cnt = 995(1%), over = 1853, worst = 10
PHY-1002 : len = 1.89138e+06, over cnt = 358(0%), over = 614, worst = 9
PHY-1002 : len = 1.91013e+06, over cnt = 27(0%), over = 31, worst = 2
PHY-1001 : End global iterations;  3.633464s wall, 5.562500s user + 0.437500s system = 6.000000s CPU (165.1%)

PHY-1001 : Congestion index:
PHY-1001 : top1  = 90.02(S 72.23, N 75.82, E 82.64, W 83.31, I 180.70, O 200.25)
PHY-1001 : top5  = 75.44(S 59.86, N 62.09, E 66.32, W 64.13, I 106.01, O 129.88)
PHY-1001 : top10 = 68.50(S 52.88, N 53.65, E 56.78, W 54.21, I 80.60, O 102.73)
PHY-1001 : top15 = 63.77(S 47.95, N 48.10, E 50.89, W 48.15, I 67.25, O 87.08)
OPT-1001 : End congestion update;  4.152943s wall, 6.093750s user + 0.437500s system = 6.531250s CPU (157.3%)

OPT-0007 : Iter 1: improved SWNS 523 STNS 0 NUM_FEPS 0 with 23 cells processed and 789 slack improved
OPT-0007 : Iter 2: improved SWNS 523 STNS 0 NUM_FEPS 0 with 6 cells processed and 69 slack improved
OPT-1001 : Overall commit ratio 0.23
OPT-1001 : End global optimization;  4.331947s wall, 6.250000s user + 0.453125s system = 6.703125s CPU (154.7%)

OPT-1001 : Current memory(MB): used = 1092, reserved = 1089, peak = 1092.
OPT-1001 : End Stage 2.7.2 | Global Optimization; Time: 5.192643s wall, 7.015625s user + 0.531250s system = 7.546875s CPU (145.3%); Memory(MB): used = 1092, reserved = 1089, peak = 1092;

OPT-0007 : End flow prepack: SWNS 523 STNS 0 NUM_FEPS 0
OPT-1001 : End physical optimization;  17.509666s wall, 40.843750s user + 2.109375s system = 42.953125s CPU (245.3%)

PHY-1001 : End Stage 2.7 | Optimize Design; Time: 17.514578s wall, 40.859375s user + 2.109375s system = 42.968750s CPU (245.3%); Memory(MB): used = 1092, reserved = 1089, peak = 1092;

PHY-1001 : Stage 2.8 | Pack and Legalization
PHY-1001 : Stage 2.8.1 | Direct Legalization
PHY-3001 : Start Direct Legalization ...
PHY-3001 : Get top1 grid util = 0.642630, top1_avg = 0.642630.
PHY-1001 : Populate physical database on model design_top_wrapper.
PHY-3001 : Target density is 60%
PHY-3001 : Before Legalization for Slice Macros, Len = 1.4192e+06.
RUN-1001 : Legalization top10 inst displacement:
RUN-1001 : ------------------------------------------------------------------------------------------------------------------------------------------------------------------------------------------------------------------------------------
RUN-1001 :   Index  |  Bounded  |  Height  |       Location       |  Disp. (slots)  |  Disp. (grids)  |                                                                  Name                                                                  
RUN-1001 : ------------------------------------------------------------------------------------------------------------------------------------------------------------------------------------------------------------------------------------
RUN-1001 :     1    |     N     |    8     |  x2y52z3 to x5y55z0  |       45        |        6        |         u_ph1p35_324_ddr_wrapper/u_ddr2/ph1p_ddrmc_wrapper/ph1p_ddrmc_top/u_ddr_phy/u_ddrphy_top/u_ddrphy_init/ramread0_syn_91         
RUN-1001 :     2    |     N     |    8     |  x3y52z3 to x5y49z0  |       43        |        5        |        u_ph1p35_324_ddr_wrapper/u_ddr2/ph1p_ddrmc_wrapper/ph1p_ddrmc_top/u_ddr_phy/u_ddrphy_top/u_ddrphy_init/ramread0_syn_111         
RUN-1001 :     3    |     N     |    8     |  x2y52z3 to x5y54z0  |       37        |        5        |         u_ph1p35_324_ddr_wrapper/u_ddr2/ph1p_ddrmc_wrapper/ph1p_ddrmc_top/u_ddr_phy/u_ddrphy_top/u_ddrphy_init/ramread0_syn_51         
RUN-1001 :     4    |     N     |    8     |  x1y17z7 to x5y18z0  |       33        |        5        |       u_ph1p35_324_ddr_wrapper/u_ddr2/ph1p_ddrmc_wrapper/ph1p_ddrmc_top/u_phy2mc_fifo/byteIdx_1[1]$u_wfifo_sync/ramread0_syn_28        
RUN-1001 :     5    |     N     |    8     |  x1y17z0 to x5y17z0  |       32        |        4        |       u_ph1p35_324_ddr_wrapper/u_ddr2/ph1p_ddrmc_wrapper/ph1p_ddrmc_top/u_phy2mc_fifo/byteIdx_1[1]$u_wfifo_sync/ramread0_syn_88        
RUN-1001 :     6    |     N     |    8     |  x2y42z6 to x5y42z0  |       30        |        3        |            u_ph1p35_324_ddr_wrapper/u_ddr2/ph1p_ddrmc_wrapper/ph1p_ddrmc_top/u_alc_mc_top/u_wbuf_addr_fifo/ramread0_syn_25             
RUN-1001 :     7    |     N     |    8     |  x2y50z5 to x5y50z0  |       29        |        3        |        u_ph1p35_324_ddr_wrapper/u_ddr2/ph1p_ddrmc_wrapper/ph1p_ddrmc_top/u_ddr_phy/u_ddrphy_top/u_ddrphy_init/ramread0_syn_131         
RUN-1001 :     8    |     N     |    8     |  x2y20z5 to x5y20z0  |       29        |        3        |  u_ph1p35_324_ddr_wrapper/u_ddr2/ph1p_ddrmc_wrapper/ph1p_ddrmc_top/u_alc_mc_top/u_rd_data/rd_buffer[0]$u_rd_data_buf/ramread0_syn_172  
RUN-1001 :     9    |     N     |    8     |  x3y25z5 to x5y27z0  |       27        |        4        |   u_ph1p35_324_ddr_wrapper/u_ddr2/ph1p_ddrmc_wrapper/ph1p_ddrmc_top/u_alc_mc_top/u_wr_data/wr_buffer[0]$u_wdata_ram/ramread0_syn_32    
RUN-1001 :    10    |     N     |    8     |  x2y44z5 to x5y45z0  |       27        |        4        |          u_ph1p35_324_ddr_wrapper/u_ddr2/ph1p_ddrmc_wrapper/ph1p_ddrmc_top/u_alc_mc_top/u_wr_data/u_ptr_ram1/ramread0_syn_25           
RUN-1001 : ------------------------------------------------------------------------------------------------------------------------------------------------------------------------------------------------------------------------------------
PHY-3001 : After Legalization for Slice Macros, Len = 1.46193e+06.
RUN-1001 : Generating global routing grids ...
PHY-1001 : Generate routing nets ...
PHY-1001 : Reuse net number 22046/24627.
RUN-1002 : start command "update_timing -mode MANHATTAN"
RUN-1002 : start command "start_timer"
RUN-1003 : finish command "start_timer" in  2.213237s wall, 2.125000s user + 0.062500s system = 2.187500s CPU (98.8%)

RUN-1004 : used memory is 1130 MB, reserved memory is 1127 MB, peak memory is 1130 MB
RUN-1003 : finish command "update_timing -mode MANHATTAN" in  4.191291s wall, 4.062500s user + 0.093750s system = 4.156250s CPU (99.2%)

RUN-1004 : used memory is 1130 MB, reserved memory is 1127 MB, peak memory is 1130 MB
PHY-1001 : Global iterations in 32 thread ...
PHY-1002 : len = 1.91789e+06, over cnt = 895(1%), over = 2016, worst = 9
PHY-1002 : len = 1.93304e+06, over cnt = 735(1%), over = 1253, worst = 8
PHY-1002 : len = 1.95562e+06, over cnt = 299(0%), over = 450, worst = 8
PHY-1002 : len = 1.96379e+06, over cnt = 127(0%), over = 182, worst = 5
PHY-1002 : len = 1.97035e+06, over cnt = 26(0%), over = 29, worst = 2
PHY-1001 : End global iterations;  1.523642s wall, 1.750000s user + 0.140625s system = 1.890625s CPU (124.1%)

PHY-1001 : Congestion index:
PHY-1001 : top1  = 89.62(S 71.95, N 73.94, E 84.48, W 82.40, I 176.78, O 197.78)
PHY-1001 : top5  = 75.44(S 59.69, N 61.61, E 67.97, W 64.22, I 101.98, O 127.10)
PHY-1001 : top10 = 68.52(S 52.84, N 53.57, E 58.17, W 54.74, I 79.05, O 101.57)
PHY-1001 : top15 = 63.95(S 47.98, N 48.22, E 52.19, W 48.91, I 66.43, O 86.74)
PHY-3001 : Total Iter 113, legal = 24647 / 24647 (100.00%), avg_move = 30.40, max_move = 256.
PHY-3001 : There are no illegal insts.
PHY-1001 : Populate physical database on model design_top_wrapper.
PHY-3001 : End Direct Legalization;  30.720281s wall, 276.968750s user + 5.125000s system = 282.093750s CPU (918.3%)

RUN-1001 : Summary of LUT-FF Pairs
RUN-1001 : ---------------------------------------------------------------
RUN-1001 :   Num of Fanout Seqs  |   1x   |  2x  |  3~5  |  6~10  |  >10  
RUN-1001 : ---------------------------------------------------------------
RUN-1001 :         Total         |  7061  |  5   |  52   |   3    |  23   
RUN-1001 :          Grid         |  7057  |  5   |  45   |   2    |  23   
RUN-1001 :          Bank         |  6865  |  5   |  44   |   2    |  23   
RUN-1001 :         Paired        |  6837  |  5   |  44   |   2    |  23   
RUN-1001 : ---------------------------------------------------------------
RUN-1001 : Summary of LUT Pairs
RUN-1001 : ---------------------------------------------------------------------------------------------------------------------
RUN-1001 :            |           |           |           |           |           |  O5 + O6  |  Only O5  |  Only O6  |  Total  
RUN-1001 : ---------------------------------------------------------------------------------------------------------------------
RUN-1001 :   5 Share  |  4 Share  |  3 Share  |  2 Share  |  1 Share  |  0 Share  |           |           |           |         
RUN-1001 :     51     |    161    |    240    |    442    |   1733    |   3491    |   6118    |   2603    |   2014    |  10735  
RUN-1001 : ---------------------------------------------------------------------------------------------------------------------
PHY-1001 : End Stage 2.8.1 | Direct Legalization; Time: 30.821167s wall, 277.046875s user + 5.125000s system = 282.171875s CPU (915.5%); Memory(MB): used = 1218, reserved = 1214, peak = 1218;

PHY-3001 : Target density is 60%
PHY-3001 : After Direct Legalization, Len = 1.69375e+06.
PHY-1001 : End Stage 2.8 | Pack and Legalization; Time: 31.102057s wall, 277.265625s user + 5.187500s system = 282.453125s CPU (908.1%); Memory(MB): used = 1218, reserved = 1214, peak = 1218;

RUN-1002 : start command "start_timer"
RUN-1003 : finish command "start_timer" in  4.426787s wall, 4.125000s user + 0.218750s system = 4.343750s CPU (98.1%)

RUN-1004 : used memory is 1219 MB, reserved memory is 1214 MB, peak memory is 1219 MB
PHY-1001 : End Stage 2 | Global Placement; Time: 84.359062s wall, 401.218750s user + 15.515625s system = 416.734375s CPU (494.0%); Memory(MB): used = 1219, reserved = 1214, peak = 1219;

PHY-1001 : Stage 3 | Detailed Placement
PHY-1001 : Stage 3.1 | SLICE Detailed Placement
PHY-1001 : Stage 3.1.1 | Spreading
PHY-3001 : Design contains 184 ce signals.
PHY-3001 : Spreading for sector grids.
PHY-3001 : Iter 1, total overflow: 0
PHY-3001 : tot_capacity: 36, usage_cnt: 22, movable_cnt: 23
PHY-3001 : Spreading for clock grids.
PHY-3001 : clock grid count for 24 x 4 grids
PHY-3001 : Spreading for plb grids.
PHY-3001 : total displace: 0, max displace: 0.
PHY-3001 : End spreading;  0.465076s wall, 0.437500s user + 0.015625s system = 0.453125s CPU (97.4%)

PHY-1001 : End Stage 3.1.1 | Spreading; Time: 0.465512s wall, 0.437500s user + 0.015625s system = 0.453125s CPU (97.3%); Memory(MB): used = 1219, reserved = 1215, peak = 1219;

PHY-1001 : Stage 3.1.2 | Simulated Annealing Based DP
RUN-1001 : Generating global routing grids ...
PHY-1001 : Generate routing nets ...
PHY-1001 : Reuse net number 2062/18561.
PHY-1001 : Global iterations in 32 thread ...
PHY-1002 : len = 1.82165e+06, over cnt = 1509(2%), over = 3046, worst = 9
PHY-1002 : len = 1.86165e+06, over cnt = 879(1%), over = 1465, worst = 8
PHY-1002 : len = 1.88354e+06, over cnt = 351(0%), over = 572, worst = 7
PHY-1002 : len = 1.8924e+06, over cnt = 127(0%), over = 195, worst = 7
PHY-1002 : len = 1.89715e+06, over cnt = 0(0%), over = 0, worst = 0
PHY-1001 : End global iterations;  2.334693s wall, 4.078125s user + 0.156250s system = 4.234375s CPU (181.4%)

PHY-1001 : Congestion index:
PHY-1001 : top1  = 77.97(S 64.81, N 63.19, E 70.56, W 73.44, I 62.53, O 72.94)
PHY-1001 : top5  = 66.48(S 52.36, N 52.25, E 56.23, W 55.72, I 52.34, O 60.64)
PHY-1001 : top10 = 60.57(S 45.38, N 45.76, E 49.58, W 47.85, I 46.18, O 54.64)
PHY-1001 : top15 = 56.64(S 40.85, N 41.39, E 45.20, W 42.97, I 41.99, O 50.43)
PHY-0007 : Initial: WL Cost = 132740, TD Cost = 126501, SWNS = 160, STNS = 0, Nums per T = 102410, Range Limit = 4x8
PHY-0007 : Finally: WL Cost = 117968, TD Cost = 93210.7, WL Ratio = 0.888719, TD Ratio = 0.736837, SWNS = 269, STNS = 0
RUN-1001 : Print Detailed placement's Summary information
RUN-1001 : -------------------------------------------------------------------------------------------------------------------------------
RUN-1001 :           |   Total   |  Accept  |  Reject by overFlow  |  Reject by worseCost  |  Failed by noTarget  |  Failed by gridCheck  
RUN-1001 : -------------------------------------------------------------------------------------------------------------------------------
RUN-1001 :   Slices  |  1126510  |  29492   |         1338         |        1075453        |         333          |         19894         
RUN-1001 :   Macros  |   25328   |   195    |          58          |         24962         |          60          |          53           
RUN-1001 : -------------------------------------------------------------------------------------------------------------------------------
PHY-1001 : End Stage 3.1.2 | Simulated Annealing Based DP; Time: 33.327128s wall, 35.375000s user + 1.609375s system = 36.984375s CPU (111.0%); Memory(MB): used = 1230, reserved = 1226, peak = 1230;

PHY-3001 : End Detailed Place; 
PHY-3001 : Final: Len = 1.47973e+06, Over = 0
PHY-1001 : End Stage 3.1 | SLICE Detailed Placement; Time: 34.263116s wall, 36.234375s user + 1.656250s system = 37.890625s CPU (110.6%); Memory(MB): used = 1230, reserved = 1226, peak = 1230;

PHY-3001 : End Detailed Place; 
PHY-1001 : Stage 3.2 | Optimize Design
OPT-1001 : Start physical optimization ...
OPT-1001 : Total overflow 0.00 peak overflow 0.00
OPT-1001 : Stage 3.2.1 | Physical Optimization
OPT-1001 : Start high-fanout net optimization in optimize equivalent flow with medium effort ...
OPT-1001 : Clean unloaded insts before merging registers
PHY-1001 : Populate physical database on model design_top_wrapper.
PHY-1001 : Populate physical database on model design_top_wrapper.
OPT-1001 : Total overflow 0.00 peak overflow 0.00
OPT-1001 : End optimize duplicated nets. Total 67 instances are merged and 1023 sinks are reconnected,  3.118306s wall, 2.984375s user + 0.078125s system = 3.062500s CPU (98.2%)

OPT-1001 : End high-fanout net optimization;  3.121900s wall, 2.984375s user + 0.078125s system = 3.062500s CPU (98.1%)

OPT-1001 : Update timing in Manhattan mode
RUN-1002 : start command "start_timer"
RUN-1003 : finish command "start_timer" in  3.861516s wall, 3.546875s user + 0.218750s system = 3.765625s CPU (97.5%)

RUN-1004 : used memory is 1229 MB, reserved memory is 1224 MB, peak memory is 1230 MB
OPT-1001 : End timing update;  5.948140s wall, 5.640625s user + 0.218750s system = 5.859375s CPU (98.5%)

OPT-1001 : Current memory(MB): used = 1229, reserved = 1224, peak = 1230.
OPT-1001 : End Stage 3.2.1 | Physical Optimization; Time: 9.312208s wall, 8.875000s user + 0.296875s system = 9.171875s CPU (98.5%); Memory(MB): used = 1229, reserved = 1224, peak = 1230;

OPT-1001 : Stage 3.2.2 | Synthesize High-fanout Net
OPT-1001 : Start high-fanout net optimization in post-pack flow with medium effort ...
OPT-1001 : Start: SWNS 269 STNS 0 NUM_FEPS 0
OPT-1001 : Total overflow 0.00 peak overflow 0.00
PHY-1001 : Populate physical database on model design_top_wrapper.
OPT-1001 : 16 high-fanout net processed.
OPT-1001 : Total overflow 0.00 peak overflow 0.00
RUN-1001 : HFN opt statistic
RUN-1001 : ------------------------------------------------------
RUN-1001 :   DriverCell type  |  HFN count  |  Duplicated count  
RUN-1001 : ------------------------------------------------------
RUN-1001 :       LSLICE       |      0      |         0          
RUN-1001 :       MSLICE       |      0      |         0          
RUN-1001 :        OTHER       |     16      |         12         
RUN-1001 :        TOTAL       |     16      |         12         
RUN-1001 : ------------------------------------------------------
OPT-1001 : End high-fanout net optimization;  1.074442s wall, 1.375000s user + 0.062500s system = 1.437500s CPU (133.8%)

OPT-1001 : Current memory(MB): used = 1229, reserved = 1224, peak = 1230.
OPT-1001 : End Stage 3.2.2 | Synthesize High-fanout Net; Time: 1.302714s wall, 1.609375s user + 0.062500s system = 1.671875s CPU (128.3%); Memory(MB): used = 1229, reserved = 1224, peak = 1230;

OPT-1001 : Stage 3.2.3 | Optimize Path
OPT-1001 : Start unpack path based optimization ...
OPT-0007 : Start: SWNS 269 STNS 0 NUM_FEPS 0 with mode 2
OPT-1001 : Start congestion update ...
RUN-1001 : Generating global routing grids ...
PHY-1001 : Generate routing nets ...
PHY-1001 : Reuse net number 5695/19259.
PHY-1001 : Global iterations in 32 thread ...
PHY-1002 : len = 1.68638e+06, over cnt = 1753(2%), over = 3637, worst = 9
PHY-1002 : len = 1.72626e+06, over cnt = 1131(1%), over = 2063, worst = 9
PHY-1002 : len = 1.76613e+06, over cnt = 429(0%), over = 716, worst = 9
PHY-1002 : len = 1.77509e+06, over cnt = 256(0%), over = 409, worst = 7
PHY-1002 : len = 1.78501e+06, over cnt = 0(0%), over = 0, worst = 0
PHY-1001 : End global iterations;  2.606640s wall, 3.500000s user + 0.265625s system = 3.765625s CPU (144.5%)

PHY-1001 : Congestion index:
PHY-1001 : top1  = 73.67(S 62.22, N 62.23, E 64.78, W 70.58, I 62.28, O 70.89)
PHY-1001 : top5  = 63.62(S 52.27, N 52.10, E 52.80, W 55.22, I 50.77, O 58.06)
PHY-1001 : top10 = 58.56(S 46.07, N 45.99, E 46.55, W 47.59, I 44.92, O 52.73)
PHY-1001 : top15 = 55.11(S 41.60, N 41.72, E 42.29, W 42.87, I 41.05, O 49.18)
OPT-1001 : End congestion update;  3.242738s wall, 4.500000s user + 0.296875s system = 4.796875s CPU (147.9%)

OPT-0007 : Iter 1: improved SWNS 391 STNS 0 NUM_FEPS 0 with 111(3734) cells and 2115(2115) paths processed with 14820 slack improved, crit_thod: 3000 ratio: 0.93(124/134) rt: 1.5s
OPT-0007 : Iter 2: improved SWNS 392 STNS 0 NUM_FEPS 0 with 57(1152) cells and 576(576) paths processed with 4671 slack improved, crit_thod: 3000 ratio: 0.97(65/67) rt: 0.8s
OPT-0007 : Iter 3: improved SWNS 415 STNS 0 NUM_FEPS 0 with 3(704) cells and 352(352) paths processed with 112 slack improved, crit_thod: 3000 ratio: 0.75(3/4) rt: 0.5s
OPT-0007 : Iter 4: improved SWNS 415 STNS 0 NUM_FEPS 0 with 5(704) cells and 352(352) paths processed with 266 slack improved, crit_thod: 3000 ratio: 0.83(5/6) rt: 0.5s
OPT-1001 : End path based optimization;  6.595280s wall, 7.734375s user + 0.343750s system = 8.078125s CPU (122.5%)

OPT-1001 : Current memory(MB): used = 1230, reserved = 1224, peak = 1230.
OPT-1001 : End Stage 3.2.3 | Optimize Path; Time: 6.843371s wall, 7.984375s user + 0.343750s system = 8.328125s CPU (121.7%); Memory(MB): used = 1230, reserved = 1224, peak = 1230;

OPT-1001 : Stage 3.2.4 | Optimize Duplicated Nets
OPT-1001 : Start: WNS 415 TNS 0 NUM_FEPS 0
OPT-1001 : Clean unloaded insts before merging registers
PHY-1001 : Populate physical database on model design_top_wrapper.
PHY-1001 : Populate physical database on model design_top_wrapper.
PHY-1001 : Populate physical database on model design_top_wrapper.
OPT-1001 : Total overflow 0.00 peak overflow 0.00
OPT-1001 : End optimize duplicated nets. Total 3 instances are merged and 199 sinks are reconnected,  3.574119s wall, 3.265625s user + 0.187500s system = 3.453125s CPU (96.6%)

OPT-1001 : Update timing in Manhattan mode
RUN-1002 : start command "start_timer"
RUN-1003 : finish command "start_timer" in  4.029645s wall, 3.656250s user + 0.250000s system = 3.906250s CPU (96.9%)

RUN-1004 : used memory is 1230 MB, reserved memory is 1224 MB, peak memory is 1230 MB
OPT-1001 : End timing update;  6.225850s wall, 5.718750s user + 0.343750s system = 6.062500s CPU (97.4%)

OPT-1001 : Current memory(MB): used = 1230, reserved = 1224, peak = 1230.
OPT-1001 : End Stage 3.2.4 | Optimize Duplicated Nets; Time: 10.046838s wall, 9.234375s user + 0.531250s system = 9.765625s CPU (97.2%); Memory(MB): used = 1230, reserved = 1224, peak = 1230;

OPT-1001 : Stage 3.2.5 | Swap Pins
OPT-1001 : Start pin optimization...
OPT-1001 : Start: SWNS 415 STNS 0 NUM_FEPS 0
OPT-1001 : Successfully optimized 805 instances
OPT-1001 : Successfully optimized 154 instances
OPT-1001 : End pin optimization;  1.962395s wall, 1.828125s user + 0.046875s system = 1.875000s CPU (95.5%)

OPT-1001 : Current memory(MB): used = 1230, reserved = 1224, peak = 1230.
OPT-1001 : End Stage 3.2.5 | Swap Pins; Time: 2.209380s wall, 2.046875s user + 0.078125s system = 2.125000s CPU (96.2%); Memory(MB): used = 1230, reserved = 1224, peak = 1230;

OPT-1001 : Stage 3.2.6 | Optimize Beeline
OPT-1001 : Start beeline optimization...
OPT-1001 : Start: SWNS 415 STNS 0 NUM_FEPS 0
PHY-1001 : Beeline DP, 746 out of 5066 (14.73)%; hop = 1022.
PHY-1001 : Beeline DP, 242 out of 4390 (5.51)%; hop = 341.
PHY-1001 : Beeline DP, 130 out of 4278 (3.04)%; hop = 182.
PHY-1001 : Beeline DP, 72 out of 4211 (1.71)%; hop = 103.
PHY-1001 : Beeline DP, 69 out of 4211 (1.64)%; hop = 97.
PHY-1001 : Beeline optimization intraPLB, 2377 1-hop(40.17%), 2462 2-hop(41.61%), 467 3-hop( 7.89%), 611 others (10.33%)
PHY-1001 :  15.133772s wall, 14.000000s user + 0.828125s system = 14.828125s CPU (98.0%)

RUN-1001 : Beeline optimization outerPLB: 1-hop 1959, 2-hop 3688, 3-hop 2106, 4-hop 700, other 1831 
OPT-1001 : End beeline optimization;  16.120980s wall, 14.921875s user + 0.859375s system = 15.781250s CPU (97.9%)

OPT-1001 : Update timing in Manhattan mode
OPT-1001 : End timing update;  2.266201s wall, 2.125000s user + 0.109375s system = 2.234375s CPU (98.6%)

OPT-1001 : End Stage 3.2.6 | Optimize Beeline; Time: 18.803552s wall, 17.437500s user + 1.000000s system = 18.437500s CPU (98.1%); Memory(MB): used = 1231, reserved = 1226, peak = 1231;

OPT-0007 : End flow postpack: SWNS 381 STNS 0 NUM_FEPS 0
RUN-1001 : Generating global routing grids ...
PHY-1001 : Generate routing nets ...
PHY-1001 : Reuse net number 16773/18650.
PHY-1001 : Global iterations in 32 thread ...
PHY-1002 : len = 1.8075e+06, over cnt = 413(0%), over = 594, worst = 6
PHY-1002 : len = 1.81499e+06, over cnt = 189(0%), over = 228, worst = 4
PHY-1002 : len = 1.81925e+06, over cnt = 25(0%), over = 27, worst = 2
PHY-1002 : len = 1.8195e+06, over cnt = 13(0%), over = 14, worst = 2
PHY-1002 : len = 1.81987e+06, over cnt = 0(0%), over = 0, worst = 0
PHY-1001 : End global iterations;  0.839518s wall, 0.890625s user + 0.109375s system = 1.000000s CPU (119.1%)

PHY-1001 : Congestion index:
PHY-1001 : top1  = 73.42(S 62.22, N 62.07, E 66.51, W 69.14, I 62.12, O 71.30)
PHY-1001 : top5  = 63.58(S 52.08, N 52.06, E 53.26, W 54.54, I 50.51, O 58.14)
PHY-1001 : top10 = 58.32(S 46.04, N 46.08, E 46.80, W 47.24, I 44.73, O 52.75)
PHY-1001 : top15 = 54.98(S 41.63, N 41.93, E 42.66, W 42.58, I 40.86, O 49.09)
RUN-1001 : QoR Analysis:
OPT-0007 :   SWNS 381 STNS 0 NUM_FEPS 0
RUN-1001 :   No local congestion issue, and most congested 1% tile average routing util is 72.894737
RUN-1001 :   Top critical paths
RUN-1001 :       #1 path slack 381ps with logic level 1 
RUN-1001 :       #2 path slack 404ps with logic level 1 
RUN-1001 :       #3 path slack 415ps with logic level 1 
RUN-1001 :       #4 path slack 415ps with logic level 1 
RUN-1001 :       #5 path slack 415ps with logic level 1 
RUN-1001 :       #6 path slack 421ps with logic level 1 
RUN-1001 :       #7 path slack 421ps with logic level 1 
RUN-1001 :       #8 path slack 421ps with logic level 1 
RUN-1001 :       #9 path slack 426ps with logic level 1 
RUN-1001 :       #10 path slack 426ps with logic level 1 
OPT-1001 : End physical optimization;  50.194082s wall, 48.781250s user + 2.484375s system = 51.265625s CPU (102.1%)

PHY-1001 : End Stage 3.2 | Optimize Design; Time: 50.194720s wall, 48.781250s user + 2.484375s system = 51.265625s CPU (102.1%); Memory(MB): used = 1231, reserved = 1226, peak = 1231;

RUN-1001 : Report Control nets information:
RUN-1001 : DFF Distribution
RUN-1001 : -------------------------------------
RUN-1001 :   CE   |  SSR  |  ASR  |  DFF Count  
RUN-1001 : -------------------------------------
RUN-1001 :   No   |  No   |  No   |     240     
RUN-1001 :   No   |  No   |  Yes  |      0      
RUN-1001 :   No   |  Yes  |  No   |      0      
RUN-1001 :   Yes  |  No   |  No   |    7050     
RUN-1001 :   Yes  |  No   |  Yes  |    7394     
RUN-1001 :   Yes  |  Yes  |  No   |     364     
RUN-1001 : -------------------------------------
RUN-1001 : Control Group Statistic
RUN-1001 : -----------------------------
RUN-1001 :   #CLK  |  #CE  |  #SSR/ASR  
RUN-1001 : -----------------------------
RUN-1001 :    13   |  535  |     38     
RUN-1001 : -----------------------------
RUN-0007 : Control Set = 646
PHY-1001 : End Stage 3 | Detailed Placement; Time: 84.729931s wall, 85.218750s user + 4.187500s system = 89.406250s CPU (105.5%); Memory(MB): used = 1231, reserved = 1226, peak = 1231;

PHY-1001 : Populate physical database on model design_top_wrapper.
PHY-1001 : Stage 4 | Optimize Design
PHY-3001 : Start incremental legalization ...
PHY-1001 : Populate physical database on model design_top_wrapper.
PHY-1001 : Processing 2 clock pins of DDR instance u_ph1p35_324_ddr_wrapper/u_ddr2/ph1p_ddrmc_wrapper/ph1p_ddrmc_top/u_ddr_phy/u_ddrphy_top/u_ddrphy/ac_byte[0]$ac_byte_used$u_ddrphy_ac_byte_wrapper/u_ddrphy_byte, location = x0y70z0.
PHY-1001 :   Placed ioclk instance u_ph1p35_324_ddr_wrapper/u_ddr2/ph1p_ddrmc_wrapper/ph1p_ddrmc_top/u_ddr_phy/u_ddrphy_top/u_ddrphy_clk/ioclk[0]$u_ioclk_1, location = x0y59z1.
PHY-1001 :   Placed ioclk instance u_ph1p35_324_ddr_wrapper/u_ddr2/ph1p_ddrmc_wrapper/ph1p_ddrmc_top/u_ddr_phy/u_ddrphy_top/u_ddrphy_clk/ioclk[0]$u_ioclk_0, location = x0y59z0.
PHY-1001 : Processing 2 clock pins of DDR instance u_ph1p35_324_ddr_wrapper/u_ddr2/ph1p_ddrmc_wrapper/ph1p_ddrmc_top/u_ddr_phy/u_ddrphy_top/u_ddrphy/ac_byte[1]$ac_byte_used$u_ddrphy_ac_byte_wrapper/u_ddrphy_byte, location = x0y60z0.
PHY-1001 :   Placed ioclk instance u_ph1p35_324_ddr_wrapper/u_ddr2/ph1p_ddrmc_wrapper/ph1p_ddrmc_top/u_ddr_phy/u_ddrphy_top/u_ddrphy_clk/ioclk[0]$u_ioclk_1, location = x0y59z1.
PHY-1001 :   Placed ioclk instance u_ph1p35_324_ddr_wrapper/u_ddr2/ph1p_ddrmc_wrapper/ph1p_ddrmc_top/u_ddr_phy/u_ddrphy_top/u_ddrphy_clk/ioclk[0]$u_ioclk_0, location = x0y59z0.
PHY-1001 : Processing 2 clock pins of DDR instance u_ph1p35_324_ddr_wrapper/u_ddr2/ph1p_ddrmc_wrapper/ph1p_ddrmc_top/u_ddr_phy/u_ddrphy_top/u_ddrphy/ac_byte[2]$ac_byte_used$u_ddrphy_ac_byte_wrapper/u_ddrphy_byte, location = x0y50z0.
PHY-1001 :   Placed ioclk instance u_ph1p35_324_ddr_wrapper/u_ddr2/ph1p_ddrmc_wrapper/ph1p_ddrmc_top/u_ddr_phy/u_ddrphy_top/u_ddrphy_clk/ioclk[0]$u_ioclk_1, location = x0y59z1.
PHY-1001 :   Placed ioclk instance u_ph1p35_324_ddr_wrapper/u_ddr2/ph1p_ddrmc_wrapper/ph1p_ddrmc_top/u_ddr_phy/u_ddrphy_top/u_ddrphy_clk/ioclk[0]$u_ioclk_0, location = x0y59z0.
PHY-1001 : Processing 2 clock pins of DDR instance u_ph1p35_324_ddr_wrapper/u_ddr2/ph1p_ddrmc_wrapper/ph1p_ddrmc_top/u_ddr_phy/u_ddrphy_top/u_ddrphy/ac_byte[3]$ac_byte_used$u_ddrphy_ac_byte_wrapper/u_ddrphy_byte, location = x0y40z0.
PHY-1001 :   Placed ioclk instance u_ph1p35_324_ddr_wrapper/u_ddr2/ph1p_ddrmc_wrapper/ph1p_ddrmc_top/u_ddr_phy/u_ddrphy_top/u_ddrphy_clk/ioclk[0]$u_ioclk_1, location = x0y59z1.
PHY-1001 :   Placed ioclk instance u_ph1p35_324_ddr_wrapper/u_ddr2/ph1p_ddrmc_wrapper/ph1p_ddrmc_top/u_ddr_phy/u_ddrphy_top/u_ddrphy_clk/ioclk[0]$u_ioclk_0, location = x0y59z0.
PHY-1001 : Processing 2 clock pins of DDR instance u_ph1p35_324_ddr_wrapper/u_ddr2/ph1p_ddrmc_wrapper/ph1p_ddrmc_top/u_ddr_phy/u_ddrphy_top/u_ddrphy/dx_byte[0]$dx_byte_used$u_ddrphy_dx_byte_wrapper/u_ddrphy_byte, location = x0y30z0.
PHY-1001 :   Placed ioclk instance u_ph1p35_324_ddr_wrapper/u_ddr2/ph1p_ddrmc_wrapper/ph1p_ddrmc_top/u_ddr_phy/u_ddrphy_top/u_ddrphy_clk/ioclk[1]$u_ioclk_1, location = x0y19z1.
PHY-1001 :   Placed ioclk instance u_ph1p35_324_ddr_wrapper/u_ddr2/ph1p_ddrmc_wrapper/ph1p_ddrmc_top/u_ddr_phy/u_ddrphy_top/u_ddrphy_clk/ioclk[1]$u_ioclk_0, location = x0y19z0.
PHY-1001 : Processing 2 clock pins of DDR instance u_ph1p35_324_ddr_wrapper/u_ddr2/ph1p_ddrmc_wrapper/ph1p_ddrmc_top/u_ddr_phy/u_ddrphy_top/u_ddrphy/dx_byte[1]$dx_byte_used$u_ddrphy_dx_byte_wrapper/u_ddrphy_byte, location = x0y10z0.
PHY-1001 :   Placed ioclk instance u_ph1p35_324_ddr_wrapper/u_ddr2/ph1p_ddrmc_wrapper/ph1p_ddrmc_top/u_ddr_phy/u_ddrphy_top/u_ddrphy_clk/ioclk[1]$u_ioclk_1, location = x0y19z1.
PHY-1001 :   Placed ioclk instance u_ph1p35_324_ddr_wrapper/u_ddr2/ph1p_ddrmc_wrapper/ph1p_ddrmc_top/u_ddr_phy/u_ddrphy_top/u_ddrphy_clk/ioclk[1]$u_ioclk_0, location = x0y19z0.
PHY-3001 : Target density is 60%
PHY-3001 : Target density is 60%
PHY-3001 : Initial: Len = 1.53171e+06, Over = 0
PHY-1001 : Stage 4.1 | Spreading
PHY-3001 : Design contains 167 ce signals.
PHY-3001 : Spreading for sector grids.
PHY-3001 : Iter 1, total overflow: 0
PHY-3001 : tot_capacity: 36, usage_cnt: 22, movable_cnt: 24
PHY-3001 : Spreading for clock grids.
PHY-3001 : clock grid count for 24 x 4 grids
PHY-3001 : Spreading for plb grids.
PHY-3001 : total displace: 0, max displace: 0.
PHY-3001 : End spreading;  0.454726s wall, 0.421875s user + 0.031250s system = 0.453125s CPU (99.6%)

PHY-1001 : End Stage 4.1 | Spreading; Time: 0.455142s wall, 0.421875s user + 0.031250s system = 0.453125s CPU (99.6%); Memory(MB): used = 1231, reserved = 1226, peak = 1231;

PHY-3001 : Final: Len = 1.53171e+06, Over = 0
PHY-3001 : End incremental legalization;  0.852043s wall, 0.796875s user + 0.031250s system = 0.828125s CPU (97.2%)

RUN-1002 : start command "report_qor -step place -file place.qor"
RUN-1002 : start command "start_timer"
RUN-1003 : finish command "start_timer" in  2.681030s wall, 2.343750s user + 0.312500s system = 2.656250s CPU (99.1%)

RUN-1004 : used memory is 1231 MB, reserved memory is 1226 MB, peak memory is 1231 MB
RUN-1001 : Generating global routing grids ...
-----------------------------------------------------------
| QoR metrics               |         value               |
-----------------------------------------------------------
| Timing                    |                             |
|     Setup WNS             |          381                |
|     Setup TNS             |            0                |
|     Num of violated S-EP  |            0                |
|     FMAX                  |    10.038MHz                |
|     SWNS path clock period |     100000ps                |
|     Hold WNS              |         -281                |
|     Hold TNS              |       -67915                |
|     Num of violated H-EP  |          580                |
-----------------------------------------------------------
| Routing Resource          |                             |
|     Wire length           |      1527001                |
|     Route Net Num         |        23562                |
|     DontRoute Net Num     |         9305                |
|     RouteSinks Num        |        70813                |
-----------------------------------------------------------
| Utilization               |                             |
|     #slices               |        13731                |
|     slices percentage     |       64.72%                |
|     #RAMs                 |           50                |
|     #DSPs                 |            8                |
|     #DRAMHARDCON          |           37                |
-----------------------------------------------------------
| Congestion                |                             |
|     Top 1% tile util      |           68                |
|     Top 1% tile avg util  |       72.89%                |
|     Over 100% util #tile  |            0                |
-----------------------------------------------------------
Report place stage QoR done.

RUN-1003 : finish command "report_qor -step place -file place.qor" in  5.893438s wall, 5.703125s user + 0.484375s system = 6.187500s CPU (105.0%)

RUN-1004 : used memory is 1231 MB, reserved memory is 1226 MB, peak memory is 1231 MB
PHY-1001 : End Stage 4 | Optimize Design; Time: 6.775966s wall, 6.531250s user + 0.515625s system = 7.046875s CPU (104.0%); Memory(MB): used = 1231, reserved = 1226, peak = 1231;

PHY-1001 : Stage 5 | DRC Check
PHY-1001 : Stage 5.1 | Slice Attributes Check
PHY-1035 : Redundant attributes/nets in slice detected. You can use tcl "check_slice_attr -verbose" to get full message.
PHY-1039 : Found 120 mslices getting no used reg attributes, eg: u_hdmi_tx/u_hdmi_1_4b_transmitter_core_wrapper/u_hdmi_tx_controller_wrapper/u_hdmi_video_data_assemble/S_island_guard_band_1d_syn_10.
PHY-1039 : Found 120 mslices getting no used ce attributes, eg: u_hdmi_tx/u_hdmi_1_4b_transmitter_core_wrapper/u_hdmi_tx_controller_wrapper/u_hdmi_video_data_assemble/S_island_guard_band_1d_syn_10.
PHY-1001 : End Stage 5.1 | Slice Attributes Check; Time: 0.078561s wall, 0.078125s user + 0.000000s system = 0.078125s CPU (99.4%); Memory(MB): used = 1231, reserved = 1226, peak = 1231;

PHY-1001 : Stage 5.2 | Clock Bound Check
PHY-1001 : Check pass.
PHY-1001 : End Stage 5.2 | Clock Bound Check; Time: 0.004398s wall, 0.000000s user + 0.000000s system = 0.000000s CPU (n/a%); Memory(MB): used = 1231, reserved = 1226, peak = 1231;

PHY-1001 : Stage 5.3 | Force Route Constraint Check
PHY-1001 : Check Pass.
PHY-1001 : End Stage 5.3 | Force Route Constraint Check; Time: 0.004388s wall, 0.000000s user + 0.000000s system = 0.000000s CPU (n/a%); Memory(MB): used = 1231, reserved = 1226, peak = 1231;

PHY-1001 : Stage 5.4 | Sigmap Check
PHY-1001 : Check pass.
PHY-1001 : End Stage 5.4 | Sigmap Check; Time: 0.143614s wall, 0.125000s user + 0.000000s system = 0.125000s CPU (87.0%); Memory(MB): used = 1231, reserved = 1226, peak = 1231;

PHY-1001 : Stage 5.5 | Duplicated SelfDriven Check
PHY-1001 : Check pass.
PHY-1001 : End Stage 5.5 | Duplicated SelfDriven Check; Time: 0.601869s wall, 0.546875s user + 0.046875s system = 0.593750s CPU (98.7%); Memory(MB): used = 1231, reserved = 1226, peak = 1231;

PHY-1001 : Stage 5.6 | Clock Rule Check
PHY-5088 WARNING: Clock_Analyzer: Detected 1 buffer(s) clkin net because they drive non-clock sinks. Run "analyze_clock -detail" for more infomation.
PHY-5088 WARNING: Clock_Analyzer: Detected 1 buffer(s) clkout net because they drive non-clock sinks. Run "analyze_clock -detail" for more infomation.
PHY-5088 WARNING: Clock_Analyzer: 3 clock-net(s) because they drive other clock net, may cause clock skew. Run "analyze_clock -detail" for more infomation.
PHY-1001 : End Stage 5.6 | Clock Rule Check; Time: 0.121380s wall, 0.109375s user + 0.000000s system = 0.109375s CPU (90.1%); Memory(MB): used = 1231, reserved = 1226, peak = 1231;

PHY-1001 : End Stage 5 | DRC Check; Time: 1.048384s wall, 0.937500s user + 0.046875s system = 0.984375s CPU (93.9%); Memory(MB): used = 1231, reserved = 1226, peak = 1231;

OPT-1001 : QoR tracer report on placement steps:
    SWNS [   incr ]    STNS [   incr ]    FEPS [   incr ]    CRIT [   incr ]      CELL [     incr ]        WL [     incr ]    CONG [   incr ]    PDES [   incr ]   RT(s) [   incr ]   MEM(mb) [     incr ]
       0 [      0 ]       0 [      0 ]       0 [      0 ]       0 [      0 ]     28894 [        0 ]         0 [        0 ]    0.00 [   0.00 ]       0 [      0 ]       0 [      0 ]       801 [        0 ] : preplace:simplify_lut
       0 [      0 ]       0 [      0 ]       0 [      0 ]       0 [      0 ]     28894 [        0 ]         0 [        0 ]    0.00 [   0.00 ]       0 [      0 ]       0 [      0 ]       801 [        0 ] : preplace:sweep
       0 [      0 ]       0 [      0 ]       0 [      0 ]       0 [      0 ]     28894 [        0 ]         0 [        0 ]    0.00 [   0.00 ]       0 [      0 ]       0 [      0 ]       801 [        0 ] : preplace:lut_merge
       0 [      0 ]       0 [      0 ]       0 [      0 ]       0 [      0 ]     28894 [        0 ]         0 [        0 ]    0.00 [   0.00 ]       0 [      0 ]       0 [      0 ]       801 [        0 ] : preplace:hfn_opt
     380 [    380 ]       0 [      0 ]       0 [      0 ]    4510 [   4510 ]     30684 [     1790 ]   1867958 [  1867958 ]    0.00 [   0.00 ]       0 [      0 ]      19 [     19 ]       976 [      175 ] : step1_gp
     380 [      0 ]       0 [      0 ]       0 [      0 ]    4529 [     19 ]     30684 [        0 ]   1875950 [     7992 ]    0.00 [   0.00 ]       0 [      0 ]      21 [      2 ]       981 [        5 ] : step1_legal
     380 [      0 ]       0 [      0 ]       0 [      0 ]    4531 [      2 ]     30684 [        0 ]   1831176 [   -44774 ]    0.00 [   0.00 ]       0 [      0 ]      24 [      3 ]       984 [        3 ] : step1_dp
     -10 [   -390 ]     -20 [    -20 ]       2 [      2 ]    4624 [     93 ]     30684 [        0 ]   1575751 [  -255425 ]  198.71 [ 198.71 ]       0 [      0 ]      33 [      9 ]      1074 [       90 ] : step2_gp
     -10 [      0 ]     -20 [      0 ]       2 [      0 ]    4624 [      0 ]     30684 [        0 ]   1565269 [   -10482 ]  198.71 [   0.00 ]       0 [      0 ]      34 [      1 ]      1074 [        0 ] : step2_dp
     -10 [      0 ]     -20 [      0 ]       2 [      0 ]    4624 [      0 ]     30684 [        0 ]   1565269 [        0 ]  198.71 [   0.00 ]       0 [      0 ]      34 [      0 ]      1074 [        0 ] : prepack_spreading
     523 [    533 ]       0 [     20 ]       0 [     -2 ]    4773 [    149 ]     30846 [      162 ]   1411896 [  -153373 ]  173.08 [ -25.63 ]       0 [      0 ]      46 [     12 ]      1092 [       18 ] : prepack:hfn_opt
     523 [      0 ]       0 [      0 ]       0 [      0 ]    4773 [      0 ]     30846 [        0 ]   1413349 [     1453 ]   89.55 [ -83.53 ]       0 [      0 ]      52 [      6 ]      1092 [        0 ] : prepack:global_opt
     160 [   -363 ]       0 [      0 ]       0 [      0 ]    5052 [    279 ]     15693 [   -15153 ]   1689031 [   275682 ]   89.26 [  -0.29 ]       0 [      0 ]      89 [     37 ]      1219 [      127 ] : direct_legalization
     160 [      0 ]       0 [      0 ]       0 [      0 ]    5052 [      0 ]     15693 [        0 ]   1689031 [        0 ]   89.26 [   0.00 ]       0 [      0 ]      90 [      1 ]      1220 [        1 ] : post_pack_spreading
     269 [    109 ]       0 [      0 ]       0 [      0 ]    5182 [    130 ]     15693 [        0 ]   1475013 [  -214018 ]   77.55 [ -11.71 ]       0 [      0 ]     124 [     34 ]      1230 [       10 ] : post_pack_dp
     269 [      0 ]       0 [      0 ]       0 [      0 ]    5185 [      3 ]     15678 [      -15 ]   1466251 [    -8762 ]   77.55 [   0.00 ]       0 [      0 ]     133 [      9 ]      1230 [        0 ] : postpack:optimize_equivalent_quick
     269 [      0 ]       0 [      0 ]       0 [      0 ]    5183 [     -2 ]     15690 [       12 ]   1467809 [     1558 ]   77.55 [   0.00 ]       0 [      0 ]     134 [      1 ]      1230 [        0 ] : postpack:hfn_opt
     415 [    146 ]       0 [      0 ]       0 [      0 ]    5180 [     -3 ]     15735 [       45 ]   1482333 [    14524 ]   73.16 [  -4.39 ]       0 [      0 ]     141 [      7 ]      1230 [        0 ] : postpack:path_opt
     415 [      0 ]       0 [      0 ]       0 [      0 ]    5180 [      0 ]     15733 [       -2 ]   1481307 [    -1026 ]   73.16 [   0.00 ]       0 [      0 ]     151 [     10 ]      1230 [        0 ] : postpack:optimize_equivalent
     415 [      0 ]       0 [      0 ]       0 [      0 ]    5343 [    163 ]     15733 [        0 ]   1481307 [        0 ]   73.16 [   0.00 ]       0 [      0 ]     153 [      2 ]      1230 [        0 ] : postpack:pin_opt
     381 [    -34 ]       0 [      0 ]       0 [      0 ]    5307 [    -36 ]     15733 [        0 ]   1519958 [    38651 ]   73.16 [   0.00 ]       0 [      0 ]     172 [     19 ]      1231 [        1 ] : postpack:beeline_opt

RUN-1003 : finish command "place" in  182.548529s wall, 498.812500s user + 20.875000s system = 519.687500s CPU (284.7%)

RUN-1004 : used memory is 1232 MB, reserved memory is 1226 MB, peak memory is 1232 MB
RUN-1002 : start command "update_timing -mode manhattan"
RUN-1002 : start command "start_timer"
RUN-1003 : finish command "start_timer" in  2.606420s wall, 2.343750s user + 0.203125s system = 2.546875s CPU (97.7%)

RUN-1004 : used memory is 1232 MB, reserved memory is 1226 MB, peak memory is 1232 MB
RUN-1003 : finish command "update_timing -mode manhattan" in  4.643402s wall, 4.328125s user + 0.218750s system = 4.546875s CPU (97.9%)

RUN-1004 : used memory is 1232 MB, reserved memory is 1226 MB, peak memory is 1232 MB
RUN-1002 : start command "report_timing_summary -file camera_to_dsi_display_place.timing"
RUN-1002 : start command "report_area -io_info -file camera_to_dsi_display_phy.area"
SYN-4034 : The count of slices with lut is 7484.
SYN-4035 : The count of slices with lut+ripple is 3254.
RUN-1001 : standard
***Report Model: design_top_wrapper Device: PH1P35MDG324***

Design Statistics
#IO                        62   out of    160   38.75%
  #input                    7
  #output                  32
  #inout                   23
#lut6                   11154   out of  21216   52.57%
#reg                    14808
  #slice reg            14808   out of  42432   34.90%
  #pad reg                  0

Utilization Statistics
#slice                  13731   out of  21216   64.72%
  #used ram               416
    #dram lut             296
    #shifter lut          120
  #used logic           13315
    #with luts           7484
    #with adder          3254
    #reg only            2577
#f7mux                      0   out of  10608    0.00%
#f8mux                      0   out of   5304    0.00%
#eram                      50   out of    108   46.30%
  #eram20k                 50
  #fifo20k                  0
#dsp                        8   out of     40   20.00%
#mcu                        1   out of      1  100.00%
#ddr_byte                   6   out of     12   50.00%
#mipi_tx                    0   out of      2    0.00%
#mipi_rx                    1   out of      2   50.00%
#pad                       21   out of    160   13.12%
#pll                        3   out of      6   50.00%
#gclk                      13   out of     32   40.62%
#lclk                       0   out of     12    0.00%
#sclk                       0   out of     48    0.00%
#mlclk                      2   out of      6   33.33%
#ioclk                      4   out of     18   22.22%

RUN-1002 : start command "flow_status -file place_flow.status"
Location         : D:\2026fpga\lab_hd_1_mipi_hdmi\td_project\camera_to_dsi_display_Runs\phy_1
Running with     : Tang Dynasty v6.2.168116
                   Copyright (c) 2012-2025 Anlogic Inc.
Top Model        : design_top_wrapper
Device           : PH1P35MDG324
Speed            : 3

Timing Mode      : manhattan
Setup            : WNS   381ps  TNS        0ps  NUM_FEPS     0
Hold             : WNS  -281ps  TNS   -67915ps  NUM_FEPS   580

Flow Statistics  :
RUN-1001 : Flow Statistics:
RUN-1001 : --------------------------------------------------------------------------------------------------
RUN-1001 :      command     |  #calls  |  wall time  |  cpu time(s)  |  used memory(mb)  |  peak memory(mb)  
RUN-1001 : --------------------------------------------------------------------------------------------------
RUN-1001 :       place      |    1     |  3m2s(98%)  |   518(99%)    |       1232        |       1232        
RUN-1001 :   import_device  |    1     |   2s(1%)    |     1(0%)     |        325        |        325        
RUN-1001 :     import_db    |    3     |   1s(0%)    |     0(0%)     |        799        |        799        
RUN-1001 :       pack       |    1     |   0s(0%)    |     0(0%)     |        799        |        799        
RUN-1001 : --------------------------------------------------------------------------------------------------
RUN-1001 :       total      |    6     |    3m5s     |      519      |       1232        |       1232        
RUN-1001 : --------------------------------------------------------------------------------------------------
RUN-1002 : start command "report_clock_utilization -file place_clock_utilization.txt"
RUN-1002 : start command "export_db camera_to_dsi_display_place.db"
RUN-1001 : Exported flow parameters
RUN-1001 : Exported /
RUN-1001 : Exported libs
RUN-1001 : Exported entities
RUN-1001 : Exported ports
RUN-1001 : Exported pins
RUN-1001 : Exported instances
RUN-1001 : Exported nets
RUN-1001 : Exported buses
RUN-1001 : Exported models
RUN-1001 : Exported phy database
RUN-1001 : Exported packer
RUN-1001 : Exported congestions
RUN-1001 : Exported violations
RUN-1001 : Exported ATMR Setting
RUN-1001 : Exported timing constraints
RUN-1001 : Exported IO constraints
RUN-1001 : Exported Inst constraints
RUN-1001 : Exported ChipWatcher
RUN-1003 : finish command "export_db camera_to_dsi_display_place.db" in  1.334281s wall, 1.859375s user + 0.140625s system = 2.000000s CPU (149.9%)

RUN-1004 : used memory is 1251 MB, reserved memory is 1338 MB, peak memory is 1251 MB
RUN-1002 : start command "commit_param -step route"
RUN-1001 : Print Global Property
RUN-1001 : -------------------------------------------------------------
RUN-1001 :     Parameters    |   Settings   |  Default Values  |  Note  
RUN-1001 : -------------------------------------------------------------
RUN-1001 :    enable_seed    |     off      |       off        |        
RUN-1001 :    hfn_to_clock   |  1000000000  |    1000000000    |        
RUN-1001 :      message      |   standard   |     standard     |        
RUN-1001 :    qor_monitor    |      on      |        on        |        
RUN-1001 :   speedup_effort  |      0       |        0         |        
RUN-1001 :    syn_ip_flow    |     off      |       off        |        
RUN-1001 :       thread      |     auto     |       auto       |        
RUN-1001 : -------------------------------------------------------------
RUN-1001 : Print Route Property
RUN-1001 : ---------------------------------------------------------------
RUN-1001 :       Parameters      |  Settings  |  Default Values  |  Note  
RUN-1001 : ---------------------------------------------------------------
RUN-1001 :         effort        |   normal   |      normal      |        
RUN-1001 :        fix_hold       |     on     |        on        |        
RUN-1001 :   hold_fix_iteration  |     5      |        5         |        
RUN-1001 :     post_route_opt    |    auto    |       auto       |        
RUN-1001 :         timing        |     on     |        on        |        
RUN-1001 : ---------------------------------------------------------------
RUN-1002 : start command "route"
RUN-1001 : Open license file F:/AnlogicFpga/TD_6.2.1_Engineer_6.2.168.116/license/Anlogic.lic
PHY-1001 : Reconnected 30 VDD pins with routing demanding
PHY-1001 : Populate physical database on model design_top_wrapper.
RUN-1001 : Dedicate pll clock connection statistics:
RUN-1001 : Clock Region s_1_l [0,40][23,79]; Utilization: 1 out of 12
RUN-1001 : ----------------------------------------------------------------------------------------------------------------------------------------------------------------------------------------------------------------------------------
RUN-1001 :   Index  |                                    Leading Clock                                     |                                                          Special Sink                                                           
RUN-1001 : ----------------------------------------------------------------------------------------------------------------------------------------------------------------------------------------------------------------------------------
RUN-1001 :     1    |  u_ph1p35_324_ddr_wrapper/u_ddr2/ph1p_ddrmc_wrapper/ph1p_ddrmc_top/u_alc_mc_top/clk  |  u_ph1p35_324_ddr_wrapper/u_ddr2/ph1p_ddrmc_wrapper/ph1p_ddrmc_top/u_ddr_phy/u_ddrphy_top/u_ddrphy_clk/u_pll1/u_pll_inst.fbclk  
RUN-1001 : ----------------------------------------------------------------------------------------------------------------------------------------------------------------------------------------------------------------------------------
RUN-1001 : Clock Region s_1_r [24,40][43,79]; Utilization: 1 out of 12
RUN-1001 : -----------------------------------------------------------------------------------------------------------------------------------------------------------------------
RUN-1001 :   Index  |                                     Leading Clock                                     |                            Special Sink                             
RUN-1001 : -----------------------------------------------------------------------------------------------------------------------------------------------------------------------
RUN-1001 :     1    |  u_mipi_dphy_rx_ph1p_mipiio_wrapper/u_ph1p_mipiio_rx_wrapper/u_lane0_hs_detect/I_clk  |  u_PLL/ph1p_phy_pll_wrapper_25a56e5ce2f9_Inst/u_PH1P_PHY_PLL.fbclk  
RUN-1001 : -----------------------------------------------------------------------------------------------------------------------------------------------------------------------
PHY-1001 : Working orders of clock nets being processed in bank assignment:
PHY-1001 : u_ph1p35_324_ddr_wrapper/u_ddr2/ph1p_ddrmc_wrapper/ph1p_ddrmc_top/u_alc_mc_top/clk;
PHY-1001 : u_mipi_dphy_rx_ph1p_mipiio_wrapper/u_ph1p_mipiio_rx_wrapper/u_lane0_hs_detect/I_clk;
PHY-1001 : u_isp_top/u_rgb96_downscale_crop/u_scale_line_buffer/ram_f84573da5ab5_Inst/clkb;
PHY-1001 : S_hdmi_pixel_clk_syn_652;
PHY-1001 : u_mcu_ui_apb_regs/I_clk_syn_1;
PHY-1001 : cwc_jtck_syn_1;
PHY-1001 : O_cam_24m_syn_3;
PHY-1001 : I_sys_clk_syn_8;
PHY-1001 : u_hdmi_tx/u_hdmi2phy_wrapper/u0_lane_lvds_8_1/I_serial_clk_syn_1;
PHY-1001 : u_ph1p35_324_ddr_wrapper/u_ddr2/ph1p_ddrmc_wrapper/ph1p_ddrmc_top/u_ddr_phy/u_ddrphy_top/u_ddrphy/apb_pclk_syn_1;
PHY-1001 : u_uicfgcs500/uii2c_inst/scl_clk_syn_9;
PHY-1001 : S_mcu_ahb_clk_syn_5;
PHY-1001 : u_mcu/MCU_521bd43d073e_Inst/core_clk_syn_1;
PHY-1001 : Internal bound Intnl_0_0_25_40 is being created by clock MIPI_RX_BYTE_CLK through SCLK.
PHY-1001 : Internal bound Intnl_25_0_23_40 is being created by clock MIPI_RX_BYTE_CLK through SCLK.
PHY-1001 : Internal bound Intnl_0_40_25_40 is being created by clock u_ph1p35_324_ddr_wrapper/u_ddr2/usr_clk through SCLK.
PHY-1001 : Internal bound Intnl_25_40_19_40 is being created by clock MIPI_RX_BYTE_CLK through SCLK.
RUN-1001 : Clock region assignment statistics:
RUN-1001 : Clock Region s_0_l [0,0][23,39]; Utilization: 7 out of 12
RUN-1001 : ----------------------------------------------------------------------------------------------------------------------------------------------------------------------------------------------------------------------------------------------------------------------------------------------------------------------------------------
RUN-1001 :   Bank  |                                                   Leading Clock                                                    |       Type        |                                                                          Buffer                                                                           |  Regional Clock Fanouts  
RUN-1001 : ----------------------------------------------------------------------------------------------------------------------------------------------------------------------------------------------------------------------------------------------------------------------------------------------------------------------------------------
RUN-1001 :    1    |                  u_isp_top/u_rgb96_downscale_crop/u_scale_line_buffer/ram_f84573da5ab5_Inst/clkb                   |  (infered sclk)   |                           u_mipi_dphy_rx_ph1p_mipiio_wrapper/u_ph1p_mipiio_rx_wrapper/bufg_feedback_auto_created_sclk_s_0_l_bk1                           |           1202           
RUN-1001 :    2    |                 u_ph1p35_324_ddr_wrapper/u_ddr2/ph1p_ddrmc_wrapper/ph1p_ddrmc_top/u_alc_mc_top/clk                 |  (infered sclk)   |   u_ph1p35_324_ddr_wrapper/u_ddr2/ph1p_ddrmc_wrapper/ph1p_ddrmc_top/u_ddr_phy/u_ddrphy_top/u_ddrphy_clk/u_pll1/u_bufg_fbclk_auto_created_sclk_s_0_l_bk2   |           973            
RUN-1001 :    3    |                                              S_hdmi_pixel_clk_syn_652                                              |  (infered sclk)   |                                               S_hdmi_pixel_clk_created_gclkinst_auto_created_sclk_s_0_l_bk3                                               |           185            
RUN-1001 :    4    |                                                  I_sys_clk_syn_8                                                   |  (infered sclk)   |                                               I_sys_clk_dup_6_created_gclkinst_auto_created_sclk_s_0_l_bk4                                                |            84            
RUN-1001 :    5    |                                                  O_cam_24m_syn_3                                                   |  (infered sclk)   |                                               O_cam_24m_dup_1_created_gclkinst_auto_created_sclk_s_0_l_bk5                                                |            7             
RUN-1001 :    6    |  u_ph1p35_324_ddr_wrapper/u_ddr2/ph1p_ddrmc_wrapper/ph1p_ddrmc_top/u_ddr_phy/u_ddrphy_top/u_ddrphy/apb_pclk_syn_1  |  (infered sclk)   |  u_ph1p35_324_ddr_wrapper/u_ddr2/ph1p_ddrmc_wrapper/ph1p_ddrmc_top/u_ddr_phy/u_ddrphy_top/u_ddrphy/apb_pclk_created_gclkinst_auto_created_sclk_s_0_l_bk6  |            3             
RUN-1001 :    7    |                                           u_mcu_ui_apb_regs/I_clk_syn_1                                            |  (infered sclk)   |                                           u_mcu_ui_apb_regs/I_clk_created_gclkinst_auto_created_sclk_s_0_l_bk7                                            |            1             
RUN-1001 : ----------------------------------------------------------------------------------------------------------------------------------------------------------------------------------------------------------------------------------------------------------------------------------------------------------------------------------------
RUN-1001 : Clock Region s_0_r [24,0][47,39]; Utilization: 9 out of 12
RUN-1001 : ---------------------------------------------------------------------------------------------------------------------------------------------------------------------------------------------------------------------------------------------------------
RUN-1001 :   Bank  |                                     Leading Clock                                     |       Type        |                                                 Buffer                                                  |  Regional Clock Fanouts  
RUN-1001 : ---------------------------------------------------------------------------------------------------------------------------------------------------------------------------------------------------------------------------------------------------------
RUN-1001 :    1    |    u_isp_top/u_rgb96_downscale_crop/u_scale_line_buffer/ram_f84573da5ab5_Inst/clkb    |  (infered sclk)   |  u_mipi_dphy_rx_ph1p_mipiio_wrapper/u_ph1p_mipiio_rx_wrapper/bufg_feedback_auto_created_sclk_s_0_r_bk1  |           1497           
RUN-1001 :    2    |                             u_mcu_ui_apb_regs/I_clk_syn_1                             |  (infered sclk)   |                  u_mcu_ui_apb_regs/I_clk_created_gclkinst_auto_created_sclk_s_0_r_bk2                   |           301            
RUN-1001 :    3    |                                    cwc_jtck_syn_1                                     |  (infered sclk)   |                          cwc_jtck_created_gclkinst_auto_created_sclk_s_0_r_bk3                          |           179            
RUN-1001 :    4    |                                    O_cam_24m_syn_3                                    |  (infered sclk)   |                      O_cam_24m_dup_1_created_gclkinst_auto_created_sclk_s_0_r_bk4                       |            98            
RUN-1001 :    5    |                               S_hdmi_pixel_clk_syn_652                                |  (infered sclk)   |                      S_hdmi_pixel_clk_created_gclkinst_auto_created_sclk_s_0_r_bk5                      |            39            
RUN-1001 :    6    |                         u_uicfgcs500/uii2c_inst/scl_clk_syn_9                         |  (infered sclk)   |              u_uicfgcs500/uii2c_inst/scl_clk_created_gclkinst_auto_created_sclk_s_0_r_bk6               |            17            
RUN-1001 :    7    |  u_mipi_dphy_rx_ph1p_mipiio_wrapper/u_ph1p_mipiio_rx_wrapper/u_lane0_hs_detect/I_clk  |  (infered sclk)   |                             u_PLL/bufg_feedback_auto_created_sclk_s_0_r_bk7                             |            8             
RUN-1001 :    8    |                                  S_mcu_ahb_clk_syn_5                                  |  (infered sclk)   |                       S_mcu_ahb_clk_created_gclkinst_auto_created_sclk_s_0_r_bk8                        |            1             
RUN-1001 :    9    |                      u_mcu/MCU_521bd43d073e_Inst/core_clk_syn_1                       |  (infered sclk)   |            u_mcu/MCU_521bd43d073e_Inst/core_clk_created_gclkinst_auto_created_sclk_s_0_r_bk9            |            1             
RUN-1001 : ---------------------------------------------------------------------------------------------------------------------------------------------------------------------------------------------------------------------------------------------------------
RUN-1001 : Clock Region s_1_l [0,40][23,79]; Utilization: 4 out of 12
RUN-1001 : ----------------------------------------------------------------------------------------------------------------------------------------------------------------------------------------------------------------------------------------------------------------------------------------------------------------------------------------
RUN-1001 :   Bank  |                                                   Leading Clock                                                    |       Type        |                                                                          Buffer                                                                           |  Regional Clock Fanouts  
RUN-1001 : ----------------------------------------------------------------------------------------------------------------------------------------------------------------------------------------------------------------------------------------------------------------------------------------------------------------------------------------
RUN-1001 :    1    |                 u_ph1p35_324_ddr_wrapper/u_ddr2/ph1p_ddrmc_wrapper/ph1p_ddrmc_top/u_alc_mc_top/clk                 |  (infered sclk)   |   u_ph1p35_324_ddr_wrapper/u_ddr2/ph1p_ddrmc_wrapper/ph1p_ddrmc_top/u_ddr_phy/u_ddrphy_top/u_ddrphy_clk/u_pll1/u_bufg_fbclk_auto_created_sclk_s_1_l_bk1   |           1210           
RUN-1001 :    2    |                  u_isp_top/u_rgb96_downscale_crop/u_scale_line_buffer/ram_f84573da5ab5_Inst/clkb                   |  (infered sclk)   |                           u_mipi_dphy_rx_ph1p_mipiio_wrapper/u_ph1p_mipiio_rx_wrapper/bufg_feedback_auto_created_sclk_s_1_l_bk2                           |           1381           
RUN-1001 :    3    |                                              S_hdmi_pixel_clk_syn_652                                              |  (infered sclk)   |                                               S_hdmi_pixel_clk_created_gclkinst_auto_created_sclk_s_1_l_bk3                                               |            36            
RUN-1001 :    4    |  u_ph1p35_324_ddr_wrapper/u_ddr2/ph1p_ddrmc_wrapper/ph1p_ddrmc_top/u_ddr_phy/u_ddrphy_top/u_ddrphy/apb_pclk_syn_1  |  (infered sclk)   |  u_ph1p35_324_ddr_wrapper/u_ddr2/ph1p_ddrmc_wrapper/ph1p_ddrmc_top/u_ddr_phy/u_ddrphy_top/u_ddrphy/apb_pclk_created_gclkinst_auto_created_sclk_s_1_l_bk4  |            25            
RUN-1001 : ----------------------------------------------------------------------------------------------------------------------------------------------------------------------------------------------------------------------------------------------------------------------------------------------------------------------------------------
RUN-1001 : Clock Region s_1_r [24,40][43,79]; Utilization: 6 out of 12
RUN-1001 : ---------------------------------------------------------------------------------------------------------------------------------------------------------------------------------------------------------------------------------------------------------------------------------------------------------
RUN-1001 :   Bank  |                                     Leading Clock                                     |       Type        |                                                                         Buffer                                                                          |  Regional Clock Fanouts  
RUN-1001 : ---------------------------------------------------------------------------------------------------------------------------------------------------------------------------------------------------------------------------------------------------------------------------------------------------------
RUN-1001 :    1    |  u_mipi_dphy_rx_ph1p_mipiio_wrapper/u_ph1p_mipiio_rx_wrapper/u_lane0_hs_detect/I_clk  |  (infered sclk)   |                                                     u_PLL/bufg_feedback_auto_created_sclk_s_1_r_bk1                                                     |            1             
RUN-1001 :    2    |    u_isp_top/u_rgb96_downscale_crop/u_scale_line_buffer/ram_f84573da5ab5_Inst/clkb    |  (infered sclk)   |                          u_mipi_dphy_rx_ph1p_mipiio_wrapper/u_ph1p_mipiio_rx_wrapper/bufg_feedback_auto_created_sclk_s_1_r_bk2                          |           995            
RUN-1001 :    3    |                               S_hdmi_pixel_clk_syn_652                                |  (infered sclk)   |                                              S_hdmi_pixel_clk_created_gclkinst_auto_created_sclk_s_1_r_bk3                                              |           660            
RUN-1001 :    4    |                             u_mcu_ui_apb_regs/I_clk_syn_1                             |  (infered sclk)   |                                          u_mcu_ui_apb_regs/I_clk_created_gclkinst_auto_created_sclk_s_1_r_bk4                                           |            39            
RUN-1001 :    5    |           u_hdmi_tx/u_hdmi2phy_wrapper/u0_lane_lvds_8_1/I_serial_clk_syn_1            |  (infered sclk)   |                         u_hdmi_tx/u_hdmi2phy_wrapper/u0_lane_lvds_8_1/I_serial_clk_created_gclkinst_auto_created_sclk_s_1_r_bk5                         |            37            
RUN-1001 :    6    |  u_ph1p35_324_ddr_wrapper/u_ddr2/ph1p_ddrmc_wrapper/ph1p_ddrmc_top/u_alc_mc_top/clk   |  (infered sclk)   |  u_ph1p35_324_ddr_wrapper/u_ddr2/ph1p_ddrmc_wrapper/ph1p_ddrmc_top/u_ddr_phy/u_ddrphy_top/u_ddrphy_clk/u_pll1/u_bufg_fbclk_auto_created_sclk_s_1_r_bk6  |            11            
RUN-1001 : ---------------------------------------------------------------------------------------------------------------------------------------------------------------------------------------------------------------------------------------------------------------------------------------------------------
PHY-1001 : Populate physical database on model design_top_wrapper.
PHY-1001 : Route runs in 32 thread(s)
RUN-1001 : There are total 14267 instances
RUN-1001 : 416 mslices, 13315 lslices, 53 pads, 50 brams, 8 dsps
RUN-1001 : There are total 33196 nets
RUN-1001 : 21082 nets have 2 pins
RUN-1001 : 9473 nets have [3 - 5] pins
RUN-1001 : 1784 nets have [6 - 10] pins
RUN-1001 : 549 nets have [11 - 20] pins
RUN-1001 : 290 nets have [21 - 99] pins
RUN-1001 : 18 nets have 100+ pins
RUN-1002 : start command "start_timer"
RUN-1003 : finish command "start_timer" in  4.476888s wall, 4.296875s user + 0.140625s system = 4.437500s CPU (99.1%)

RUN-1004 : used memory is 1251 MB, reserved memory is 1338 MB, peak memory is 1251 MB
PHY-1001 : 416 mslices, 13315 lslices, 53 pads, 50 brams, 8 dsps

PHY-1001 : Stage 1 | Global Routing
PHY-1001 : Start global routing, caller is route ...
RUN-1001 : Generating global routing grids ...
PHY-1001 : Generate routing nets ...
RUN-1001 : Generate nets statistics:
RUN-1001 : ----------------------------
RUN-1001 :        Type       |  Nets   
RUN-1001 : ----------------------------
RUN-1001 :   TotalRouteNets  |  23588  
RUN-1001 :   DontRouteNets   |  4938   
RUN-1001 :     RouteNets     |  18650  
RUN-1001 :     RouteSinks    |  35277  
RUN-1001 : ----------------------------
PHY-1001 : Global iterations in 32 thread ...
PHY-1002 : len = 1.66486e+06, over cnt = 1900(2%), over = 4213, worst = 9
PHY-1002 : len = 1.71739e+06, over cnt = 1264(1%), over = 2320, worst = 9
PHY-1002 : len = 1.76446e+06, over cnt = 353(0%), over = 620, worst = 8
PHY-1002 : len = 1.78139e+06, over cnt = 3(0%), over = 7, worst = 4
PHY-1002 : len = 1.78146e+06, over cnt = 0(0%), over = 0, worst = 0
PHY-1001 : End global iterations;  2.770279s wall, 4.437500s user + 0.218750s system = 4.656250s CPU (168.1%)

PHY-1001 : Congestion index:
PHY-1001 : top1  = 73.80(S 60.97, N 62.02, E 66.12, W 69.49, I 68.94, O 79.03)
PHY-1001 : top5  = 63.33(S 51.34, N 51.95, E 53.21, W 54.59, I 52.24, O 59.57)
PHY-1001 : top10 = 58.20(S 45.29, N 45.71, E 46.67, W 46.88, I 45.71, O 53.43)
PHY-1001 : top15 = 54.86(S 41.04, N 41.43, E 42.46, W 42.16, I 41.55, O 49.52)
PHY-1001 : End global routing;  3.325768s wall, 5.421875s user + 0.250000s system = 5.671875s CPU (170.5%)

PHY-1001 : End Stage 1 | Global Routing; Time: 3.326104s wall, 5.421875s user + 0.250000s system = 5.671875s CPU (170.5%); Memory(MB): used = 1277, reserved = 1338, peak = 1277;

PHY-1001 : Stage 2 | Detail Routing
PHY-1001 : Stage 2.1 | Build Routing Design
PHY-1001 : Routing in high effort: false
PHY-1001 : Routing Mode: normal
PHY-1001 : Generate detailed routing grids ...
RUN-1001 : Constructing routing connections ...
PHY-1001 : End build routing graph; 4.546541s wall, 26.953125s user + 0.562500s system = 27.515625s CPU (605.2%)

PHY-1001 : Generate nets ...
RUN-1001 : Generate nets statistics:
RUN-1001 : ------------------------------
RUN-1001 :         Type        |  Nets   
RUN-1001 : ------------------------------
RUN-1001 :        Route        |  23894  
RUN-1001 :      DontRoute      |  9302   
RUN-1001 :      RouteSinks     |  72817  
RUN-1001 :   RouteEntitySinks  |    0    
RUN-1001 :       Lut2Dff       |    0    
RUN-1001 :       Ram2Dff       |    0    
RUN-1001 :      Carry2Dff      |    0    
RUN-1001 : ------------------------------
RUN-1001 : DR clock net summary:
RUN-1001 : ---------------------------------------------------------------------------------------------------------------------------------------------------
RUN-1001 :   Net Idx  |                                                        Net Name                                                        |  Clock Type  
RUN-1001 : ---------------------------------------------------------------------------------------------------------------------------------------------------
RUN-1001 :      1     |                                                    I_sys_clk_dup_6                                                     |    Normal    
RUN-1001 :      2     |                                                    I_sys_clk_syn_8                                                     |    Normal    
RUN-1001 :      3     |                                                    O_cam_24m_dup_1                                                     |    Normal    
RUN-1001 :      4     |                                                    O_cam_24m_syn_3                                                     |    Normal    
RUN-1001 :      5     |                                                    S_hdmi_pixel_clk                                                    |    Normal    
RUN-1001 :      6     |                                                S_hdmi_pixel_clk_syn_652                                                |    Normal    
RUN-1001 :      7     |                                                     S_mcu_ahb_clk                                                      |    Normal    
RUN-1001 :      8     |                                                  S_mcu_ahb_clk_syn_5                                                   |    Normal    
RUN-1001 :      9     |                                                        cwc_jtck                                                        |    Normal    
RUN-1001 :     10     |                                                     cwc_jtck_syn_1                                                     |    Normal    
RUN-1001 :     11     |                                                     u_PLL/clk0_buf                                                     |    Normal    
RUN-1001 :     12     |                               u_hdmi_tx/u_hdmi2phy_wrapper/u0_lane_lvds_8_1/I_serial_clk                               |    Normal    
RUN-1001 :     13     |                            u_hdmi_tx/u_hdmi2phy_wrapper/u0_lane_lvds_8_1/I_serial_clk_syn_1                            |    Normal    
RUN-1001 :     14     |                    u_isp_top/u_rgb96_downscale_crop/u_scale_line_buffer/ram_f84573da5ab5_Inst/clkb                     |    Normal    
RUN-1001 :     15     |                                          u_mcu/MCU_521bd43d073e_Inst/core_clk                                          |    Normal    
RUN-1001 :     16     |                                       u_mcu/MCU_521bd43d073e_Inst/core_clk_syn_1                                       |    Normal    
RUN-1001 :     17     |                                                u_mcu_ui_apb_regs/I_clk                                                 |    Normal    
RUN-1001 :     18     |                                             u_mcu_ui_apb_regs/I_clk_syn_1                                              |    Normal    
RUN-1001 :     19     |                     u_mipi_dphy_rx_ph1p_mipiio_wrapper/u_ph1p_mipiio_rx_wrapper/S_mipiio_hs_rx_clk                     |    Normal    
RUN-1001 :     20     |                  u_mipi_dphy_rx_ph1p_mipiio_wrapper/u_ph1p_mipiio_rx_wrapper/u_lane0_hs_detect/I_clk                   |    Normal    
RUN-1001 :     21     |                   u_ph1p35_324_ddr_wrapper/u_ddr2/ph1p_ddrmc_wrapper/ph1p_ddrmc_top/u_alc_mc_top/clk                   |    Normal    
RUN-1001 :     22     |       u_ph1p35_324_ddr_wrapper/u_ddr2/ph1p_ddrmc_wrapper/ph1p_ddrmc_top/u_ddr_phy/u_ddrphy_top/u_ddrphy/apb_pclk       |    Normal    
RUN-1001 :     23     |    u_ph1p35_324_ddr_wrapper/u_ddr2/ph1p_ddrmc_wrapper/ph1p_ddrmc_top/u_ddr_phy/u_ddrphy_top/u_ddrphy/apb_pclk_syn_1    |    Normal    
RUN-1001 :     24     |      u_ph1p35_324_ddr_wrapper/u_ddr2/ph1p_ddrmc_wrapper/ph1p_ddrmc_top/u_ddr_phy/u_ddrphy_top/u_ddrphy/ctl_clk[0]      |    Normal    
RUN-1001 :     25     |      u_ph1p35_324_ddr_wrapper/u_ddr2/ph1p_ddrmc_wrapper/ph1p_ddrmc_top/u_ddr_phy/u_ddrphy_top/u_ddrphy/ctl_clk[1]      |    Normal    
RUN-1001 :     26     |      u_ph1p35_324_ddr_wrapper/u_ddr2/ph1p_ddrmc_wrapper/ph1p_ddrmc_top/u_ddr_phy/u_ddrphy_top/u_ddrphy/ddr_clk[0]      |    Normal    
RUN-1001 :     27     |      u_ph1p35_324_ddr_wrapper/u_ddr2/ph1p_ddrmc_wrapper/ph1p_ddrmc_top/u_ddr_phy/u_ddrphy_top/u_ddrphy/ddr_clk[1]      |    Normal    
RUN-1001 :     28     |    u_ph1p35_324_ddr_wrapper/u_ddr2/ph1p_ddrmc_wrapper/ph1p_ddrmc_top/u_ddr_phy/u_ddrphy_top/u_ddrphy_clk/pll0_clk_1    |    Normal    
RUN-1001 :     29     |    u_ph1p35_324_ddr_wrapper/u_ddr2/ph1p_ddrmc_wrapper/ph1p_ddrmc_top/u_ddr_phy/u_ddrphy_top/u_ddrphy_clk/pll0_clk_2    |    Normal    
RUN-1001 :     30     |   u_ph1p35_324_ddr_wrapper/u_ddr2/ph1p_ddrmc_wrapper/ph1p_ddrmc_top/u_ddr_phy/u_ddrphy_top/u_ddrphy_clk/pll0_mlclk_1   |    Normal    
RUN-1001 :     31     |   u_ph1p35_324_ddr_wrapper/u_ddr2/ph1p_ddrmc_wrapper/ph1p_ddrmc_top/u_ddr_phy/u_ddrphy_top/u_ddrphy_clk/pll0_mlclk_2   |    Normal    
RUN-1001 :     32     |  u_ph1p35_324_ddr_wrapper/u_ddr2/ph1p_ddrmc_wrapper/ph1p_ddrmc_top/u_ddr_phy/u_ddrphy_top/u_ddrphy_clk/u_pll1/clkc[0]  |    Normal    
RUN-1001 :     33     |  u_ph1p35_324_ddr_wrapper/u_ddr2/ph1p_ddrmc_wrapper/ph1p_ddrmc_top/u_ddr_phy/u_ddrphy_top/u_ddrphy_clk/u_pll1/refclk   |    Normal    
RUN-1001 :     34     |                                            u_uicfgcs500/uii2c_inst/scl_clk                                             |    Normal    
RUN-1001 :     35     |                                         u_uicfgcs500/uii2c_inst/scl_clk_syn_9                                          |    Normal    
RUN-1001 : ---------------------------------------------------------------------------------------------------------------------------------------------------
RUN-1001 : DR clock buffer summary:
RUN-1001 : -------------------------------------------------------------------------------------------------------------------------------------------------------------------
RUN-1001 :   Idx  |                                                                           Name                                                                            
RUN-1001 : -------------------------------------------------------------------------------------------------------------------------------------------------------------------
RUN-1001 :    1   |                           u_mipi_dphy_rx_ph1p_mipiio_wrapper/u_ph1p_mipiio_rx_wrapper/bufg_feedback_auto_created_sclk_s_0_l_bk1                           
RUN-1001 :    2   |   u_ph1p35_324_ddr_wrapper/u_ddr2/ph1p_ddrmc_wrapper/ph1p_ddrmc_top/u_ddr_phy/u_ddrphy_top/u_ddrphy_clk/u_pll1/u_bufg_fbclk_auto_created_sclk_s_0_l_bk2   
RUN-1001 :    3   |                                               S_hdmi_pixel_clk_created_gclkinst_auto_created_sclk_s_0_l_bk3                                               
RUN-1001 :    4   |                                               I_sys_clk_dup_6_created_gclkinst_auto_created_sclk_s_0_l_bk4                                                
RUN-1001 :    5   |                                               O_cam_24m_dup_1_created_gclkinst_auto_created_sclk_s_0_l_bk5                                                
RUN-1001 :    6   |  u_ph1p35_324_ddr_wrapper/u_ddr2/ph1p_ddrmc_wrapper/ph1p_ddrmc_top/u_ddr_phy/u_ddrphy_top/u_ddrphy/apb_pclk_created_gclkinst_auto_created_sclk_s_0_l_bk6  
RUN-1001 :    7   |                                           u_mcu_ui_apb_regs/I_clk_created_gclkinst_auto_created_sclk_s_0_l_bk7                                            
RUN-1001 :    8   |                           u_mipi_dphy_rx_ph1p_mipiio_wrapper/u_ph1p_mipiio_rx_wrapper/bufg_feedback_auto_created_sclk_s_0_r_bk1                           
RUN-1001 :    9   |                                           u_mcu_ui_apb_regs/I_clk_created_gclkinst_auto_created_sclk_s_0_r_bk2                                            
RUN-1001 :   10   |                                                   cwc_jtck_created_gclkinst_auto_created_sclk_s_0_r_bk3                                                   
RUN-1001 :   11   |                                               O_cam_24m_dup_1_created_gclkinst_auto_created_sclk_s_0_r_bk4                                                
RUN-1001 :   12   |                                               S_hdmi_pixel_clk_created_gclkinst_auto_created_sclk_s_0_r_bk5                                               
RUN-1001 :   13   |                                       u_uicfgcs500/uii2c_inst/scl_clk_created_gclkinst_auto_created_sclk_s_0_r_bk6                                        
RUN-1001 :   14   |                                                      u_PLL/bufg_feedback_auto_created_sclk_s_0_r_bk7                                                      
RUN-1001 :   15   |                                                S_mcu_ahb_clk_created_gclkinst_auto_created_sclk_s_0_r_bk8                                                 
RUN-1001 :   16   |                                     u_mcu/MCU_521bd43d073e_Inst/core_clk_created_gclkinst_auto_created_sclk_s_0_r_bk9                                     
RUN-1001 :   17   |   u_ph1p35_324_ddr_wrapper/u_ddr2/ph1p_ddrmc_wrapper/ph1p_ddrmc_top/u_ddr_phy/u_ddrphy_top/u_ddrphy_clk/u_pll1/u_bufg_fbclk_auto_created_sclk_s_1_l_bk1   
RUN-1001 :   18   |                           u_mipi_dphy_rx_ph1p_mipiio_wrapper/u_ph1p_mipiio_rx_wrapper/bufg_feedback_auto_created_sclk_s_1_l_bk2                           
RUN-1001 :   19   |                                               S_hdmi_pixel_clk_created_gclkinst_auto_created_sclk_s_1_l_bk3                                               
RUN-1001 :   20   |  u_ph1p35_324_ddr_wrapper/u_ddr2/ph1p_ddrmc_wrapper/ph1p_ddrmc_top/u_ddr_phy/u_ddrphy_top/u_ddrphy/apb_pclk_created_gclkinst_auto_created_sclk_s_1_l_bk4  
RUN-1001 :   21   |                                                      u_PLL/bufg_feedback_auto_created_sclk_s_1_r_bk1                                                      
RUN-1001 :   22   |                           u_mipi_dphy_rx_ph1p_mipiio_wrapper/u_ph1p_mipiio_rx_wrapper/bufg_feedback_auto_created_sclk_s_1_r_bk2                           
RUN-1001 :   23   |                                               S_hdmi_pixel_clk_created_gclkinst_auto_created_sclk_s_1_r_bk3                                               
RUN-1001 :   24   |                                           u_mcu_ui_apb_regs/I_clk_created_gclkinst_auto_created_sclk_s_1_r_bk4                                            
RUN-1001 :   25   |                          u_hdmi_tx/u_hdmi2phy_wrapper/u0_lane_lvds_8_1/I_serial_clk_created_gclkinst_auto_created_sclk_s_1_r_bk5                          
RUN-1001 :   26   |   u_ph1p35_324_ddr_wrapper/u_ddr2/ph1p_ddrmc_wrapper/ph1p_ddrmc_top/u_ddr_phy/u_ddrphy_top/u_ddrphy_clk/u_pll1/u_bufg_fbclk_auto_created_sclk_s_1_r_bk6   
RUN-1001 : -------------------------------------------------------------------------------------------------------------------------------------------------------------------
PHY-1001 : End Stage 2.1 | Build Routing Design; Time: 5.276155s wall, 27.609375s user + 0.609375s system = 28.218750s CPU (534.8%); Memory(MB): used = 1606, reserved = 1599, peak = 1606;

RUN-1001 : Top Percentage Crit. Net Stat.
RUN-1001 : -------------------------------------------------------
RUN-1001 :   Top %  |  Net Count  |  Avg. Fanout  |  Avg. Slack   
RUN-1001 : -------------------------------------------------------
RUN-1001 :     1    |     331     |   2.416918    |  2065.305136  
RUN-1001 :     2    |     663     |   3.217195    |  3247.850679  
RUN-1001 :     3    |     995     |   3.374874    |  3800.060302  
RUN-1001 :     4    |    1327     |   3.269781    |  4123.295403  
RUN-1001 :     5    |    1659     |   3.101869    |  4345.464738  
RUN-1001 :     6    |    1991     |   3.036665    |  4510.095932  
RUN-1001 :     7    |    2323     |   2.950065    |  4642.292725  
RUN-1001 :     8    |    2655     |   2.871186    |  4753.447458  
RUN-1001 :     9    |    2987     |   2.828591    |  4850.263140  
RUN-1001 :    10    |    3319     |   2.784875    |  4937.384152  
RUN-1001 : -------------------------------------------------------
PHY-1001 : Stage 2.2 | Tile Base Routing
PHY-1001 : 219 nets need to preroute.
PHY-1001 : len = 0, over cnt = 0(0%), over = 0, worst = 0, crit = 0
PHY-1001 : End Stage 2.2 | Tile Base Routing; Time: 0.348222s wall, 7.671875s user + 0.140625s system = 7.812500s CPU (2243.5%); Memory(MB): used = 1609, reserved = 1602, peak = 1609;

PHY-1001 : Stage 2.3 | Clock Nets Routing
PHY-1001 : Routed 0% nets.
PHY-1001 : len = 432832, over cnt = 0(0%), over = 0, worst = 0, crit = 0
PHY-1001 : End Stage 2.3 | Clock Nets Routing; Time: 2.530118s wall, 2.421875s user + 0.062500s system = 2.484375s CPU (98.2%); Memory(MB): used = 1652, reserved = 1645, peak = 1652;

PHY-1001 : Stage 2.4 | Routing Initialization
PHY-1001 : Mark 1% net(place mode slack < 3580ps) as critical nets.
PHY-1001 : Stage 2.4.1 | Normal Nets Routing
PHY-1001 : Routed 68% nets.
PHY-1001 : len = 2.8616e+06, over cnt = 13404(0%), over = 14378, worst = 4, crit = 0
PHY-1001 : End Stage 2.4.1 | Normal Nets Routing; Time: 10.585513s wall, 22.078125s user + 1.171875s system = 23.250000s CPU (219.6%); Memory(MB): used = 1690, reserved = 1683, peak = 1690;

PHY-1001 : Stage 2.4.2 | Update Timing
RUN-1002 : start command "start_timer"
USR-1002 : Derived clock:  create_generated_clock -name {u_PLL/ph1p_phy_pll_wrapper_25a56e5ce2f9_Inst/u_PH1P_PHY_PLL.clkc[0]} -source [get_ports {I_sys_clk}] -master_clock {sys_clk_50m} -multiply_by 2.0000 -duty_cycle 50.0000 [get_pins {u_PLL/ph1p_phy_pll_wrapper_25a56e5ce2f9_Inst/u_PH1P_PHY_PLL.clkc[0]}]
USR-1002 : Derived clock:  create_generated_clock -name {u_PLL/ph1p_phy_pll_wrapper_25a56e5ce2f9_Inst/u_PH1P_PHY_PLL.clkc[1]} -source [get_ports {I_sys_clk}] -master_clock {sys_clk_50m} -divide_by 2.1000 -duty_cycle 50.0000 [get_pins {u_PLL/ph1p_phy_pll_wrapper_25a56e5ce2f9_Inst/u_PH1P_PHY_PLL.clkc[1]}]
USR-1002 : Derived clock:  create_generated_clock -name {u_PLL/ph1p_phy_pll_wrapper_25a56e5ce2f9_Inst/u_PH1P_PHY_PLL.clkc[2]} -source [get_ports {I_sys_clk}] -master_clock {sys_clk_50m} -multiply_by 1.0000 -duty_cycle 50.0000 [get_pins {u_PLL/ph1p_phy_pll_wrapper_25a56e5ce2f9_Inst/u_PH1P_PHY_PLL.clkc[2]}]
USR-1002 : Derived clock:  create_generated_clock -name {u_PLL/ph1p_phy_pll_wrapper_25a56e5ce2f9_Inst/u_PH1P_PHY_PLL.clkc[3]} -source [get_ports {I_sys_clk}] -master_clock {sys_clk_50m} -multiply_by 6.0000 -duty_cycle 50.0000 [get_pins {u_PLL/ph1p_phy_pll_wrapper_25a56e5ce2f9_Inst/u_PH1P_PHY_PLL.clkc[3]}]
USR-1002 : Derived clock:  create_generated_clock -name {u_PLL/ph1p_phy_pll_wrapper_25a56e5ce2f9_Inst/u_PH1P_PHY_PLL.clkc[4]} -source [get_ports {I_sys_clk}] -master_clock {sys_clk_50m} -multiply_by 1.5000 -duty_cycle 50.0000 [get_pins {u_PLL/ph1p_phy_pll_wrapper_25a56e5ce2f9_Inst/u_PH1P_PHY_PLL.clkc[4]}]
USR-1002 : Derived clock:  create_generated_clock -name {u_PLL/ph1p_phy_pll_wrapper_25a56e5ce2f9_Inst/u_PH1P_PHY_PLL.clkc[5]} -source [get_ports {I_sys_clk}] -master_clock {sys_clk_50m} -multiply_by 7.5000 -duty_cycle 50.0000 [get_pins {u_PLL/ph1p_phy_pll_wrapper_25a56e5ce2f9_Inst/u_PH1P_PHY_PLL.clkc[5]}]
USR-1002 : Derived clock:  create_generated_clock -name {u_ph1p35_324_ddr_wrapper/u_ddr2/ph1p_ddrmc_wrapper/ph1p_ddrmc_top/u_ddr_phy/u_ddrphy_top/u_ddrphy_clk/u_pll0/u_pll_inst.clkc[0]} -source [get_ports {I_sys_clk}] -master_clock {sys_clk_50m} -multiply_by 1.3333 -duty_cycle 50.0000 [get_pins {u_ph1p35_324_ddr_wrapper/u_ddr2/ph1p_ddrmc_wrapper/ph1p_ddrmc_top/u_ddr_phy/u_ddrphy_top/u_ddrphy_clk/u_pll0/u_pll_inst.clkc[0]}]
USR-1002 : Derived clock:  create_generated_clock -name {u_ph1p35_324_ddr_wrapper/u_ddr2/ph1p_ddrmc_wrapper/ph1p_ddrmc_top/u_ddr_phy/u_ddrphy_top/u_ddrphy_clk/u_pll0/u_pll_inst.clkc[1]} -source [get_ports {I_sys_clk}] -master_clock {sys_clk_50m} -multiply_by 1.3333 -duty_cycle 50.0000 [get_pins {u_ph1p35_324_ddr_wrapper/u_ddr2/ph1p_ddrmc_wrapper/ph1p_ddrmc_top/u_ddr_phy/u_ddrphy_top/u_ddrphy_clk/u_pll0/u_pll_inst.clkc[1]}]
USR-1002 : Derived clock:  create_generated_clock -name {u_ph1p35_324_ddr_wrapper/u_ddr2/ph1p_ddrmc_wrapper/ph1p_ddrmc_top/u_ddr_phy/u_ddrphy_top/u_ddrphy_clk/u_pll0/u_pll_inst.clkc[2]} -source [get_ports {I_sys_clk}] -master_clock {sys_clk_50m} -multiply_by 5.3333 -duty_cycle 50.0000 [get_pins {u_ph1p35_324_ddr_wrapper/u_ddr2/ph1p_ddrmc_wrapper/ph1p_ddrmc_top/u_ddr_phy/u_ddrphy_top/u_ddrphy_clk/u_pll0/u_pll_inst.clkc[2]}]
USR-1002 : Derived clock:  create_generated_clock -name {u_ph1p35_324_ddr_wrapper/u_ddr2/ph1p_ddrmc_wrapper/ph1p_ddrmc_top/u_ddr_phy/u_ddrphy_top/u_ddrphy_clk/u_pll0/u_pll_inst.clkc[3]} -source [get_ports {I_sys_clk}] -master_clock {sys_clk_50m} -divide_by 1.9687 -duty_cycle 50.0000 [get_pins {u_ph1p35_324_ddr_wrapper/u_ddr2/ph1p_ddrmc_wrapper/ph1p_ddrmc_top/u_ddr_phy/u_ddrphy_top/u_ddrphy_clk/u_pll0/u_pll_inst.clkc[3]}]
USR-1002 : Derived clock:  create_generated_clock -name {u_ph1p35_324_ddr_wrapper/u_ddr2/ph1p_ddrmc_wrapper/ph1p_ddrmc_top/u_ddr_phy/u_ddrphy_top/u_ddrphy_clk/u_pll1/u_pll_inst.clkc[0]} -source [get_pins {u_ph1p35_324_ddr_wrapper/u_ddr2/ph1p_ddrmc_wrapper/ph1p_ddrmc_top/u_ddr_phy/u_ddrphy_top/u_ddrphy_clk/u_pll0/u_pll_inst.clkc[0]}] -master_clock {u_ph1p35_324_ddr_wrapper/u_ddr2/ph1p_ddrmc_wrapper/ph1p_ddrmc_top/u_ddr_phy/u_ddrphy_top/u_ddrphy_clk/u_pll0/u_pll_inst.clkc[0]} -multiply_by 1.0000 -duty_cycle 50.0000 [get_pins {u_ph1p35_324_ddr_wrapper/u_ddr2/ph1p_ddrmc_wrapper/ph1p_ddrmc_top/u_ddr_phy/u_ddrphy_top/u_ddrphy_clk/u_pll1/u_pll_inst.clkc[0]}]
8.888000
15.000000
15.000000
13.333000
RUN-1003 : finish command "start_timer" in  3.418753s wall, 3.250000s user + 0.109375s system = 3.359375s CPU (98.3%)

RUN-1004 : used memory is 1690 MB, reserved memory is 1683 MB, peak memory is 1690 MB
TMR-2502 : Net delay update with mode: Routed
PHY-1001 : 0/23588(0%) critical/total net(s).
PHY-1001 : Setup: WNS(ns) = 0.055, TNS(ns) = 0.000, FEP = 0 | Hold: WNS(ns) = -0.226, TNS(ns) = -10.421, FEP = 233.
PHY-1001 : End Stage 2.4.2 | Update Timing; Time: 9.369155s wall, 8.656250s user + 0.546875s system = 9.203125s CPU (98.2%); Memory(MB): used = 1808, reserved = 1800, peak = 1808;

PHY-1001 : Stage 2.4.3 | Deskew Clock Tree
RUN-1001 : Deskew Summary
RUN-1001 : ---------------------------------------------------------------------------------------------------------------------------------
RUN-1001 :                                                 Clock                                                 |  Pre-Skew  |  Post-Skew  
RUN-1001 : ---------------------------------------------------------------------------------------------------------------------------------
RUN-1001 :                                             mipi_rx_ck_pad                                            |     34     |     34      
RUN-1001 :   u_mipi_dphy_rx_ph1p_mipiio_wrapper/u_ph1p_mipiio_rx_wrapper/u_PH1P_LOGIC_DPHY_MIPI_RX.io_clk_pad_p  |     34     |     34      
RUN-1001 :                                            MIPI_RX_BYTE_CLK                                           |     34     |     34      
RUN-1001 :                                              pll_clk_100m                                             |     9      |      9      
RUN-1001 :                                             HDMI_PIXEL_CLK                                            |     15     |     15      
RUN-1001 :                                u_ph1p35_324_ddr_wrapper/u_ddr2/usr_clk                                |     12     |     12      
RUN-1001 :                  u_PLL/ph1p_phy_pll_wrapper_25a56e5ce2f9_Inst/u_PH1P_PHY_PLL.clkc[2]                  |     12     |     12      
RUN-1001 :                                u_ph1p35_324_ddr_wrapper/u_ddr2/mcu_clk                                |     17     |     17      
RUN-1001 :                                              pll_clk_24m                                              |     3      |      3      
RUN-1001 : ---------------------------------------------------------------------------------------------------------------------------------
PHY-1001 : 0/23588(0%) critical/total net(s).
PHY-1001 : Setup: WNS(ns) = 0.055, TNS(ns) = 0.000, FEP = 0 | Hold: WNS(ns) = -0.226, TNS(ns) = -10.421, FEP = 233.
PHY-1001 : End Stage 2.4.3 | Deskew Clock Tree; Time: 5.826905s wall, 5.437500s user + 0.281250s system = 5.718750s CPU (98.1%); Memory(MB): used = 1841, reserved = 1832, peak = 1841;

PHY-1001 : End Stage 2.4 | Routing Initialization; Time: 25.908658s wall, 36.281250s user + 2.015625s system = 38.296875s CPU (147.8%); Memory(MB): used = 1841, reserved = 1832, peak = 1841;

PHY-1001 : Stage 2.5 | Routing Optimization
PHY-1001 : Build lut bridge;  0.178416s wall, 0.171875s user + 0.000000s system = 0.171875s CPU (96.3%)

PHY-1001 : Stage 2.5.1 | Phase 1
PHY-1001 : Stage 2.5.1.1 | Hold TimeOptimization
PHY-1001 : Iter 0; Processed 305 pins with HWNS -0.226ns HTNS -5.110ns FEP 107 took 0.633748 seconds.
PHY-1001 : Iter 1; Processed 414 pins with HWNS -0.026ns HTNS -0.026ns FEP 1 took 1.03713 seconds.
PHY-1001 : len = 2.89038e+06, over cnt = 13358(0%), over = 14331, worst = 4, crit = 0
PHY-1001 : End Stage 2.5.1.1 | Hold TimeOptimization; Time: 1.778913s wall, 1.671875s user + 0.093750s system = 1.765625s CPU (99.3%); Memory(MB): used = 1842, reserved = 1833, peak = 1842;

PHY-1001 : Stage 2.5.1.2 | High Fanout Nets Optimization
PHY-1001 : High fanout net optimize summary:
PHY-1001 : Process 0 nets and 0 pins with SWNS 0.055ns STNS 0.000ns FEP 0.
PHY-1001 : len = 2.89038e+06, over cnt = 13358(0%), over = 14331, worst = 4, crit = 0
PHY-1001 : End Stage 2.5.1.2 | High Fanout Nets Optimization; Time: 0.271758s wall, 0.250000s user + 0.000000s system = 0.250000s CPU (92.0%); Memory(MB): used = 1842, reserved = 1833, peak = 1842;

PHY-1001 : Stage 2.5.1.3 | Setup TimeOptimization
PHY-1001 : Start to optimize setup violation with net base ...
PHY-1001 : Iter 1; Processed 1 pins with SWNS 0.136ns STNS 0.000ns FEP 0 took 0.139874 seconds.
PHY-1001 : len = 2.89042e+06, over cnt = 13359(0%), over = 14332, worst = 4, crit = 0
PHY-1001 : End Stage 2.5.1.3 | Setup TimeOptimization; Time: 0.425439s wall, 0.859375s user + 0.000000s system = 0.859375s CPU (202.0%); Memory(MB): used = 1842, reserved = 1833, peak = 1842;

PHY-1001 : Stage 2.5.1.4 | Rip-up And ReRoute
PHY-0007 : Congestion: {78.67, 68.06, 63.08, 60.14}; Timing: {0.136ns, 0.000ns, 0}
PHY-1001 : Iter 1: len = 2.97595e+06, over cnt = 6530(0%), over = 6783, worst = 3, crit = 0, time(s) = 5.97
PHY-1001 : Iter 2: len = 3.0123e+06, over cnt = 3629(0%), over = 3657, worst = 3, crit = 0, time(s) = 4.45
PHY-1001 : Iter 3: len = 3.02131e+06, over cnt = 2689(0%), over = 2692, worst = 2, crit = 0, time(s) = 2.71
PHY-1001 : Iter 4: len = 3.05835e+06, over cnt = 1340(0%), over = 1340, worst = 1, crit = 0, time(s) = 3.31
PHY-1001 : Iter 5: len = 3.06718e+06, over cnt = 997(0%), over = 997, worst = 1, crit = 0, time(s) = 1.76
PHY-1001 : Iter 6: len = 3.07558e+06, over cnt = 722(0%), over = 722, worst = 1, crit = 0, time(s) = 1.63
PHY-1001 : Iter 7: len = 3.0767e+06, over cnt = 683(0%), over = 683, worst = 1, crit = 0, time(s) = 0.90
PHY-1001 : Marking 14 (0.36%) hot zones with cutoff utilization 81.25.
PHY-1001 : Iter 8: len = 3.11021e+06, over cnt = 108(0%), over = 108, worst = 1, crit = 0, time(s) = 0.94
PHY-1001 : Iter 9: len = 3.11323e+06, over cnt = 54(0%), over = 54, worst = 1, crit = 0, time(s) = 0.39
PHY-1001 : Iter 10: len = 3.11685e+06, over cnt = 16(0%), over = 16, worst = 1, crit = 0, time(s) = 0.19
PHY-1001 : Iter 11: len = 3.11779e+06, over cnt = 3(0%), over = 3, worst = 1, crit = 0, time(s) = 0.09
PHY-1001 : Iter 12: len = 3.11786e+06, over cnt = 0(0%), over = 0, worst = 0, crit = 0, time(s) = 0.08
PHY-1001 : Marking 14 (0.36%) hot zones with cutoff utilization 81.25.
PHY-1001 : Update congestion ...
PHY-1001 : Marking 14 (0.36%) hot zones with cutoff utilization 81.25.
PHY-1001 : Congestion index:
PHY-1001 : top1  = 82.92(S 65.08, N 66.41, E 73.68, W 81.63, I 68.94, O 79.03)
PHY-1001 : top5  = 72.62(S 57.02, N 59.19, E 63.72, W 68.81, I 52.24, O 59.57)
PHY-1001 : top10 = 67.76(S 52.88, N 54.96, E 58.35, W 62.20, I 45.71, O 53.43)
PHY-1001 : top15 = 64.67(S 50.02, N 51.70, E 54.42, W 57.92, I 41.55, O 49.52)
PHY-1001 : End update congestion; 0.035841s wall, 0.031250s user + 0.000000s system = 0.031250s CPU (87.2%)

PHY-1001 : End Stage 2.5.1.4 | Rip-up And ReRoute; Time: 22.666462s wall, 48.156250s user + 2.218750s system = 50.375000s CPU (222.2%); Memory(MB): used = 1843, reserved = 1834, peak = 1843;

PHY-1001 : Stage 2.5.1.5 | Update Timing
PHY-1001 : 1/23588(0%) critical/total net(s).
PHY-1001 : Setup: WNS(ns) = -0.160, TNS(ns) = -0.160, FEP = 1 | Hold: WNS(ns) = -0.089, TNS(ns) = -0.521, FEP = 21.
PHY-1001 : End Stage 2.5.1.5 | Update Timing; Time: 4.416055s wall, 4.046875s user + 0.281250s system = 4.328125s CPU (98.0%); Memory(MB): used = 1857, reserved = 1849, peak = 1857;

PHY-1001 : Stage 2.5.1.6 | Commit Data
PHY-1001 : Commit better result to database ...
PHY-1001 : End Stage 2.5.1.6 | Commit Data; Time: 0.214650s wall, 0.203125s user + 0.015625s system = 0.218750s CPU (101.9%); Memory(MB): used = 1878, reserved = 1869, peak = 1878;

PHY-1001 : End Stage 2.5.1 | Phase 1; Time: 30.492458s wall, 55.890625s user + 2.625000s system = 58.515625s CPU (191.9%); Memory(MB): used = 1878, reserved = 1869, peak = 1878;

PHY-1001 : Stage 2.5.2 | Phase 2
PHY-1001 : Stage 2.5.2.1 | Hold TimeOptimization
PHY-1001 : Iter 0; Processed 42 pins with HWNS -0.089ns HTNS -0.302ns FEP 8 took 0.236173 seconds.
PHY-1001 : Iter 1; Processed 55 pins with HWNS -0.003ns HTNS -0.003ns FEP 1 took 0.179156 seconds.
PHY-1001 : len = 3.12146e+06, over cnt = 14(0%), over = 16, worst = 3, crit = 0
PHY-1001 : End Stage 2.5.2.1 | Hold TimeOptimization; Time: 0.573226s wall, 1.046875s user + 0.062500s system = 1.109375s CPU (193.5%); Memory(MB): used = 1878, reserved = 1869, peak = 1878;

PHY-1001 : Stage 2.5.2.2 | High Fanout Nets Optimization
PHY-1001 : High fanout net optimize summary:
PHY-1001 : Process 0 nets and 0 pins with SWNS -0.160ns STNS -0.160ns FEP 1.
PHY-1001 : len = 3.12146e+06, over cnt = 14(0%), over = 16, worst = 3, crit = 0
PHY-1001 : End Stage 2.5.2.2 | High Fanout Nets Optimization; Time: 0.413294s wall, 0.359375s user + 0.078125s system = 0.437500s CPU (105.9%); Memory(MB): used = 1878, reserved = 1869, peak = 1878;

PHY-1001 : Stage 2.5.2.3 | Setup TimeOptimization
PHY-1001 : Start to optimize setup violation with net base ...
PHY-1001 : Iter 1; Processed 4 pins with SWNS 0.192ns STNS 0.000ns FEP 0 took 0.297218 seconds.
PHY-1001 : len = 3.12146e+06, over cnt = 23(0%), over = 25, worst = 3, crit = 0
PHY-1001 : End Stage 2.5.2.3 | Setup TimeOptimization; Time: 0.680722s wall, 0.640625s user + 0.046875s system = 0.687500s CPU (101.0%); Memory(MB): used = 1878, reserved = 1869, peak = 1878;

PHY-1001 : Stage 2.5.2.4 | Rip-up And ReRoute
PHY-1001 : Iter 1: len = 3.12062e+06, over cnt = 4(0%), over = 4, worst = 1, crit = 0, time(s) = 0.08
PHY-1001 : Iter 2: len = 3.12043e+06, over cnt = 0(0%), over = 0, worst = 0, crit = 0, time(s) = 0.06
PHY-1001 : Update congestion ...
PHY-1001 : Marking 33 (0.86%) hot zones with cutoff utilization 80.95.
PHY-1001 : Congestion index:
PHY-1001 : top1  = 82.54(S 65.15, N 66.27, E 73.52, W 81.32, I 68.94, O 79.03)
PHY-1001 : top5  = 72.57(S 57.02, N 59.26, E 63.68, W 68.86, I 52.24, O 59.57)
PHY-1001 : top10 = 67.77(S 52.91, N 55.03, E 58.35, W 62.26, I 45.71, O 53.43)
PHY-1001 : top15 = 64.69(S 50.05, N 51.77, E 54.46, W 57.96, I 41.55, O 49.52)
PHY-1001 : End update congestion; 0.038400s wall, 0.031250s user + 0.000000s system = 0.031250s CPU (81.4%)

PHY-1001 : End Stage 2.5.2.4 | Rip-up And ReRoute; Time: 0.241173s wall, 0.718750s user + 0.078125s system = 0.796875s CPU (330.4%); Memory(MB): used = 1878, reserved = 1869, peak = 1878;

PHY-1001 : Stage 2.5.2.5 | Update Timing
PHY-1001 : 0/23588(0%) critical/total net(s).
PHY-1001 : Setup: WNS(ns) = 0.042, TNS(ns) = 0.000, FEP = 0 | Hold: WNS(ns) = -0.121, TNS(ns) = -0.253, FEP = 7.
PHY-1001 : End Stage 2.5.2.5 | Update Timing; Time: 0.492284s wall, 0.484375s user + 0.015625s system = 0.500000s CPU (101.6%); Memory(MB): used = 1878, reserved = 1869, peak = 1878;

PHY-1001 : Stage 2.5.2.6 | Commit Data
PHY-1001 : Commit better result to database ...
PHY-1001 : End Stage 2.5.2.6 | Commit Data; Time: 0.069720s wall, 0.078125s user + 0.000000s system = 0.078125s CPU (112.1%); Memory(MB): used = 1878, reserved = 1869, peak = 1878;

PHY-1001 : End Stage 2.5.2 | Phase 2; Time: 3.088809s wall, 3.890625s user + 0.312500s system = 4.203125s CPU (136.1%); Memory(MB): used = 1878, reserved = 1869, peak = 1878;

PHY-1001 : Stage 2.5.3 | Phase 3
PHY-1001 : Stage 2.5.3.1 | Hold TimeOptimization
PHY-1001 : Iter 0; Processed 16 pins with HWNS -0.003ns HTNS -0.003ns FEP 1 took 0.533036 seconds.
PHY-1001 : Iter 1; Processed 17 pins with HWNS -0.004ns HTNS -0.004ns FEP 1 took 0.126742 seconds.
PHY-1001 : len = 3.12173e+06, over cnt = 8(0%), over = 10, worst = 3, crit = 0
PHY-1001 : End Stage 2.5.3.1 | Hold TimeOptimization; Time: 0.805608s wall, 0.890625s user + 0.015625s system = 0.906250s CPU (112.5%); Memory(MB): used = 1878, reserved = 1869, peak = 1878;

PHY-1001 : Stage 2.5.3.2 | High Fanout Nets Optimization
PHY-1001 : High fanout net optimize summary:
PHY-1001 : Process 0 nets and 0 pins with SWNS 0.042ns STNS 0.000ns FEP 0.
PHY-1001 : len = 3.12173e+06, over cnt = 8(0%), over = 10, worst = 3, crit = 0
PHY-1001 : End Stage 2.5.3.2 | High Fanout Nets Optimization; Time: 0.415272s wall, 0.328125s user + 0.078125s system = 0.406250s CPU (97.8%); Memory(MB): used = 1878, reserved = 1869, peak = 1878;

PHY-1001 : Stage 2.5.3.3 | Setup TimeOptimization
PHY-1001 : Start to optimize setup violation with net base ...
PHY-1001 : Iter 1; Processed 1 pins with SWNS 0.192ns STNS 0.000ns FEP 0 took 0.187127 seconds.
PHY-1001 : len = 3.1217e+06, over cnt = 9(0%), over = 11, worst = 3, crit = 0
PHY-1001 : End Stage 2.5.3.3 | Setup TimeOptimization; Time: 0.589745s wall, 0.562500s user + 0.031250s system = 0.593750s CPU (100.7%); Memory(MB): used = 1878, reserved = 1869, peak = 1878;

PHY-1001 : Stage 2.5.3.4 | Rip-up And ReRoute
PHY-1001 : Iter 1: len = 3.12056e+06, over cnt = 0(0%), over = 0, worst = 0, crit = 0, time(s) = 0.06
PHY-1001 : Update congestion ...
PHY-1001 : Marking 31 (0.81%) hot zones with cutoff utilization 80.95.
PHY-1001 : Congestion index:
PHY-1001 : top1  = 82.54(S 65.15, N 66.48, E 73.52, W 81.32, I 68.94, O 79.03)
PHY-1001 : top5  = 72.58(S 57.02, N 59.29, E 63.65, W 68.82, I 52.24, O 59.57)
PHY-1001 : top10 = 67.76(S 52.89, N 55.04, E 58.39, W 62.21, I 45.71, O 53.43)
PHY-1001 : top15 = 64.67(S 50.04, N 51.78, E 54.47, W 57.93, I 41.55, O 49.52)
PHY-1001 : End update congestion; 0.038250s wall, 0.031250s user + 0.000000s system = 0.031250s CPU (81.7%)

PHY-1001 : End Stage 2.5.3.4 | Rip-up And ReRoute; Time: 0.145838s wall, 0.234375s user + 0.046875s system = 0.281250s CPU (192.9%); Memory(MB): used = 1878, reserved = 1869, peak = 1878;

PHY-1001 : Stage 2.5.3.5 | Update Timing
PHY-1001 : 0/23588(0%) critical/total net(s).
PHY-1001 : Setup: WNS(ns) = 0.192, TNS(ns) = 0.000, FEP = 0 | Hold: WNS(ns) = -0.030, TNS(ns) = -0.083, FEP = 6.
PHY-1001 : End Stage 2.5.3.5 | Update Timing; Time: 0.442213s wall, 0.406250s user + 0.031250s system = 0.437500s CPU (98.9%); Memory(MB): used = 1878, reserved = 1869, peak = 1878;

PHY-1001 : Stage 2.5.3.6 | Commit Data
PHY-1001 : Commit better result to database ...
PHY-1001 : End Stage 2.5.3.6 | Commit Data; Time: 0.061794s wall, 0.046875s user + 0.015625s system = 0.062500s CPU (101.1%); Memory(MB): used = 1878, reserved = 1869, peak = 1878;

PHY-1001 : End Stage 2.5.3 | Phase 3; Time: 3.006751s wall, 3.265625s user + 0.281250s system = 3.546875s CPU (118.0%); Memory(MB): used = 1878, reserved = 1869, peak = 1878;

PHY-1001 : End Stage 2.5 | Routing Optimization; Time: 41.735042s wall, 68.109375s user + 3.390625s system = 71.500000s CPU (171.3%); Memory(MB): used = 1878, reserved = 1869, peak = 1878;

PHY-1001 : Stage 2.6 | Multi-try route Optimization
PHY-1001 : End Stage 2.6 | Multi-try route Optimization; Time: 0.109557s wall, 0.093750s user + 0.015625s system = 0.109375s CPU (99.8%); Memory(MB): used = 1878, reserved = 1869, peak = 1878;

PHY-1003 : Routed, final wirelength = 3.12056e+06
RUN-1001 : Clock region assignment statistics:
RUN-1001 : Clock Region s_0_l [0,0][23,39]; Utilization: 7 out of 12
RUN-1001 : -----------------------------------------------------------------------------------------------------------------------------------------------------------------------------------------------------------------------------------------------------------------------------------------------------------------------------------------------------------------------------------------------------------------------------------------------------
RUN-1001 :   Bank  |                                                   Assigned Clock                                                   |                                                    Route Clock                                                     |  Marking  |                                                                          Buffer                                                                           |  Regional Clock Fanouts  
RUN-1001 : -----------------------------------------------------------------------------------------------------------------------------------------------------------------------------------------------------------------------------------------------------------------------------------------------------------------------------------------------------------------------------------------------------------------------------------------------------
RUN-1001 :    1    |                  u_isp_top/u_rgb96_downscale_crop/u_scale_line_buffer/ram_f84573da5ab5_Inst/clkb                   |                  u_isp_top/u_rgb96_downscale_crop/u_scale_line_buffer/ram_f84573da5ab5_Inst/clkb                   |           |                           u_mipi_dphy_rx_ph1p_mipiio_wrapper/u_ph1p_mipiio_rx_wrapper/bufg_feedback_auto_created_sclk_s_0_l_bk1                           |           1202           
RUN-1001 :    2    |                 u_ph1p35_324_ddr_wrapper/u_ddr2/ph1p_ddrmc_wrapper/ph1p_ddrmc_top/u_alc_mc_top/clk                 |                 u_ph1p35_324_ddr_wrapper/u_ddr2/ph1p_ddrmc_wrapper/ph1p_ddrmc_top/u_alc_mc_top/clk                 |           |   u_ph1p35_324_ddr_wrapper/u_ddr2/ph1p_ddrmc_wrapper/ph1p_ddrmc_top/u_ddr_phy/u_ddrphy_top/u_ddrphy_clk/u_pll1/u_bufg_fbclk_auto_created_sclk_s_0_l_bk2   |           973            
RUN-1001 :    3    |                                              S_hdmi_pixel_clk_syn_652                                              |                                              S_hdmi_pixel_clk_syn_652                                              |           |                                               S_hdmi_pixel_clk_created_gclkinst_auto_created_sclk_s_0_l_bk3                                               |           185            
RUN-1001 :    4    |                                                  I_sys_clk_syn_8                                                   |                                                  I_sys_clk_syn_8                                                   |           |                                               I_sys_clk_dup_6_created_gclkinst_auto_created_sclk_s_0_l_bk4                                                |            84            
RUN-1001 :    5    |                                                  O_cam_24m_syn_3                                                   |                                                  O_cam_24m_syn_3                                                   |           |                                               O_cam_24m_dup_1_created_gclkinst_auto_created_sclk_s_0_l_bk5                                                |            7             
RUN-1001 :    6    |  u_ph1p35_324_ddr_wrapper/u_ddr2/ph1p_ddrmc_wrapper/ph1p_ddrmc_top/u_ddr_phy/u_ddrphy_top/u_ddrphy/apb_pclk_syn_1  |  u_ph1p35_324_ddr_wrapper/u_ddr2/ph1p_ddrmc_wrapper/ph1p_ddrmc_top/u_ddr_phy/u_ddrphy_top/u_ddrphy/apb_pclk_syn_1  |           |  u_ph1p35_324_ddr_wrapper/u_ddr2/ph1p_ddrmc_wrapper/ph1p_ddrmc_top/u_ddr_phy/u_ddrphy_top/u_ddrphy/apb_pclk_created_gclkinst_auto_created_sclk_s_0_l_bk6  |            3             
RUN-1001 :    7    |                                           u_mcu_ui_apb_regs/I_clk_syn_1                                            |                                           u_mcu_ui_apb_regs/I_clk_syn_1                                            |           |                                           u_mcu_ui_apb_regs/I_clk_created_gclkinst_auto_created_sclk_s_0_l_bk7                                            |            1             
RUN-1001 : -----------------------------------------------------------------------------------------------------------------------------------------------------------------------------------------------------------------------------------------------------------------------------------------------------------------------------------------------------------------------------------------------------------------------------------------------------
RUN-1001 : Clock Region s_0_r [24,0][47,39]; Utilization: 9 out of 12
RUN-1001 : -----------------------------------------------------------------------------------------------------------------------------------------------------------------------------------------------------------------------------------------------------------------------------------------------------------------------------------------
RUN-1001 :   Bank  |                                    Assigned Clock                                     |                                      Route Clock                                      |  Marking  |                                                 Buffer                                                  |  Regional Clock Fanouts  
RUN-1001 : -----------------------------------------------------------------------------------------------------------------------------------------------------------------------------------------------------------------------------------------------------------------------------------------------------------------------------------------
RUN-1001 :    1    |    u_isp_top/u_rgb96_downscale_crop/u_scale_line_buffer/ram_f84573da5ab5_Inst/clkb    |    u_isp_top/u_rgb96_downscale_crop/u_scale_line_buffer/ram_f84573da5ab5_Inst/clkb    |           |  u_mipi_dphy_rx_ph1p_mipiio_wrapper/u_ph1p_mipiio_rx_wrapper/bufg_feedback_auto_created_sclk_s_0_r_bk1  |           1497           
RUN-1001 :    2    |                             u_mcu_ui_apb_regs/I_clk_syn_1                             |                             u_mcu_ui_apb_regs/I_clk_syn_1                             |           |                  u_mcu_ui_apb_regs/I_clk_created_gclkinst_auto_created_sclk_s_0_r_bk2                   |           301            
RUN-1001 :    3    |                                    cwc_jtck_syn_1                                     |                                    cwc_jtck_syn_1                                     |           |                          cwc_jtck_created_gclkinst_auto_created_sclk_s_0_r_bk3                          |           179            
RUN-1001 :    4    |                                    O_cam_24m_syn_3                                    |                                    O_cam_24m_syn_3                                    |           |                      O_cam_24m_dup_1_created_gclkinst_auto_created_sclk_s_0_r_bk4                       |            98            
RUN-1001 :    5    |                               S_hdmi_pixel_clk_syn_652                                |                               S_hdmi_pixel_clk_syn_652                                |           |                      S_hdmi_pixel_clk_created_gclkinst_auto_created_sclk_s_0_r_bk5                      |            39            
RUN-1001 :    6    |                         u_uicfgcs500/uii2c_inst/scl_clk_syn_9                         |                         u_uicfgcs500/uii2c_inst/scl_clk_syn_9                         |           |              u_uicfgcs500/uii2c_inst/scl_clk_created_gclkinst_auto_created_sclk_s_0_r_bk6               |            17            
RUN-1001 :    7    |  u_mipi_dphy_rx_ph1p_mipiio_wrapper/u_ph1p_mipiio_rx_wrapper/u_lane0_hs_detect/I_clk  |  u_mipi_dphy_rx_ph1p_mipiio_wrapper/u_ph1p_mipiio_rx_wrapper/u_lane0_hs_detect/I_clk  |           |                             u_PLL/bufg_feedback_auto_created_sclk_s_0_r_bk7                             |            8             
RUN-1001 :    8    |                                  S_mcu_ahb_clk_syn_5                                  |                                  S_mcu_ahb_clk_syn_5                                  |           |                       S_mcu_ahb_clk_created_gclkinst_auto_created_sclk_s_0_r_bk8                        |            1             
RUN-1001 :    9    |                      u_mcu/MCU_521bd43d073e_Inst/core_clk_syn_1                       |                      u_mcu/MCU_521bd43d073e_Inst/core_clk_syn_1                       |           |            u_mcu/MCU_521bd43d073e_Inst/core_clk_created_gclkinst_auto_created_sclk_s_0_r_bk9            |            1             
RUN-1001 : -----------------------------------------------------------------------------------------------------------------------------------------------------------------------------------------------------------------------------------------------------------------------------------------------------------------------------------------
RUN-1001 : Clock Region s_1_l [0,40][23,79]; Utilization: 4 out of 12
RUN-1001 : -----------------------------------------------------------------------------------------------------------------------------------------------------------------------------------------------------------------------------------------------------------------------------------------------------------------------------------------------------------------------------------------------------------------------------------------------------
RUN-1001 :   Bank  |                                                   Assigned Clock                                                   |                                                    Route Clock                                                     |  Marking  |                                                                          Buffer                                                                           |  Regional Clock Fanouts  
RUN-1001 : -----------------------------------------------------------------------------------------------------------------------------------------------------------------------------------------------------------------------------------------------------------------------------------------------------------------------------------------------------------------------------------------------------------------------------------------------------
RUN-1001 :    1    |                 u_ph1p35_324_ddr_wrapper/u_ddr2/ph1p_ddrmc_wrapper/ph1p_ddrmc_top/u_alc_mc_top/clk                 |                 u_ph1p35_324_ddr_wrapper/u_ddr2/ph1p_ddrmc_wrapper/ph1p_ddrmc_top/u_alc_mc_top/clk                 |           |   u_ph1p35_324_ddr_wrapper/u_ddr2/ph1p_ddrmc_wrapper/ph1p_ddrmc_top/u_ddr_phy/u_ddrphy_top/u_ddrphy_clk/u_pll1/u_bufg_fbclk_auto_created_sclk_s_1_l_bk1   |           1210           
RUN-1001 :    2    |                  u_isp_top/u_rgb96_downscale_crop/u_scale_line_buffer/ram_f84573da5ab5_Inst/clkb                   |                  u_isp_top/u_rgb96_downscale_crop/u_scale_line_buffer/ram_f84573da5ab5_Inst/clkb                   |           |                           u_mipi_dphy_rx_ph1p_mipiio_wrapper/u_ph1p_mipiio_rx_wrapper/bufg_feedback_auto_created_sclk_s_1_l_bk2                           |           1381           
RUN-1001 :    3    |                                              S_hdmi_pixel_clk_syn_652                                              |                                              S_hdmi_pixel_clk_syn_652                                              |           |                                               S_hdmi_pixel_clk_created_gclkinst_auto_created_sclk_s_1_l_bk3                                               |            36            
RUN-1001 :    4    |  u_ph1p35_324_ddr_wrapper/u_ddr2/ph1p_ddrmc_wrapper/ph1p_ddrmc_top/u_ddr_phy/u_ddrphy_top/u_ddrphy/apb_pclk_syn_1  |  u_ph1p35_324_ddr_wrapper/u_ddr2/ph1p_ddrmc_wrapper/ph1p_ddrmc_top/u_ddr_phy/u_ddrphy_top/u_ddrphy/apb_pclk_syn_1  |           |  u_ph1p35_324_ddr_wrapper/u_ddr2/ph1p_ddrmc_wrapper/ph1p_ddrmc_top/u_ddr_phy/u_ddrphy_top/u_ddrphy/apb_pclk_created_gclkinst_auto_created_sclk_s_1_l_bk4  |            25            
RUN-1001 : -----------------------------------------------------------------------------------------------------------------------------------------------------------------------------------------------------------------------------------------------------------------------------------------------------------------------------------------------------------------------------------------------------------------------------------------------------
RUN-1001 : Clock Region s_1_r [24,40][43,79]; Utilization: 6 out of 12
RUN-1001 : -----------------------------------------------------------------------------------------------------------------------------------------------------------------------------------------------------------------------------------------------------------------------------------------------------------------------------------------------------------------------------------------
RUN-1001 :   Bank  |                                    Assigned Clock                                     |                                      Route Clock                                      |  Marking  |                                                                         Buffer                                                                          |  Regional Clock Fanouts  
RUN-1001 : -----------------------------------------------------------------------------------------------------------------------------------------------------------------------------------------------------------------------------------------------------------------------------------------------------------------------------------------------------------------------------------------
RUN-1001 :    1    |  u_mipi_dphy_rx_ph1p_mipiio_wrapper/u_ph1p_mipiio_rx_wrapper/u_lane0_hs_detect/I_clk  |  u_mipi_dphy_rx_ph1p_mipiio_wrapper/u_ph1p_mipiio_rx_wrapper/u_lane0_hs_detect/I_clk  |           |                                                     u_PLL/bufg_feedback_auto_created_sclk_s_1_r_bk1                                                     |            1             
RUN-1001 :    2    |    u_isp_top/u_rgb96_downscale_crop/u_scale_line_buffer/ram_f84573da5ab5_Inst/clkb    |    u_isp_top/u_rgb96_downscale_crop/u_scale_line_buffer/ram_f84573da5ab5_Inst/clkb    |           |                          u_mipi_dphy_rx_ph1p_mipiio_wrapper/u_ph1p_mipiio_rx_wrapper/bufg_feedback_auto_created_sclk_s_1_r_bk2                          |           995            
RUN-1001 :    3    |                               S_hdmi_pixel_clk_syn_652                                |                               S_hdmi_pixel_clk_syn_652                                |           |                                              S_hdmi_pixel_clk_created_gclkinst_auto_created_sclk_s_1_r_bk3                                              |           660            
RUN-1001 :    4    |                             u_mcu_ui_apb_regs/I_clk_syn_1                             |                             u_mcu_ui_apb_regs/I_clk_syn_1                             |           |                                          u_mcu_ui_apb_regs/I_clk_created_gclkinst_auto_created_sclk_s_1_r_bk4                                           |            39            
RUN-1001 :    5    |           u_hdmi_tx/u_hdmi2phy_wrapper/u0_lane_lvds_8_1/I_serial_clk_syn_1            |           u_hdmi_tx/u_hdmi2phy_wrapper/u0_lane_lvds_8_1/I_serial_clk_syn_1            |           |                         u_hdmi_tx/u_hdmi2phy_wrapper/u0_lane_lvds_8_1/I_serial_clk_created_gclkinst_auto_created_sclk_s_1_r_bk5                         |            37            
RUN-1001 :    6    |  u_ph1p35_324_ddr_wrapper/u_ddr2/ph1p_ddrmc_wrapper/ph1p_ddrmc_top/u_alc_mc_top/clk   |  u_ph1p35_324_ddr_wrapper/u_ddr2/ph1p_ddrmc_wrapper/ph1p_ddrmc_top/u_alc_mc_top/clk   |           |  u_ph1p35_324_ddr_wrapper/u_ddr2/ph1p_ddrmc_wrapper/ph1p_ddrmc_top/u_ddr_phy/u_ddrphy_top/u_ddrphy_clk/u_pll1/u_bufg_fbclk_auto_created_sclk_s_1_r_bk6  |            11            
RUN-1001 : -----------------------------------------------------------------------------------------------------------------------------------------------------------------------------------------------------------------------------------------------------------------------------------------------------------------------------------------------------------------------------------------
RUN-1002 : start command "export_db camera_to_dsi_display_pr.db"
RUN-1001 : Exported flow parameters
RUN-1001 : Exported /
RUN-1001 : Exported libs
RUN-1001 : Exported entities
RUN-1001 : Exported ports
RUN-1001 : Exported pins
RUN-1001 : Exported instances
RUN-1001 : Exported nets
RUN-1001 : Exported buses
RUN-1001 : Exported models
RUN-1001 : Exported phy database
RUN-1001 : Exported packer
RUN-1001 : Exported congestions
RUN-1001 : Exported violations
RUN-1001 : Exported ATMR Setting
RUN-1001 : Exported timing constraints
RUN-1001 : Exported IO constraints
RUN-1001 : Exported Inst constraints
RUN-1001 : Exported ChipWatcher
RUN-1003 : finish command "export_db camera_to_dsi_display_pr.db" in  1.919725s wall, 2.531250s user + 0.203125s system = 2.734375s CPU (142.4%)

RUN-1004 : used memory is 1938 MB, reserved memory is 2025 MB, peak memory is 1954 MB
PHY-1001 : Current memory(MB): used = 1938, reserved = 2025, peak = 1954.
PHY-1001 : End export database. 2.040471s wall, 2.640625s user + 0.218750s system = 2.859375s CPU (140.1%)

PHY-1001 : End detail routing;  80.349496s wall, 147.046875s user + 6.562500s system = 153.609375s CPU (191.2%)

PHY-1001 : End Stage 2 | Detail Routing; Time: 80.354565s wall, 147.046875s user + 6.562500s system = 153.609375s CPU (191.2%); Memory(MB): used = 1938, reserved = 2025, peak = 1954;

RUN-1002 : start command "fix_hold"

PHY-1001 : Stage 3 | Hold Fix
PHY-1001 : Stage 3.1 | Load Design Data
PHY-1034 : Refresh detailed routing grids ...
PHY-1001 : Generate nets ...
PHY-1001 : eco open net = 0
PHY-1001 : End Stage 3.1 | Load Design Data; Time: 0.737275s wall, 1.093750s user + 0.031250s system = 1.125000s CPU (152.6%); Memory(MB): used = 1953, reserved = 2040, peak = 1954;

PHY-1001 : Stage 3.2 | Hold Fix Optimization
RUN-1002 : start command "start_timer"
RUN-1003 : finish command "start_timer" in  3.291947s wall, 3.093750s user + 0.140625s system = 3.234375s CPU (98.3%)

RUN-1004 : used memory is 1954 MB, reserved memory is 2041 MB, peak memory is 1954 MB
PHY-1001 : Timing info: SWNS 0.192ns | STNS 0.000ns | HWNS -0.030ns | HTNS -0.083ns.
PHY-1001 : Processing hold violation on 13 end-point, worst slack = -30ps, best slack = 18ps.
PHY-1001 : End timing refresh.  8.120183s wall, 7.828125s user + 0.187500s system = 8.015625s CPU (98.7%)

PHY-1001 : Stage 3.2.1 | Phase 1
PHY-1001 : Stage 3.2.1.1 | Hold Fix By LutBridge
PHY-1001 : len = 3.12109e+06, over cnt = 0(0%), over = 0, worst = 0, crit = 0
PHY-1001 : Bridge count = 5; unresolved count = 0.
PHY-1001 : 1 out of 13 ((7.69)%) EP fixed by LB.
PHY-1001 : End Stage 3.2.1.1 | Hold Fix By LutBridge; Time: 0.375941s wall, 0.375000s user + 0.000000s system = 0.375000s CPU (99.7%); Memory(MB): used = 1954, reserved = 2041, peak = 1954;

PHY-1001 : Timing info: SWNS 0.192ns | STNS 0.000ns | HWNS -0.019ns | HTNS -0.021ns.
PHY-1001 : Processing hold violation on 5 end-point, worst slack = -19ps, best slack = 5ps.
PHY-1001 : End timing refresh.  0.127435s wall, 0.125000s user + 0.000000s system = 0.125000s CPU (98.1%)

PHY-1001 : Stage 3.2.1.2 | Hold Fix By Pin
PHY-1001 : len = 3.12134e+06, over cnt = 0(0%), over = 0, worst = 0, crit = 0
PHY-1001 : 4 out of 5 ((80.00)%) EP fixed by pin delay.
PHY-1001 : End Stage 3.2.1.2 | Hold Fix By Pin; Time: 0.304324s wall, 0.281250s user + 0.031250s system = 0.312500s CPU (102.7%); Memory(MB): used = 1954, reserved = 2041, peak = 1954;

PHY-1001 : Timing info: SWNS 0.192ns | STNS 0.000ns | HWNS -0.019ns | HTNS -0.019ns.
PHY-1001 : Processing hold violation on 1 end-point, worst slack = -19ps, best slack = -19ps.
PHY-1001 : End timing refresh.  0.127273s wall, 0.109375s user + 0.000000s system = 0.109375s CPU (85.9%)

PHY-1001 : Stage 3.2.1.3 | Hold Fix By Net
PHY-1001 : len = 3.12138e+06, over cnt = 0(0%), over = 0, worst = 0, crit = 0
PHY-1001 : 1 out of 1 ((100.00)%) EP fixed by net delay.
PHY-1001 : End Stage 3.2.1.3 | Hold Fix By Net; Time: 0.119465s wall, 0.109375s user + 0.015625s system = 0.125000s CPU (104.6%); Memory(MB): used = 1954, reserved = 2041, peak = 1954;

PHY-1001 : Timing info: SWNS 0.192ns | STNS 0.000ns | HWNS 0.020ns | HTNS 0.000ns.
PHY-1001 : End timing refresh.  0.123069s wall, 0.125000s user + 0.000000s system = 0.125000s CPU (101.6%)

PHY-1001 : End Stage 3.2.1 | Phase 1; Time: 1.218925s wall, 1.156250s user + 0.046875s system = 1.203125s CPU (98.7%); Memory(MB): used = 1954, reserved = 2041, peak = 1954;

PHY-1001 : End Stage 3.2 | Hold Fix Optimization; Time: 9.345135s wall, 8.984375s user + 0.234375s system = 9.218750s CPU (98.6%); Memory(MB): used = 1954, reserved = 2041, peak = 1954;

PHY-1001 : End Stage 3 | Hold Fix; Time: 10.288323s wall, 10.281250s user + 0.265625s system = 10.546875s CPU (102.5%); Memory(MB): used = 1954, reserved = 2041, peak = 1954;

RUN-1003 : finish command "fix_hold" in  10.338427s wall, 10.328125s user + 0.265625s system = 10.593750s CPU (102.5%)

RUN-1004 : used memory is 1954 MB, reserved memory is 2041 MB, peak memory is 1954 MB
PHY-1001 : Stage 4 | Report Route Qor
RUN-1002 : start command "report_qor -step route -file route.qor"
RUN-1002 : start command "start_timer"
RUN-1003 : finish command "start_timer" in  2.204192s wall, 2.078125s user + 0.093750s system = 2.171875s CPU (98.5%)

RUN-1004 : used memory is 1954 MB, reserved memory is 2041 MB, peak memory is 1954 MB
-----------------------------------------------------------
| QoR metrics               |         value               |
-----------------------------------------------------------
| Timing                    |                             |
|     Setup WNS             |          192                |
|     Setup TNS             |            0                |
|     Num of violated S-EP  |            0                |
|     Hold WNS              |           20                |
|     Hold TNS              |            0                |
|     Num of violated H-EP  |            0                |
-----------------------------------------------------------
| Routing Resource          |                             |
|     Wire length           |      3121376                |
-----------------------------------------------------------
| Utilization               |                             |
|     #slices               |        13731                |
|     slices percentage     |       64.72%                |
|     #RAMs                 |           50                |
|     #DSPs                 |            8                |
|     #DRAMHARDCON          |           37                |
-----------------------------------------------------------
Report route stage QoR done.

RUN-1003 : finish command "report_qor -step route -file route.qor" in  6.953118s wall, 6.218750s user + 0.609375s system = 6.828125s CPU (98.2%)

RUN-1004 : used memory is 1954 MB, reserved memory is 2041 MB, peak memory is 1954 MB
RUN-1002 : start command "update_timing -mode final"
RUN-1002 : start command "start_timer"
RUN-1003 : finish command "start_timer" in  2.193919s wall, 2.000000s user + 0.140625s system = 2.140625s CPU (97.6%)

RUN-1004 : used memory is 1954 MB, reserved memory is 2041 MB, peak memory is 1954 MB
RUN-1003 : finish command "update_timing -mode final" in  6.686017s wall, 5.937500s user + 0.593750s system = 6.531250s CPU (97.7%)

RUN-1004 : used memory is 1954 MB, reserved memory is 2041 MB, peak memory is 1954 MB
RUN-1002 : start command "report_timing_summary -file final_timing.rpt"
OPT-1001 : QoR tracer report on route step:
    SWNS [   incr ]    STNS [   incr ]  S-FEPS [   incr ]    HWNS [   incr ]      HTNS [     incr ]    H-FEPS [     incr ]    CELL [   incr ]       WL [    incr ]   RT(s) [   incr ]   MEM(mb) [     incr ]
      55 [      0 ]       0 [      0 ]       0 [      0 ]    -226 [      0 ]    -10421 [        0 ]       233 [        0 ]   14267 [      0 ]  2861600 [       0 ]      46 [      0 ]      1841 [        0 ] : dr_initialization
     136 [     81 ]       0 [      0 ]       0 [      0 ]     -26 [    200 ]       -26 [    10395 ]         1 [     -232 ]   14267 [      0 ]  2890416 [   28816 ]      54 [      8 ]      1842 [        1 ] : dr_timing_opt_phase1
    -160 [   -296 ]    -160 [   -160 ]       1 [      1 ]     -89 [    -63 ]      -521 [     -495 ]        21 [       20 ]   14267 [      0 ]  3117856 [  227440 ]      82 [     28 ]      1878 [       36 ] : dr_opt_phase1
     192 [    352 ]       0 [    160 ]       0 [     -1 ]      -3 [     86 ]        -3 [      518 ]         1 [      -20 ]   14267 [      0 ]  3121456 [    3600 ]      84 [      2 ]      1878 [        0 ] : dr_timing_opt_phase2
      42 [   -150 ]       0 [      0 ]       0 [      0 ]    -121 [   -118 ]      -253 [     -250 ]         7 [        6 ]   14267 [      0 ]  3120432 [   -1024 ]      85 [      1 ]      1878 [        0 ] : dr_opt_phase2
     192 [    150 ]       0 [      0 ]       0 [      0 ]      -4 [    117 ]        -4 [      249 ]         1 [       -6 ]   14267 [      0 ]  3121696 [    1264 ]      87 [      2 ]      1878 [        0 ] : dr_timing_opt_phase3
     192 [      0 ]       0 [      0 ]       0 [      0 ]     -30 [    -26 ]       -83 [      -79 ]         6 [        5 ]   14267 [      0 ]  3120560 [   -1136 ]      88 [      1 ]      1878 [        0 ] : dr_opt_phase3
     192 [      0 ]       0 [      0 ]       0 [      0 ]     -30 [      0 ]       -83 [        0 ]         6 [        0 ]   14267 [      0 ]  3120560 [       0 ]      88 [      0 ]      1878 [        0 ] : multi_try_opt
     192 [      0 ]       0 [      0 ]       0 [      0 ]      20 [     50 ]         0 [       83 ]         0 [       -6 ]   14267 [      0 ]  3121376 [     816 ]     101 [     13 ]      1954 [       76 ] : fix_hold_opt

PHY-1001 : End Stage 4 | Report Route Qor; Time: 13.874467s wall, 12.375000s user + 1.218750s system = 13.593750s CPU (98.0%); Memory(MB): used = 1954, reserved = 2041, peak = 1954;

PHY-1001 : Stage 5 | Routing DRC
PHY-1001 : Stage 5.1 | Check And Add Lut-bridge
PHY-1001 : End Stage 5.1 | Check And Add Lut-bridge; Time: 0.124641s wall, 0.125000s user + 0.000000s system = 0.125000s CPU (100.3%); Memory(MB): used = 1954, reserved = 2041, peak = 1954;

PHY-1001 : Stage 5.2 | Lut Bridge Check
PHY-1001 : End Stage 5.2 | Lut Bridge Check; Time: 0.263886s wall, 0.265625s user + 0.000000s system = 0.265625s CPU (100.7%); Memory(MB): used = 1954, reserved = 2041, peak = 1954;

PHY-1001 : Stage 5.3 | Physical Net Status Check
PHY-1001 : End Stage 5.3 | Physical Net Status Check; Time: 0.071473s wall, 0.046875s user + 0.031250s system = 0.078125s CPU (109.3%); Memory(MB): used = 1954, reserved = 2041, peak = 1954;

PHY-1001 : Start multi-drive drc check......
PHY-1001 : No multi-drive.
PHY-1001 : Stage 5.4 | Clock Net Status Check
PHY-1001 : 3 clock net(s) utilize local routing resource.
PHY-5079 CRITICAL-WARNING: Marked 1 clock net(s) utilize the local routing resources. Please check log message and the sinks of clock nets.
RUN-1001 : CTS Local Wire Summary
RUN-1001 : ----------------------------------------------------------------------------------------------------------------------------------------------------------------------
RUN-1001 :         ClockName         |   DriverType    |  Clock/Fanout  |  LocalWireNum  |                                  NetName                                   |  Marked  
RUN-1001 : ----------------------------------------------------------------------------------------------------------------------------------------------------------------------
RUN-1001 :   config_inst.cwc_tck_o   |  AL_PHY_CONFIG  |      1/1       |       10       |                                  cwc_jtck                                  |    -     
RUN-1001 :             -             |  AL_PHY_LSLICE  |      1/3       |       15       |                      u_uicfgcs500/uii2c_inst/scl_clk                       |    -     
RUN-1001 :        pll_clk_24m        |   AL_PHY_SCLK   |      6/7       |       3        |  O_cam_24m_dup_1_created_gclkinst_auto_created_sclk_s_0_l_bk5_sclk_outnet  |   true   
RUN-1001 : ----------------------------------------------------------------------------------------------------------------------------------------------------------------------
PHY-5088 WARNING: Clock_Analyzer: Detected 1 buffer(s) clkin net because they drive non-clock sinks. Run "analyze_clock -detail" for more infomation.
PHY-5088 WARNING: Clock_Analyzer: Detected 1 buffer(s) clkout net because they drive non-clock sinks. Run "analyze_clock -detail" for more infomation.
PHY-5088 WARNING: Clock_Analyzer: 2 clock-net(s) because they drive other clock net, may cause clock skew. Run "analyze_clock -detail" for more infomation.
PHY-1001 : End Stage 5.4 | Clock Net Status Check; Time: 0.094880s wall, 0.093750s user + 0.000000s system = 0.093750s CPU (98.8%); Memory(MB): used = 1954, reserved = 2041, peak = 1954;

PHY-1001 : Stage 5.5 | Abnormal Timing Path check
PHY-1001 : No abnormal timing path.
PHY-1001 : End Stage 5.5 | Abnormal Timing Path check; Time: 0.289554s wall, 0.281250s user + 0.000000s system = 0.281250s CPU (97.1%); Memory(MB): used = 1954, reserved = 2041, peak = 1954;

PHY-1001 : Stage 5.6 | Bound Check
PHY-1001 : Check Pass.
PHY-1001 : End Stage 5.6 | Bound Check; Time: 0.004143s wall, 0.000000s user + 0.000000s system = 0.000000s CPU (n/a%); Memory(MB): used = 1954, reserved = 2041, peak = 1954;

PHY-1001 : End Stage 5 | Routing DRC; Time: 0.922585s wall, 0.859375s user + 0.046875s system = 0.906250s CPU (98.2%); Memory(MB): used = 1954, reserved = 2041, peak = 1954;

RUN-1003 : finish command "route" in  116.086906s wall, 182.859375s user + 8.671875s system = 191.531250s CPU (165.0%)

RUN-1004 : used memory is 1954 MB, reserved memory is 2041 MB, peak memory is 1954 MB
RUN-1002 : start command "report_area -io_info -file camera_to_dsi_display_phy.area"
SYN-4034 : The count of slices with lut is 7484.
SYN-4035 : The count of slices with lut+ripple is 3254.
RUN-1001 : standard
***Report Model: design_top_wrapper Device: PH1P35MDG324***

Design Statistics
#IO                        62   out of    160   38.75%
  #input                    7
  #output                  32
  #inout                   23
#lut6                   11154   out of  21216   52.57%
#reg                    14808
  #slice reg            14808   out of  42432   34.90%
  #pad reg                  0

Utilization Statistics
#slice                  13731   out of  21216   64.72%
  #used ram               416
    #dram lut             296
    #shifter lut          120
  #used logic           13315
    #with luts           7484
    #with adder          3254
    #reg only            2577
#feedthrough             2547
#f7mux                      0   out of  10608    0.00%
#f8mux                      0   out of   5304    0.00%
#eram                      50   out of    108   46.30%
  #eram20k                 50
  #fifo20k                  0
#dsp                        8   out of     40   20.00%
#mcu                        1   out of      1  100.00%
#ddr_byte                   6   out of     12   50.00%
#mipi_tx                    0   out of      2    0.00%
#mipi_rx                    1   out of      2   50.00%
#pad                       21   out of    160   13.12%
#pll                        3   out of      6   50.00%
#gclk                      13   out of     32   40.62%
#lclk                       0   out of     12    0.00%
#sclk                      26   out of     48   54.17%
#mlclk                      2   out of      6   33.33%
#ioclk                      4   out of     18   22.22%


DataNet Average Fanout:

   Index     Fanout     Nets   
    #1          1       20902  
    #2          2       7590   
    #3          3       1098   
    #4          4        687   
    #5        5-10      1780   
    #6        11-50      459   
    #7       51-100      41    
    #8       101-500      1    
  Average     2.03             

RUN-1002 : start command "update_timing -mode final"
RUN-1002 : start command "start_timer"
RUN-1003 : finish command "start_timer" in  2.176822s wall, 2.171875s user + 0.000000s system = 2.171875s CPU (99.8%)

RUN-1004 : used memory is 1954 MB, reserved memory is 2041 MB, peak memory is 1954 MB
RUN-1003 : finish command "update_timing -mode final" in  7.494407s wall, 7.140625s user + 0.250000s system = 7.390625s CPU (98.6%)

RUN-1004 : used memory is 1954 MB, reserved memory is 2041 MB, peak memory is 1954 MB
RUN-1002 : start command "report_timing_status -file camera_to_dsi_display_phy.ts"
RUN-1002 : start command "report_timing_summary -file camera_to_dsi_display_pr.timing"
RUN-1002 : start command "report_timing_exception -file camera_to_dsi_display_exception.timing"
RUN-1002 : start command "flow_status -file route_flow.status"
Location         : D:\2026fpga\lab_hd_1_mipi_hdmi\td_project\camera_to_dsi_display_Runs\phy_1
Running with     : Tang Dynasty v6.2.168116
                   Copyright (c) 2012-2025 Anlogic Inc.
Top Model        : design_top_wrapper
Device           : PH1P35MDG324
Speed            : 3

Timing Mode      : final
Setup            : WNS   192ps  TNS        0ps  NUM_FEPS     0
Hold             : WNS    20ps  TNS        0ps  NUM_FEPS     0

Flow Statistics  :
RUN-1001 : Flow Statistics:
RUN-1001 : ---------------------------------------------------------------------------------------------------
RUN-1001 :      command     |  #calls  |  wall time   |  cpu time(s)  |  used memory(mb)  |  peak memory(mb)  
RUN-1001 : ---------------------------------------------------------------------------------------------------
RUN-1001 :       place      |    1     |  3m2s(60%)   |   518(73%)    |       1232        |       1232        
RUN-1001 :       route      |    1     |  1m46s(35%)  |   180(25%)    |       1954        |       1954        
RUN-1001 :     fix_hold     |    1     |   10s(3%)    |    10(1%)     |       1954        |       1954        
RUN-1001 :   import_device  |    1     |    2s(0%)    |     1(0%)     |        325        |        325        
RUN-1001 :     import_db    |    3     |    1s(0%)    |     0(0%)     |        799        |        799        
RUN-1001 :       pack       |    1     |    0s(0%)    |     0(0%)     |        799        |        799        
RUN-1001 : ---------------------------------------------------------------------------------------------------
RUN-1001 :       total      |    8     |     5m1s     |      709      |       1954        |       1954        
RUN-1001 : ---------------------------------------------------------------------------------------------------
RUN-1002 : start command "report_clock_utilization -file route_clock_utilization.txt"
RUN-1002 : start command "export_db camera_to_dsi_display_pr.db"
RUN-1001 : Exported flow parameters
RUN-1001 : Exported /
RUN-1001 : Exported libs
RUN-1001 : Exported entities
RUN-1001 : Exported ports
RUN-1001 : Exported pins
RUN-1001 : Exported instances
RUN-1001 : Exported nets
RUN-1001 : Exported buses
RUN-1001 : Exported models
RUN-1001 : Exported phy database
RUN-1001 : Exported packer
RUN-1001 : Exported congestions
RUN-1001 : Exported violations
RUN-1001 : Exported ATMR Setting
RUN-1001 : Exported timing constraints
RUN-1001 : Exported IO constraints
RUN-1001 : Exported Inst constraints
RUN-1001 : Exported ChipWatcher
RUN-1003 : finish command "export_db camera_to_dsi_display_pr.db" in  1.847462s wall, 2.375000s user + 0.265625s system = 2.640625s CPU (142.9%)

RUN-1004 : used memory is 1960 MB, reserved memory is 2041 MB, peak memory is 1960 MB
RUN-1002 : start command "commit_param -step bitgen"
RUN-1001 : Print Global Property
RUN-1001 : -------------------------------------------------------------
RUN-1001 :     Parameters    |   Settings   |  Default Values  |  Note  
RUN-1001 : -------------------------------------------------------------
RUN-1001 :    enable_seed    |     off      |       off        |        
RUN-1001 :    hfn_to_clock   |  1000000000  |    1000000000    |        
RUN-1001 :      message      |   standard   |     standard     |        
RUN-1001 :    qor_monitor    |      on      |        on        |        
RUN-1001 :   speedup_effort  |      0       |        0         |        
RUN-1001 :    syn_ip_flow    |     off      |       off        |        
RUN-1001 :       thread      |     auto     |       auto       |        
RUN-1001 : -------------------------------------------------------------
RUN-1002 : start command "set_param bitgen compress on"
RUN-1001 : Print Bitgen Property
RUN-1001 : -------------------------------------------------------------
RUN-1001 :      Parameters     |  Settings  |  Default Values  |  Note  
RUN-1001 : -------------------------------------------------------------
RUN-1001 :         bin         |    off     |       off        |        
RUN-1001 :       compress      |     on     |       off        |   *    
RUN-1001 :       gen_mask      |    off     |       off        |        
RUN-1001 :      max_stream     |     on     |        on        |        
RUN-1001 :      time_info      |     on     |        on        |        
RUN-1001 :   unused_io_status  |   pullup   |      pullup      |        
RUN-1001 :       version       |    0x00    |       0x00       |        
RUN-1001 : -------------------------------------------------------------
RUN-1002 : start command "bitgen -bit camera_to_dsi_display.bit"
RUN-1002 : start command "export_bid camera_to_dsi_display_inst.bid"
BIT-1003 : Start to generate bitstream. 
BIT-1002 : Bitgen processed 3 pll_pd instances.
BIT-1002 : Init instances with 32 threads.
BIT-1002 : Init instances completely, inst num: 14265
BIT-1002 : Init pips with 32 threads.
BIT-1002 : Init pips completely, net num: 23894, pip num: 224064
BIT-1002 : Init feedthrough with 32 threads.
BIT-1002 : Init feedthrough completely, num: 2547
BIT-1003 : Multithreading accelaration with 32 threads.
BIT-1003 : Generate bitstream completely, there are 751914 bits set as '1'.
PRG-1501 : Bit compressed, frame number changed from 3481 to 3468, ratio 0.37%
BIT-1004 : Generate file camera_to_dsi_display_compress.bit.
BIT-1004 : Generate file camera_to_dsi_display.bit.
RUN-1003 : finish command "bitgen -bit camera_to_dsi_display.bit" in  5.870063s wall, 66.125000s user + 2.593750s system = 68.718750s CPU (1170.7%)

RUN-1004 : used memory is 1960 MB, reserved memory is 2041 MB, peak memory is 1961 MB
RUN-1002 : start command "setup_debugger ../../chip_debugger"
KIT-1004 : Update chipwatcher trigger condition
KIT-1004 : Generate chipwatcher configuration file: cw/compiled.cwc
KIT-1004 : Generate chipwatcher bit file: cw/compiled.bit
RUN-1002 : start command "export_bitgen_param -file .bitgen_param.f"
RUN-1002 : start command "export_flow_status -s opt_place -e bitgen"
RUN-1002 : start command "flow_status"

Location         : D:\2026fpga\lab_hd_1_mipi_hdmi\td_project\camera_to_dsi_display_Runs\phy_1
Running with     : Tang Dynasty v6.2.168116
                   Copyright (c) 2012-2025 Anlogic Inc.
Top Model        : design_top_wrapper
Device           : PH1P35MDG324
Speed            : 3

Timing Mode      : final
Setup            : WNS   192ps  TNS        0ps  NUM_FEPS     0
Hold             : WNS    20ps  TNS        0ps  NUM_FEPS     0

RUN-1001 : Flow Statistics:
RUN-1001 : ---------------------------------------------------------------------------------------------------
RUN-1001 :      command     |  #calls  |  wall time   |  cpu time(s)  |  used memory(mb)  |  peak memory(mb)  
RUN-1001 : ---------------------------------------------------------------------------------------------------
RUN-1001 :       place      |    1     |  3m2s(59%)   |   518(66%)    |       1232        |       1232        
RUN-1001 :       route      |    1     |  1m46s(34%)  |   180(23%)    |       1954        |       1954        
RUN-1001 :     fix_hold     |    1     |   10s(3%)    |    10(1%)     |       1954        |       1954        
RUN-1001 :      bitgen      |    1     |    5s(1%)    |    68(8%)     |       1960        |       1961        
RUN-1001 :   import_device  |    1     |    2s(0%)    |     1(0%)     |        325        |        325        
RUN-1001 :     import_db    |    3     |    1s(0%)    |     0(0%)     |        799        |        799        
RUN-1001 :       pack       |    1     |    0s(0%)    |     0(0%)     |        799        |        799        
RUN-1001 : ---------------------------------------------------------------------------------------------------
RUN-1001 :       total      |    9     |     5m6s     |      777      |       1960        |       1961        
RUN-1001 : ---------------------------------------------------------------------------------------------------

