============================================================
   Tang Dynasty, V6.2.168116
   Copyright (c) 2012-2025 Anlogic Inc.
   Executable = F:/AnlogicFpga/TD_6.2.1_Engineer_6.2.168.116/bin/td_commands_prompt.exe
   Built at =   16:32:07 Jun 12 2025
   Run by =     pc
   Run Date =   Mon Sep 21 18:34:24 2026

   Run on =     CIRBUG
============================================================
RUN-1002 : start command "import_device ph1_35p.db -package PH1P35MDG324 -speed 3"
ARC-1001 : Device Initialization.
ARC-1001 : ----------------------------------------------------------------
ARC-1001 :           OPTION          |          IO           |   SETTING   
ARC-1001 : ----------------------------------------------------------------
ARC-1001 :   non_jtag_persist(none)  |        35 IOs         |    gpio    
ARC-1001 :            jtag           |  P13/P15/L14/R13/T13  |  dedicate  
ARC-1001 : ----------------------------------------------------------------
RUN-1003 : finish command "import_device ph1_35p.db -package PH1P35MDG324 -speed 3" in  2.354967s wall, 1.906250s user + 0.203125s system = 2.109375s CPU (89.6%)

RUN-1004 : used memory is 325 MB, reserved memory is 321 MB, peak memory is 325 MB
RUN-1002 : start command "open_project camera_to_dsi_display.prj -noanalyze"
RUN-1002 : start command "import_db ../syn_1/camera_to_dsi_display_gate.db"
RUN-1001 : Importing database generated by Tang Dynasty, V6.2.168116.
RUN-1001 : Database version number 46207
RUN-1001 : Import flow parameters
RUN-1001 : Import netlist
RUN-1001 : Import timing constraints
RUN-1001 : Import IO constraints
RUN-1001 : Import Inst constraints
RUN-1001 : Import ChipWatcher
RUN-1001 : Import design success TD_VERSION=6.2.168116 , DB_VERSION=46207
RUN-1003 : finish command "import_db ../syn_1/camera_to_dsi_display_gate.db" in  1.128265s wall, 0.671875s user + 0.046875s system = 0.718750s CPU (63.7%)

RUN-1004 : used memory is 539 MB, reserved memory is 535 MB, peak memory is 539 MB
RUN-1002 : start command "commit_param -step place"
RUN-1001 : Print Global Property
RUN-1001 : -------------------------------------------------------------
RUN-1001 :     Parameters    |   Settings   |  Default Values  |  Note  
RUN-1001 : -------------------------------------------------------------
RUN-1001 :    enable_seed    |     off      |       off        |        
RUN-1001 :    hfn_to_clock   |  1000000000  |    1000000000    |        
RUN-1001 :      message      |   standard   |     standard     |        
RUN-1001 :    qor_monitor    |      on      |        on        |        
RUN-1001 :   speedup_effort  |      0       |        0         |        
RUN-1001 :    syn_ip_flow    |     off      |       off        |        
RUN-1001 :       thread      |      32      |       auto       |   *    
RUN-1001 : -------------------------------------------------------------
RUN-1001 : Print Place Property
RUN-1001 : ---------------------------------------------------------------
RUN-1001 :       Parameters      |  Settings  |  Default Values  |  Note  
RUN-1001 : ---------------------------------------------------------------
RUN-1001 :         effort        |   medium   |      medium      |        
RUN-1001 :     hfn_opt_effort    |   medium   |      medium      |        
RUN-1001 :    logic_level_opt    |    off     |       off        |        
RUN-1001 :   macro_performance   |    auto    |       auto       |        
RUN-1001 :       max_fanout      |   999999   |      999999      |        
RUN-1001 :       opt_timing      |   medium   |      medium      |        
RUN-1001 :     post_place_opt    |    auto    |       auto       |        
RUN-1001 :      pr_strategy      |     1      |        1         |        
RUN-1001 :   preplace_floorplan  |    off     |       off        |        
RUN-1001 : ---------------------------------------------------------------
RUN-1002 : start command "insert_debugger ../../chip_debugger"
RUN-1002 : start command "config_chipwatcher ../../chip_debugger/user.cfg"
RUN-1002 : start command "update_timing"
RUN-1002 : start command "start_timer"
USR-1002 : Derived clock:  create_generated_clock -name {u_PLL/ph1p_phy_pll_wrapper_25a56e5ce2f9_Inst/u_PH1P_PHY_PLL.clkc[0]} -source [get_ports {I_sys_clk}] -master_clock {sys_clk_50m} -multiply_by 2.0000 -duty_cycle 50.0000 [get_pins {u_PLL/ph1p_phy_pll_wrapper_25a56e5ce2f9_Inst/u_PH1P_PHY_PLL.clkc[0]}]
USR-1002 : Derived clock:  create_generated_clock -name {u_PLL/ph1p_phy_pll_wrapper_25a56e5ce2f9_Inst/u_PH1P_PHY_PLL.clkc[1]} -source [get_ports {I_sys_clk}] -master_clock {sys_clk_50m} -divide_by 2.1000 -duty_cycle 50.0000 [get_pins {u_PLL/ph1p_phy_pll_wrapper_25a56e5ce2f9_Inst/u_PH1P_PHY_PLL.clkc[1]}]
USR-1002 : Derived clock:  create_generated_clock -name {u_PLL/ph1p_phy_pll_wrapper_25a56e5ce2f9_Inst/u_PH1P_PHY_PLL.clkc[2]} -source [get_ports {I_sys_clk}] -master_clock {sys_clk_50m} -multiply_by 1.0000 -duty_cycle 50.0000 [get_pins {u_PLL/ph1p_phy_pll_wrapper_25a56e5ce2f9_Inst/u_PH1P_PHY_PLL.clkc[2]}]
USR-1002 : Derived clock:  create_generated_clock -name {u_PLL/ph1p_phy_pll_wrapper_25a56e5ce2f9_Inst/u_PH1P_PHY_PLL.clkc[3]} -source [get_ports {I_sys_clk}] -master_clock {sys_clk_50m} -multiply_by 6.0000 -duty_cycle 50.0000 [get_pins {u_PLL/ph1p_phy_pll_wrapper_25a56e5ce2f9_Inst/u_PH1P_PHY_PLL.clkc[3]}]
USR-1002 : Derived clock:  create_generated_clock -name {u_PLL/ph1p_phy_pll_wrapper_25a56e5ce2f9_Inst/u_PH1P_PHY_PLL.clkc[4]} -source [get_ports {I_sys_clk}] -master_clock {sys_clk_50m} -multiply_by 1.5000 -duty_cycle 50.0000 [get_pins {u_PLL/ph1p_phy_pll_wrapper_25a56e5ce2f9_Inst/u_PH1P_PHY_PLL.clkc[4]}]
USR-1002 : Derived clock:  create_generated_clock -name {u_PLL/ph1p_phy_pll_wrapper_25a56e5ce2f9_Inst/u_PH1P_PHY_PLL.clkc[5]} -source [get_ports {I_sys_clk}] -master_clock {sys_clk_50m} -multiply_by 7.5000 -duty_cycle 50.0000 [get_pins {u_PLL/ph1p_phy_pll_wrapper_25a56e5ce2f9_Inst/u_PH1P_PHY_PLL.clkc[5]}]
USR-1002 : Derived clock:  create_generated_clock -name {u_ph1p35_324_ddr_wrapper/u_ddr2/ph1p_ddrmc_wrapper/ph1p_ddrmc_top/u_ddr_phy/u_ddrphy_top/u_ddrphy_clk/u_pll0/u_pll_inst.clkc[0]} -source [get_ports {I_sys_clk}] -master_clock {sys_clk_50m} -multiply_by 1.3333 -duty_cycle 50.0000 [get_pins {u_ph1p35_324_ddr_wrapper/u_ddr2/ph1p_ddrmc_wrapper/ph1p_ddrmc_top/u_ddr_phy/u_ddrphy_top/u_ddrphy_clk/u_pll0/u_pll_inst.clkc[0]}]
USR-1002 : Derived clock:  create_generated_clock -name {u_ph1p35_324_ddr_wrapper/u_ddr2/ph1p_ddrmc_wrapper/ph1p_ddrmc_top/u_ddr_phy/u_ddrphy_top/u_ddrphy_clk/u_pll0/u_pll_inst.clkc[1]} -source [get_ports {I_sys_clk}] -master_clock {sys_clk_50m} -multiply_by 1.3333 -duty_cycle 50.0000 [get_pins {u_ph1p35_324_ddr_wrapper/u_ddr2/ph1p_ddrmc_wrapper/ph1p_ddrmc_top/u_ddr_phy/u_ddrphy_top/u_ddrphy_clk/u_pll0/u_pll_inst.clkc[1]}]
USR-1002 : Derived clock:  create_generated_clock -name {u_ph1p35_324_ddr_wrapper/u_ddr2/ph1p_ddrmc_wrapper/ph1p_ddrmc_top/u_ddr_phy/u_ddrphy_top/u_ddrphy_clk/u_pll0/u_pll_inst.clkc[2]} -source [get_ports {I_sys_clk}] -master_clock {sys_clk_50m} -multiply_by 5.3333 -duty_cycle 50.0000 [get_pins {u_ph1p35_324_ddr_wrapper/u_ddr2/ph1p_ddrmc_wrapper/ph1p_ddrmc_top/u_ddr_phy/u_ddrphy_top/u_ddrphy_clk/u_pll0/u_pll_inst.clkc[2]}]
USR-1002 : Derived clock:  create_generated_clock -name {u_ph1p35_324_ddr_wrapper/u_ddr2/ph1p_ddrmc_wrapper/ph1p_ddrmc_top/u_ddr_phy/u_ddrphy_top/u_ddrphy_clk/u_pll0/u_pll_inst.clkc[3]} -source [get_ports {I_sys_clk}] -master_clock {sys_clk_50m} -divide_by 1.9687 -duty_cycle 50.0000 [get_pins {u_ph1p35_324_ddr_wrapper/u_ddr2/ph1p_ddrmc_wrapper/ph1p_ddrmc_top/u_ddr_phy/u_ddrphy_top/u_ddrphy_clk/u_pll0/u_pll_inst.clkc[3]}]
USR-1002 : Derived clock:  create_generated_clock -name {u_ph1p35_324_ddr_wrapper/u_ddr2/ph1p_ddrmc_wrapper/ph1p_ddrmc_top/u_ddr_phy/u_ddrphy_top/u_ddrphy_clk/u_pll1/u_pll_inst.clkc[0]} -source [get_pins {u_ph1p35_324_ddr_wrapper/u_ddr2/ph1p_ddrmc_wrapper/ph1p_ddrmc_top/u_ddr_phy/u_ddrphy_top/u_ddrphy_clk/u_pll0/u_pll_inst.clkc[0]}] -master_clock {u_ph1p35_324_ddr_wrapper/u_ddr2/ph1p_ddrmc_wrapper/ph1p_ddrmc_top/u_ddr_phy/u_ddrphy_top/u_ddrphy_clk/u_pll0/u_pll_inst.clkc[0]} -multiply_by 1.0000 -duty_cycle 50.0000 [get_pins {u_ph1p35_324_ddr_wrapper/u_ddr2/ph1p_ddrmc_wrapper/ph1p_ddrmc_top/u_ddr_phy/u_ddrphy_top/u_ddrphy_clk/u_pll1/u_pll_inst.clkc[0]}]
8.888000
15.000000
15.000000
13.333000
RUN-1003 : finish command "start_timer" in  2.148113s wall, 2.109375s user + 0.031250s system = 2.140625s CPU (99.7%)

RUN-1004 : used memory is 703 MB, reserved memory is 704 MB, peak memory is 703 MB
TMR-2502 : Net delay update with mode: Synthesized
RUN-1003 : finish command "update_timing" in  3.373989s wall, 3.312500s user + 0.031250s system = 3.343750s CPU (99.1%)

RUN-1004 : used memory is 791 MB, reserved memory is 791 MB, peak memory is 791 MB
KIT-1004 : chipwatcher: sanity check successfully
KIT-1004 : Chipwatcher code = 1110101101001000
KIT-1004 : import watcher inst auto_created_cwc1 completed, there are 4 view node(s), 11 trigger net(s), 11 data net(s).
RUN-1003 : finish command "config_chipwatcher ../../chip_debugger/user.cfg" in  3.374874s wall, 3.312500s user + 0.031250s system = 3.343750s CPU (99.1%)

RUN-1004 : used memory is 791 MB, reserved memory is 792 MB, peak memory is 791 MB
RUN-1002 : start command "compile_watcher"
KIT-1004 : Ooc flow for module top_debug_hub is running...
RUN-1002 : start command "import_db -mode ooc cw/debug_hub/top_debug_hub_ooc.db"
USR-1600 : Load OOC design OOC Model: top_debug_hub .
RUN-1001 : Import OOC design success TD_VERSION=6.2.168116 , DB_VERSION=46207
KIT-1004 : Ooc flow for module auto_created_cwc1 is running...
RUN-1002 : start command "import_db -mode ooc cw/auto_created_cwc1/auto_created_cwc1_ooc.db"
USR-1600 : Load OOC design OOC Model: auto_created_cwc1 .
RUN-1001 : Import OOC design success TD_VERSION=6.2.168116 , DB_VERSION=46207
RUN-1003 : finish command "compile_watcher" in  8.974594s wall, 0.296875s user + 0.031250s system = 0.328125s CPU (3.7%)

RUN-1004 : used memory is 808 MB, reserved memory is 832 MB, peak memory is 808 MB
RUN-1002 : start command "pack -eco"
SYN-4002 : Packing 0 DFF/LATCH to SEQ ...
RUN-1002 : start command "legalize_phy_inst"
SYN-1001 : Stage 1 | Legalize Phy Inst
SYN-1011 : Flatten model design_top_wrapper
SYN-1001 : ADC: Instance "u_ph1p35_324_ddr_wrapper/u_ddr2/ph1p_ddrmc_wrapper/ph1p_ddrmc_top/u_ddr_phy/u_ddrphy_top/u_ddrphy/ac_byte[0]$ac_byte_used$u_ddrphy_ac_byte_wrapper/u_ddrphy_byte" LOCATION="X0Y70Z0"
SYN-1001 : ADC: Instance "u_ph1p35_324_ddr_wrapper/u_ddr2/ph1p_ddrmc_wrapper/ph1p_ddrmc_top/u_ddr_phy/u_ddrphy_top/u_ddrphy/ac_byte[1]$ac_byte_used$u_ddrphy_ac_byte_wrapper/u_ddrphy_byte" LOCATION="X0Y60Z0"
SYN-1001 : ADC: Instance "u_ph1p35_324_ddr_wrapper/u_ddr2/ph1p_ddrmc_wrapper/ph1p_ddrmc_top/u_ddr_phy/u_ddrphy_top/u_ddrphy/ac_byte[2]$ac_byte_used$u_ddrphy_ac_byte_wrapper/u_ddrphy_byte" LOCATION="X0Y50Z0"
SYN-1001 : ADC: Instance "u_ph1p35_324_ddr_wrapper/u_ddr2/ph1p_ddrmc_wrapper/ph1p_ddrmc_top/u_ddr_phy/u_ddrphy_top/u_ddrphy/ac_byte[3]$ac_byte_used$u_ddrphy_ac_byte_wrapper/u_ddrphy_byte" LOCATION="X0Y40Z0"
SYN-1001 : ADC: Instance "u_ph1p35_324_ddr_wrapper/u_ddr2/ph1p_ddrmc_wrapper/ph1p_ddrmc_top/u_ddr_phy/u_ddrphy_top/u_ddrphy/bkref[0]$u_ddrphy_bankref" LOCATION="X0Y19Z0"
SYN-1001 : ADC: Instance "u_ph1p35_324_ddr_wrapper/u_ddr2/ph1p_ddrmc_wrapper/ph1p_ddrmc_top/u_ddr_phy/u_ddrphy_top/u_ddrphy/bkref[1]$u_ddrphy_bankref" LOCATION="X0Y59Z0"
SYN-1001 : ADC: Instance "u_ph1p35_324_ddr_wrapper/u_ddr2/ph1p_ddrmc_wrapper/ph1p_ddrmc_top/u_ddr_phy/u_ddrphy_top/u_ddrphy/dx_byte[0]$dx_byte_used$u_ddrphy_dx_byte_wrapper/u_ddrphy_byte" LOCATION="X0Y30Z0"
SYN-1001 : ADC: Instance "u_ph1p35_324_ddr_wrapper/u_ddr2/ph1p_ddrmc_wrapper/ph1p_ddrmc_top/u_ddr_phy/u_ddrphy_top/u_ddrphy/dx_byte[1]$dx_byte_used$u_ddrphy_dx_byte_wrapper/u_ddrphy_byte" LOCATION="X0Y10Z0"
SYN-1001 : ADC: Instance "u_ph1p35_324_ddr_wrapper/u_ddr2/ph1p_ddrmc_wrapper/ph1p_ddrmc_top/u_ddr_phy/u_ddrphy_top/u_ddrphy_clk/ioclk[0]$u_ioclk_0" LOCATION="X0Y59Z0"
SYN-1001 : ADC: Instance "u_ph1p35_324_ddr_wrapper/u_ddr2/ph1p_ddrmc_wrapper/ph1p_ddrmc_top/u_ddr_phy/u_ddrphy_top/u_ddrphy_clk/ioclk[0]$u_ioclk_1" LOCATION="X0Y59Z1"
SYN-1001 : ADC: Instance "u_ph1p35_324_ddr_wrapper/u_ddr2/ph1p_ddrmc_wrapper/ph1p_ddrmc_top/u_ddr_phy/u_ddrphy_top/u_ddrphy_clk/ioclk[1]$u_ioclk_0" LOCATION="X0Y19Z0"
SYN-1001 : ADC: Instance "u_ph1p35_324_ddr_wrapper/u_ddr2/ph1p_ddrmc_wrapper/ph1p_ddrmc_top/u_ddr_phy/u_ddrphy_top/u_ddrphy_clk/ioclk[1]$u_ioclk_1" LOCATION="X0Y19Z1"
SYN-1001 : ADC: Instance "u_ph1p35_324_ddr_wrapper/u_ddr2/ph1p_ddrmc_wrapper/ph1p_ddrmc_top/u_ddr_phy/u_ddrphy_top/u_ddrphy_clk/u_mlclk_1" LOCATION="X0Y59Z0"
SYN-1001 : ADC: Instance "u_ph1p35_324_ddr_wrapper/u_ddr2/ph1p_ddrmc_wrapper/ph1p_ddrmc_top/u_ddr_phy/u_ddrphy_top/u_ddrphy_clk/u_mlclk_2" LOCATION="X0Y59Z1"
SYN-1001 : ADC: Instance "u_ph1p35_324_ddr_wrapper/u_ddr2/ph1p_ddrmc_wrapper/ph1p_ddrmc_top/u_ddr_phy/u_ddrphy_top/u_ddrphy_clk/u_pll0/u_pll_inst" LOCATION="X0Y40Z0"
SYN-1001 : ADC: Instance "u_ph1p35_324_ddr_wrapper/u_ddr2/ph1p_ddrmc_wrapper/ph1p_ddrmc_top/u_ddr_phy/u_ddrphy_top/u_ddrphy_clk/u_pll1/u_pll_inst" LOCATION="X0Y79Z0"
SYN-1001 : End Stage 1 | Legalize Phy Inst; Time: 0.139975s wall, 0.140625s user + 0.000000s system = 0.140625s CPU (100.5%); Memory(MB): used = 808, reserved = 832, peak = 808;

RUN-1003 : finish command "insert_debugger ../../chip_debugger" in  12.504041s wall, 3.750000s user + 0.062500s system = 3.812500s CPU (30.5%)

RUN-1004 : used memory is 808 MB, reserved memory is 832 MB, peak memory is 808 MB
RUN-1002 : start command "place"
RUN-1001 : Open license file F:/AnlogicFpga/TD_6.2.1_Engineer_6.2.168.116/license/Anlogic.lic
PHY-3001 : Placer runs in 32 thread(s).
PHY-1001 : Stage 1 | Initialize Design
PHY-1001 : Stage 1.1 | Build Design
PHY-1001 : 10766 luts, 15351 seqs, 416 mslices, 3371 lslices, 54 pads, 50 brams, 8 dsps
RUN-1002 : start command "legalize_phy_inst"
SYN-1011 : Flatten model design_top_wrapper
SYN-1001 : ADC: Instance "u_ph1p35_324_ddr_wrapper/u_ddr2/ph1p_ddrmc_wrapper/ph1p_ddrmc_top/u_ddr_phy/u_ddrphy_top/u_ddrphy/ac_byte[0]$ac_byte_used$u_ddrphy_ac_byte_wrapper/u_ddrphy_byte" LOCATION="X0Y70Z0"
SYN-1001 : ADC: Instance "u_ph1p35_324_ddr_wrapper/u_ddr2/ph1p_ddrmc_wrapper/ph1p_ddrmc_top/u_ddr_phy/u_ddrphy_top/u_ddrphy/ac_byte[1]$ac_byte_used$u_ddrphy_ac_byte_wrapper/u_ddrphy_byte" LOCATION="X0Y60Z0"
SYN-1001 : ADC: Instance "u_ph1p35_324_ddr_wrapper/u_ddr2/ph1p_ddrmc_wrapper/ph1p_ddrmc_top/u_ddr_phy/u_ddrphy_top/u_ddrphy/ac_byte[2]$ac_byte_used$u_ddrphy_ac_byte_wrapper/u_ddrphy_byte" LOCATION="X0Y50Z0"
SYN-1001 : ADC: Instance "u_ph1p35_324_ddr_wrapper/u_ddr2/ph1p_ddrmc_wrapper/ph1p_ddrmc_top/u_ddr_phy/u_ddrphy_top/u_ddrphy/ac_byte[3]$ac_byte_used$u_ddrphy_ac_byte_wrapper/u_ddrphy_byte" LOCATION="X0Y40Z0"
SYN-1001 : ADC: Instance "u_ph1p35_324_ddr_wrapper/u_ddr2/ph1p_ddrmc_wrapper/ph1p_ddrmc_top/u_ddr_phy/u_ddrphy_top/u_ddrphy/bkref[0]$u_ddrphy_bankref" LOCATION="X0Y19Z0"
SYN-1001 : ADC: Instance "u_ph1p35_324_ddr_wrapper/u_ddr2/ph1p_ddrmc_wrapper/ph1p_ddrmc_top/u_ddr_phy/u_ddrphy_top/u_ddrphy/bkref[1]$u_ddrphy_bankref" LOCATION="X0Y59Z0"
SYN-1001 : ADC: Instance "u_ph1p35_324_ddr_wrapper/u_ddr2/ph1p_ddrmc_wrapper/ph1p_ddrmc_top/u_ddr_phy/u_ddrphy_top/u_ddrphy/dx_byte[0]$dx_byte_used$u_ddrphy_dx_byte_wrapper/u_ddrphy_byte" LOCATION="X0Y30Z0"
SYN-1001 : ADC: Instance "u_ph1p35_324_ddr_wrapper/u_ddr2/ph1p_ddrmc_wrapper/ph1p_ddrmc_top/u_ddr_phy/u_ddrphy_top/u_ddrphy/dx_byte[1]$dx_byte_used$u_ddrphy_dx_byte_wrapper/u_ddrphy_byte" LOCATION="X0Y10Z0"
SYN-1001 : ADC: Instance "u_ph1p35_324_ddr_wrapper/u_ddr2/ph1p_ddrmc_wrapper/ph1p_ddrmc_top/u_ddr_phy/u_ddrphy_top/u_ddrphy_clk/ioclk[0]$u_ioclk_0" LOCATION="X0Y59Z0"
SYN-1001 : ADC: Instance "u_ph1p35_324_ddr_wrapper/u_ddr2/ph1p_ddrmc_wrapper/ph1p_ddrmc_top/u_ddr_phy/u_ddrphy_top/u_ddrphy_clk/ioclk[0]$u_ioclk_1" LOCATION="X0Y59Z1"
SYN-1001 : ADC: Instance "u_ph1p35_324_ddr_wrapper/u_ddr2/ph1p_ddrmc_wrapper/ph1p_ddrmc_top/u_ddr_phy/u_ddrphy_top/u_ddrphy_clk/ioclk[1]$u_ioclk_0" LOCATION="X0Y19Z0"
SYN-1001 : ADC: Instance "u_ph1p35_324_ddr_wrapper/u_ddr2/ph1p_ddrmc_wrapper/ph1p_ddrmc_top/u_ddr_phy/u_ddrphy_top/u_ddrphy_clk/ioclk[1]$u_ioclk_1" LOCATION="X0Y19Z1"
SYN-1001 : ADC: Instance "u_ph1p35_324_ddr_wrapper/u_ddr2/ph1p_ddrmc_wrapper/ph1p_ddrmc_top/u_ddr_phy/u_ddrphy_top/u_ddrphy_clk/u_mlclk_1" LOCATION="X0Y59Z0"
SYN-1001 : ADC: Instance "u_ph1p35_324_ddr_wrapper/u_ddr2/ph1p_ddrmc_wrapper/ph1p_ddrmc_top/u_ddr_phy/u_ddrphy_top/u_ddrphy_clk/u_mlclk_2" LOCATION="X0Y59Z1"
SYN-1001 : ADC: Instance "u_ph1p35_324_ddr_wrapper/u_ddr2/ph1p_ddrmc_wrapper/ph1p_ddrmc_top/u_ddr_phy/u_ddrphy_top/u_ddrphy_clk/u_pll0/u_pll_inst" LOCATION="X0Y40Z0"
SYN-1001 : ADC: Instance "u_ph1p35_324_ddr_wrapper/u_ddr2/ph1p_ddrmc_wrapper/ph1p_ddrmc_top/u_ddr_phy/u_ddrphy_top/u_ddrphy_clk/u_pll1/u_pll_inst" LOCATION="X0Y79Z0"
PHY-1001 : Remove keep and sweep redundant instances ...
PHY-1001 : 10457 luts, 14985 seqs, 416 mslices, 3340 lslices, 54 pads, 50 brams, 8 dsps
PHY-1001 : End Stage 1.1 | Build Design; Time: 0.495055s wall, 0.500000s user + 0.000000s system = 0.500000s CPU (101.0%); Memory(MB): used = 808, reserved = 832, peak = 808;

PHY-1001 : Stage 1.2 | Optimize Design
OPT-1001 : Stage 1.2.1 | Simplify Lut
OPT-1001 : End Stage 1.2.1 | Simplify Lut; Time: 0.067107s wall, 0.062500s user + 0.000000s system = 0.062500s CPU (93.1%); Memory(MB): used = 810, reserved = 832, peak = 810;

OPT-1001 : Stage 1.2.2 | Sweep
OPT-1001 : End Stage 1.2.2 | Sweep; Time: 0.023755s wall, 0.031250s user + 0.000000s system = 0.031250s CPU (131.6%); Memory(MB): used = 810, reserved = 832, peak = 810;

OPT-1001 : Stage 1.2.3 | Merge Lut
OPT-1001 : Start remap optimization ...
RUN-1001 :   Added 0 lut1 for undup drivers
OPT-1001 : skip lut merge since lut number 10454 is similar to or less than reg number 14985
OPT-1001 : End Stage 1.2.3 | Merge Lut; Time: 0.040878s wall, 0.031250s user + 0.000000s system = 0.031250s CPU (76.4%); Memory(MB): used = 810, reserved = 832, peak = 810;

OPT-1001 : Stage 1.2.4 | Synthesize High-fanout Net
OPT-1001 : Start high-fanout net optimization in pre-place flow with medium effort ...
RUN-1001 : HFN opt statistic
RUN-1001 : ------------------------------------------------------
RUN-1001 :   DriverCell type  |  HFN count  |  Duplicated count  
RUN-1001 : ------------------------------------------------------
RUN-1001 :       LSLICE       |      0      |         0          
RUN-1001 :       MSLICE       |      0      |         0          
RUN-1001 :        TOTAL       |      0      |         0          
RUN-1001 : ------------------------------------------------------
OPT-1001 : End high-fanout net optimization;  0.000115s wall, 0.000000s user + 0.000000s system = 0.000000s CPU (n/a%)

OPT-1001 : Current memory(MB): used = 810, reserved = 832, peak = 810.
OPT-1001 : End Stage 1.2.4 | Synthesize High-fanout Net; Time: 0.000205s wall, 0.000000s user + 0.000000s system = 0.000000s CPU (n/a%); Memory(MB): used = 810, reserved = 832, peak = 810;

OPT-1001 : End physical optimization;  0.132230s wall, 0.125000s user + 0.000000s system = 0.125000s CPU (94.5%)

PHY-1001 : End Stage 1.2 | Optimize Design; Time: 0.132313s wall, 0.125000s user + 0.000000s system = 0.125000s CPU (94.5%); Memory(MB): used = 810, reserved = 832, peak = 810;

PHY-1001 : Stage 1.3 | Initialize Clock
PHY-1001 : Start to synthesize physical clock networks.
RUN-1002 : start command "start_timer"
RUN-1003 : finish command "start_timer" in  1.613197s wall, 1.562500s user + 0.015625s system = 1.578125s CPU (97.8%)

RUN-1004 : used memory is 841 MB, reserved memory is 841 MB, peak memory is 841 MB
PHY-5060 CRITICAL-WARNING: Clock net candidate u_lens_i2c_ctrl/u_lens_i2c/scl_clk has mixed fanouts of 1 clock pins; 2 data/ctrl pins. Please check connection of the net in design.
PHY-5060 CRITICAL-WARNING: Clock net candidate u_uicfgcs500/uii2c_inst/scl_clk has mixed fanouts of 1 clock pins; 2 data/ctrl pins. Please check connection of the net in design.
PHY-5060 CRITICAL-WARNING: Clock net candidate O_cam_24m_syn_3 has mixed fanouts of 150 clock pins; 1 data/ctrl pins. Please check connection of the net in design.
PHY-1001 : Populate physical database on model design_top_wrapper.
RUN-1001 : There are total 29426 instances
RUN-0007 : 10454 luts, 14985 seqs, 416 mslices, 3340 lslices, 54 pads, 50 brams, 8 dsps
RUN-1001 : There are total 40006 nets
RUN-1001 : 27236 nets have 2 pins
RUN-1001 : 10115 nets have [3 - 5] pins
RUN-1001 : 1865 nets have [6 - 10] pins
RUN-1001 : 445 nets have [11 - 20] pins
RUN-1001 : 297 nets have [21 - 99] pins
RUN-1001 : 48 nets have 100+ pins
PHY-1001 : Start to check user instance location assignments; please refer to ADC constraint.
PHY-1001 : End Stage 1.3 | Initialize Clock; Time: 3.158664s wall, 3.015625s user + 0.093750s system = 3.109375s CPU (98.4%); Memory(MB): used = 853, reserved = 853, peak = 853;

PHY-1001 : End Stage 1 | Initialize Design; Time: 3.837287s wall, 3.703125s user + 0.093750s system = 3.796875s CPU (98.9%); Memory(MB): used = 853, reserved = 853, peak = 853;

PHY-1001 : Stage 2 | Global Placement
RUN-1001 : Report Control nets information:
RUN-1001 : DFF Distribution
RUN-1001 : -------------------------------------
RUN-1001 :   CE   |  SSR  |  ASR  |  DFF Count  
RUN-1001 : -------------------------------------
RUN-1001 :   No   |  No   |  No   |    6912     
RUN-1001 :   No   |  No   |  Yes  |    4063     
RUN-1001 :   No   |  Yes  |  No   |     226     
RUN-1001 :   Yes  |  No   |  No   |     376     
RUN-1001 :   Yes  |  No   |  Yes  |    3494     
RUN-1001 :   Yes  |  Yes  |  No   |     154     
RUN-1001 : -------------------------------------
RUN-1001 : Control Group Statistic
RUN-1001 : -----------------------------
RUN-1001 :   #CLK  |  #CE  |  #SSR/ASR  
RUN-1001 : -----------------------------
RUN-1001 :    12   |  149  |     33     
RUN-1001 : -----------------------------
RUN-0007 : Control Set = 197
PHY-1001 : Stage 2.1 | Place Fixed Instances
PHY-1001 : Processing 2 clock pins of DDR instance u_ph1p35_324_ddr_wrapper/u_ddr2/ph1p_ddrmc_wrapper/ph1p_ddrmc_top/u_ddr_phy/u_ddrphy_top/u_ddrphy/ac_byte[0]$ac_byte_used$u_ddrphy_ac_byte_wrapper/u_ddrphy_byte, location = x0y70z0.
PHY-1001 :   User location X0Y59Z1 of ioclk instance u_ph1p35_324_ddr_wrapper/u_ddr2/ph1p_ddrmc_wrapper/ph1p_ddrmc_top/u_ddr_phy/u_ddrphy_top/u_ddrphy_clk/ioclk[0]$u_ioclk_1.
PHY-1001 :   Placement of ioclk instance u_ph1p35_324_ddr_wrapper/u_ddr2/ph1p_ddrmc_wrapper/ph1p_ddrmc_top/u_ddr_phy/u_ddrphy_top/u_ddrphy_clk/ioclk[0]$u_ioclk_1; location = x0y59z1.
PHY-1001 :   User location X0Y59Z0 of ioclk instance u_ph1p35_324_ddr_wrapper/u_ddr2/ph1p_ddrmc_wrapper/ph1p_ddrmc_top/u_ddr_phy/u_ddrphy_top/u_ddrphy_clk/ioclk[0]$u_ioclk_0.
PHY-1001 :   Placement of ioclk instance u_ph1p35_324_ddr_wrapper/u_ddr2/ph1p_ddrmc_wrapper/ph1p_ddrmc_top/u_ddr_phy/u_ddrphy_top/u_ddrphy_clk/ioclk[0]$u_ioclk_0; location = x0y59z0.
PHY-1001 : Processing 2 clock pins of DDR instance u_ph1p35_324_ddr_wrapper/u_ddr2/ph1p_ddrmc_wrapper/ph1p_ddrmc_top/u_ddr_phy/u_ddrphy_top/u_ddrphy/ac_byte[1]$ac_byte_used$u_ddrphy_ac_byte_wrapper/u_ddrphy_byte, location = x0y60z0.
PHY-1001 :   Placed ioclk instance u_ph1p35_324_ddr_wrapper/u_ddr2/ph1p_ddrmc_wrapper/ph1p_ddrmc_top/u_ddr_phy/u_ddrphy_top/u_ddrphy_clk/ioclk[0]$u_ioclk_1, location = x0y59z1.
PHY-1001 :   Placed ioclk instance u_ph1p35_324_ddr_wrapper/u_ddr2/ph1p_ddrmc_wrapper/ph1p_ddrmc_top/u_ddr_phy/u_ddrphy_top/u_ddrphy_clk/ioclk[0]$u_ioclk_0, location = x0y59z0.
PHY-1001 : Processing 2 clock pins of DDR instance u_ph1p35_324_ddr_wrapper/u_ddr2/ph1p_ddrmc_wrapper/ph1p_ddrmc_top/u_ddr_phy/u_ddrphy_top/u_ddrphy/ac_byte[2]$ac_byte_used$u_ddrphy_ac_byte_wrapper/u_ddrphy_byte, location = x0y50z0.
PHY-1001 :   Placed ioclk instance u_ph1p35_324_ddr_wrapper/u_ddr2/ph1p_ddrmc_wrapper/ph1p_ddrmc_top/u_ddr_phy/u_ddrphy_top/u_ddrphy_clk/ioclk[0]$u_ioclk_1, location = x0y59z1.
PHY-1001 :   Placed ioclk instance u_ph1p35_324_ddr_wrapper/u_ddr2/ph1p_ddrmc_wrapper/ph1p_ddrmc_top/u_ddr_phy/u_ddrphy_top/u_ddrphy_clk/ioclk[0]$u_ioclk_0, location = x0y59z0.
PHY-1001 : Processing 2 clock pins of DDR instance u_ph1p35_324_ddr_wrapper/u_ddr2/ph1p_ddrmc_wrapper/ph1p_ddrmc_top/u_ddr_phy/u_ddrphy_top/u_ddrphy/ac_byte[3]$ac_byte_used$u_ddrphy_ac_byte_wrapper/u_ddrphy_byte, location = x0y40z0.
PHY-1001 :   Placed ioclk instance u_ph1p35_324_ddr_wrapper/u_ddr2/ph1p_ddrmc_wrapper/ph1p_ddrmc_top/u_ddr_phy/u_ddrphy_top/u_ddrphy_clk/ioclk[0]$u_ioclk_1, location = x0y59z1.
PHY-1001 :   Placed ioclk instance u_ph1p35_324_ddr_wrapper/u_ddr2/ph1p_ddrmc_wrapper/ph1p_ddrmc_top/u_ddr_phy/u_ddrphy_top/u_ddrphy_clk/ioclk[0]$u_ioclk_0, location = x0y59z0.
PHY-1001 : Processing 2 clock pins of DDR instance u_ph1p35_324_ddr_wrapper/u_ddr2/ph1p_ddrmc_wrapper/ph1p_ddrmc_top/u_ddr_phy/u_ddrphy_top/u_ddrphy/dx_byte[0]$dx_byte_used$u_ddrphy_dx_byte_wrapper/u_ddrphy_byte, location = x0y30z0.
PHY-1001 :   User location X0Y19Z1 of ioclk instance u_ph1p35_324_ddr_wrapper/u_ddr2/ph1p_ddrmc_wrapper/ph1p_ddrmc_top/u_ddr_phy/u_ddrphy_top/u_ddrphy_clk/ioclk[1]$u_ioclk_1.
PHY-1001 :   Placement of ioclk instance u_ph1p35_324_ddr_wrapper/u_ddr2/ph1p_ddrmc_wrapper/ph1p_ddrmc_top/u_ddr_phy/u_ddrphy_top/u_ddrphy_clk/ioclk[1]$u_ioclk_1; location = x0y19z1.
PHY-1001 :   User location X0Y19Z0 of ioclk instance u_ph1p35_324_ddr_wrapper/u_ddr2/ph1p_ddrmc_wrapper/ph1p_ddrmc_top/u_ddr_phy/u_ddrphy_top/u_ddrphy_clk/ioclk[1]$u_ioclk_0.
PHY-1001 :   Placement of ioclk instance u_ph1p35_324_ddr_wrapper/u_ddr2/ph1p_ddrmc_wrapper/ph1p_ddrmc_top/u_ddr_phy/u_ddrphy_top/u_ddrphy_clk/ioclk[1]$u_ioclk_0; location = x0y19z0.
PHY-1001 : Processing 2 clock pins of DDR instance u_ph1p35_324_ddr_wrapper/u_ddr2/ph1p_ddrmc_wrapper/ph1p_ddrmc_top/u_ddr_phy/u_ddrphy_top/u_ddrphy/dx_byte[1]$dx_byte_used$u_ddrphy_dx_byte_wrapper/u_ddrphy_byte, location = x0y10z0.
PHY-1001 :   Placed ioclk instance u_ph1p35_324_ddr_wrapper/u_ddr2/ph1p_ddrmc_wrapper/ph1p_ddrmc_top/u_ddr_phy/u_ddrphy_top/u_ddrphy_clk/ioclk[1]$u_ioclk_1, location = x0y19z1.
PHY-1001 :   Placed ioclk instance u_ph1p35_324_ddr_wrapper/u_ddr2/ph1p_ddrmc_wrapper/ph1p_ddrmc_top/u_ddr_phy/u_ddrphy_top/u_ddrphy_clk/ioclk[1]$u_ioclk_0, location = x0y19z0.
PHY-1001 : DDR MLCLK topology u_ph1p35_324_ddr_wrapper/u_ddr2/ph1p_ddrmc_wrapper/ph1p_ddrmc_top/u_ddr_phy/u_ddrphy_top/u_ddrphy_clk/u_mlclk_1.
PHY-1001 :   Driver: PH1P_PHY_PLL_V2 u_ph1p35_324_ddr_wrapper/u_ddr2/ph1p_ddrmc_wrapper/ph1p_ddrmc_top/u_ddr_phy/u_ddrphy_top/u_ddrphy_clk/u_pll0/u_pll_inst.clkc[1], user location :X0Y40Z0.
PHY-1001 :   Sink: PH1P_PHY_IOCLK u_ph1p35_324_ddr_wrapper/u_ddr2/ph1p_ddrmc_wrapper/ph1p_ddrmc_top/u_ddr_phy/u_ddrphy_top/u_ddrphy_clk/ioclk[0]$u_ioclk_0, location = x0y59z0, sectorID = 1.
PHY-1001 :   Sink: PH1P_PHY_IOCLK u_ph1p35_324_ddr_wrapper/u_ddr2/ph1p_ddrmc_wrapper/ph1p_ddrmc_top/u_ddr_phy/u_ddrphy_top/u_ddrphy_clk/ioclk[1]$u_ioclk_0, location = x0y19z0, sectorID = 0.
PHY-1001 : Placement of MLCLK instance u_ph1p35_324_ddr_wrapper/u_ddr2/ph1p_ddrmc_wrapper/ph1p_ddrmc_top/u_ddr_phy/u_ddrphy_top/u_ddrphy_clk/u_mlclk_1; location = x0y59z0,  sectorID = 1.
PHY-1001 : DDR MLCLK topology u_ph1p35_324_ddr_wrapper/u_ddr2/ph1p_ddrmc_wrapper/ph1p_ddrmc_top/u_ddr_phy/u_ddrphy_top/u_ddrphy_clk/u_mlclk_2.
PHY-1001 :   Driver: PH1P_PHY_PLL_V2 u_ph1p35_324_ddr_wrapper/u_ddr2/ph1p_ddrmc_wrapper/ph1p_ddrmc_top/u_ddr_phy/u_ddrphy_top/u_ddrphy_clk/u_pll0/u_pll_inst.clkc[2], user location :X0Y40Z0.
PHY-1001 :   Sink: PH1P_PHY_IOCLK u_ph1p35_324_ddr_wrapper/u_ddr2/ph1p_ddrmc_wrapper/ph1p_ddrmc_top/u_ddr_phy/u_ddrphy_top/u_ddrphy_clk/ioclk[0]$u_ioclk_1, location = x0y59z1, sectorID = 1.
PHY-1001 :   Sink: PH1P_PHY_IOCLK u_ph1p35_324_ddr_wrapper/u_ddr2/ph1p_ddrmc_wrapper/ph1p_ddrmc_top/u_ddr_phy/u_ddrphy_top/u_ddrphy_clk/ioclk[1]$u_ioclk_1, location = x0y19z1, sectorID = 0.
PHY-1001 : Placement of MLCLK instance u_ph1p35_324_ddr_wrapper/u_ddr2/ph1p_ddrmc_wrapper/ph1p_ddrmc_top/u_ddr_phy/u_ddrphy_top/u_ddrphy_clk/u_mlclk_2; location = x0y59z1,  sectorID = 1.
PHY-5016 WARNING: PLL clkc is driving an IO without location.
PHY-5016 WARNING: PLL clkc is not driving a clock-capable IO.
PHY-5016 WARNING: PLL clkc is driving an IO without location.
PHY-5016 WARNING: PLL clkc is driving an IO without location.
PHY-5016 WARNING: PLL clkc is driving an IO without location.
PHY-5016 WARNING: PLL clkc is not driving a clock-capable IO.
PHY-1001 : End Stage 2.1 | Place Fixed Instances; Time: 0.089435s wall, 0.093750s user + 0.000000s system = 0.093750s CPU (104.8%); Memory(MB): used = 882, reserved = 880, peak = 882;

PHY-1001 : Stage 2.2 | Pre-Place DRC Check
PHY-1001 : Stage 2.2.1 | Force Route Constraint Check
PHY-1001 : Check Pass.
PHY-1001 : End Stage 2.2.1 | Force Route Constraint Check; Time: 0.003768s wall, 0.000000s user + 0.000000s system = 0.000000s CPU (n/a%); Memory(MB): used = 882, reserved = 880, peak = 882;

PHY-1001 : End Stage 2.2 | Pre-Place DRC Check; Time: 0.003821s wall, 0.000000s user + 0.000000s system = 0.000000s CPU (n/a%); Memory(MB): used = 882, reserved = 880, peak = 882;

PHY-1001 : Clock GCLK Statistics:
RUN-1001 : GCLK Index: 
RUN-1001 : -------------------------------------------------------------------------------------------------------------------------------------------------------
RUN-1001 :   Index  |                                                          Clock GCLK                                                           |  Location   
RUN-1001 : -------------------------------------------------------------------------------------------------------------------------------------------------------
RUN-1001 :     1    |                           u_mipi_dphy_rx_ph1p_mipiio_wrapper/u_ph1p_mipiio_rx_wrapper/bufg_feedback                           |  x23y39z1   
RUN-1001 :     2    |   u_ph1p35_324_ddr_wrapper/u_ddr2/ph1p_ddrmc_wrapper/ph1p_ddrmc_top/u_ddr_phy/u_ddrphy_top/u_ddrphy_clk/u_pll1/u_bufg_fbclk   |  x23y39z16  
RUN-1001 :     3    |                                               S_hdmi_pixel_clk_created_gclkinst                                               |  x23y39z17  
RUN-1001 :     4    |                                            u_lens_i2c_ctrl/I_clk_created_gclkinst                                             |  x23y39z18  
RUN-1001 :     5    |                                                   cwc_jtck_created_gclkinst                                                   |  x23y39z0   
RUN-1001 :     6    |                                               O_cam_24m_dup_1_created_gclkinst                                                |  x23y39z19  
RUN-1001 :     7    |                                               I_sys_clk_dup_6_created_gclkinst                                                |  x23y39z24  
RUN-1001 :     8    |                          u_hdmi_tx/u_hdmi2phy_wrapper/u0_lane_lvds_8_1/I_serial_clk_created_gclkinst                          |  x23y39z20  
RUN-1001 :     9    |  u_ph1p35_324_ddr_wrapper/u_ddr2/ph1p_ddrmc_wrapper/ph1p_ddrmc_top/u_ddr_phy/u_ddrphy_top/u_ddrphy/apb_pclk_created_gclkinst  |  x23y39z21  
RUN-1001 :    10    |                                      u_lens_i2c_ctrl/u_lens_i2c/scl_clk_created_gclkinst                                      |  x23y39z3   
RUN-1001 :    11    |                                       u_uicfgcs500/uii2c_inst/scl_clk_created_gclkinst                                        |  x23y39z2   
RUN-1001 :    12    |                                                      u_PLL/bufg_feedback                                                      |  x23y39z22  
RUN-1001 :    13    |                                                S_mcu_ahb_clk_created_gclkinst                                                 |  x23y39z4   
RUN-1001 :    14    |                                     u_mcu/MCU_521bd43d073e_Inst/core_clk_created_gclkinst                                     |  x23y39z23  
RUN-1001 : -------------------------------------------------------------------------------------------------------------------------------------------------------
RUN-1001 : Clock Nets Connect To GCLK Statistics: 
RUN-1001 : -----------------------------------------------------------------------------------------------------------------------------------------------------------------------------------------
RUN-1001 :   Index  |                        Leading Net                        |  CLK/DATA/IO/PLL Sink(s)  |                       Following Net                       |  CLK/DATA/IO/PLL Sink(s)  
RUN-1001 : -----------------------------------------------------------------------------------------------------------------------------------------------------------------------------------------
RUN-1001 :     1    | u_mipi_dphy_rx_ph1p_mipiio_wrapper/u_ph1p_mipiio_rx_w...  |          1/0/0/0          | u_isp_top/u_rgb96_downscale_crop/u_scale_line_buffer/...  |        8723/0/0/0         
RUN-1001 :     2    | u_ph1p35_324_ddr_wrapper/u_ddr2/ph1p_ddrmc_wrapper/ph...  |          1/0/0/0          | u_ph1p35_324_ddr_wrapper/u_ddr2/ph1p_ddrmc_wrapper/ph...  |        3545/0/0/0         
RUN-1001 :     3    |                     S_hdmi_pixel_clk                      |          1/0/0/0          |                 S_hdmi_pixel_clk_syn_654                  |        1582/0/0/0         
RUN-1001 :     4    |                   u_lens_i2c_ctrl/I_clk                   |          1/0/0/0          |                u_lens_i2c_ctrl/I_clk_syn_1                |         695/0/0/0         
RUN-1001 :     5    |                         cwc_jtck                          |          1/0/0/0          |                      cwc_jtck_syn_1                       |         285/0/0/0         
RUN-1001 :     6    |                      O_cam_24m_dup_1                      |          1/0/0/0          |                      O_cam_24m_syn_3                      |         150/1/0/0         
RUN-1001 :     7    |                      I_sys_clk_dup_6                      |          3/0/0/0          |                      I_sys_clk_syn_8                      |         137/0/0/0         
RUN-1001 :     8    | u_hdmi_tx/u_hdmi2phy_wrapper/u0_lane_lvds_8_1/I_seria...  |          1/0/0/0          | u_hdmi_tx/u_hdmi2phy_wrapper/u0_lane_lvds_8_1/I_seria...  |         61/0/0/0          
RUN-1001 :     9    | u_ph1p35_324_ddr_wrapper/u_ddr2/ph1p_ddrmc_wrapper/ph...  |          1/0/0/0          | u_ph1p35_324_ddr_wrapper/u_ddr2/ph1p_ddrmc_wrapper/ph...  |         43/0/0/0          
RUN-1001 :    10    |            u_lens_i2c_ctrl/u_lens_i2c/scl_clk             |          1/2/0/0          |         u_lens_i2c_ctrl/u_lens_i2c/scl_clk_syn_9          |         24/0/0/0          
RUN-1001 :    11    |              u_uicfgcs500/uii2c_inst/scl_clk              |          1/2/0/0          |           u_uicfgcs500/uii2c_inst/scl_clk_syn_9           |         24/0/0/0          
RUN-1001 :    12    |                      u_PLL/clk0_buf                       |          1/0/0/0          | u_mipi_dphy_rx_ph1p_mipiio_wrapper/u_ph1p_mipiio_rx_w...  |         14/0/0/0          
RUN-1001 :    13    |                       S_mcu_ahb_clk                       |          1/0/0/0          |                    S_mcu_ahb_clk_syn_5                    |          1/0/0/0          
RUN-1001 :    14    |           u_mcu/MCU_521bd43d073e_Inst/core_clk            |          1/0/0/0          |        u_mcu/MCU_521bd43d073e_Inst/core_clk_syn_1         |          1/0/0/0          
RUN-1001 : -----------------------------------------------------------------------------------------------------------------------------------------------------------------------------------------
PHY-1001 : Stage 2.3 | Global Placement Step 1
PHY-3001 : Target density is 60%
PHY-1001 : Stage 2.3.1 | Update Timing
RUN-1002 : start command "start_timer"
RUN-1003 : finish command "start_timer" in  1.677934s wall, 1.671875s user + 0.000000s system = 1.671875s CPU (99.6%)

RUN-1004 : used memory is 918 MB, reserved memory is 917 MB, peak memory is 918 MB
PHY-1001 : SWNS: -10, STNS: -10, FEP: 1
PHY-3001 : tot_pins 287720 tot_hfn_pins 22817 perc. 7 tot_hhfn_pins 6180 perc. 2
PHY-1001 : End Stage 2.3.1 | Update Timing; Time: 3.181849s wall, 3.171875s user + 0.000000s system = 3.171875s CPU (99.7%); Memory(MB): used = 919, reserved = 918, peak = 919;

PHY-0007 : Cell area utilization is 53%
RUN-1001 : Huge Net Statistic
RUN-1001 : ----------------------------------------------------------------------------------------------------------------------------------------------------------------------------------------
RUN-1001 :   Fanout  |  Slack  |                                                                                Net                                                                                
RUN-1001 : ----------------------------------------------------------------------------------------------------------------------------------------------------------------------------------------
RUN-1001 :    3619   |   Inf   |                                u_ph1p35_324_ddr_wrapper/u_ddr2/ph1p_ddrmc_wrapper/ph1p_ddrmc_top/u_ddr_phy/u_ddrphy_top/sys_rst_n                                 
RUN-1001 :    1472   |  11982  |                                u_ph1p35_324_ddr_wrapper/u_ddr2/ph1p_ddrmc_wrapper/ph1p_ddrmc_top/u_alc_mc_top/u_rbuf_addr_fifo/rst                                
RUN-1001 :    1089   |   Inf   |  u_ph1p35_324_ddr_wrapper/u_ddr2/ph1p_ddrmc_wrapper/ph1p_ddrmc_top/u_ddr_phy/u_ddrphy_top/u_ddrphy/dx_byte[1]$dx_byte_used$u_ddrphy_dx_byte_wrapper/dx_phy_rst_n  
RUN-1001 : ----------------------------------------------------------------------------------------------------------------------------------------------------------------------------------------
PHY-3001 : Clustering ...
PHY-3001 : End clustering;  0.170416s wall, 0.375000s user + 0.453125s system = 0.828125s CPU (485.9%)

PHY-3001 : Target density is 60%
PHY-1001 : Stage 2.3.2 | GP Iteration
PHY-1001 : End Stage 2.3.2 | GP Iteration; Time: 3.122762s wall, 14.312500s user + 4.171875s system = 18.484375s CPU (591.9%); Memory(MB): used = 931, reserved = 929, peak = 931;

PHY-3001 : Multithread accelerating rate: 5.80
RUN-1002 : start command "start_timer"
USR-1002 : Derived clock:  create_generated_clock -name {u_PLL/ph1p_phy_pll_wrapper_25a56e5ce2f9_Inst/u_PH1P_PHY_PLL.clkc[0]} -source [get_ports {I_sys_clk}] -master_clock {sys_clk_50m} -multiply_by 2.0000 -duty_cycle 50.0000 [get_pins {u_PLL/ph1p_phy_pll_wrapper_25a56e5ce2f9_Inst/u_PH1P_PHY_PLL.clkc[0]}]
USR-1002 : Derived clock:  create_generated_clock -name {u_PLL/ph1p_phy_pll_wrapper_25a56e5ce2f9_Inst/u_PH1P_PHY_PLL.clkc[1]} -source [get_ports {I_sys_clk}] -master_clock {sys_clk_50m} -divide_by 2.1000 -duty_cycle 50.0000 [get_pins {u_PLL/ph1p_phy_pll_wrapper_25a56e5ce2f9_Inst/u_PH1P_PHY_PLL.clkc[1]}]
USR-1002 : Derived clock:  create_generated_clock -name {u_PLL/ph1p_phy_pll_wrapper_25a56e5ce2f9_Inst/u_PH1P_PHY_PLL.clkc[2]} -source [get_ports {I_sys_clk}] -master_clock {sys_clk_50m} -multiply_by 1.0000 -duty_cycle 50.0000 [get_pins {u_PLL/ph1p_phy_pll_wrapper_25a56e5ce2f9_Inst/u_PH1P_PHY_PLL.clkc[2]}]
USR-1002 : Derived clock:  create_generated_clock -name {u_PLL/ph1p_phy_pll_wrapper_25a56e5ce2f9_Inst/u_PH1P_PHY_PLL.clkc[3]} -source [get_ports {I_sys_clk}] -master_clock {sys_clk_50m} -multiply_by 6.0000 -duty_cycle 50.0000 [get_pins {u_PLL/ph1p_phy_pll_wrapper_25a56e5ce2f9_Inst/u_PH1P_PHY_PLL.clkc[3]}]
USR-1002 : Derived clock:  create_generated_clock -name {u_PLL/ph1p_phy_pll_wrapper_25a56e5ce2f9_Inst/u_PH1P_PHY_PLL.clkc[4]} -source [get_ports {I_sys_clk}] -master_clock {sys_clk_50m} -multiply_by 1.5000 -duty_cycle 50.0000 [get_pins {u_PLL/ph1p_phy_pll_wrapper_25a56e5ce2f9_Inst/u_PH1P_PHY_PLL.clkc[4]}]
USR-1002 : Derived clock:  create_generated_clock -name {u_PLL/ph1p_phy_pll_wrapper_25a56e5ce2f9_Inst/u_PH1P_PHY_PLL.clkc[5]} -source [get_ports {I_sys_clk}] -master_clock {sys_clk_50m} -multiply_by 7.5000 -duty_cycle 50.0000 [get_pins {u_PLL/ph1p_phy_pll_wrapper_25a56e5ce2f9_Inst/u_PH1P_PHY_PLL.clkc[5]}]
USR-1002 : Derived clock:  create_generated_clock -name {u_ph1p35_324_ddr_wrapper/u_ddr2/ph1p_ddrmc_wrapper/ph1p_ddrmc_top/u_ddr_phy/u_ddrphy_top/u_ddrphy_clk/u_pll0/u_pll_inst.clkc[0]} -source [get_ports {I_sys_clk}] -master_clock {sys_clk_50m} -multiply_by 1.3333 -duty_cycle 50.0000 [get_pins {u_ph1p35_324_ddr_wrapper/u_ddr2/ph1p_ddrmc_wrapper/ph1p_ddrmc_top/u_ddr_phy/u_ddrphy_top/u_ddrphy_clk/u_pll0/u_pll_inst.clkc[0]}]
USR-1002 : Derived clock:  create_generated_clock -name {u_ph1p35_324_ddr_wrapper/u_ddr2/ph1p_ddrmc_wrapper/ph1p_ddrmc_top/u_ddr_phy/u_ddrphy_top/u_ddrphy_clk/u_pll0/u_pll_inst.clkc[1]} -source [get_ports {I_sys_clk}] -master_clock {sys_clk_50m} -multiply_by 1.3333 -duty_cycle 50.0000 [get_pins {u_ph1p35_324_ddr_wrapper/u_ddr2/ph1p_ddrmc_wrapper/ph1p_ddrmc_top/u_ddr_phy/u_ddrphy_top/u_ddrphy_clk/u_pll0/u_pll_inst.clkc[1]}]
USR-1002 : Derived clock:  create_generated_clock -name {u_ph1p35_324_ddr_wrapper/u_ddr2/ph1p_ddrmc_wrapper/ph1p_ddrmc_top/u_ddr_phy/u_ddrphy_top/u_ddrphy_clk/u_pll0/u_pll_inst.clkc[2]} -source [get_ports {I_sys_clk}] -master_clock {sys_clk_50m} -multiply_by 5.3333 -duty_cycle 50.0000 [get_pins {u_ph1p35_324_ddr_wrapper/u_ddr2/ph1p_ddrmc_wrapper/ph1p_ddrmc_top/u_ddr_phy/u_ddrphy_top/u_ddrphy_clk/u_pll0/u_pll_inst.clkc[2]}]
USR-1002 : Derived clock:  create_generated_clock -name {u_ph1p35_324_ddr_wrapper/u_ddr2/ph1p_ddrmc_wrapper/ph1p_ddrmc_top/u_ddr_phy/u_ddrphy_top/u_ddrphy_clk/u_pll0/u_pll_inst.clkc[3]} -source [get_ports {I_sys_clk}] -master_clock {sys_clk_50m} -divide_by 1.9687 -duty_cycle 50.0000 [get_pins {u_ph1p35_324_ddr_wrapper/u_ddr2/ph1p_ddrmc_wrapper/ph1p_ddrmc_top/u_ddr_phy/u_ddrphy_top/u_ddrphy_clk/u_pll0/u_pll_inst.clkc[3]}]
USR-1002 : Derived clock:  create_generated_clock -name {u_ph1p35_324_ddr_wrapper/u_ddr2/ph1p_ddrmc_wrapper/ph1p_ddrmc_top/u_ddr_phy/u_ddrphy_top/u_ddrphy_clk/u_pll1/u_pll_inst.clkc[0]} -source [get_pins {u_ph1p35_324_ddr_wrapper/u_ddr2/ph1p_ddrmc_wrapper/ph1p_ddrmc_top/u_ddr_phy/u_ddrphy_top/u_ddrphy_clk/u_pll0/u_pll_inst.clkc[0]}] -master_clock {u_ph1p35_324_ddr_wrapper/u_ddr2/ph1p_ddrmc_wrapper/ph1p_ddrmc_top/u_ddr_phy/u_ddrphy_top/u_ddrphy_clk/u_pll0/u_pll_inst.clkc[0]} -multiply_by 1.0000 -duty_cycle 50.0000 [get_pins {u_ph1p35_324_ddr_wrapper/u_ddr2/ph1p_ddrmc_wrapper/ph1p_ddrmc_top/u_ddr_phy/u_ddrphy_top/u_ddrphy_clk/u_pll1/u_pll_inst.clkc[0]}]
8.888000
15.000000
15.000000
13.333000
RUN-1003 : finish command "start_timer" in  2.636449s wall, 2.500000s user + 0.078125s system = 2.578125s CPU (97.8%)

RUN-1004 : used memory is 931 MB, reserved memory is 929 MB, peak memory is 931 MB
TMR-2502 : Net delay update with mode: Placed
PHY-3001 : No need to merge 9x9 Dsps.
PHY-1001 : Populate physical database on model design_top_wrapper.
PHY-1001 : End Stage 2.3 | Global Placement Step 1; Time: 11.275054s wall, 22.562500s user + 4.906250s system = 27.468750s CPU (243.6%); Memory(MB): used = 989, reserved = 988, peak = 989;

PHY-1001 : Stage 2.4 | RAM/DSP Legalization and Detailed Placement
PHY-1001 : Stage 2.4.1 | Legalization
PHY-3001 : Before Legalized: Len = 1.97004e+06
PHY-3001 : After Legalized: Len = 1.97727e+06, Over = 110.25
PHY-1001 : End Stage 2.4.1 | Legalization; Time: 1.886725s wall, 1.843750s user + 0.000000s system = 1.843750s CPU (97.7%); Memory(MB): used = 991, reserved = 989, peak = 991;

PHY-1001 : Stage 2.4.2 | Detailed Placement
PHY-1001 : Stage 2.4.2.1 | Simulated Annealing Based DP
PHY-0007 : Initial: WL Cost = 164125, TD Cost = 260891, SWNS = 274, STNS = 0, Nums per T = 580, Range Limit = 2x32
PHY-0007 : Finally: WL Cost = 160389, TD Cost = 259312, WL Ratio = 0.977237, TD Ratio = 0.99395, SWNS = 274, STNS = 0
RUN-1001 : Print Detailed placement's Summary information
RUN-1001 : -------------------------------------------------------------------------------------------------------------------------------
RUN-1001 :             |  Total  |  Accept  |  Reject by overFlow  |  Reject by worseCost  |  Failed by noTarget  |  Failed by gridCheck  
RUN-1001 : -------------------------------------------------------------------------------------------------------------------------------
RUN-1001 :   RAM/DSPs  |  2900   |    77    |          0           |         2823          |          0           |           0           
RUN-1001 :    Macros   |   387   |    11    |          0           |          376          |          0           |           0           
RUN-1001 : -------------------------------------------------------------------------------------------------------------------------------
PHY-1001 : End Stage 2.4.2.1 | Simulated Annealing Based DP; Time: 2.292358s wall, 3.171875s user + 0.281250s system = 3.453125s CPU (150.6%); Memory(MB): used = 995, reserved = 992, peak = 995;

PHY-3001 : End Detailed Place; 
PHY-1001 : End Stage 2.4.2 | Detailed Placement; Time: 2.503566s wall, 3.406250s user + 0.281250s system = 3.687500s CPU (147.3%); Memory(MB): used = 995, reserved = 992, peak = 995;

PHY-1001 : End Stage 2.4 | RAM/DSP Legalization and Detailed Placement; Time: 4.390885s wall, 5.250000s user + 0.281250s system = 5.531250s CPU (126.0%); Memory(MB): used = 995, reserved = 992, peak = 995;

PHY-1001 : Stage 2.5 | Global Placement Step 2
PHY-3001 : Target density is 60%
PHY-1001 : Stage 2.5.1 | Update Timing
PHY-1001 : SWNS: 274, STNS: 0, FEP: 0
PHY-1001 : End Stage 2.5.1 | Update Timing; Time: 0.172926s wall, 0.140625s user + 0.031250s system = 0.171875s CPU (99.4%); Memory(MB): used = 995, reserved = 992, peak = 995;

PHY-1001 : Stage 2.5.2 | Refresh Congestion
RUN-1001 : Generating global routing grids ...
RUN-1001 : Building simple global routing graph ...
PHY-1001 : Generate routing nets ...
PHY-1001 : Reuse net number 0/13870.
PHY-1001 : Global iterations in 32 thread ...
PHY-1002 : len = 2.0073e+06, over cnt = 2514(3%), over = 13586, worst = 69
PHY-1001 : End global iterations;  0.598481s wall, 1.296875s user + 0.015625s system = 1.312500s CPU (219.3%)

PHY-1001 : Congestion index:
PHY-1001 : top1  = 184.90(S 127.10, N 117.52, E 145.15, W 138.93, I 340.65, O 432.48)
PHY-1001 : top5  = 122.80(S 82.51, N 75.01, E 91.57, W 87.67, I 177.34, O 233.38)
PHY-1001 : top10 = 100.43(S 64.16, N 58.01, E 70.70, W 67.70, I 123.98, O 167.78)
PHY-1001 : top15 = 87.48(S 53.48, N 48.63, E 58.99, W 56.03, I 96.53, O 132.85)
PHY-1001 : End Stage 2.5.2 | Refresh Congestion; Time: 1.115319s wall, 2.140625s user + 0.093750s system = 2.234375s CPU (200.3%); Memory(MB): used = 1077, reserved = 1074, peak = 1077;

PHY-1001 : Stage 2.5.3 | GP Iteration
PHY-1001 : End Stage 2.5.3 | GP Iteration; Time: 4.441096s wall, 38.218750s user + 1.375000s system = 39.593750s CPU (891.5%); Memory(MB): used = 1083, reserved = 1080, peak = 1083;

PHY-3001 : Multithread accelerating rate: 8.84
PHY-1001 : End Stage 2.5 | Global Placement Step 2; Time: 7.617273s wall, 42.250000s user + 1.609375s system = 43.859375s CPU (575.8%); Memory(MB): used = 1086, reserved = 1083, peak = 1086;

PHY-1001 : Stage 2.6 | RAM/DSP Detailed Placement
PHY-1001 : Stage 2.6.1 | Detailed Placement
PHY-1001 : Stage 2.6.1.1 | Simulated Annealing Based DP
PHY-0007 : Initial: WL Cost = 139914, TD Cost = 190670, SWNS = 211, STNS = 0, Nums per T = 580, Range Limit = 2x32
PHY-0007 : Finally: WL Cost = 139942, TD Cost = 190651, WL Ratio = 1.0002, TD Ratio = 0.999899, SWNS = 211, STNS = 0
RUN-1001 : Print Detailed placement's Summary information
RUN-1001 : -------------------------------------------------------------------------------------------------------------------------------
RUN-1001 :             |  Total  |  Accept  |  Reject by overFlow  |  Reject by worseCost  |  Failed by noTarget  |  Failed by gridCheck  
RUN-1001 : -------------------------------------------------------------------------------------------------------------------------------
RUN-1001 :   RAM/DSPs  |   580   |    1     |          0           |          579          |          0           |           0           
RUN-1001 :    Macros   |   80    |    0     |          0           |          80           |          0           |           0           
RUN-1001 : -------------------------------------------------------------------------------------------------------------------------------
PHY-1001 : End Stage 2.6.1.1 | Simulated Annealing Based DP; Time: 0.147804s wall, 0.578125s user + 0.031250s system = 0.609375s CPU (412.3%); Memory(MB): used = 1086, reserved = 1083, peak = 1086;

PHY-3001 : End Detailed Place; 
PHY-1001 : End Stage 2.6.1 | Detailed Placement; Time: 0.355380s wall, 0.796875s user + 0.031250s system = 0.828125s CPU (233.0%); Memory(MB): used = 1086, reserved = 1083, peak = 1086;

PHY-1001 : Stage 2.6.2 | Spreading
OPT-1001 : Total overflow 612.62 peak overflow 9.56
PHY-3001 : Spreading for sector grids.
PHY-3001 : Iter 1, total overflow: 0
PHY-3001 : tot_capacity: 36, usage_cnt: 22, movable_cnt: 22
PHY-3001 : End spreading;  0.120939s wall, 0.468750s user + 0.000000s system = 0.468750s CPU (387.6%)

PHY-1001 : End Stage 2.6.2 | Spreading; Time: 0.121020s wall, 0.468750s user + 0.000000s system = 0.468750s CPU (387.3%); Memory(MB): used = 1087, reserved = 1083, peak = 1087;

PHY-1001 : End Stage 2.6 | RAM/DSP Detailed Placement; Time: 0.700974s wall, 1.468750s user + 0.046875s system = 1.515625s CPU (216.2%); Memory(MB): used = 1087, reserved = 1083, peak = 1087;

PHY-1001 : Stage 2.7 | Optimize Design
OPT-1001 : Start physical optimization ...
OPT-1001 : Total overflow 612.62 peak overflow 9.56
OPT-1001 : Stage 2.7.1 | Synthesize High-fanout Net
OPT-1001 : Start high-fanout net optimization in pre-pack flow with medium effort ...
OPT-1001 : Update timing in Manhattan mode
OPT-1001 : End timing update;  1.783874s wall, 1.625000s user + 0.125000s system = 1.750000s CPU (98.1%)

OPT-1001 : Start: SWNS 211 STNS 0 NUM_FEPS 0
OPT-1001 : Total overflow 612.62 peak overflow 9.56
PHY-1001 : Populate physical database on model design_top_wrapper.
OPT-1001 : 36 high-fanout net processed.
PHY-3001 : Start incremental placement ...
PHY-1001 : Populate physical database on model design_top_wrapper.
PHY-1001 : Processing 2 clock pins of DDR instance u_ph1p35_324_ddr_wrapper/u_ddr2/ph1p_ddrmc_wrapper/ph1p_ddrmc_top/u_ddr_phy/u_ddrphy_top/u_ddrphy/ac_byte[0]$ac_byte_used$u_ddrphy_ac_byte_wrapper/u_ddrphy_byte, location = x0y70z0.
PHY-1001 :   Placed ioclk instance u_ph1p35_324_ddr_wrapper/u_ddr2/ph1p_ddrmc_wrapper/ph1p_ddrmc_top/u_ddr_phy/u_ddrphy_top/u_ddrphy_clk/ioclk[0]$u_ioclk_1, location = x0y59z1.
PHY-1001 :   Placed ioclk instance u_ph1p35_324_ddr_wrapper/u_ddr2/ph1p_ddrmc_wrapper/ph1p_ddrmc_top/u_ddr_phy/u_ddrphy_top/u_ddrphy_clk/ioclk[0]$u_ioclk_0, location = x0y59z0.
PHY-1001 : Processing 2 clock pins of DDR instance u_ph1p35_324_ddr_wrapper/u_ddr2/ph1p_ddrmc_wrapper/ph1p_ddrmc_top/u_ddr_phy/u_ddrphy_top/u_ddrphy/ac_byte[1]$ac_byte_used$u_ddrphy_ac_byte_wrapper/u_ddrphy_byte, location = x0y60z0.
PHY-1001 :   Placed ioclk instance u_ph1p35_324_ddr_wrapper/u_ddr2/ph1p_ddrmc_wrapper/ph1p_ddrmc_top/u_ddr_phy/u_ddrphy_top/u_ddrphy_clk/ioclk[0]$u_ioclk_1, location = x0y59z1.
PHY-1001 :   Placed ioclk instance u_ph1p35_324_ddr_wrapper/u_ddr2/ph1p_ddrmc_wrapper/ph1p_ddrmc_top/u_ddr_phy/u_ddrphy_top/u_ddrphy_clk/ioclk[0]$u_ioclk_0, location = x0y59z0.
PHY-1001 : Processing 2 clock pins of DDR instance u_ph1p35_324_ddr_wrapper/u_ddr2/ph1p_ddrmc_wrapper/ph1p_ddrmc_top/u_ddr_phy/u_ddrphy_top/u_ddrphy/ac_byte[2]$ac_byte_used$u_ddrphy_ac_byte_wrapper/u_ddrphy_byte, location = x0y50z0.
PHY-1001 :   Placed ioclk instance u_ph1p35_324_ddr_wrapper/u_ddr2/ph1p_ddrmc_wrapper/ph1p_ddrmc_top/u_ddr_phy/u_ddrphy_top/u_ddrphy_clk/ioclk[0]$u_ioclk_1, location = x0y59z1.
PHY-1001 :   Placed ioclk instance u_ph1p35_324_ddr_wrapper/u_ddr2/ph1p_ddrmc_wrapper/ph1p_ddrmc_top/u_ddr_phy/u_ddrphy_top/u_ddrphy_clk/ioclk[0]$u_ioclk_0, location = x0y59z0.
PHY-1001 : Processing 2 clock pins of DDR instance u_ph1p35_324_ddr_wrapper/u_ddr2/ph1p_ddrmc_wrapper/ph1p_ddrmc_top/u_ddr_phy/u_ddrphy_top/u_ddrphy/ac_byte[3]$ac_byte_used$u_ddrphy_ac_byte_wrapper/u_ddrphy_byte, location = x0y40z0.
PHY-1001 :   Placed ioclk instance u_ph1p35_324_ddr_wrapper/u_ddr2/ph1p_ddrmc_wrapper/ph1p_ddrmc_top/u_ddr_phy/u_ddrphy_top/u_ddrphy_clk/ioclk[0]$u_ioclk_1, location = x0y59z1.
PHY-1001 :   Placed ioclk instance u_ph1p35_324_ddr_wrapper/u_ddr2/ph1p_ddrmc_wrapper/ph1p_ddrmc_top/u_ddr_phy/u_ddrphy_top/u_ddrphy_clk/ioclk[0]$u_ioclk_0, location = x0y59z0.
PHY-1001 : Processing 2 clock pins of DDR instance u_ph1p35_324_ddr_wrapper/u_ddr2/ph1p_ddrmc_wrapper/ph1p_ddrmc_top/u_ddr_phy/u_ddrphy_top/u_ddrphy/dx_byte[0]$dx_byte_used$u_ddrphy_dx_byte_wrapper/u_ddrphy_byte, location = x0y30z0.
PHY-1001 :   Placed ioclk instance u_ph1p35_324_ddr_wrapper/u_ddr2/ph1p_ddrmc_wrapper/ph1p_ddrmc_top/u_ddr_phy/u_ddrphy_top/u_ddrphy_clk/ioclk[1]$u_ioclk_1, location = x0y19z1.
PHY-1001 :   Placed ioclk instance u_ph1p35_324_ddr_wrapper/u_ddr2/ph1p_ddrmc_wrapper/ph1p_ddrmc_top/u_ddr_phy/u_ddrphy_top/u_ddrphy_clk/ioclk[1]$u_ioclk_0, location = x0y19z0.
PHY-1001 : Processing 2 clock pins of DDR instance u_ph1p35_324_ddr_wrapper/u_ddr2/ph1p_ddrmc_wrapper/ph1p_ddrmc_top/u_ddr_phy/u_ddrphy_top/u_ddrphy/dx_byte[1]$dx_byte_used$u_ddrphy_dx_byte_wrapper/u_ddrphy_byte, location = x0y10z0.
PHY-1001 :   Placed ioclk instance u_ph1p35_324_ddr_wrapper/u_ddr2/ph1p_ddrmc_wrapper/ph1p_ddrmc_top/u_ddr_phy/u_ddrphy_top/u_ddrphy_clk/ioclk[1]$u_ioclk_1, location = x0y19z1.
PHY-1001 :   Placed ioclk instance u_ph1p35_324_ddr_wrapper/u_ddr2/ph1p_ddrmc_wrapper/ph1p_ddrmc_top/u_ddr_phy/u_ddrphy_top/u_ddrphy_clk/ioclk[1]$u_ioclk_0, location = x0y19z0.
PHY-3001 : Target density is 60%
PHY-3001 : Target density is 60%
PHY-1001 : Stage 2.7.1.1 | Update Timing
PHY-1001 : SWNS: 214, STNS: 0, FEP: 0
PHY-1001 : End Stage 2.7.1.1 | Update Timing; Time: 0.187082s wall, 0.171875s user + 0.000000s system = 0.171875s CPU (91.9%); Memory(MB): used = 1087, reserved = 1083, peak = 1087;

PHY-1001 : Stage 2.7.1.2 | Refresh Congestion
RUN-1001 : Generating global routing grids ...
PHY-1001 : Generate routing nets ...
PHY-1001 : Reuse net number 207/26351.
PHY-1001 : Global iterations in 32 thread ...
PHY-1002 : len = 1.77005e+06, over cnt = 3386(4%), over = 18660, worst = 67
PHY-1001 : End global iterations;  0.996319s wall, 2.437500s user + 0.015625s system = 2.453125s CPU (246.2%)

PHY-1001 : Congestion index:
PHY-1001 : top1  = 180.60(S 150.73, N 130.16, E 153.25, W 128.85, I 192.27, O 227.88)
PHY-1001 : top5  = 135.21(S 102.41, N 86.44, E 100.19, W 87.38, I 110.54, O 141.57)
PHY-1001 : top10 = 113.72(S 80.30, N 68.92, E 78.35, W 69.35, I 83.78, O 110.25)
PHY-1001 : top15 = 100.16(S 67.87, N 58.62, E 66.29, W 59.17, I 69.96, O 93.15)
PHY-1001 : End Stage 2.7.1.2 | Refresh Congestion; Time: 1.271781s wall, 2.718750s user + 0.015625s system = 2.734375s CPU (215.0%); Memory(MB): used = 1099, reserved = 1096, peak = 1099;

PHY-1001 : Stage 2.7.1.3 | GP Iteration
PHY-1001 : End Stage 2.7.1.3 | GP Iteration; Time: 1.072103s wall, 10.093750s user + 0.437500s system = 10.531250s CPU (982.3%); Memory(MB): used = 1102, reserved = 1098, peak = 1102;

PHY-3001 : Multithread accelerating rate: 9.51
OPT-1001 : Total overflow 566.06 peak overflow 7.81
PHY-3001 : Spreading for sector grids.
PHY-3001 : Iter 1, total overflow: 0
PHY-3001 : tot_capacity: 48, usage_cnt: 26, movable_cnt: 34
PHY-3001 : End spreading;  0.114454s wall, 0.093750s user + 0.000000s system = 0.093750s CPU (81.9%)

PHY-3001 : Final: Len = 1.38139e+06, Over = 126.406
PHY-3001 : End incremental placement;  3.031904s wall, 13.453125s user + 0.468750s system = 13.921875s CPU (459.2%)

OPT-1001 : Total overflow 566.06 peak overflow 7.81
RUN-1001 : HFN opt statistic
RUN-1001 : ------------------------------------------------------
RUN-1001 :   DriverCell type  |  HFN count  |  Duplicated count  
RUN-1001 : ------------------------------------------------------
RUN-1001 :         REG        |     21      |         96         
RUN-1001 :        LUT6        |      2      |         10         
RUN-1001 :        LUT5        |      4      |         19         
RUN-1001 :        LUT4        |      1      |         3          
RUN-1001 :        LUT3        |      3      |         9          
RUN-1001 :        LUT2        |      5      |         22         
RUN-1001 :        TOTAL       |     36      |        159         
RUN-1001 : ------------------------------------------------------
OPT-1001 : End high-fanout net optimization;  6.469443s wall, 16.765625s user + 0.640625s system = 17.406250s CPU (269.1%)

OPT-1001 : Update timing in Manhattan mode
OPT-1001 : End timing update;  1.825396s wall, 1.828125s user + 0.000000s system = 1.828125s CPU (100.1%)

OPT-1001 : Current memory(MB): used = 1102, reserved = 1099, peak = 1102.
OPT-1001 : End Stage 2.7.1 | Synthesize High-fanout Net; Time: 8.505456s wall, 18.796875s user + 0.640625s system = 19.437500s CPU (228.5%); Memory(MB): used = 1102, reserved = 1099, peak = 1102;

OPT-1001 : Stage 2.7.2 | Global Optimization
OPT-1001 : Start global optimization ...
OPT-0007 : Start: SWNS 463 STNS 0 NUM_FEPS 0
OPT-1001 : Start congestion update ...
RUN-1001 : Generating global routing grids ...
PHY-1001 : Generate routing nets ...
PHY-1001 : Reuse net number 2737/24116.
PHY-1001 : Global iterations in 32 thread ...
PHY-1002 : len = 1.56285e+06, over cnt = 2981(4%), over = 9779, worst = 22
PHY-1002 : len = 1.68902e+06, over cnt = 2385(3%), over = 5777, worst = 22
PHY-1002 : len = 1.8125e+06, over cnt = 794(1%), over = 1776, worst = 17
PHY-1002 : len = 1.84421e+06, over cnt = 345(0%), over = 785, worst = 16
PHY-1002 : len = 1.86846e+06, over cnt = 5(0%), over = 5, worst = 1
PHY-1001 : End global iterations;  2.648900s wall, 4.093750s user + 0.109375s system = 4.203125s CPU (158.7%)

PHY-1001 : Congestion index:
PHY-1001 : top1  = 85.61(S 76.82, N 71.67, E 77.80, W 81.05, I 187.83, O 213.32)
PHY-1001 : top5  = 74.98(S 63.12, N 59.04, E 61.87, W 66.27, I 106.74, O 129.88)
PHY-1001 : top10 = 68.85(S 55.79, N 50.87, E 53.25, W 57.32, I 80.42, O 101.78)
PHY-1001 : top15 = 64.52(S 50.51, N 45.31, E 47.68, W 51.38, I 67.31, O 86.90)
OPT-1001 : End congestion update;  3.078571s wall, 4.531250s user + 0.109375s system = 4.640625s CPU (150.7%)

OPT-0007 : Iter 1: improved SWNS 463 STNS 0 NUM_FEPS 0 with 66 cells processed and 7567 slack improved
OPT-0007 : Iter 2: improved SWNS 463 STNS 0 NUM_FEPS 0 with 24 cells processed and 2141 slack improved
OPT-0007 : Iter 3: improved SWNS 463 STNS 0 NUM_FEPS 0 with 4 cells processed and 91 slack improved
OPT-1001 : Overall commit ratio 0.64
OPT-1001 : End global optimization;  3.226404s wall, 4.671875s user + 0.109375s system = 4.781250s CPU (148.2%)

OPT-1001 : Current memory(MB): used = 1102, reserved = 1099, peak = 1102.
OPT-1001 : End Stage 2.7.2 | Global Optimization; Time: 4.259946s wall, 5.671875s user + 0.125000s system = 5.796875s CPU (136.1%); Memory(MB): used = 1102, reserved = 1099, peak = 1102;

OPT-0007 : End flow prepack: SWNS 463 STNS 0 NUM_FEPS 0
OPT-1001 : End physical optimization;  12.819090s wall, 24.921875s user + 0.765625s system = 25.687500s CPU (200.4%)

PHY-1001 : End Stage 2.7 | Optimize Design; Time: 12.822854s wall, 24.921875s user + 0.765625s system = 25.687500s CPU (200.3%); Memory(MB): used = 1102, reserved = 1099, peak = 1102;

PHY-1001 : Stage 2.8 | Pack and Legalization
PHY-1001 : Stage 2.8.1 | Direct Legalization
PHY-3001 : Start Direct Legalization ...
PHY-3001 : Get top1 grid util = 0.699887, top1_avg = 0.699887.
PHY-1001 : Populate physical database on model design_top_wrapper.
PHY-3001 : Target density is 60%
PHY-3001 : Before Legalization for Slice Macros, Len = 1.38426e+06.
RUN-1001 : Legalization top10 inst displacement:
RUN-1001 : ------------------------------------------------------------------------------------------------------------------------------------------------------------------------------------------------------------------------------------
RUN-1001 :   Index  |  Bounded  |  Height  |       Location       |  Disp. (slots)  |  Disp. (grids)  |                                                                  Name                                                                  
RUN-1001 : ------------------------------------------------------------------------------------------------------------------------------------------------------------------------------------------------------------------------------------
RUN-1001 :     1    |     N     |    8     |  x2y66z5 to x5y64z0  |       45        |        5        |         u_ph1p35_324_ddr_wrapper/u_ddr2/ph1p_ddrmc_wrapper/ph1p_ddrmc_top/u_ddr_phy/u_ddrphy_top/u_ddrphy_init/ramread0_syn_71         
RUN-1001 :     2    |     N     |    8     |  x2y66z5 to x5y69z0  |       43        |        6        |         u_ph1p35_324_ddr_wrapper/u_ddr2/ph1p_ddrmc_wrapper/ph1p_ddrmc_top/u_ddr_phy/u_ddrphy_top/u_ddrphy_init/ramread0_syn_51         
RUN-1001 :     3    |     N     |    8     |  x2y66z7 to x5y68z0  |       33        |        5        |        u_ph1p35_324_ddr_wrapper/u_ddr2/ph1p_ddrmc_wrapper/ph1p_ddrmc_top/u_ddr_phy/u_ddrphy_top/u_ddrphy_init/ramread0_syn_111         
RUN-1001 :     4    |     N     |    8     |  x2y63z5 to x5y63z0  |       29        |        3        |        u_ph1p35_324_ddr_wrapper/u_ddr2/ph1p_ddrmc_wrapper/ph1p_ddrmc_top/u_ddr_phy/u_ddrphy_top/u_ddrphy_init/ramread0_syn_131         
RUN-1001 :     5    |     N     |    8     |  x3y21z4 to x5y23z0  |       28        |        4        |       u_ph1p35_324_ddr_wrapper/u_ddr2/ph1p_ddrmc_wrapper/ph1p_ddrmc_top/u_phy2mc_fifo/byteIdx_1[0]$u_wfifo_sync/ramread0_syn_48        
RUN-1001 :     6    |     N     |    8     |  x2y66z5 to x5y67z0  |       27        |        4        |         u_ph1p35_324_ddr_wrapper/u_ddr2/ph1p_ddrmc_wrapper/ph1p_ddrmc_top/u_ddr_phy/u_ddrphy_top/u_ddrphy_init/ramread0_syn_31         
RUN-1001 :     7    |     N     |    8     |  x2y66z3 to x5y66z0  |       27        |        3        |         u_ph1p35_324_ddr_wrapper/u_ddr2/ph1p_ddrmc_wrapper/ph1p_ddrmc_top/u_ddr_phy/u_ddrphy_top/u_ddrphy_init/ramread0_syn_91         
RUN-1001 :     8    |     N     |    8     |  x3y66z0 to x5y65z0  |       24        |        3        |        u_ph1p35_324_ddr_wrapper/u_ddr2/ph1p_ddrmc_wrapper/ph1p_ddrmc_top/u_ddr_phy/u_ddrphy_top/u_ddrphy_init/ramread0_syn_151         
RUN-1001 :     9    |     N     |    8     |  x3y21z4 to x5y21z0  |       20        |        2        |       u_ph1p35_324_ddr_wrapper/u_ddr2/ph1p_ddrmc_wrapper/ph1p_ddrmc_top/u_phy2mc_fifo/byteIdx_1[0]$u_wfifo_sync/ramread0_syn_88        
RUN-1001 :    10    |     N     |    8     |   x7y5z4 to x9y6z0   |       20        |        3        |  u_ph1p35_324_ddr_wrapper/u_ddr2/ph1p_ddrmc_wrapper/ph1p_ddrmc_top/u_alc_mc_top/u_rd_data/rd_buffer[0]$u_rd_data_buf/ramread0_syn_132  
RUN-1001 : ------------------------------------------------------------------------------------------------------------------------------------------------------------------------------------------------------------------------------------
PHY-3001 : After Legalization for Slice Macros, Len = 1.42343e+06.
RUN-1001 : Generating global routing grids ...
PHY-1001 : Generate routing nets ...
PHY-1001 : Reuse net number 21337/23963.
RUN-1002 : start command "update_timing -mode MANHATTAN"
RUN-1002 : start command "start_timer"
RUN-1003 : finish command "start_timer" in  1.849416s wall, 1.828125s user + 0.000000s system = 1.828125s CPU (98.8%)

RUN-1004 : used memory is 1143 MB, reserved memory is 1139 MB, peak memory is 1144 MB
RUN-1003 : finish command "update_timing -mode MANHATTAN" in  3.524839s wall, 3.375000s user + 0.109375s system = 3.484375s CPU (98.9%)

RUN-1004 : used memory is 1144 MB, reserved memory is 1140 MB, peak memory is 1144 MB
PHY-1001 : Global iterations in 32 thread ...
PHY-1002 : len = 1.86259e+06, over cnt = 867(1%), over = 1795, worst = 12
PHY-1002 : len = 1.87786e+06, over cnt = 659(0%), over = 1007, worst = 9
PHY-1002 : len = 1.8935e+06, over cnt = 274(0%), over = 423, worst = 9
PHY-1002 : len = 1.89997e+06, over cnt = 138(0%), over = 199, worst = 9
PHY-1002 : len = 1.9073e+06, over cnt = 5(0%), over = 5, worst = 1
PHY-1001 : End global iterations;  0.922867s wall, 1.109375s user + 0.046875s system = 1.156250s CPU (125.3%)

PHY-1001 : Congestion index:
PHY-1001 : top1  = 85.52(S 76.36, N 71.77, E 77.01, W 81.13, I 183.33, O 211.43)
PHY-1001 : top5  = 74.89(S 62.46, N 59.00, E 62.50, W 66.25, I 105.41, O 130.16)
PHY-1001 : top10 = 68.63(S 54.99, N 51.20, E 54.00, W 57.35, I 80.14, O 102.23)
PHY-1001 : top15 = 64.34(S 49.83, N 45.65, E 48.57, W 51.32, I 67.30, O 87.33)
PHY-3001 : Total Iter 112, legal = 25067 / 25067 (100.00%), avg_move = 29.67, max_move = 313.
PHY-3001 : There are no illegal insts.
PHY-1001 : Populate physical database on model design_top_wrapper.
PHY-3001 : End Direct Legalization;  26.042877s wall, 267.593750s user + 2.750000s system = 270.343750s CPU (1038.1%)

RUN-1001 : Summary of LUT-FF Pairs
RUN-1001 : ---------------------------------------------------------------
RUN-1001 :   Num of Fanout Seqs  |   1x   |  2x  |  3~5  |  6~10  |  >10  
RUN-1001 : ---------------------------------------------------------------
RUN-1001 :         Total         |  7180  |  5   |  53   |   3    |  23   
RUN-1001 :          Grid         |  7176  |  5   |  49   |   3    |  23   
RUN-1001 :          Bank         |  6998  |  5   |  46   |   3    |  23   
RUN-1001 :         Paired        |  6977  |  5   |  46   |   3    |  23   
RUN-1001 : ---------------------------------------------------------------
RUN-1001 : Summary of LUT Pairs
RUN-1001 : ---------------------------------------------------------------------------------------------------------------------
RUN-1001 :            |           |           |           |           |           |  O5 + O6  |  Only O5  |  Only O6  |  Total  
RUN-1001 : ---------------------------------------------------------------------------------------------------------------------
RUN-1001 :   5 Share  |  4 Share  |  3 Share  |  2 Share  |  1 Share  |  0 Share  |           |           |           |         
RUN-1001 :     56     |    174    |    277    |    450    |   1796    |   3548    |   6301    |   2555    |   2040    |  10896  
RUN-1001 : ---------------------------------------------------------------------------------------------------------------------
PHY-1001 : End Stage 2.8.1 | Direct Legalization; Time: 26.111162s wall, 267.656250s user + 2.750000s system = 270.406250s CPU (1035.6%); Memory(MB): used = 1231, reserved = 1226, peak = 1231;

PHY-3001 : Target density is 60%
PHY-3001 : After Direct Legalization, Len = 1.71914e+06.
PHY-1001 : End Stage 2.8 | Pack and Legalization; Time: 26.315955s wall, 267.859375s user + 2.750000s system = 270.609375s CPU (1028.3%); Memory(MB): used = 1231, reserved = 1226, peak = 1231;

RUN-1002 : start command "start_timer"
RUN-1003 : finish command "start_timer" in  3.656136s wall, 3.562500s user + 0.046875s system = 3.609375s CPU (98.7%)

RUN-1004 : used memory is 1231 MB, reserved memory is 1226 MB, peak memory is 1231 MB
PHY-1001 : End Stage 2 | Global Placement; Time: 68.691899s wall, 369.765625s user + 10.406250s system = 380.171875s CPU (553.4%); Memory(MB): used = 1231, reserved = 1226, peak = 1231;

PHY-1001 : Stage 3 | Detailed Placement
PHY-1001 : Stage 3.1 | SLICE Detailed Placement
PHY-1001 : Stage 3.1.1 | Spreading
PHY-3001 : Design contains 185 ce signals.
PHY-3001 : Spreading for sector grids.
PHY-3001 : Iter 1, total overflow: 0
PHY-3001 : tot_capacity: 36, usage_cnt: 22, movable_cnt: 22
PHY-3001 : Spreading for clock grids.
PHY-3001 : clock grid count for 24 x 4 grids
PHY-3001 : Spreading for plb grids.
PHY-3001 : total displace: 0, max displace: 0.
PHY-3001 : End spreading;  0.395207s wall, 0.328125s user + 0.031250s system = 0.359375s CPU (90.9%)

PHY-1001 : End Stage 3.1.1 | Spreading; Time: 0.395312s wall, 0.328125s user + 0.031250s system = 0.359375s CPU (90.9%); Memory(MB): used = 1233, reserved = 1229, peak = 1233;

PHY-1001 : Stage 3.1.2 | Simulated Annealing Based DP
RUN-1001 : Generating global routing grids ...
PHY-1001 : Generate routing nets ...
PHY-1001 : Reuse net number 2261/18929.
PHY-1001 : Global iterations in 32 thread ...
PHY-1002 : len = 1.84925e+06, over cnt = 1514(2%), over = 3122, worst = 9
PHY-1002 : len = 1.88298e+06, over cnt = 965(1%), over = 1708, worst = 9
PHY-1002 : len = 1.90544e+06, over cnt = 351(0%), over = 682, worst = 9
PHY-1002 : len = 1.92342e+06, over cnt = 49(0%), over = 82, worst = 5
PHY-1002 : len = 1.92478e+06, over cnt = 0(0%), over = 0, worst = 0
PHY-1001 : End global iterations;  1.959206s wall, 2.718750s user + 0.031250s system = 2.750000s CPU (140.4%)

PHY-1001 : Congestion index:
PHY-1001 : top1  = 78.71(S 63.14, N 58.79, E 75.00, W 70.39, I 63.21, O 72.70)
PHY-1001 : top5  = 66.37(S 51.32, N 48.54, E 58.34, W 57.96, I 52.48, O 61.26)
PHY-1001 : top10 = 60.57(S 44.95, N 42.35, E 50.57, W 50.63, I 46.12, O 54.99)
PHY-1001 : top15 = 56.74(S 40.87, N 38.09, E 45.40, W 45.85, I 41.97, O 50.66)
PHY-0007 : Initial: WL Cost = 134170, TD Cost = 114120, SWNS = 113, STNS = 0, Nums per T = 103640, Range Limit = 4x8
PHY-0007 : Finally: WL Cost = 119943, TD Cost = 85710, WL Ratio = 0.893962, TD Ratio = 0.751049, SWNS = 151, STNS = 0
RUN-1001 : Print Detailed placement's Summary information
RUN-1001 : -------------------------------------------------------------------------------------------------------------------------------
RUN-1001 :           |   Total   |  Accept  |  Reject by overFlow  |  Reject by worseCost  |  Failed by noTarget  |  Failed by gridCheck  
RUN-1001 : -------------------------------------------------------------------------------------------------------------------------------
RUN-1001 :   Slices  |  1140040  |  30693   |         1850         |        1088762        |         372          |         18363         
RUN-1001 :   Macros  |   25761   |   185    |         189          |         25252         |          91          |          44           
RUN-1001 : -------------------------------------------------------------------------------------------------------------------------------
PHY-1001 : End Stage 3.1.2 | Simulated Annealing Based DP; Time: 29.782803s wall, 32.531250s user + 0.406250s system = 32.937500s CPU (110.6%); Memory(MB): used = 1244, reserved = 1239, peak = 1244;

PHY-3001 : End Detailed Place; 
PHY-3001 : Final: Len = 1.51576e+06, Over = 0
PHY-1001 : End Stage 3.1 | SLICE Detailed Placement; Time: 30.574436s wall, 33.250000s user + 0.437500s system = 33.687500s CPU (110.2%); Memory(MB): used = 1244, reserved = 1239, peak = 1244;

PHY-3001 : End Detailed Place; 
PHY-1001 : Stage 3.2 | Optimize Design
OPT-1001 : Start physical optimization ...
OPT-1001 : Total overflow 0.00 peak overflow 0.00
OPT-1001 : Stage 3.2.1 | Physical Optimization
OPT-1001 : Start high-fanout net optimization in optimize equivalent flow with medium effort ...
OPT-1001 : Clean unloaded insts before merging registers
PHY-1001 : Populate physical database on model design_top_wrapper.
PHY-1001 : Populate physical database on model design_top_wrapper.
OPT-1001 : Total overflow 0.00 peak overflow 0.00
OPT-1001 : End optimize duplicated nets. Total 64 instances are merged and 749 sinks are reconnected,  2.673151s wall, 2.375000s user + 0.281250s system = 2.656250s CPU (99.4%)

OPT-1001 : End high-fanout net optimization;  2.675251s wall, 2.390625s user + 0.281250s system = 2.671875s CPU (99.9%)

OPT-1001 : Update timing in Manhattan mode
RUN-1002 : start command "start_timer"
RUN-1003 : finish command "start_timer" in  2.874959s wall, 2.875000s user + 0.000000s system = 2.875000s CPU (100.0%)

RUN-1004 : used memory is 1244 MB, reserved memory is 1239 MB, peak memory is 1244 MB
OPT-1001 : End timing update;  4.592637s wall, 4.562500s user + 0.015625s system = 4.578125s CPU (99.7%)

OPT-1001 : Current memory(MB): used = 1244, reserved = 1239, peak = 1244.
OPT-1001 : End Stage 3.2.1 | Physical Optimization; Time: 7.456277s wall, 7.140625s user + 0.296875s system = 7.437500s CPU (99.7%); Memory(MB): used = 1244, reserved = 1239, peak = 1244;

OPT-1001 : Stage 3.2.2 | Synthesize High-fanout Net
OPT-1001 : Start high-fanout net optimization in post-pack flow with medium effort ...
OPT-1001 : Start: SWNS 151 STNS 0 NUM_FEPS 0
OPT-1001 : Total overflow 0.00 peak overflow 0.00
PHY-1001 : Populate physical database on model design_top_wrapper.
OPT-1001 : 20 high-fanout net processed.
OPT-1001 : Total overflow 0.00 peak overflow 0.00
RUN-1001 : HFN opt statistic
RUN-1001 : ------------------------------------------------------
RUN-1001 :   DriverCell type  |  HFN count  |  Duplicated count  
RUN-1001 : ------------------------------------------------------
RUN-1001 :       LSLICE       |      0      |         0          
RUN-1001 :       MSLICE       |      0      |         0          
RUN-1001 :        OTHER       |     20      |         21         
RUN-1001 :        TOTAL       |     20      |         21         
RUN-1001 : ------------------------------------------------------
OPT-1001 : End high-fanout net optimization;  1.329114s wall, 1.421875s user + 0.031250s system = 1.453125s CPU (109.3%)

OPT-1001 : Current memory(MB): used = 1244, reserved = 1239, peak = 1244.
OPT-1001 : End Stage 3.2.2 | Synthesize High-fanout Net; Time: 1.526871s wall, 1.625000s user + 0.031250s system = 1.656250s CPU (108.5%); Memory(MB): used = 1244, reserved = 1239, peak = 1244;

OPT-1001 : Stage 3.2.3 | Optimize Path
OPT-1001 : Start unpack path based optimization ...
OPT-0007 : Start: SWNS 151 STNS 0 NUM_FEPS 0 with mode 2
OPT-1001 : Start congestion update ...
RUN-1001 : Generating global routing grids ...
PHY-1001 : Generate routing nets ...
PHY-1001 : Reuse net number 6277/19626.
PHY-1001 : Global iterations in 32 thread ...
PHY-1002 : len = 1.72197e+06, over cnt = 1837(2%), over = 3746, worst = 9
PHY-1002 : len = 1.7648e+06, over cnt = 1148(1%), over = 2047, worst = 9
PHY-1002 : len = 1.80381e+06, over cnt = 353(0%), over = 614, worst = 9
PHY-1002 : len = 1.8147e+06, over cnt = 166(0%), over = 241, worst = 6
PHY-1002 : len = 1.81723e+06, over cnt = 94(0%), over = 145, worst = 6
PHY-1001 : End global iterations;  1.981730s wall, 2.671875s user + 0.062500s system = 2.734375s CPU (138.0%)

PHY-1001 : Congestion index:
PHY-1001 : top1  = 77.71(S 62.65, N 56.19, E 74.18, W 69.49, I 62.91, O 72.12)
PHY-1001 : top5  = 66.01(S 51.59, N 48.34, E 58.60, W 58.01, I 51.22, O 59.08)
PHY-1001 : top10 = 60.50(S 45.45, N 42.87, E 50.03, W 50.94, I 45.45, O 53.17)
PHY-1001 : top15 = 56.74(S 41.39, N 38.78, E 44.54, W 46.23, I 41.58, O 49.41)
OPT-1001 : End congestion update;  2.504008s wall, 3.171875s user + 0.062500s system = 3.234375s CPU (129.2%)

OPT-0007 : Iter 1: improved SWNS 381 STNS 0 NUM_FEPS 0 with 78(660) cells and 330(330) paths processed with 9332 slack improved, crit_thod: 3000 ratio: 0.91(96/106) rt: 0.6s
OPT-0007 : Iter 2: improved SWNS 381 STNS 0 NUM_FEPS 0 with 39(658) cells and 329(329) paths processed with 4065 slack improved, crit_thod: 3000 ratio: 0.98(42/43) rt: 0.5s
OPT-0007 : Iter 3: improved SWNS 381 STNS 0 NUM_FEPS 0 with 1(658) cells and 329(329) paths processed with 22 slack improved, crit_thod: 3000 ratio: 0.33(1/3) rt: 0.3s
OPT-1001 : End path based optimization;  3.946754s wall, 4.609375s user + 0.062500s system = 4.671875s CPU (118.4%)

OPT-1001 : Current memory(MB): used = 1245, reserved = 1239, peak = 1245.
OPT-1001 : End Stage 3.2.3 | Optimize Path; Time: 4.139355s wall, 4.796875s user + 0.062500s system = 4.859375s CPU (117.4%); Memory(MB): used = 1245, reserved = 1239, peak = 1245;

OPT-1001 : Stage 3.2.4 | Optimize Duplicated Nets
OPT-1001 : Start: WNS 381 TNS 0 NUM_FEPS 0
OPT-1001 : Clean unloaded insts before merging registers
PHY-1001 : Populate physical database on model design_top_wrapper.
PHY-1001 : Populate physical database on model design_top_wrapper.
OPT-1001 : Total overflow 0.00 peak overflow 0.00
OPT-1001 : End optimize duplicated nets. Total 2 instances are merged and 209 sinks are reconnected,  2.566258s wall, 2.734375s user + 0.000000s system = 2.734375s CPU (106.6%)

OPT-1001 : Update timing in Manhattan mode
RUN-1002 : start command "start_timer"
RUN-1003 : finish command "start_timer" in  2.911678s wall, 2.625000s user + 0.187500s system = 2.812500s CPU (96.6%)

RUN-1004 : used memory is 1244 MB, reserved memory is 1239 MB, peak memory is 1245 MB
OPT-1001 : End timing update;  4.664287s wall, 4.140625s user + 0.359375s system = 4.500000s CPU (96.5%)

OPT-1001 : Current memory(MB): used = 1245, reserved = 1239, peak = 1245.
OPT-1001 : End Stage 3.2.4 | Optimize Duplicated Nets; Time: 7.429515s wall, 7.078125s user + 0.375000s system = 7.453125s CPU (100.3%); Memory(MB): used = 1245, reserved = 1239, peak = 1245;

OPT-1001 : Stage 3.2.5 | Swap Pins
OPT-1001 : Start pin optimization...
OPT-1001 : Start: SWNS 381 STNS 0 NUM_FEPS 0
OPT-1001 : Successfully optimized 666 instances
OPT-1001 : Successfully optimized 125 instances
OPT-1001 : End pin optimization;  1.441220s wall, 1.312500s user + 0.093750s system = 1.406250s CPU (97.6%)

OPT-1001 : Current memory(MB): used = 1245, reserved = 1239, peak = 1245.
OPT-1001 : End Stage 3.2.5 | Swap Pins; Time: 1.648099s wall, 1.500000s user + 0.109375s system = 1.609375s CPU (97.7%); Memory(MB): used = 1245, reserved = 1239, peak = 1245;

OPT-1001 : Stage 3.2.6 | Optimize Beeline
OPT-1001 : Start beeline optimization...
OPT-1001 : Start: SWNS 381 STNS 0 NUM_FEPS 0
PHY-1001 : Beeline DP, 774 out of 5203 (14.88)%; hop = 1050.
PHY-1001 : Beeline DP, 255 out of 4465 (5.71)%; hop = 361.
PHY-1001 : Beeline DP, 134 out of 4330 (3.09)%; hop = 191.
PHY-1001 : Beeline DP, 97 out of 4286 (2.26)%; hop = 136.
PHY-1001 : Beeline DP, 78 out of 4270 (1.83)%; hop = 107.
PHY-1001 : Beeline optimization intraPLB, 2327 1-hop(38.39%), 2551 2-hop(42.08%), 470 3-hop( 7.75%), 714 others (11.78%)
PHY-1001 :  12.973834s wall, 12.093750s user + 0.531250s system = 12.625000s CPU (97.3%)

RUN-1001 : Beeline optimization outerPLB: 1-hop 2033, 2-hop 3749, 3-hop 2179, 4-hop 732, other 2117 
OPT-1001 : End beeline optimization;  13.745242s wall, 12.796875s user + 0.578125s system = 13.375000s CPU (97.3%)

OPT-1001 : Update timing in Manhattan mode
OPT-1001 : End timing update;  1.803103s wall, 1.625000s user + 0.140625s system = 1.765625s CPU (97.9%)

OPT-1001 : End Stage 3.2.6 | Optimize Beeline; Time: 15.895560s wall, 14.734375s user + 0.734375s system = 15.468750s CPU (97.3%); Memory(MB): used = 1245, reserved = 1239, peak = 1245;

OPT-0007 : End flow postpack: SWNS 344 STNS 0 NUM_FEPS 0
RUN-1001 : Generating global routing grids ...
PHY-1001 : Generate routing nets ...
PHY-1001 : Reuse net number 17080/18912.
PHY-1001 : Global iterations in 32 thread ...
PHY-1002 : len = 1.83538e+06, over cnt = 486(0%), over = 727, worst = 6
PHY-1002 : len = 1.84299e+06, over cnt = 289(0%), over = 384, worst = 4
PHY-1002 : len = 1.85051e+06, over cnt = 70(0%), over = 86, worst = 3
PHY-1002 : len = 1.85192e+06, over cnt = 23(0%), over = 28, worst = 3
PHY-1002 : len = 1.85262e+06, over cnt = 0(0%), over = 0, worst = 0
PHY-1001 : End global iterations;  0.642472s wall, 0.828125s user + 0.078125s system = 0.906250s CPU (141.1%)

PHY-1001 : Congestion index:
PHY-1001 : top1  = 76.21(S 62.60, N 56.87, E 72.37, W 69.98, I 62.88, O 71.46)
PHY-1001 : top5  = 65.60(S 51.83, N 48.62, E 58.38, W 57.59, I 50.68, O 59.08)
PHY-1001 : top10 = 60.21(S 45.75, N 42.75, E 50.08, W 50.48, I 44.98, O 53.38)
PHY-1001 : top15 = 56.59(S 41.62, N 38.61, E 44.66, W 45.85, I 41.22, O 49.58)
RUN-1001 : QoR Analysis:
OPT-0007 :   SWNS 344 STNS 0 NUM_FEPS 0
RUN-1001 :   No local congestion issue, and most congested 1% tile average routing util is 75.710526
RUN-1001 :   Top critical paths
RUN-1001 :       #1 path slack 344ps with logic level 1 
RUN-1001 :       #2 path slack 381ps with logic level 1 
RUN-1001 :       #3 path slack 382ps with logic level 1 
RUN-1001 :       #4 path slack 404ps with logic level 1 
RUN-1001 :       #5 path slack 404ps with logic level 1 
RUN-1001 :       #6 path slack 406ps with logic level 1 
RUN-1001 :       #7 path slack 406ps with logic level 1 
RUN-1001 :       #8 path slack 406ps with logic level 1 
RUN-1001 :       #9 path slack 426ps with logic level 1 
RUN-1001 :       #10 path slack 430ps with logic level 1 
OPT-1001 : End physical optimization;  39.466099s wall, 38.375000s user + 1.734375s system = 40.109375s CPU (101.6%)

PHY-1001 : End Stage 3.2 | Optimize Design; Time: 39.466361s wall, 38.375000s user + 1.734375s system = 40.109375s CPU (101.6%); Memory(MB): used = 1245, reserved = 1239, peak = 1245;

RUN-1001 : Report Control nets information:
RUN-1001 : DFF Distribution
RUN-1001 : -------------------------------------
RUN-1001 :   CE   |  SSR  |  ASR  |  DFF Count  
RUN-1001 : -------------------------------------
RUN-1001 :   No   |  No   |  No   |     240     
RUN-1001 :   No   |  No   |  Yes  |      0      
RUN-1001 :   No   |  Yes  |  No   |      0      
RUN-1001 :   Yes  |  No   |  No   |    7056     
RUN-1001 :   Yes  |  No   |  Yes  |    7624     
RUN-1001 :   Yes  |  Yes  |  No   |     380     
RUN-1001 : -------------------------------------
RUN-1001 : Control Group Statistic
RUN-1001 : -----------------------------
RUN-1001 :   #CLK  |  #CE  |  #SSR/ASR  
RUN-1001 : -----------------------------
RUN-1001 :    15   |  529  |     40     
RUN-1001 : -----------------------------
RUN-0007 : Control Set = 638
PHY-1001 : End Stage 3 | Detailed Placement; Time: 70.264107s wall, 71.843750s user + 2.171875s system = 74.015625s CPU (105.3%); Memory(MB): used = 1245, reserved = 1239, peak = 1245;

PHY-1001 : Populate physical database on model design_top_wrapper.
PHY-1001 : Stage 4 | Optimize Design
PHY-3001 : Start incremental legalization ...
PHY-1001 : Populate physical database on model design_top_wrapper.
PHY-1001 : Processing 2 clock pins of DDR instance u_ph1p35_324_ddr_wrapper/u_ddr2/ph1p_ddrmc_wrapper/ph1p_ddrmc_top/u_ddr_phy/u_ddrphy_top/u_ddrphy/ac_byte[0]$ac_byte_used$u_ddrphy_ac_byte_wrapper/u_ddrphy_byte, location = x0y70z0.
PHY-1001 :   Placed ioclk instance u_ph1p35_324_ddr_wrapper/u_ddr2/ph1p_ddrmc_wrapper/ph1p_ddrmc_top/u_ddr_phy/u_ddrphy_top/u_ddrphy_clk/ioclk[0]$u_ioclk_1, location = x0y59z1.
PHY-1001 :   Placed ioclk instance u_ph1p35_324_ddr_wrapper/u_ddr2/ph1p_ddrmc_wrapper/ph1p_ddrmc_top/u_ddr_phy/u_ddrphy_top/u_ddrphy_clk/ioclk[0]$u_ioclk_0, location = x0y59z0.
PHY-1001 : Processing 2 clock pins of DDR instance u_ph1p35_324_ddr_wrapper/u_ddr2/ph1p_ddrmc_wrapper/ph1p_ddrmc_top/u_ddr_phy/u_ddrphy_top/u_ddrphy/ac_byte[1]$ac_byte_used$u_ddrphy_ac_byte_wrapper/u_ddrphy_byte, location = x0y60z0.
PHY-1001 :   Placed ioclk instance u_ph1p35_324_ddr_wrapper/u_ddr2/ph1p_ddrmc_wrapper/ph1p_ddrmc_top/u_ddr_phy/u_ddrphy_top/u_ddrphy_clk/ioclk[0]$u_ioclk_1, location = x0y59z1.
PHY-1001 :   Placed ioclk instance u_ph1p35_324_ddr_wrapper/u_ddr2/ph1p_ddrmc_wrapper/ph1p_ddrmc_top/u_ddr_phy/u_ddrphy_top/u_ddrphy_clk/ioclk[0]$u_ioclk_0, location = x0y59z0.
PHY-1001 : Processing 2 clock pins of DDR instance u_ph1p35_324_ddr_wrapper/u_ddr2/ph1p_ddrmc_wrapper/ph1p_ddrmc_top/u_ddr_phy/u_ddrphy_top/u_ddrphy/ac_byte[2]$ac_byte_used$u_ddrphy_ac_byte_wrapper/u_ddrphy_byte, location = x0y50z0.
PHY-1001 :   Placed ioclk instance u_ph1p35_324_ddr_wrapper/u_ddr2/ph1p_ddrmc_wrapper/ph1p_ddrmc_top/u_ddr_phy/u_ddrphy_top/u_ddrphy_clk/ioclk[0]$u_ioclk_1, location = x0y59z1.
PHY-1001 :   Placed ioclk instance u_ph1p35_324_ddr_wrapper/u_ddr2/ph1p_ddrmc_wrapper/ph1p_ddrmc_top/u_ddr_phy/u_ddrphy_top/u_ddrphy_clk/ioclk[0]$u_ioclk_0, location = x0y59z0.
PHY-1001 : Processing 2 clock pins of DDR instance u_ph1p35_324_ddr_wrapper/u_ddr2/ph1p_ddrmc_wrapper/ph1p_ddrmc_top/u_ddr_phy/u_ddrphy_top/u_ddrphy/ac_byte[3]$ac_byte_used$u_ddrphy_ac_byte_wrapper/u_ddrphy_byte, location = x0y40z0.
PHY-1001 :   Placed ioclk instance u_ph1p35_324_ddr_wrapper/u_ddr2/ph1p_ddrmc_wrapper/ph1p_ddrmc_top/u_ddr_phy/u_ddrphy_top/u_ddrphy_clk/ioclk[0]$u_ioclk_1, location = x0y59z1.
PHY-1001 :   Placed ioclk instance u_ph1p35_324_ddr_wrapper/u_ddr2/ph1p_ddrmc_wrapper/ph1p_ddrmc_top/u_ddr_phy/u_ddrphy_top/u_ddrphy_clk/ioclk[0]$u_ioclk_0, location = x0y59z0.
PHY-1001 : Processing 2 clock pins of DDR instance u_ph1p35_324_ddr_wrapper/u_ddr2/ph1p_ddrmc_wrapper/ph1p_ddrmc_top/u_ddr_phy/u_ddrphy_top/u_ddrphy/dx_byte[0]$dx_byte_used$u_ddrphy_dx_byte_wrapper/u_ddrphy_byte, location = x0y30z0.
PHY-1001 :   Placed ioclk instance u_ph1p35_324_ddr_wrapper/u_ddr2/ph1p_ddrmc_wrapper/ph1p_ddrmc_top/u_ddr_phy/u_ddrphy_top/u_ddrphy_clk/ioclk[1]$u_ioclk_1, location = x0y19z1.
PHY-1001 :   Placed ioclk instance u_ph1p35_324_ddr_wrapper/u_ddr2/ph1p_ddrmc_wrapper/ph1p_ddrmc_top/u_ddr_phy/u_ddrphy_top/u_ddrphy_clk/ioclk[1]$u_ioclk_0, location = x0y19z0.
PHY-1001 : Processing 2 clock pins of DDR instance u_ph1p35_324_ddr_wrapper/u_ddr2/ph1p_ddrmc_wrapper/ph1p_ddrmc_top/u_ddr_phy/u_ddrphy_top/u_ddrphy/dx_byte[1]$dx_byte_used$u_ddrphy_dx_byte_wrapper/u_ddrphy_byte, location = x0y10z0.
PHY-1001 :   Placed ioclk instance u_ph1p35_324_ddr_wrapper/u_ddr2/ph1p_ddrmc_wrapper/ph1p_ddrmc_top/u_ddr_phy/u_ddrphy_top/u_ddrphy_clk/ioclk[1]$u_ioclk_1, location = x0y19z1.
PHY-1001 :   Placed ioclk instance u_ph1p35_324_ddr_wrapper/u_ddr2/ph1p_ddrmc_wrapper/ph1p_ddrmc_top/u_ddr_phy/u_ddrphy_top/u_ddrphy_clk/ioclk[1]$u_ioclk_0, location = x0y19z0.
PHY-3001 : Target density is 60%
PHY-3001 : Target density is 60%
PHY-3001 : Initial: Len = 1.55787e+06, Over = 0
PHY-1001 : Stage 4.1 | Spreading
PHY-3001 : Design contains 176 ce signals.
PHY-3001 : Spreading for sector grids.
PHY-3001 : Iter 1, total overflow: 0
PHY-3001 : tot_capacity: 48, usage_cnt: 26, movable_cnt: 32
PHY-3001 : Spreading for clock grids.
PHY-3001 : clock grid count for 24 x 4 grids
PHY-3001 : Spreading for plb grids.
PHY-3001 : total displace: 0, max displace: 0.
PHY-3001 : End spreading;  0.412801s wall, 0.406250s user + 0.000000s system = 0.406250s CPU (98.4%)

PHY-1001 : End Stage 4.1 | Spreading; Time: 0.412924s wall, 0.406250s user + 0.000000s system = 0.406250s CPU (98.4%); Memory(MB): used = 1245, reserved = 1239, peak = 1245;

PHY-3001 : Final: Len = 1.55787e+06, Over = 0
PHY-3001 : End incremental legalization;  0.758021s wall, 0.796875s user + 0.015625s system = 0.812500s CPU (107.2%)

RUN-1002 : start command "report_qor -step place -file place.qor"
RUN-1002 : start command "start_timer"
RUN-1003 : finish command "start_timer" in  2.306380s wall, 2.187500s user + 0.062500s system = 2.250000s CPU (97.6%)

RUN-1004 : used memory is 1245 MB, reserved memory is 1239 MB, peak memory is 1245 MB
RUN-1001 : Generating global routing grids ...
-----------------------------------------------------------
| QoR metrics               |         value               |
-----------------------------------------------------------
| Timing                    |                             |
|     Setup WNS             |          344                |
|     Setup TNS             |            0                |
|     Num of violated S-EP  |            0                |
|     FMAX                  |    10.035MHz                |
|     SWNS path clock period |     100000ps                |
|     Hold WNS              |         -326                |
|     Hold TNS              |       -59765                |
|     Num of violated H-EP  |          554                |
-----------------------------------------------------------
| Routing Resource          |                             |
|     Wire length           |      1553083                |
|     Route Net Num         |        23959                |
|     DontRoute Net Num     |         9453                |
|     RouteSinks Num        |        72008                |
-----------------------------------------------------------
| Utilization               |                             |
|     #slices               |        13902                |
|     slices percentage     |       65.53%                |
|     #RAMs                 |           50                |
|     #DSPs                 |            8                |
|     #DRAMHARDCON          |           37                |
-----------------------------------------------------------
| Congestion                |                             |
|     Top 1% tile util      |           68                |
|     Top 1% tile avg util  |       75.71%                |
|     Over 100% util #tile  |            1                |
-----------------------------------------------------------
Report place stage QoR done.

RUN-1003 : finish command "report_qor -step place -file place.qor" in  5.100895s wall, 5.093750s user + 0.125000s system = 5.218750s CPU (102.3%)

RUN-1004 : used memory is 1245 MB, reserved memory is 1239 MB, peak memory is 1245 MB
PHY-1001 : End Stage 4 | Optimize Design; Time: 5.884313s wall, 5.906250s user + 0.140625s system = 6.046875s CPU (102.8%); Memory(MB): used = 1245, reserved = 1239, peak = 1245;

PHY-1001 : Stage 5 | DRC Check
PHY-1001 : Stage 5.1 | Slice Attributes Check
PHY-1035 : Redundant attributes/nets in slice detected. You can use tcl "check_slice_attr -verbose" to get full message.
PHY-1039 : Found 120 mslices getting no used reg attributes, eg: u_hdmi_tx/u_hdmi_1_4b_transmitter_core_wrapper/u_hdmi_tx_controller_wrapper/u_hdmi_video_data_assemble/S_island_guard_band_1d_syn_10.
PHY-1039 : Found 120 mslices getting no used ce attributes, eg: u_hdmi_tx/u_hdmi_1_4b_transmitter_core_wrapper/u_hdmi_tx_controller_wrapper/u_hdmi_video_data_assemble/S_island_guard_band_1d_syn_10.
PHY-1001 : End Stage 5.1 | Slice Attributes Check; Time: 0.066023s wall, 0.062500s user + 0.000000s system = 0.062500s CPU (94.7%); Memory(MB): used = 1245, reserved = 1239, peak = 1245;

PHY-1001 : Stage 5.2 | Clock Bound Check
PHY-1001 : Check pass.
PHY-1001 : End Stage 5.2 | Clock Bound Check; Time: 0.003081s wall, 0.000000s user + 0.000000s system = 0.000000s CPU (n/a%); Memory(MB): used = 1245, reserved = 1239, peak = 1245;

PHY-1001 : Stage 5.3 | Force Route Constraint Check
PHY-1001 : Check Pass.
PHY-1001 : End Stage 5.3 | Force Route Constraint Check; Time: 0.003143s wall, 0.000000s user + 0.000000s system = 0.000000s CPU (n/a%); Memory(MB): used = 1245, reserved = 1239, peak = 1245;

PHY-1001 : Stage 5.4 | Sigmap Check
PHY-1001 : Check pass.
PHY-1001 : End Stage 5.4 | Sigmap Check; Time: 0.113270s wall, 0.109375s user + 0.015625s system = 0.125000s CPU (110.4%); Memory(MB): used = 1245, reserved = 1239, peak = 1245;

PHY-1001 : Stage 5.5 | Duplicated SelfDriven Check
PHY-1001 : Check pass.
PHY-1001 : End Stage 5.5 | Duplicated SelfDriven Check; Time: 0.458126s wall, 0.406250s user + 0.046875s system = 0.453125s CPU (98.9%); Memory(MB): used = 1245, reserved = 1239, peak = 1245;

PHY-1001 : Stage 5.6 | Clock Rule Check
PHY-5088 WARNING: Clock_Analyzer: Detected 2 buffer(s) clkin net because they drive non-clock sinks. Run "analyze_clock -detail" for more infomation.
PHY-5088 WARNING: Clock_Analyzer: Detected 1 buffer(s) clkout net because they drive non-clock sinks. Run "analyze_clock -detail" for more infomation.
PHY-5088 WARNING: Clock_Analyzer: 4 clock-net(s) because they drive other clock net, may cause clock skew. Run "analyze_clock -detail" for more infomation.
PHY-1001 : End Stage 5.6 | Clock Rule Check; Time: 0.101812s wall, 0.078125s user + 0.015625s system = 0.093750s CPU (92.1%); Memory(MB): used = 1245, reserved = 1239, peak = 1245;

PHY-1001 : End Stage 5 | DRC Check; Time: 0.823150s wall, 0.734375s user + 0.078125s system = 0.812500s CPU (98.7%); Memory(MB): used = 1245, reserved = 1239, peak = 1245;

OPT-1001 : QoR tracer report on placement steps:
    SWNS [   incr ]    STNS [   incr ]    FEPS [   incr ]    CRIT [   incr ]      CELL [     incr ]        WL [     incr ]    CONG [   incr ]    PDES [   incr ]   RT(s) [   incr ]   MEM(mb) [     incr ]
       0 [      0 ]       0 [      0 ]       0 [      0 ]       0 [      0 ]     29415 [        0 ]         0 [        0 ]    0.00 [   0.00 ]       0 [      0 ]       0 [      0 ]       810 [        0 ] : preplace:simplify_lut
       0 [      0 ]       0 [      0 ]       0 [      0 ]       0 [      0 ]     29415 [        0 ]         0 [        0 ]    0.00 [   0.00 ]       0 [      0 ]       0 [      0 ]       810 [        0 ] : preplace:sweep
       0 [      0 ]       0 [      0 ]       0 [      0 ]       0 [      0 ]     29415 [        0 ]         0 [        0 ]    0.00 [   0.00 ]       0 [      0 ]       0 [      0 ]       810 [        0 ] : preplace:lut_merge
       0 [      0 ]       0 [      0 ]       0 [      0 ]       0 [      0 ]     29415 [        0 ]         0 [        0 ]    0.00 [   0.00 ]       0 [      0 ]       0 [      0 ]       810 [        0 ] : preplace:hfn_opt
     274 [    274 ]       0 [      0 ]       0 [      0 ]    4483 [   4483 ]     31206 [     1791 ]   1963516 [  1963516 ]    0.00 [   0.00 ]       0 [      0 ]      15 [     15 ]       987 [      177 ] : step1_gp
     274 [      0 ]       0 [      0 ]       0 [      0 ]    4506 [     23 ]     31206 [        0 ]   1970745 [     7229 ]    0.00 [   0.00 ]       0 [      0 ]      17 [      2 ]       991 [        4 ] : step1_legal
     274 [      0 ]       0 [      0 ]       0 [      0 ]    4509 [      3 ]     31206 [        0 ]   1919438 [   -51307 ]    0.00 [   0.00 ]       0 [      0 ]      19 [      2 ]       995 [        4 ] : step1_dp
     211 [    -63 ]       0 [      0 ]       0 [      0 ]    4651 [    142 ]     31206 [        0 ]   1625105 [  -294333 ]  184.50 [ 184.50 ]       0 [      0 ]      27 [      8 ]      1086 [       91 ] : step2_gp
     211 [      0 ]       0 [      0 ]       0 [      0 ]    4651 [      0 ]     31206 [        0 ]   1625880 [      775 ]  184.50 [   0.00 ]       0 [      0 ]      27 [      0 ]      1086 [        0 ] : step2_dp
     211 [      0 ]       0 [      0 ]       0 [      0 ]    4651 [      0 ]     31206 [        0 ]   1625880 [        0 ]  184.50 [   0.00 ]       0 [      0 ]      28 [      1 ]      1087 [        1 ] : prepack_spreading
     463 [    252 ]       0 [      0 ]       0 [      0 ]    4772 [    121 ]     31365 [      159 ]   1375253 [  -250627 ]  180.13 [  -4.37 ]       0 [      0 ]      36 [      8 ]      1102 [       15 ] : prepack:hfn_opt
     463 [      0 ]       0 [      0 ]       0 [      0 ]    4774 [      2 ]     31365 [        0 ]   1377728 [     2475 ]   85.26 [ -94.87 ]       0 [      0 ]      40 [      4 ]      1102 [        0 ] : prepack:global_opt
     113 [   -350 ]       0 [      0 ]       0 [      0 ]    5016 [    242 ]     15895 [   -15470 ]   1714340 [   336612 ]   85.13 [  -0.13 ]       0 [      0 ]      72 [     32 ]      1231 [      129 ] : direct_legalization
     113 [      0 ]       0 [      0 ]       0 [      0 ]    5016 [      0 ]     15895 [        0 ]   1714340 [        0 ]   85.13 [   0.00 ]       0 [      0 ]      73 [      1 ]      1234 [        3 ] : post_pack_spreading
     151 [     38 ]       0 [      0 ]       0 [      0 ]    5208 [    192 ]     15895 [        0 ]   1510965 [  -203375 ]   78.42 [  -6.71 ]       0 [      0 ]     103 [     30 ]      1244 [       10 ] : post_pack_dp
     151 [      0 ]       0 [      0 ]       0 [      0 ]    5213 [      5 ]     15876 [      -19 ]   1502602 [    -8363 ]   78.42 [   0.00 ]       0 [      0 ]     110 [      7 ]      1244 [        0 ] : postpack:optimize_equivalent_quick
     151 [      0 ]       0 [      0 ]       0 [      0 ]    5211 [     -2 ]     15897 [       21 ]   1506018 [     3416 ]   78.42 [   0.00 ]       0 [      0 ]     112 [      2 ]      1244 [        0 ] : postpack:hfn_opt
     381 [    230 ]       0 [      0 ]       0 [      0 ]    5211 [      0 ]     15916 [       19 ]   1514846 [     8828 ]   77.26 [  -1.16 ]       0 [      0 ]     116 [      4 ]      1245 [        1 ] : postpack:path_opt
     381 [      0 ]       0 [      0 ]       0 [      0 ]    5212 [      1 ]     15913 [       -3 ]   1513756 [    -1090 ]   77.26 [   0.00 ]       0 [      0 ]     123 [      7 ]      1245 [        0 ] : postpack:optimize_equivalent
     381 [      0 ]       0 [      0 ]       0 [      0 ]    5359 [    147 ]     15913 [        0 ]   1513756 [        0 ]   77.26 [   0.00 ]       0 [      0 ]     125 [      2 ]      1245 [        0 ] : postpack:pin_opt
     344 [    -37 ]       0 [      0 ]       0 [      0 ]    5330 [    -29 ]     15913 [        0 ]   1553725 [    39969 ]   77.26 [   0.00 ]       0 [      0 ]     141 [     16 ]      1245 [        0 ] : postpack:beeline_opt

RUN-1003 : finish command "place" in  149.746861s wall, 452.171875s user + 12.921875s system = 465.093750s CPU (310.6%)

RUN-1004 : used memory is 1245 MB, reserved memory is 1239 MB, peak memory is 1245 MB
RUN-1002 : start command "update_timing -mode manhattan"
RUN-1002 : start command "start_timer"
RUN-1003 : finish command "start_timer" in  2.157280s wall, 2.109375s user + 0.031250s system = 2.140625s CPU (99.2%)

RUN-1004 : used memory is 1245 MB, reserved memory is 1239 MB, peak memory is 1245 MB
RUN-1003 : finish command "update_timing -mode manhattan" in  3.804090s wall, 3.578125s user + 0.156250s system = 3.734375s CPU (98.2%)

RUN-1004 : used memory is 1245 MB, reserved memory is 1239 MB, peak memory is 1245 MB
RUN-1002 : start command "report_timing_summary -file camera_to_dsi_display_place.timing"
RUN-1002 : start command "report_area -io_info -file camera_to_dsi_display_phy.area"
SYN-4034 : The count of slices with lut is 7579.
SYN-4035 : The count of slices with lut+ripple is 3321.
RUN-1001 : standard
***Report Model: design_top_wrapper Device: PH1P35MDG324***

Design Statistics
#IO                        70   out of    160   43.75%
  #input                    9
  #output                  37
  #inout                   24
#lut6                   11316   out of  21216   53.34%
#reg                    15060
  #slice reg            15060   out of  42432   35.49%
  #pad reg                  0

Utilization Statistics
#slice                  13902   out of  21216   65.53%
  #used ram               416
    #dram lut             296
    #shifter lut          120
  #used logic           13486
    #with luts           7579
    #with adder          3321
    #reg only            2586
#f7mux                      0   out of  10608    0.00%
#f8mux                      0   out of   5304    0.00%
#eram                      50   out of    108   46.30%
  #eram20k                 50
  #fifo20k                  0
#dsp                        8   out of     40   20.00%
#mcu                        1   out of      1  100.00%
#ddr_byte                   6   out of     12   50.00%
#mipi_tx                    0   out of      2    0.00%
#mipi_rx                    1   out of      2   50.00%
#pad                       29   out of    160   18.12%
#pll                        3   out of      6   50.00%
#gclk                      14   out of     32   43.75%
#lclk                       0   out of     12    0.00%
#sclk                       0   out of     48    0.00%
#mlclk                      2   out of      6   33.33%
#ioclk                      4   out of     18   22.22%

RUN-1002 : start command "flow_status -file place_flow.status"
Location         : D:\2026fpga\lab_hd_1_mipi_hdmi\td_project\camera_to_dsi_display_Runs\phy_1
Running with     : Tang Dynasty v6.2.168116
                   Copyright (c) 2012-2025 Anlogic Inc.
Top Model        : design_top_wrapper
Device           : PH1P35MDG324
Speed            : 3

Timing Mode      : manhattan
Setup            : WNS   344ps  TNS        0ps  NUM_FEPS     0
Hold             : WNS  -326ps  TNS   -59765ps  NUM_FEPS   554

Flow Statistics  :
RUN-1001 : Flow Statistics:
RUN-1001 : ---------------------------------------------------------------------------------------------------
RUN-1001 :      command     |  #calls  |  wall time   |  cpu time(s)  |  used memory(mb)  |  peak memory(mb)  
RUN-1001 : ---------------------------------------------------------------------------------------------------
RUN-1001 :       place      |    1     |  2m29s(98%)  |   464(99%)    |       1245        |       1245        
RUN-1001 :   import_device  |    1     |    2s(1%)    |     1(0%)     |        325        |        325        
RUN-1001 :     import_db    |    3     |    1s(0%)    |     0(0%)     |        808        |        808        
RUN-1001 :       pack       |    1     |    0s(0%)    |     0(0%)     |        808        |        808        
RUN-1001 : ---------------------------------------------------------------------------------------------------
RUN-1001 :       total      |    6     |    2m32s     |      465      |       1245        |       1245        
RUN-1001 : ---------------------------------------------------------------------------------------------------
RUN-1002 : start command "report_clock_utilization -file place_clock_utilization.txt"
RUN-1002 : start command "export_db camera_to_dsi_display_place.db"
RUN-1001 : Exported flow parameters
RUN-1001 : Exported /
RUN-1001 : Exported libs
RUN-1001 : Exported entities
RUN-1001 : Exported ports
RUN-1001 : Exported pins
RUN-1001 : Exported instances
RUN-1001 : Exported nets
RUN-1001 : Exported buses
RUN-1001 : Exported models
RUN-1001 : Exported phy database
RUN-1001 : Exported packer
RUN-1001 : Exported congestions
RUN-1001 : Exported violations
RUN-1001 : Exported ATMR Setting
RUN-1001 : Exported timing constraints
RUN-1001 : Exported IO constraints
RUN-1001 : Exported Inst constraints
RUN-1001 : Exported ChipWatcher
RUN-1003 : finish command "export_db camera_to_dsi_display_place.db" in  1.125603s wall, 1.437500s user + 0.140625s system = 1.578125s CPU (140.2%)

RUN-1004 : used memory is 1264 MB, reserved memory is 1359 MB, peak memory is 1265 MB
RUN-1002 : start command "commit_param -step route"
RUN-1001 : Print Global Property
RUN-1001 : -------------------------------------------------------------
RUN-1001 :     Parameters    |   Settings   |  Default Values  |  Note  
RUN-1001 : -------------------------------------------------------------
RUN-1001 :    enable_seed    |     off      |       off        |        
RUN-1001 :    hfn_to_clock   |  1000000000  |    1000000000    |        
RUN-1001 :      message      |   standard   |     standard     |        
RUN-1001 :    qor_monitor    |      on      |        on        |        
RUN-1001 :   speedup_effort  |      0       |        0         |        
RUN-1001 :    syn_ip_flow    |     off      |       off        |        
RUN-1001 :       thread      |      32      |       auto       |   *    
RUN-1001 : -------------------------------------------------------------
RUN-1001 : Print Route Property
RUN-1001 : ---------------------------------------------------------------
RUN-1001 :       Parameters      |  Settings  |  Default Values  |  Note  
RUN-1001 : ---------------------------------------------------------------
RUN-1001 :         effort        |   normal   |      normal      |        
RUN-1001 :        fix_hold       |     on     |        on        |        
RUN-1001 :   hold_fix_iteration  |     5      |        5         |        
RUN-1001 :     post_route_opt    |    auto    |       auto       |        
RUN-1001 :         timing        |     on     |        on        |        
RUN-1001 : ---------------------------------------------------------------
RUN-1002 : start command "route"
RUN-1001 : Open license file F:/AnlogicFpga/TD_6.2.1_Engineer_6.2.168.116/license/Anlogic.lic
PHY-1001 : Reconnected 30 VDD pins with routing demanding
PHY-1001 : Populate physical database on model design_top_wrapper.
RUN-1001 : Dedicate pll clock connection statistics:
RUN-1001 : Clock Region s_1_l [0,40][23,79]; Utilization: 1 out of 12
RUN-1001 : ----------------------------------------------------------------------------------------------------------------------------------------------------------------------------------------------------------------------------------
RUN-1001 :   Index  |                                    Leading Clock                                     |                                                          Special Sink                                                           
RUN-1001 : ----------------------------------------------------------------------------------------------------------------------------------------------------------------------------------------------------------------------------------
RUN-1001 :     1    |  u_ph1p35_324_ddr_wrapper/u_ddr2/ph1p_ddrmc_wrapper/ph1p_ddrmc_top/u_alc_mc_top/clk  |  u_ph1p35_324_ddr_wrapper/u_ddr2/ph1p_ddrmc_wrapper/ph1p_ddrmc_top/u_ddr_phy/u_ddrphy_top/u_ddrphy_clk/u_pll1/u_pll_inst.fbclk  
RUN-1001 : ----------------------------------------------------------------------------------------------------------------------------------------------------------------------------------------------------------------------------------
RUN-1001 : Clock Region s_1_r [24,40][43,79]; Utilization: 1 out of 12
RUN-1001 : -----------------------------------------------------------------------------------------------------------------------------------------------------------------------
RUN-1001 :   Index  |                                     Leading Clock                                     |                            Special Sink                             
RUN-1001 : -----------------------------------------------------------------------------------------------------------------------------------------------------------------------
RUN-1001 :     1    |  u_mipi_dphy_rx_ph1p_mipiio_wrapper/u_ph1p_mipiio_rx_wrapper/u_lane0_hs_detect/I_clk  |  u_PLL/ph1p_phy_pll_wrapper_25a56e5ce2f9_Inst/u_PH1P_PHY_PLL.fbclk  
RUN-1001 : -----------------------------------------------------------------------------------------------------------------------------------------------------------------------
PHY-1001 : Working orders of clock nets being processed in bank assignment:
PHY-1001 : u_ph1p35_324_ddr_wrapper/u_ddr2/ph1p_ddrmc_wrapper/ph1p_ddrmc_top/u_alc_mc_top/clk;
PHY-1001 : u_mipi_dphy_rx_ph1p_mipiio_wrapper/u_ph1p_mipiio_rx_wrapper/u_lane0_hs_detect/I_clk;
PHY-1001 : u_isp_top/u_rgb96_downscale_crop/u_scale_line_buffer/ram_f84573da5ab5_Inst/clkb;
PHY-1001 : S_hdmi_pixel_clk_syn_654;
PHY-1001 : u_lens_i2c_ctrl/I_clk_syn_1;
PHY-1001 : cwc_jtck_syn_1;
PHY-1001 : O_cam_24m_syn_3;
PHY-1001 : I_sys_clk_syn_8;
PHY-1001 : u_hdmi_tx/u_hdmi2phy_wrapper/u0_lane_lvds_8_1/I_serial_clk_syn_1;
PHY-1001 : u_ph1p35_324_ddr_wrapper/u_ddr2/ph1p_ddrmc_wrapper/ph1p_ddrmc_top/u_ddr_phy/u_ddrphy_top/u_ddrphy/apb_pclk_syn_1;
PHY-1001 : u_lens_i2c_ctrl/u_lens_i2c/scl_clk_syn_9;
PHY-1001 : u_uicfgcs500/uii2c_inst/scl_clk_syn_9;
PHY-1001 : S_mcu_ahb_clk_syn_5;
PHY-1001 : u_mcu/MCU_521bd43d073e_Inst/core_clk_syn_1;
PHY-1001 : Internal bound Intnl_0_0_25_40 is being created by clock MIPI_RX_BYTE_CLK through SCLK.
PHY-1001 : Internal bound Intnl_25_0_23_40 is being created by clock MIPI_RX_BYTE_CLK through SCLK.
PHY-1001 : Internal bound Intnl_0_40_25_40 is being created by clock u_ph1p35_324_ddr_wrapper/u_ddr2/usr_clk through SCLK.
PHY-1001 : Internal bound Intnl_25_40_19_40 is being created by clock HDMI_PIXEL_CLK through SCLK.
RUN-1001 : Clock region assignment statistics:
RUN-1001 : Clock Region s_0_l [0,0][23,39]; Utilization: 6 out of 12
RUN-1001 : ----------------------------------------------------------------------------------------------------------------------------------------------------------------------------------------------------------------------------------------------------------------------------------------------------------------------------------------
RUN-1001 :   Bank  |                                                   Leading Clock                                                    |       Type        |                                                                          Buffer                                                                           |  Regional Clock Fanouts  
RUN-1001 : ----------------------------------------------------------------------------------------------------------------------------------------------------------------------------------------------------------------------------------------------------------------------------------------------------------------------------------------
RUN-1001 :    1    |                  u_isp_top/u_rgb96_downscale_crop/u_scale_line_buffer/ram_f84573da5ab5_Inst/clkb                   |  (infered sclk)   |                           u_mipi_dphy_rx_ph1p_mipiio_wrapper/u_ph1p_mipiio_rx_wrapper/bufg_feedback_auto_created_sclk_s_0_l_bk1                           |           1264           
RUN-1001 :    2    |                 u_ph1p35_324_ddr_wrapper/u_ddr2/ph1p_ddrmc_wrapper/ph1p_ddrmc_top/u_alc_mc_top/clk                 |  (infered sclk)   |   u_ph1p35_324_ddr_wrapper/u_ddr2/ph1p_ddrmc_wrapper/ph1p_ddrmc_top/u_ddr_phy/u_ddrphy_top/u_ddrphy_clk/u_pll1/u_bufg_fbclk_auto_created_sclk_s_0_l_bk2   |           972            
RUN-1001 :    3    |                                                  I_sys_clk_syn_8                                                   |  (infered sclk)   |                                               I_sys_clk_dup_6_created_gclkinst_auto_created_sclk_s_0_l_bk3                                                |            78            
RUN-1001 :    4    |                                              S_hdmi_pixel_clk_syn_654                                              |  (infered sclk)   |                                               S_hdmi_pixel_clk_created_gclkinst_auto_created_sclk_s_0_l_bk4                                               |            72            
RUN-1001 :    5    |  u_ph1p35_324_ddr_wrapper/u_ddr2/ph1p_ddrmc_wrapper/ph1p_ddrmc_top/u_ddr_phy/u_ddrphy_top/u_ddrphy/apb_pclk_syn_1  |  (infered sclk)   |  u_ph1p35_324_ddr_wrapper/u_ddr2/ph1p_ddrmc_wrapper/ph1p_ddrmc_top/u_ddr_phy/u_ddrphy_top/u_ddrphy/apb_pclk_created_gclkinst_auto_created_sclk_s_0_l_bk5  |            3             
RUN-1001 :    6    |                                                  O_cam_24m_syn_3                                                   |  (infered sclk)   |                                               O_cam_24m_dup_1_created_gclkinst_auto_created_sclk_s_0_l_bk6                                                |            1             
RUN-1001 : ----------------------------------------------------------------------------------------------------------------------------------------------------------------------------------------------------------------------------------------------------------------------------------------------------------------------------------------
RUN-1001 : Clock Region s_0_r [24,0][47,39]; Utilization: 11 out of 12
RUN-1001 : ---------------------------------------------------------------------------------------------------------------------------------------------------------------------------------------------------------------------------------------------------------------------------------------------------------
RUN-1001 :   Bank  |                                     Leading Clock                                     |       Type        |                                                                         Buffer                                                                          |  Regional Clock Fanouts  
RUN-1001 : ---------------------------------------------------------------------------------------------------------------------------------------------------------------------------------------------------------------------------------------------------------------------------------------------------------
RUN-1001 :    1    |    u_isp_top/u_rgb96_downscale_crop/u_scale_line_buffer/ram_f84573da5ab5_Inst/clkb    |  (infered sclk)   |                          u_mipi_dphy_rx_ph1p_mipiio_wrapper/u_ph1p_mipiio_rx_wrapper/bufg_feedback_auto_created_sclk_s_0_r_bk1                          |           1344           
RUN-1001 :    2    |                              u_lens_i2c_ctrl/I_clk_syn_1                              |  (infered sclk)   |                                           u_lens_i2c_ctrl/I_clk_created_gclkinst_auto_created_sclk_s_0_r_bk2                                            |           411            
RUN-1001 :    3    |                               S_hdmi_pixel_clk_syn_654                                |  (infered sclk)   |                                              S_hdmi_pixel_clk_created_gclkinst_auto_created_sclk_s_0_r_bk3                                              |           220            
RUN-1001 :    4    |                                    cwc_jtck_syn_1                                     |  (infered sclk)   |                                                  cwc_jtck_created_gclkinst_auto_created_sclk_s_0_r_bk4                                                  |           171            
RUN-1001 :    5    |                                    O_cam_24m_syn_3                                    |  (infered sclk)   |                                              O_cam_24m_dup_1_created_gclkinst_auto_created_sclk_s_0_r_bk5                                               |            94            
RUN-1001 :    6    |  u_ph1p35_324_ddr_wrapper/u_ddr2/ph1p_ddrmc_wrapper/ph1p_ddrmc_top/u_alc_mc_top/clk   |  (infered sclk)   |  u_ph1p35_324_ddr_wrapper/u_ddr2/ph1p_ddrmc_wrapper/ph1p_ddrmc_top/u_ddr_phy/u_ddrphy_top/u_ddrphy_clk/u_pll1/u_bufg_fbclk_auto_created_sclk_s_0_r_bk6  |            30            
RUN-1001 :    7    |                       u_lens_i2c_ctrl/u_lens_i2c/scl_clk_syn_9                        |  (infered sclk)   |                                     u_lens_i2c_ctrl/u_lens_i2c/scl_clk_created_gclkinst_auto_created_sclk_s_0_r_bk7                                     |            16            
RUN-1001 :    8    |                         u_uicfgcs500/uii2c_inst/scl_clk_syn_9                         |  (infered sclk)   |                                      u_uicfgcs500/uii2c_inst/scl_clk_created_gclkinst_auto_created_sclk_s_0_r_bk8                                       |            16            
RUN-1001 :    9    |  u_mipi_dphy_rx_ph1p_mipiio_wrapper/u_ph1p_mipiio_rx_wrapper/u_lane0_hs_detect/I_clk  |  (infered sclk)   |                                                     u_PLL/bufg_feedback_auto_created_sclk_s_0_r_bk9                                                     |            8             
RUN-1001 :    10   |                                  S_mcu_ahb_clk_syn_5                                  |  (infered sclk)   |                                               S_mcu_ahb_clk_created_gclkinst_auto_created_sclk_s_0_r_bk10                                               |            1             
RUN-1001 :    11   |                      u_mcu/MCU_521bd43d073e_Inst/core_clk_syn_1                       |  (infered sclk)   |                                   u_mcu/MCU_521bd43d073e_Inst/core_clk_created_gclkinst_auto_created_sclk_s_0_r_bk11                                    |            1             
RUN-1001 : ---------------------------------------------------------------------------------------------------------------------------------------------------------------------------------------------------------------------------------------------------------------------------------------------------------
RUN-1001 : Clock Region s_1_l [0,40][23,79]; Utilization: 4 out of 12
RUN-1001 : ----------------------------------------------------------------------------------------------------------------------------------------------------------------------------------------------------------------------------------------------------------------------------------------------------------------------------------------
RUN-1001 :   Bank  |                                                   Leading Clock                                                    |       Type        |                                                                          Buffer                                                                           |  Regional Clock Fanouts  
RUN-1001 : ----------------------------------------------------------------------------------------------------------------------------------------------------------------------------------------------------------------------------------------------------------------------------------------------------------------------------------------
RUN-1001 :    1    |                 u_ph1p35_324_ddr_wrapper/u_ddr2/ph1p_ddrmc_wrapper/ph1p_ddrmc_top/u_alc_mc_top/clk                 |  (infered sclk)   |   u_ph1p35_324_ddr_wrapper/u_ddr2/ph1p_ddrmc_wrapper/ph1p_ddrmc_top/u_ddr_phy/u_ddrphy_top/u_ddrphy_clk/u_pll1/u_bufg_fbclk_auto_created_sclk_s_1_l_bk1   |           1119           
RUN-1001 :    2    |                  u_isp_top/u_rgb96_downscale_crop/u_scale_line_buffer/ram_f84573da5ab5_Inst/clkb                   |  (infered sclk)   |                           u_mipi_dphy_rx_ph1p_mipiio_wrapper/u_ph1p_mipiio_rx_wrapper/bufg_feedback_auto_created_sclk_s_1_l_bk2                           |           1840           
RUN-1001 :    3    |  u_ph1p35_324_ddr_wrapper/u_ddr2/ph1p_ddrmc_wrapper/ph1p_ddrmc_top/u_ddr_phy/u_ddrphy_top/u_ddrphy/apb_pclk_syn_1  |  (infered sclk)   |  u_ph1p35_324_ddr_wrapper/u_ddr2/ph1p_ddrmc_wrapper/ph1p_ddrmc_top/u_ddr_phy/u_ddrphy_top/u_ddrphy/apb_pclk_created_gclkinst_auto_created_sclk_s_1_l_bk3  |            29            
RUN-1001 :    4    |                                              S_hdmi_pixel_clk_syn_654                                              |  (infered sclk)   |                                               S_hdmi_pixel_clk_created_gclkinst_auto_created_sclk_s_1_l_bk4                                               |            6             
RUN-1001 : ----------------------------------------------------------------------------------------------------------------------------------------------------------------------------------------------------------------------------------------------------------------------------------------------------------------------------------------
RUN-1001 : Clock Region s_1_r [24,40][43,79]; Utilization: 6 out of 12
RUN-1001 : ---------------------------------------------------------------------------------------------------------------------------------------------------------------------------------------------------------------------------------------------------------------------------------------------------------
RUN-1001 :   Bank  |                                     Leading Clock                                     |       Type        |                                                                         Buffer                                                                          |  Regional Clock Fanouts  
RUN-1001 : ---------------------------------------------------------------------------------------------------------------------------------------------------------------------------------------------------------------------------------------------------------------------------------------------------------
RUN-1001 :    1    |  u_mipi_dphy_rx_ph1p_mipiio_wrapper/u_ph1p_mipiio_rx_wrapper/u_lane0_hs_detect/I_clk  |  (infered sclk)   |                                                     u_PLL/bufg_feedback_auto_created_sclk_s_1_r_bk1                                                     |            1             
RUN-1001 :    2    |                               S_hdmi_pixel_clk_syn_654                                |  (infered sclk)   |                                              S_hdmi_pixel_clk_created_gclkinst_auto_created_sclk_s_1_r_bk2                                              |           664            
RUN-1001 :    3    |    u_isp_top/u_rgb96_downscale_crop/u_scale_line_buffer/ram_f84573da5ab5_Inst/clkb    |  (infered sclk)   |                          u_mipi_dphy_rx_ph1p_mipiio_wrapper/u_ph1p_mipiio_rx_wrapper/bufg_feedback_auto_created_sclk_s_1_r_bk3                          |           638            
RUN-1001 :    4    |  u_ph1p35_324_ddr_wrapper/u_ddr2/ph1p_ddrmc_wrapper/ph1p_ddrmc_top/u_alc_mc_top/clk   |  (infered sclk)   |  u_ph1p35_324_ddr_wrapper/u_ddr2/ph1p_ddrmc_wrapper/ph1p_ddrmc_top/u_ddr_phy/u_ddrphy_top/u_ddrphy_clk/u_pll1/u_bufg_fbclk_auto_created_sclk_s_1_r_bk4  |            60            
RUN-1001 :    5    |           u_hdmi_tx/u_hdmi2phy_wrapper/u0_lane_lvds_8_1/I_serial_clk_syn_1            |  (infered sclk)   |                         u_hdmi_tx/u_hdmi2phy_wrapper/u0_lane_lvds_8_1/I_serial_clk_created_gclkinst_auto_created_sclk_s_1_r_bk5                         |            36            
RUN-1001 :    6    |                              u_lens_i2c_ctrl/I_clk_syn_1                              |  (infered sclk)   |                                           u_lens_i2c_ctrl/I_clk_created_gclkinst_auto_created_sclk_s_1_r_bk6                                            |            14            
RUN-1001 : ---------------------------------------------------------------------------------------------------------------------------------------------------------------------------------------------------------------------------------------------------------------------------------------------------------
PHY-1001 : Populate physical database on model design_top_wrapper.
PHY-1001 : Route runs in 32 thread(s)
RUN-1001 : There are total 14454 instances
RUN-1001 : 416 mslices, 13486 lslices, 54 pads, 50 brams, 8 dsps
RUN-1001 : There are total 33748 nets
RUN-1001 : 21495 nets have 2 pins
RUN-1001 : 9570 nets have [3 - 5] pins
RUN-1001 : 1804 nets have [6 - 10] pins
RUN-1001 : 565 nets have [11 - 20] pins
RUN-1001 : 297 nets have [21 - 99] pins
RUN-1001 : 17 nets have 100+ pins
RUN-1002 : start command "start_timer"
RUN-1003 : finish command "start_timer" in  3.955920s wall, 3.515625s user + 0.281250s system = 3.796875s CPU (96.0%)

RUN-1004 : used memory is 1265 MB, reserved memory is 1359 MB, peak memory is 1265 MB
PHY-1001 : 416 mslices, 13486 lslices, 54 pads, 50 brams, 8 dsps

PHY-1001 : Stage 1 | Global Routing
PHY-1001 : Start global routing, caller is route ...
RUN-1001 : Generating global routing grids ...
PHY-1001 : Generate routing nets ...
RUN-1001 : Generate nets statistics:
RUN-1001 : ----------------------------
RUN-1001 :        Type       |  Nets   
RUN-1001 : ----------------------------
RUN-1001 :   TotalRouteNets  |  23986  
RUN-1001 :   DontRouteNets   |  5074   
RUN-1001 :     RouteNets     |  18912  
RUN-1001 :     RouteSinks    |  35276  
RUN-1001 : ----------------------------
PHY-1001 : Global iterations in 32 thread ...
PHY-1002 : len = 1.69251e+06, over cnt = 1966(2%), over = 4416, worst = 9
PHY-1002 : len = 1.73965e+06, over cnt = 1339(1%), over = 2546, worst = 9
PHY-1002 : len = 1.79192e+06, over cnt = 346(0%), over = 644, worst = 9
PHY-1002 : len = 1.80946e+06, over cnt = 0(0%), over = 0, worst = 0
PHY-1001 : End global iterations;  2.093454s wall, 3.281250s user + 0.093750s system = 3.375000s CPU (161.2%)

PHY-1001 : Congestion index:
PHY-1001 : top1  = 76.80(S 61.85, N 57.03, E 72.29, W 68.75, I 69.65, O 79.03)
PHY-1001 : top5  = 64.95(S 51.23, N 48.20, E 57.62, W 56.93, I 52.41, O 60.51)
PHY-1001 : top10 = 59.62(S 44.93, N 42.21, E 49.62, W 49.98, I 45.94, O 54.06)
PHY-1001 : top15 = 56.02(S 40.74, N 38.05, E 44.21, W 45.31, I 41.91, O 50.03)
PHY-1001 : End global routing;  2.578634s wall, 3.765625s user + 0.093750s system = 3.859375s CPU (149.7%)

PHY-1001 : End Stage 1 | Global Routing; Time: 2.578757s wall, 3.765625s user + 0.093750s system = 3.859375s CPU (149.7%); Memory(MB): used = 1291, reserved = 1359, peak = 1291;

PHY-1001 : Stage 2 | Detail Routing
PHY-1001 : Stage 2.1 | Build Routing Design
PHY-1001 : Routing in high effort: false
PHY-1001 : Routing Mode: normal
PHY-1001 : Generate detailed routing grids ...
RUN-1001 : Constructing routing connections ...
PHY-1001 : End build routing graph; 3.603909s wall, 23.906250s user + 0.546875s system = 24.453125s CPU (678.5%)

PHY-1001 : Generate nets ...
RUN-1001 : Generate nets statistics:
RUN-1001 : ------------------------------
RUN-1001 :         Type        |  Nets   
RUN-1001 : ------------------------------
RUN-1001 :        Route        |  24298  
RUN-1001 :      DontRoute      |  9450   
RUN-1001 :      RouteSinks     |  74010  
RUN-1001 :   RouteEntitySinks  |    0    
RUN-1001 :       Lut2Dff       |    0    
RUN-1001 :       Ram2Dff       |    0    
RUN-1001 :      Carry2Dff      |    0    
RUN-1001 : ------------------------------
RUN-1001 : DR clock net summary:
RUN-1001 : ---------------------------------------------------------------------------------------------------------------------------------------------------
RUN-1001 :   Net Idx  |                                                        Net Name                                                        |  Clock Type  
RUN-1001 : ---------------------------------------------------------------------------------------------------------------------------------------------------
RUN-1001 :      1     |                                                    I_sys_clk_dup_6                                                     |    Normal    
RUN-1001 :      2     |                                                    I_sys_clk_syn_8                                                     |    Normal    
RUN-1001 :      3     |                                                    O_cam_24m_dup_1                                                     |    Normal    
RUN-1001 :      4     |                                                    O_cam_24m_syn_3                                                     |    Normal    
RUN-1001 :      5     |                                                    S_hdmi_pixel_clk                                                    |    Normal    
RUN-1001 :      6     |                                                S_hdmi_pixel_clk_syn_654                                                |    Normal    
RUN-1001 :      7     |                                                     S_mcu_ahb_clk                                                      |    Normal    
RUN-1001 :      8     |                                                  S_mcu_ahb_clk_syn_5                                                   |    Normal    
RUN-1001 :      9     |                                                        cwc_jtck                                                        |    Normal    
RUN-1001 :     10     |                                                     cwc_jtck_syn_1                                                     |    Normal    
RUN-1001 :     11     |                                                     u_PLL/clk0_buf                                                     |    Normal    
RUN-1001 :     12     |                               u_hdmi_tx/u_hdmi2phy_wrapper/u0_lane_lvds_8_1/I_serial_clk                               |    Normal    
RUN-1001 :     13     |                            u_hdmi_tx/u_hdmi2phy_wrapper/u0_lane_lvds_8_1/I_serial_clk_syn_1                            |    Normal    
RUN-1001 :     14     |                    u_isp_top/u_rgb96_downscale_crop/u_scale_line_buffer/ram_f84573da5ab5_Inst/clkb                     |    Normal    
RUN-1001 :     15     |                                                 u_lens_i2c_ctrl/I_clk                                                  |    Normal    
RUN-1001 :     16     |                                              u_lens_i2c_ctrl/I_clk_syn_1                                               |    Normal    
RUN-1001 :     17     |                                           u_lens_i2c_ctrl/u_lens_i2c/scl_clk                                           |    Normal    
RUN-1001 :     18     |                                        u_lens_i2c_ctrl/u_lens_i2c/scl_clk_syn_9                                        |    Normal    
RUN-1001 :     19     |                                          u_mcu/MCU_521bd43d073e_Inst/core_clk                                          |    Normal    
RUN-1001 :     20     |                                       u_mcu/MCU_521bd43d073e_Inst/core_clk_syn_1                                       |    Normal    
RUN-1001 :     21     |                     u_mipi_dphy_rx_ph1p_mipiio_wrapper/u_ph1p_mipiio_rx_wrapper/S_mipiio_hs_rx_clk                     |    Normal    
RUN-1001 :     22     |                  u_mipi_dphy_rx_ph1p_mipiio_wrapper/u_ph1p_mipiio_rx_wrapper/u_lane0_hs_detect/I_clk                   |    Normal    
RUN-1001 :     23     |                   u_ph1p35_324_ddr_wrapper/u_ddr2/ph1p_ddrmc_wrapper/ph1p_ddrmc_top/u_alc_mc_top/clk                   |    Normal    
RUN-1001 :     24     |       u_ph1p35_324_ddr_wrapper/u_ddr2/ph1p_ddrmc_wrapper/ph1p_ddrmc_top/u_ddr_phy/u_ddrphy_top/u_ddrphy/apb_pclk       |    Normal    
RUN-1001 :     25     |    u_ph1p35_324_ddr_wrapper/u_ddr2/ph1p_ddrmc_wrapper/ph1p_ddrmc_top/u_ddr_phy/u_ddrphy_top/u_ddrphy/apb_pclk_syn_1    |    Normal    
RUN-1001 :     26     |      u_ph1p35_324_ddr_wrapper/u_ddr2/ph1p_ddrmc_wrapper/ph1p_ddrmc_top/u_ddr_phy/u_ddrphy_top/u_ddrphy/ctl_clk[0]      |    Normal    
RUN-1001 :     27     |      u_ph1p35_324_ddr_wrapper/u_ddr2/ph1p_ddrmc_wrapper/ph1p_ddrmc_top/u_ddr_phy/u_ddrphy_top/u_ddrphy/ctl_clk[1]      |    Normal    
RUN-1001 :     28     |      u_ph1p35_324_ddr_wrapper/u_ddr2/ph1p_ddrmc_wrapper/ph1p_ddrmc_top/u_ddr_phy/u_ddrphy_top/u_ddrphy/ddr_clk[0]      |    Normal    
RUN-1001 :     29     |      u_ph1p35_324_ddr_wrapper/u_ddr2/ph1p_ddrmc_wrapper/ph1p_ddrmc_top/u_ddr_phy/u_ddrphy_top/u_ddrphy/ddr_clk[1]      |    Normal    
RUN-1001 :     30     |    u_ph1p35_324_ddr_wrapper/u_ddr2/ph1p_ddrmc_wrapper/ph1p_ddrmc_top/u_ddr_phy/u_ddrphy_top/u_ddrphy_clk/pll0_clk_1    |    Normal    
RUN-1001 :     31     |    u_ph1p35_324_ddr_wrapper/u_ddr2/ph1p_ddrmc_wrapper/ph1p_ddrmc_top/u_ddr_phy/u_ddrphy_top/u_ddrphy_clk/pll0_clk_2    |    Normal    
RUN-1001 :     32     |   u_ph1p35_324_ddr_wrapper/u_ddr2/ph1p_ddrmc_wrapper/ph1p_ddrmc_top/u_ddr_phy/u_ddrphy_top/u_ddrphy_clk/pll0_mlclk_1   |    Normal    
RUN-1001 :     33     |   u_ph1p35_324_ddr_wrapper/u_ddr2/ph1p_ddrmc_wrapper/ph1p_ddrmc_top/u_ddr_phy/u_ddrphy_top/u_ddrphy_clk/pll0_mlclk_2   |    Normal    
RUN-1001 :     34     |  u_ph1p35_324_ddr_wrapper/u_ddr2/ph1p_ddrmc_wrapper/ph1p_ddrmc_top/u_ddr_phy/u_ddrphy_top/u_ddrphy_clk/u_pll1/clkc[0]  |    Normal    
RUN-1001 :     35     |  u_ph1p35_324_ddr_wrapper/u_ddr2/ph1p_ddrmc_wrapper/ph1p_ddrmc_top/u_ddr_phy/u_ddrphy_top/u_ddrphy_clk/u_pll1/refclk   |    Normal    
RUN-1001 :     36     |                                            u_uicfgcs500/uii2c_inst/scl_clk                                             |    Normal    
RUN-1001 :     37     |                                         u_uicfgcs500/uii2c_inst/scl_clk_syn_9                                          |    Normal    
RUN-1001 : ---------------------------------------------------------------------------------------------------------------------------------------------------
RUN-1001 : DR clock buffer summary:
RUN-1001 : -------------------------------------------------------------------------------------------------------------------------------------------------------------------
RUN-1001 :   Idx  |                                                                           Name                                                                            
RUN-1001 : -------------------------------------------------------------------------------------------------------------------------------------------------------------------
RUN-1001 :    1   |                           u_mipi_dphy_rx_ph1p_mipiio_wrapper/u_ph1p_mipiio_rx_wrapper/bufg_feedback_auto_created_sclk_s_0_l_bk1                           
RUN-1001 :    2   |   u_ph1p35_324_ddr_wrapper/u_ddr2/ph1p_ddrmc_wrapper/ph1p_ddrmc_top/u_ddr_phy/u_ddrphy_top/u_ddrphy_clk/u_pll1/u_bufg_fbclk_auto_created_sclk_s_0_l_bk2   
RUN-1001 :    3   |                                               I_sys_clk_dup_6_created_gclkinst_auto_created_sclk_s_0_l_bk3                                                
RUN-1001 :    4   |                                               S_hdmi_pixel_clk_created_gclkinst_auto_created_sclk_s_0_l_bk4                                               
RUN-1001 :    5   |  u_ph1p35_324_ddr_wrapper/u_ddr2/ph1p_ddrmc_wrapper/ph1p_ddrmc_top/u_ddr_phy/u_ddrphy_top/u_ddrphy/apb_pclk_created_gclkinst_auto_created_sclk_s_0_l_bk5  
RUN-1001 :    6   |                                               O_cam_24m_dup_1_created_gclkinst_auto_created_sclk_s_0_l_bk6                                                
RUN-1001 :    7   |                           u_mipi_dphy_rx_ph1p_mipiio_wrapper/u_ph1p_mipiio_rx_wrapper/bufg_feedback_auto_created_sclk_s_0_r_bk1                           
RUN-1001 :    8   |                                            u_lens_i2c_ctrl/I_clk_created_gclkinst_auto_created_sclk_s_0_r_bk2                                             
RUN-1001 :    9   |                                               S_hdmi_pixel_clk_created_gclkinst_auto_created_sclk_s_0_r_bk3                                               
RUN-1001 :   10   |                                                   cwc_jtck_created_gclkinst_auto_created_sclk_s_0_r_bk4                                                   
RUN-1001 :   11   |                                               O_cam_24m_dup_1_created_gclkinst_auto_created_sclk_s_0_r_bk5                                                
RUN-1001 :   12   |   u_ph1p35_324_ddr_wrapper/u_ddr2/ph1p_ddrmc_wrapper/ph1p_ddrmc_top/u_ddr_phy/u_ddrphy_top/u_ddrphy_clk/u_pll1/u_bufg_fbclk_auto_created_sclk_s_0_r_bk6   
RUN-1001 :   13   |                                      u_lens_i2c_ctrl/u_lens_i2c/scl_clk_created_gclkinst_auto_created_sclk_s_0_r_bk7                                      
RUN-1001 :   14   |                                       u_uicfgcs500/uii2c_inst/scl_clk_created_gclkinst_auto_created_sclk_s_0_r_bk8                                        
RUN-1001 :   15   |                                                      u_PLL/bufg_feedback_auto_created_sclk_s_0_r_bk9                                                      
RUN-1001 :   16   |                                                S_mcu_ahb_clk_created_gclkinst_auto_created_sclk_s_0_r_bk10                                                
RUN-1001 :   17   |                                    u_mcu/MCU_521bd43d073e_Inst/core_clk_created_gclkinst_auto_created_sclk_s_0_r_bk11                                     
RUN-1001 :   18   |   u_ph1p35_324_ddr_wrapper/u_ddr2/ph1p_ddrmc_wrapper/ph1p_ddrmc_top/u_ddr_phy/u_ddrphy_top/u_ddrphy_clk/u_pll1/u_bufg_fbclk_auto_created_sclk_s_1_l_bk1   
RUN-1001 :   19   |                           u_mipi_dphy_rx_ph1p_mipiio_wrapper/u_ph1p_mipiio_rx_wrapper/bufg_feedback_auto_created_sclk_s_1_l_bk2                           
RUN-1001 :   20   |  u_ph1p35_324_ddr_wrapper/u_ddr2/ph1p_ddrmc_wrapper/ph1p_ddrmc_top/u_ddr_phy/u_ddrphy_top/u_ddrphy/apb_pclk_created_gclkinst_auto_created_sclk_s_1_l_bk3  
RUN-1001 :   21   |                                               S_hdmi_pixel_clk_created_gclkinst_auto_created_sclk_s_1_l_bk4                                               
RUN-1001 :   22   |                                                      u_PLL/bufg_feedback_auto_created_sclk_s_1_r_bk1                                                      
RUN-1001 :   23   |                                               S_hdmi_pixel_clk_created_gclkinst_auto_created_sclk_s_1_r_bk2                                               
RUN-1001 :   24   |                           u_mipi_dphy_rx_ph1p_mipiio_wrapper/u_ph1p_mipiio_rx_wrapper/bufg_feedback_auto_created_sclk_s_1_r_bk3                           
RUN-1001 :   25   |   u_ph1p35_324_ddr_wrapper/u_ddr2/ph1p_ddrmc_wrapper/ph1p_ddrmc_top/u_ddr_phy/u_ddrphy_top/u_ddrphy_clk/u_pll1/u_bufg_fbclk_auto_created_sclk_s_1_r_bk4   
RUN-1001 :   26   |                          u_hdmi_tx/u_hdmi2phy_wrapper/u0_lane_lvds_8_1/I_serial_clk_created_gclkinst_auto_created_sclk_s_1_r_bk5                          
RUN-1001 :   27   |                                            u_lens_i2c_ctrl/I_clk_created_gclkinst_auto_created_sclk_s_1_r_bk6                                             
RUN-1001 : -------------------------------------------------------------------------------------------------------------------------------------------------------------------
PHY-1001 : End Stage 2.1 | Build Routing Design; Time: 4.222221s wall, 24.453125s user + 0.609375s system = 25.062500s CPU (593.6%); Memory(MB): used = 1621, reserved = 1614, peak = 1621;

RUN-1001 : Top Percentage Crit. Net Stat.
RUN-1001 : -------------------------------------------------------
RUN-1001 :   Top %  |  Net Count  |  Avg. Fanout  |  Avg. Slack   
RUN-1001 : -------------------------------------------------------
RUN-1001 :     1    |     337     |   2.287834    |  2273.103858  
RUN-1001 :     2    |     674     |   2.778932    |  3432.032641  
RUN-1001 :     3    |    1012     |   2.945652    |  3943.763834  
RUN-1001 :     4    |    1349     |   2.948110    |  4238.991846  
RUN-1001 :     5    |    1687     |   2.870777    |  4441.421458  
RUN-1001 :     6    |    2024     |   2.863142    |  4594.308300  
RUN-1001 :     7    |    2362     |   2.827688    |  4717.555885  
RUN-1001 :     8    |    2699     |   2.777695    |  4821.427566  
RUN-1001 :     9    |    3037     |   2.756668    |  4913.109648  
RUN-1001 :    10    |    3374     |   2.715768    |  4995.393894  
RUN-1001 : -------------------------------------------------------
PHY-1001 : Stage 2.2 | Tile Base Routing
PHY-1001 : 229 nets need to preroute.
PHY-1001 : len = 0, over cnt = 0(0%), over = 0, worst = 0, crit = 0
PHY-1001 : End Stage 2.2 | Tile Base Routing; Time: 0.372420s wall, 8.093750s user + 0.062500s system = 8.156250s CPU (2190.1%); Memory(MB): used = 1624, reserved = 1617, peak = 1624;

PHY-1001 : Stage 2.3 | Clock Nets Routing
PHY-1001 : Routed 0% nets.
PHY-1001 : len = 444816, over cnt = 0(0%), over = 0, worst = 0, crit = 0
PHY-1001 : End Stage 2.3 | Clock Nets Routing; Time: 3.773518s wall, 4.062500s user + 0.093750s system = 4.156250s CPU (110.1%); Memory(MB): used = 1669, reserved = 1662, peak = 1669;

PHY-1001 : Stage 2.4 | Routing Initialization
PHY-1001 : Mark 1% net(place mode slack < 3980ps) as critical nets.
PHY-1001 : Stage 2.4.1 | Normal Nets Routing
PHY-1001 : Routed 71% nets.
PHY-1001 : len = 2.89958e+06, over cnt = 13553(0%), over = 14513, worst = 4, crit = 0
PHY-1001 : End Stage 2.4.1 | Normal Nets Routing; Time: 9.304460s wall, 21.812500s user + 0.468750s system = 22.281250s CPU (239.5%); Memory(MB): used = 1706, reserved = 1700, peak = 1706;

PHY-1001 : Stage 2.4.2 | Update Timing
RUN-1002 : start command "start_timer"
USR-1002 : Derived clock:  create_generated_clock -name {u_PLL/ph1p_phy_pll_wrapper_25a56e5ce2f9_Inst/u_PH1P_PHY_PLL.clkc[0]} -source [get_ports {I_sys_clk}] -master_clock {sys_clk_50m} -multiply_by 2.0000 -duty_cycle 50.0000 [get_pins {u_PLL/ph1p_phy_pll_wrapper_25a56e5ce2f9_Inst/u_PH1P_PHY_PLL.clkc[0]}]
USR-1002 : Derived clock:  create_generated_clock -name {u_PLL/ph1p_phy_pll_wrapper_25a56e5ce2f9_Inst/u_PH1P_PHY_PLL.clkc[1]} -source [get_ports {I_sys_clk}] -master_clock {sys_clk_50m} -divide_by 2.1000 -duty_cycle 50.0000 [get_pins {u_PLL/ph1p_phy_pll_wrapper_25a56e5ce2f9_Inst/u_PH1P_PHY_PLL.clkc[1]}]
USR-1002 : Derived clock:  create_generated_clock -name {u_PLL/ph1p_phy_pll_wrapper_25a56e5ce2f9_Inst/u_PH1P_PHY_PLL.clkc[2]} -source [get_ports {I_sys_clk}] -master_clock {sys_clk_50m} -multiply_by 1.0000 -duty_cycle 50.0000 [get_pins {u_PLL/ph1p_phy_pll_wrapper_25a56e5ce2f9_Inst/u_PH1P_PHY_PLL.clkc[2]}]
USR-1002 : Derived clock:  create_generated_clock -name {u_PLL/ph1p_phy_pll_wrapper_25a56e5ce2f9_Inst/u_PH1P_PHY_PLL.clkc[3]} -source [get_ports {I_sys_clk}] -master_clock {sys_clk_50m} -multiply_by 6.0000 -duty_cycle 50.0000 [get_pins {u_PLL/ph1p_phy_pll_wrapper_25a56e5ce2f9_Inst/u_PH1P_PHY_PLL.clkc[3]}]
USR-1002 : Derived clock:  create_generated_clock -name {u_PLL/ph1p_phy_pll_wrapper_25a56e5ce2f9_Inst/u_PH1P_PHY_PLL.clkc[4]} -source [get_ports {I_sys_clk}] -master_clock {sys_clk_50m} -multiply_by 1.5000 -duty_cycle 50.0000 [get_pins {u_PLL/ph1p_phy_pll_wrapper_25a56e5ce2f9_Inst/u_PH1P_PHY_PLL.clkc[4]}]
USR-1002 : Derived clock:  create_generated_clock -name {u_PLL/ph1p_phy_pll_wrapper_25a56e5ce2f9_Inst/u_PH1P_PHY_PLL.clkc[5]} -source [get_ports {I_sys_clk}] -master_clock {sys_clk_50m} -multiply_by 7.5000 -duty_cycle 50.0000 [get_pins {u_PLL/ph1p_phy_pll_wrapper_25a56e5ce2f9_Inst/u_PH1P_PHY_PLL.clkc[5]}]
USR-1002 : Derived clock:  create_generated_clock -name {u_ph1p35_324_ddr_wrapper/u_ddr2/ph1p_ddrmc_wrapper/ph1p_ddrmc_top/u_ddr_phy/u_ddrphy_top/u_ddrphy_clk/u_pll0/u_pll_inst.clkc[0]} -source [get_ports {I_sys_clk}] -master_clock {sys_clk_50m} -multiply_by 1.3333 -duty_cycle 50.0000 [get_pins {u_ph1p35_324_ddr_wrapper/u_ddr2/ph1p_ddrmc_wrapper/ph1p_ddrmc_top/u_ddr_phy/u_ddrphy_top/u_ddrphy_clk/u_pll0/u_pll_inst.clkc[0]}]
USR-1002 : Derived clock:  create_generated_clock -name {u_ph1p35_324_ddr_wrapper/u_ddr2/ph1p_ddrmc_wrapper/ph1p_ddrmc_top/u_ddr_phy/u_ddrphy_top/u_ddrphy_clk/u_pll0/u_pll_inst.clkc[1]} -source [get_ports {I_sys_clk}] -master_clock {sys_clk_50m} -multiply_by 1.3333 -duty_cycle 50.0000 [get_pins {u_ph1p35_324_ddr_wrapper/u_ddr2/ph1p_ddrmc_wrapper/ph1p_ddrmc_top/u_ddr_phy/u_ddrphy_top/u_ddrphy_clk/u_pll0/u_pll_inst.clkc[1]}]
USR-1002 : Derived clock:  create_generated_clock -name {u_ph1p35_324_ddr_wrapper/u_ddr2/ph1p_ddrmc_wrapper/ph1p_ddrmc_top/u_ddr_phy/u_ddrphy_top/u_ddrphy_clk/u_pll0/u_pll_inst.clkc[2]} -source [get_ports {I_sys_clk}] -master_clock {sys_clk_50m} -multiply_by 5.3333 -duty_cycle 50.0000 [get_pins {u_ph1p35_324_ddr_wrapper/u_ddr2/ph1p_ddrmc_wrapper/ph1p_ddrmc_top/u_ddr_phy/u_ddrphy_top/u_ddrphy_clk/u_pll0/u_pll_inst.clkc[2]}]
USR-1002 : Derived clock:  create_generated_clock -name {u_ph1p35_324_ddr_wrapper/u_ddr2/ph1p_ddrmc_wrapper/ph1p_ddrmc_top/u_ddr_phy/u_ddrphy_top/u_ddrphy_clk/u_pll0/u_pll_inst.clkc[3]} -source [get_ports {I_sys_clk}] -master_clock {sys_clk_50m} -divide_by 1.9687 -duty_cycle 50.0000 [get_pins {u_ph1p35_324_ddr_wrapper/u_ddr2/ph1p_ddrmc_wrapper/ph1p_ddrmc_top/u_ddr_phy/u_ddrphy_top/u_ddrphy_clk/u_pll0/u_pll_inst.clkc[3]}]
USR-1002 : Derived clock:  create_generated_clock -name {u_ph1p35_324_ddr_wrapper/u_ddr2/ph1p_ddrmc_wrapper/ph1p_ddrmc_top/u_ddr_phy/u_ddrphy_top/u_ddrphy_clk/u_pll1/u_pll_inst.clkc[0]} -source [get_pins {u_ph1p35_324_ddr_wrapper/u_ddr2/ph1p_ddrmc_wrapper/ph1p_ddrmc_top/u_ddr_phy/u_ddrphy_top/u_ddrphy_clk/u_pll0/u_pll_inst.clkc[0]}] -master_clock {u_ph1p35_324_ddr_wrapper/u_ddr2/ph1p_ddrmc_wrapper/ph1p_ddrmc_top/u_ddr_phy/u_ddrphy_top/u_ddrphy_clk/u_pll0/u_pll_inst.clkc[0]} -multiply_by 1.0000 -duty_cycle 50.0000 [get_pins {u_ph1p35_324_ddr_wrapper/u_ddr2/ph1p_ddrmc_wrapper/ph1p_ddrmc_top/u_ddr_phy/u_ddrphy_top/u_ddrphy_clk/u_pll1/u_pll_inst.clkc[0]}]
8.888000
15.000000
15.000000
13.333000
RUN-1003 : finish command "start_timer" in  3.097577s wall, 2.906250s user + 0.109375s system = 3.015625s CPU (97.4%)

RUN-1004 : used memory is 1707 MB, reserved memory is 1700 MB, peak memory is 1707 MB
TMR-2502 : Net delay update with mode: Routed
PHY-1001 : 0/23986(0%) critical/total net(s).
PHY-1001 : Setup: WNS(ns) = 0.205, TNS(ns) = 0.000, FEP = 0 | Hold: WNS(ns) = -0.166, TNS(ns) = -9.125, FEP = 224.
PHY-1001 : End Stage 2.4.2 | Update Timing; Time: 7.874170s wall, 7.640625s user + 0.140625s system = 7.781250s CPU (98.8%); Memory(MB): used = 1824, reserved = 1818, peak = 1824;

PHY-1001 : Stage 2.4.3 | Deskew Clock Tree
RUN-1001 : Deskew Summary
RUN-1001 : ---------------------------------------------------------------------------------------------------------------------------------
RUN-1001 :                                                 Clock                                                 |  Pre-Skew  |  Post-Skew  
RUN-1001 : ---------------------------------------------------------------------------------------------------------------------------------
RUN-1001 :                                             mipi_rx_ck_pad                                            |     34     |     34      
RUN-1001 :   u_mipi_dphy_rx_ph1p_mipiio_wrapper/u_ph1p_mipiio_rx_wrapper/u_PH1P_LOGIC_DPHY_MIPI_RX.io_clk_pad_p  |     34     |     34      
RUN-1001 :                                            MIPI_RX_BYTE_CLK                                           |     34     |     34      
RUN-1001 :                                              pll_clk_100m                                             |     8      |      8      
RUN-1001 :                                             HDMI_PIXEL_CLK                                            |     16     |     16      
RUN-1001 :                                u_ph1p35_324_ddr_wrapper/u_ddr2/usr_clk                                |     15     |     15      
RUN-1001 :                  u_PLL/ph1p_phy_pll_wrapper_25a56e5ce2f9_Inst/u_PH1P_PHY_PLL.clkc[2]                  |     13     |     13      
RUN-1001 :                                u_ph1p35_324_ddr_wrapper/u_ddr2/mcu_clk                                |     18     |     18      
RUN-1001 :                                              pll_clk_24m                                              |     3      |      3      
RUN-1001 : ---------------------------------------------------------------------------------------------------------------------------------
PHY-1001 : 0/23986(0%) critical/total net(s).
PHY-1001 : Setup: WNS(ns) = 0.205, TNS(ns) = 0.000, FEP = 0 | Hold: WNS(ns) = -0.166, TNS(ns) = -9.125, FEP = 224.
PHY-1001 : End Stage 2.4.3 | Deskew Clock Tree; Time: 4.876694s wall, 4.859375s user + 0.000000s system = 4.859375s CPU (99.6%); Memory(MB): used = 1858, reserved = 1850, peak = 1858;

PHY-1001 : End Stage 2.4 | Routing Initialization; Time: 22.166671s wall, 34.421875s user + 0.609375s system = 35.031250s CPU (158.0%); Memory(MB): used = 1858, reserved = 1850, peak = 1858;

PHY-1001 : Stage 2.5 | Routing Optimization
PHY-1001 : Build lut bridge;  0.169884s wall, 0.171875s user + 0.000000s system = 0.171875s CPU (101.2%)

PHY-1001 : Stage 2.5.1 | Phase 1
PHY-1001 : Stage 2.5.1.1 | Hold TimeOptimization
PHY-1001 : Iter 0; Processed 303 pins with HWNS -0.166ns HTNS -3.875ns FEP 91 took 0.742326 seconds.
PHY-1001 : Iter 1; Processed 401 pins with HWNS 0.007ns HTNS 0.000ns FEP 0 took 0.884908 seconds.
PHY-1001 : len = 2.92859e+06, over cnt = 13496(0%), over = 14457, worst = 4, crit = 0
PHY-1001 : End Stage 2.5.1.1 | Hold TimeOptimization; Time: 1.731968s wall, 2.078125s user + 0.000000s system = 2.078125s CPU (120.0%); Memory(MB): used = 1860, reserved = 1852, peak = 1860;

PHY-1001 : Stage 2.5.1.2 | High Fanout Nets Optimization
PHY-1001 : High fanout net optimize summary:
PHY-1001 : Process 0 nets and 0 pins with SWNS 0.205ns STNS 0.000ns FEP 0.
PHY-1001 : len = 2.92859e+06, over cnt = 13496(0%), over = 14457, worst = 4, crit = 0
PHY-1001 : End Stage 2.5.1.2 | High Fanout Nets Optimization; Time: 0.281652s wall, 0.265625s user + 0.000000s system = 0.265625s CPU (94.3%); Memory(MB): used = 1860, reserved = 1852, peak = 1860;

PHY-1001 : Stage 2.5.1.3 | Setup TimeOptimization
PHY-1001 : len = 2.92859e+06, over cnt = 13496(0%), over = 14457, worst = 4, crit = 0
PHY-1001 : End Stage 2.5.1.3 | Setup TimeOptimization; Time: 0.278890s wall, 0.234375s user + 0.015625s system = 0.250000s CPU (89.6%); Memory(MB): used = 1860, reserved = 1852, peak = 1860;

PHY-1001 : Stage 2.5.1.4 | Rip-up And ReRoute
PHY-0007 : Congestion: {79.34, 69.55, 64.58, 61.23}; Timing: {0.205ns, 0.000ns, 0}
PHY-1001 : Iter 1: len = 3.01741e+06, over cnt = 6721(0%), over = 6982, worst = 3, crit = 0, time(s) = 6.10
PHY-1001 : Iter 2: len = 3.04811e+06, over cnt = 3785(0%), over = 3836, worst = 3, crit = 0, time(s) = 2.86
PHY-1001 : Iter 3: len = 3.05838e+06, over cnt = 2779(0%), over = 2791, worst = 3, crit = 0, time(s) = 1.64
PHY-1001 : Iter 4: len = 3.10142e+06, over cnt = 1204(0%), over = 1205, worst = 2, crit = 0, time(s) = 1.92
PHY-1001 : Iter 5: len = 3.11162e+06, over cnt = 781(0%), over = 781, worst = 1, crit = 0, time(s) = 1.08
PHY-1001 : Iter 6: len = 3.11347e+06, over cnt = 715(0%), over = 715, worst = 1, crit = 0, time(s) = 0.74
PHY-1001 : Iter 7: len = 3.11402e+06, over cnt = 703(0%), over = 703, worst = 1, crit = 0, time(s) = 0.64
PHY-1001 : Marking 14 (0.36%) hot zones with cutoff utilization 81.25.
PHY-1001 : Iter 8: len = 3.14626e+06, over cnt = 152(0%), over = 152, worst = 1, crit = 0, time(s) = 0.80
PHY-1001 : Iter 9: len = 3.15165e+06, over cnt = 57(0%), over = 57, worst = 1, crit = 0, time(s) = 0.20
PHY-1001 : Iter 10: len = 3.15568e+06, over cnt = 12(0%), over = 12, worst = 1, crit = 0, time(s) = 0.11
PHY-1001 : Iter 11: len = 3.15619e+06, over cnt = 6(0%), over = 6, worst = 1, crit = 0, time(s) = 0.07
PHY-1001 : Iter 12: len = 3.15651e+06, over cnt = 1(0%), over = 1, worst = 1, crit = 0, time(s) = 0.06
PHY-1001 : Marking 14 (0.36%) hot zones with cutoff utilization 81.25.
PHY-1001 : Iter 13: len = 3.15659e+06, over cnt = 0(0%), over = 0, worst = 0, crit = 0, time(s) = 0.07
PHY-1001 : Marking 14 (0.36%) hot zones with cutoff utilization 81.25.
PHY-1001 : Update congestion ...
PHY-1001 : Marking 14 (0.36%) hot zones with cutoff utilization 81.25.
PHY-1001 : Congestion index:
PHY-1001 : top1  = 83.33(S 66.15, N 63.79, E 77.63, W 80.34, I 69.65, O 79.03)
PHY-1001 : top5  = 73.54(S 56.96, N 57.49, E 65.00, W 69.89, I 52.41, O 60.51)
PHY-1001 : top10 = 68.64(S 52.78, N 52.94, E 58.69, W 63.75, I 45.94, O 54.06)
PHY-1001 : top15 = 65.48(S 50.03, N 49.41, E 54.30, W 59.73, I 41.91, O 50.03)
PHY-1001 : End update congestion; 0.027533s wall, 0.031250s user + 0.000000s system = 0.031250s CPU (113.5%)

PHY-1001 : End Stage 2.5.1.4 | Rip-up And ReRoute; Time: 16.524772s wall, 39.515625s user + 0.953125s system = 40.468750s CPU (244.9%); Memory(MB): used = 1860, reserved = 1852, peak = 1860;

PHY-1001 : Stage 2.5.1.5 | Update Timing
PHY-1001 : 4/23986(0%) critical/total net(s).
PHY-1001 : Setup: WNS(ns) = -0.154, TNS(ns) = -0.227, FEP = 4 | Hold: WNS(ns) = -0.103, TNS(ns) = -1.062, FEP = 31.
PHY-1001 : End Stage 2.5.1.5 | Update Timing; Time: 2.911733s wall, 2.734375s user + 0.062500s system = 2.796875s CPU (96.1%); Memory(MB): used = 1874, reserved = 1866, peak = 1874;

PHY-1001 : Stage 2.5.1.6 | Commit Data
PHY-1001 : Commit better result to database ...
PHY-1001 : End Stage 2.5.1.6 | Commit Data; Time: 0.149465s wall, 0.140625s user + 0.000000s system = 0.140625s CPU (94.1%); Memory(MB): used = 1892, reserved = 1883, peak = 1892;

PHY-1001 : End Stage 2.5.1 | Phase 1; Time: 22.513456s wall, 45.984375s user + 1.078125s system = 47.062500s CPU (209.0%); Memory(MB): used = 1892, reserved = 1883, peak = 1892;

PHY-1001 : Stage 2.5.2 | Phase 2
PHY-1001 : Stage 2.5.2.1 | Hold TimeOptimization
PHY-1001 : Iter 0; Processed 59 pins with HWNS -0.103ns HTNS -0.422ns FEP 15 took 0.268993 seconds.
PHY-1001 : Iter 1; Processed 77 pins with HWNS 0.020ns HTNS 0.000ns FEP 0 took 0.378382 seconds.
PHY-1001 : len = 3.16301e+06, over cnt = 19(0%), over = 25, worst = 3, crit = 0
PHY-1001 : End Stage 2.5.2.1 | Hold TimeOptimization; Time: 0.764894s wall, 0.765625s user + 0.015625s system = 0.781250s CPU (102.1%); Memory(MB): used = 1892, reserved = 1883, peak = 1892;

PHY-1001 : Stage 2.5.2.2 | High Fanout Nets Optimization
PHY-1001 : High fanout net optimize summary:
PHY-1001 : Process 0 nets and 0 pins with SWNS -0.154ns STNS -0.227ns FEP 4.
PHY-1001 : len = 3.16301e+06, over cnt = 19(0%), over = 25, worst = 3, crit = 0
PHY-1001 : End Stage 2.5.2.2 | High Fanout Nets Optimization; Time: 0.284606s wall, 0.718750s user + 0.000000s system = 0.718750s CPU (252.5%); Memory(MB): used = 1892, reserved = 1883, peak = 1892;

PHY-1001 : Stage 2.5.2.3 | Setup TimeOptimization
PHY-1001 : Start to optimize setup violation with net base ...
PHY-1001 : Iter 1; Processed 4 pins with SWNS 0.101ns STNS 0.000ns FEP 0 took 0.180892 seconds.
PHY-1001 : len = 3.16291e+06, over cnt = 26(0%), over = 32, worst = 3, crit = 0
PHY-1001 : End Stage 2.5.2.3 | Setup TimeOptimization; Time: 0.465326s wall, 0.609375s user + 0.296875s system = 0.906250s CPU (194.8%); Memory(MB): used = 1892, reserved = 1883, peak = 1892;

PHY-1001 : Stage 2.5.2.4 | Rip-up And ReRoute
PHY-1001 : Iter 1: len = 3.16058e+06, over cnt = 2(0%), over = 2, worst = 1, crit = 0, time(s) = 0.08
PHY-1001 : Iter 2: len = 3.1605e+06, over cnt = 0(0%), over = 0, worst = 0, crit = 0, time(s) = 0.04
PHY-1001 : Update congestion ...
PHY-1001 : Marking 35 (0.91%) hot zones with cutoff utilization 81.08.
PHY-1001 : Congestion index:
PHY-1001 : top1  = 83.39(S 66.50, N 64.10, E 77.63, W 80.19, I 69.65, O 79.03)
PHY-1001 : top5  = 73.50(S 57.05, N 57.53, E 65.07, W 69.74, I 52.41, O 60.51)
PHY-1001 : top10 = 68.63(S 52.84, N 52.98, E 58.76, W 63.71, I 45.94, O 54.06)
PHY-1001 : top15 = 65.49(S 50.09, N 49.48, E 54.34, W 59.69, I 41.91, O 50.03)
PHY-1001 : End update congestion; 0.026923s wall, 0.031250s user + 0.000000s system = 0.031250s CPU (116.1%)

PHY-1001 : End Stage 2.5.2.4 | Rip-up And ReRoute; Time: 0.204852s wall, 0.328125s user + 0.000000s system = 0.328125s CPU (160.2%); Memory(MB): used = 1892, reserved = 1883, peak = 1892;

PHY-1001 : Stage 2.5.2.5 | Update Timing
PHY-1001 : 1/23986(0%) critical/total net(s).
PHY-1001 : Setup: WNS(ns) = -0.154, TNS(ns) = -0.154, FEP = 1 | Hold: WNS(ns) = -0.117, TNS(ns) = -0.485, FEP = 9.
PHY-1001 : End Stage 2.5.2.5 | Update Timing; Time: 0.377004s wall, 0.375000s user + 0.000000s system = 0.375000s CPU (99.5%); Memory(MB): used = 1892, reserved = 1883, peak = 1892;

PHY-1001 : Stage 2.5.2.6 | Commit Data
PHY-1001 : Commit better result to database ...
PHY-1001 : End Stage 2.5.2.6 | Commit Data; Time: 0.050210s wall, 0.046875s user + 0.000000s system = 0.046875s CPU (93.4%); Memory(MB): used = 1892, reserved = 1883, peak = 1892;

PHY-1001 : End Stage 2.5.2 | Phase 2; Time: 2.613463s wall, 3.562500s user + 0.312500s system = 3.875000s CPU (148.3%); Memory(MB): used = 1892, reserved = 1883, peak = 1892;

PHY-1001 : Stage 2.5.3 | Phase 3
PHY-1001 : Stage 2.5.3.1 | Hold TimeOptimization
PHY-1001 : Iter 0; Processed 15 pins with HWNS 0.020ns HTNS 0.000ns FEP 0 took 0.123554 seconds.
PHY-1001 : len = 3.16218e+06, over cnt = 10(0%), over = 13, worst = 3, crit = 0
PHY-1001 : End Stage 2.5.3.1 | Hold TimeOptimization; Time: 0.237661s wall, 0.593750s user + 0.062500s system = 0.656250s CPU (276.1%); Memory(MB): used = 1892, reserved = 1883, peak = 1892;

PHY-1001 : Stage 2.5.3.2 | High Fanout Nets Optimization
PHY-1001 : High fanout net optimize summary:
PHY-1001 : Process 0 nets and 0 pins with SWNS -0.154ns STNS -0.154ns FEP 1.
PHY-1001 : len = 3.16218e+06, over cnt = 10(0%), over = 13, worst = 3, crit = 0
PHY-1001 : End Stage 2.5.3.2 | High Fanout Nets Optimization; Time: 0.284558s wall, 0.640625s user + 0.031250s system = 0.671875s CPU (236.1%); Memory(MB): used = 1892, reserved = 1883, peak = 1892;

PHY-1001 : Stage 2.5.3.3 | Setup TimeOptimization
PHY-1001 : Start to optimize setup violation with net base ...
PHY-1001 : Iter 1; Processed 2 pins with SWNS 0.101ns STNS 0.000ns FEP 0 took 0.136503 seconds.
PHY-1001 : len = 3.16214e+06, over cnt = 12(0%), over = 15, worst = 3, crit = 0
PHY-1001 : End Stage 2.5.3.3 | Setup TimeOptimization; Time: 0.434899s wall, 0.796875s user + 0.015625s system = 0.812500s CPU (186.8%); Memory(MB): used = 1892, reserved = 1883, peak = 1892;

PHY-1001 : Stage 2.5.3.4 | Rip-up And ReRoute
PHY-1001 : Iter 1: len = 3.16104e+06, over cnt = 3(0%), over = 3, worst = 1, crit = 0, time(s) = 0.06
PHY-1001 : Iter 2: len = 3.16104e+06, over cnt = 0(0%), over = 0, worst = 0, crit = 0, time(s) = 0.05
PHY-1001 : Update congestion ...
PHY-1001 : Marking 35 (0.91%) hot zones with cutoff utilization 81.25.
PHY-1001 : Congestion index:
PHY-1001 : top1  = 83.24(S 66.50, N 64.07, E 77.63, W 80.03, I 69.65, O 79.03)
PHY-1001 : top5  = 73.48(S 57.05, N 57.53, E 65.10, W 69.74, I 52.41, O 60.51)
PHY-1001 : top10 = 68.62(S 52.84, N 52.97, E 58.81, W 63.72, I 45.94, O 54.06)
PHY-1001 : top15 = 65.50(S 50.10, N 49.46, E 54.38, W 59.69, I 41.91, O 50.03)
PHY-1001 : End update congestion; 0.029827s wall, 0.000000s user + 0.015625s system = 0.015625s CPU (52.4%)

PHY-1001 : End Stage 2.5.3.4 | Rip-up And ReRoute; Time: 0.192192s wall, 0.562500s user + 0.046875s system = 0.609375s CPU (317.1%); Memory(MB): used = 1892, reserved = 1883, peak = 1892;

PHY-1001 : Stage 2.5.3.5 | Update Timing
PHY-1001 : 0/23986(0%) critical/total net(s).
PHY-1001 : Setup: WNS(ns) = 0.101, TNS(ns) = 0.000, FEP = 0 | Hold: WNS(ns) = -0.117, TNS(ns) = -0.476, FEP = 9.
PHY-1001 : End Stage 2.5.3.5 | Update Timing; Time: 0.346554s wall, 0.250000s user + 0.062500s system = 0.312500s CPU (90.2%); Memory(MB): used = 1892, reserved = 1883, peak = 1892;

PHY-1001 : Stage 2.5.3.6 | Commit Data
PHY-1001 : Commit better result to database ...
PHY-1001 : End Stage 2.5.3.6 | Commit Data; Time: 0.050957s wall, 0.046875s user + 0.000000s system = 0.046875s CPU (92.0%); Memory(MB): used = 1892, reserved = 1883, peak = 1892;

PHY-1001 : End Stage 2.5.3 | Phase 3; Time: 1.953418s wall, 3.640625s user + 0.234375s system = 3.875000s CPU (198.4%); Memory(MB): used = 1892, reserved = 1883, peak = 1892;

PHY-1001 : End Stage 2.5 | Routing Optimization; Time: 32.377756s wall, 58.093750s user + 1.765625s system = 59.859375s CPU (184.9%); Memory(MB): used = 1892, reserved = 1883, peak = 1892;

PHY-1001 : Stage 2.6 | Multi-try route Optimization
PHY-1001 : End Stage 2.6 | Multi-try route Optimization; Time: 0.086415s wall, 0.078125s user + 0.000000s system = 0.078125s CPU (90.4%); Memory(MB): used = 1894, reserved = 1886, peak = 1894;

PHY-1003 : Routed, final wirelength = 3.16104e+06
RUN-1001 : Clock region assignment statistics:
RUN-1001 : Clock Region s_0_l [0,0][23,39]; Utilization: 6 out of 12
RUN-1001 : -----------------------------------------------------------------------------------------------------------------------------------------------------------------------------------------------------------------------------------------------------------------------------------------------------------------------------------------------------------------------------------------------------------------------------------------------------
RUN-1001 :   Bank  |                                                   Assigned Clock                                                   |                                                    Route Clock                                                     |  Marking  |                                                                          Buffer                                                                           |  Regional Clock Fanouts  
RUN-1001 : -----------------------------------------------------------------------------------------------------------------------------------------------------------------------------------------------------------------------------------------------------------------------------------------------------------------------------------------------------------------------------------------------------------------------------------------------------
RUN-1001 :    1    |                  u_isp_top/u_rgb96_downscale_crop/u_scale_line_buffer/ram_f84573da5ab5_Inst/clkb                   |                  u_isp_top/u_rgb96_downscale_crop/u_scale_line_buffer/ram_f84573da5ab5_Inst/clkb                   |           |                           u_mipi_dphy_rx_ph1p_mipiio_wrapper/u_ph1p_mipiio_rx_wrapper/bufg_feedback_auto_created_sclk_s_0_l_bk1                           |           1264           
RUN-1001 :    2    |                 u_ph1p35_324_ddr_wrapper/u_ddr2/ph1p_ddrmc_wrapper/ph1p_ddrmc_top/u_alc_mc_top/clk                 |                 u_ph1p35_324_ddr_wrapper/u_ddr2/ph1p_ddrmc_wrapper/ph1p_ddrmc_top/u_alc_mc_top/clk                 |           |   u_ph1p35_324_ddr_wrapper/u_ddr2/ph1p_ddrmc_wrapper/ph1p_ddrmc_top/u_ddr_phy/u_ddrphy_top/u_ddrphy_clk/u_pll1/u_bufg_fbclk_auto_created_sclk_s_0_l_bk2   |           972            
RUN-1001 :    3    |                                                  I_sys_clk_syn_8                                                   |                                                  I_sys_clk_syn_8                                                   |           |                                               I_sys_clk_dup_6_created_gclkinst_auto_created_sclk_s_0_l_bk3                                                |            78            
RUN-1001 :    4    |                                              S_hdmi_pixel_clk_syn_654                                              |                                              S_hdmi_pixel_clk_syn_654                                              |           |                                               S_hdmi_pixel_clk_created_gclkinst_auto_created_sclk_s_0_l_bk4                                               |            72            
RUN-1001 :    5    |  u_ph1p35_324_ddr_wrapper/u_ddr2/ph1p_ddrmc_wrapper/ph1p_ddrmc_top/u_ddr_phy/u_ddrphy_top/u_ddrphy/apb_pclk_syn_1  |  u_ph1p35_324_ddr_wrapper/u_ddr2/ph1p_ddrmc_wrapper/ph1p_ddrmc_top/u_ddr_phy/u_ddrphy_top/u_ddrphy/apb_pclk_syn_1  |           |  u_ph1p35_324_ddr_wrapper/u_ddr2/ph1p_ddrmc_wrapper/ph1p_ddrmc_top/u_ddr_phy/u_ddrphy_top/u_ddrphy/apb_pclk_created_gclkinst_auto_created_sclk_s_0_l_bk5  |            3             
RUN-1001 :    6    |                                                  O_cam_24m_syn_3                                                   |                                                  O_cam_24m_syn_3                                                   |           |                                               O_cam_24m_dup_1_created_gclkinst_auto_created_sclk_s_0_l_bk6                                                |            1             
RUN-1001 : -----------------------------------------------------------------------------------------------------------------------------------------------------------------------------------------------------------------------------------------------------------------------------------------------------------------------------------------------------------------------------------------------------------------------------------------------------
RUN-1001 : Clock Region s_0_r [24,0][47,39]; Utilization: 11 out of 12
RUN-1001 : -----------------------------------------------------------------------------------------------------------------------------------------------------------------------------------------------------------------------------------------------------------------------------------------------------------------------------------------------------------------------------------------
RUN-1001 :   Bank  |                                    Assigned Clock                                     |                                      Route Clock                                      |  Marking  |                                                                         Buffer                                                                          |  Regional Clock Fanouts  
RUN-1001 : -----------------------------------------------------------------------------------------------------------------------------------------------------------------------------------------------------------------------------------------------------------------------------------------------------------------------------------------------------------------------------------------
RUN-1001 :    1    |    u_isp_top/u_rgb96_downscale_crop/u_scale_line_buffer/ram_f84573da5ab5_Inst/clkb    |    u_isp_top/u_rgb96_downscale_crop/u_scale_line_buffer/ram_f84573da5ab5_Inst/clkb    |           |                          u_mipi_dphy_rx_ph1p_mipiio_wrapper/u_ph1p_mipiio_rx_wrapper/bufg_feedback_auto_created_sclk_s_0_r_bk1                          |           1344           
RUN-1001 :    2    |                              u_lens_i2c_ctrl/I_clk_syn_1                              |                              u_lens_i2c_ctrl/I_clk_syn_1                              |           |                                           u_lens_i2c_ctrl/I_clk_created_gclkinst_auto_created_sclk_s_0_r_bk2                                            |           411            
RUN-1001 :    3    |                               S_hdmi_pixel_clk_syn_654                                |                               S_hdmi_pixel_clk_syn_654                                |           |                                              S_hdmi_pixel_clk_created_gclkinst_auto_created_sclk_s_0_r_bk3                                              |           220            
RUN-1001 :    4    |                                    cwc_jtck_syn_1                                     |                                    cwc_jtck_syn_1                                     |           |                                                  cwc_jtck_created_gclkinst_auto_created_sclk_s_0_r_bk4                                                  |           171            
RUN-1001 :    5    |                                    O_cam_24m_syn_3                                    |                                    O_cam_24m_syn_3                                    |           |                                              O_cam_24m_dup_1_created_gclkinst_auto_created_sclk_s_0_r_bk5                                               |            94            
RUN-1001 :    6    |  u_ph1p35_324_ddr_wrapper/u_ddr2/ph1p_ddrmc_wrapper/ph1p_ddrmc_top/u_alc_mc_top/clk   |  u_ph1p35_324_ddr_wrapper/u_ddr2/ph1p_ddrmc_wrapper/ph1p_ddrmc_top/u_alc_mc_top/clk   |           |  u_ph1p35_324_ddr_wrapper/u_ddr2/ph1p_ddrmc_wrapper/ph1p_ddrmc_top/u_ddr_phy/u_ddrphy_top/u_ddrphy_clk/u_pll1/u_bufg_fbclk_auto_created_sclk_s_0_r_bk6  |            30            
RUN-1001 :    7    |                       u_lens_i2c_ctrl/u_lens_i2c/scl_clk_syn_9                        |                       u_lens_i2c_ctrl/u_lens_i2c/scl_clk_syn_9                        |           |                                     u_lens_i2c_ctrl/u_lens_i2c/scl_clk_created_gclkinst_auto_created_sclk_s_0_r_bk7                                     |            16            
RUN-1001 :    8    |                         u_uicfgcs500/uii2c_inst/scl_clk_syn_9                         |                         u_uicfgcs500/uii2c_inst/scl_clk_syn_9                         |           |                                      u_uicfgcs500/uii2c_inst/scl_clk_created_gclkinst_auto_created_sclk_s_0_r_bk8                                       |            16            
RUN-1001 :    9    |  u_mipi_dphy_rx_ph1p_mipiio_wrapper/u_ph1p_mipiio_rx_wrapper/u_lane0_hs_detect/I_clk  |  u_mipi_dphy_rx_ph1p_mipiio_wrapper/u_ph1p_mipiio_rx_wrapper/u_lane0_hs_detect/I_clk  |           |                                                     u_PLL/bufg_feedback_auto_created_sclk_s_0_r_bk9                                                     |            8             
RUN-1001 :    10   |                                  S_mcu_ahb_clk_syn_5                                  |                                  S_mcu_ahb_clk_syn_5                                  |           |                                               S_mcu_ahb_clk_created_gclkinst_auto_created_sclk_s_0_r_bk10                                               |            1             
RUN-1001 :    11   |                      u_mcu/MCU_521bd43d073e_Inst/core_clk_syn_1                       |                      u_mcu/MCU_521bd43d073e_Inst/core_clk_syn_1                       |           |                                   u_mcu/MCU_521bd43d073e_Inst/core_clk_created_gclkinst_auto_created_sclk_s_0_r_bk11                                    |            1             
RUN-1001 : -----------------------------------------------------------------------------------------------------------------------------------------------------------------------------------------------------------------------------------------------------------------------------------------------------------------------------------------------------------------------------------------
RUN-1001 : Clock Region s_1_l [0,40][23,79]; Utilization: 4 out of 12
RUN-1001 : -----------------------------------------------------------------------------------------------------------------------------------------------------------------------------------------------------------------------------------------------------------------------------------------------------------------------------------------------------------------------------------------------------------------------------------------------------
RUN-1001 :   Bank  |                                                   Assigned Clock                                                   |                                                    Route Clock                                                     |  Marking  |                                                                          Buffer                                                                           |  Regional Clock Fanouts  
RUN-1001 : -----------------------------------------------------------------------------------------------------------------------------------------------------------------------------------------------------------------------------------------------------------------------------------------------------------------------------------------------------------------------------------------------------------------------------------------------------
RUN-1001 :    1    |                 u_ph1p35_324_ddr_wrapper/u_ddr2/ph1p_ddrmc_wrapper/ph1p_ddrmc_top/u_alc_mc_top/clk                 |                 u_ph1p35_324_ddr_wrapper/u_ddr2/ph1p_ddrmc_wrapper/ph1p_ddrmc_top/u_alc_mc_top/clk                 |           |   u_ph1p35_324_ddr_wrapper/u_ddr2/ph1p_ddrmc_wrapper/ph1p_ddrmc_top/u_ddr_phy/u_ddrphy_top/u_ddrphy_clk/u_pll1/u_bufg_fbclk_auto_created_sclk_s_1_l_bk1   |           1119           
RUN-1001 :    2    |                  u_isp_top/u_rgb96_downscale_crop/u_scale_line_buffer/ram_f84573da5ab5_Inst/clkb                   |                  u_isp_top/u_rgb96_downscale_crop/u_scale_line_buffer/ram_f84573da5ab5_Inst/clkb                   |           |                           u_mipi_dphy_rx_ph1p_mipiio_wrapper/u_ph1p_mipiio_rx_wrapper/bufg_feedback_auto_created_sclk_s_1_l_bk2                           |           1840           
RUN-1001 :    3    |  u_ph1p35_324_ddr_wrapper/u_ddr2/ph1p_ddrmc_wrapper/ph1p_ddrmc_top/u_ddr_phy/u_ddrphy_top/u_ddrphy/apb_pclk_syn_1  |  u_ph1p35_324_ddr_wrapper/u_ddr2/ph1p_ddrmc_wrapper/ph1p_ddrmc_top/u_ddr_phy/u_ddrphy_top/u_ddrphy/apb_pclk_syn_1  |           |  u_ph1p35_324_ddr_wrapper/u_ddr2/ph1p_ddrmc_wrapper/ph1p_ddrmc_top/u_ddr_phy/u_ddrphy_top/u_ddrphy/apb_pclk_created_gclkinst_auto_created_sclk_s_1_l_bk3  |            29            
RUN-1001 :    4    |                                              S_hdmi_pixel_clk_syn_654                                              |                                              S_hdmi_pixel_clk_syn_654                                              |           |                                               S_hdmi_pixel_clk_created_gclkinst_auto_created_sclk_s_1_l_bk4                                               |            6             
RUN-1001 : -----------------------------------------------------------------------------------------------------------------------------------------------------------------------------------------------------------------------------------------------------------------------------------------------------------------------------------------------------------------------------------------------------------------------------------------------------
RUN-1001 : Clock Region s_1_r [24,40][43,79]; Utilization: 6 out of 12
RUN-1001 : -----------------------------------------------------------------------------------------------------------------------------------------------------------------------------------------------------------------------------------------------------------------------------------------------------------------------------------------------------------------------------------------
RUN-1001 :   Bank  |                                    Assigned Clock                                     |                                      Route Clock                                      |  Marking  |                                                                         Buffer                                                                          |  Regional Clock Fanouts  
RUN-1001 : -----------------------------------------------------------------------------------------------------------------------------------------------------------------------------------------------------------------------------------------------------------------------------------------------------------------------------------------------------------------------------------------
RUN-1001 :    1    |  u_mipi_dphy_rx_ph1p_mipiio_wrapper/u_ph1p_mipiio_rx_wrapper/u_lane0_hs_detect/I_clk  |  u_mipi_dphy_rx_ph1p_mipiio_wrapper/u_ph1p_mipiio_rx_wrapper/u_lane0_hs_detect/I_clk  |           |                                                     u_PLL/bufg_feedback_auto_created_sclk_s_1_r_bk1                                                     |            1             
RUN-1001 :    2    |                               S_hdmi_pixel_clk_syn_654                                |                               S_hdmi_pixel_clk_syn_654                                |           |                                              S_hdmi_pixel_clk_created_gclkinst_auto_created_sclk_s_1_r_bk2                                              |           664            
RUN-1001 :    3    |    u_isp_top/u_rgb96_downscale_crop/u_scale_line_buffer/ram_f84573da5ab5_Inst/clkb    |    u_isp_top/u_rgb96_downscale_crop/u_scale_line_buffer/ram_f84573da5ab5_Inst/clkb    |           |                          u_mipi_dphy_rx_ph1p_mipiio_wrapper/u_ph1p_mipiio_rx_wrapper/bufg_feedback_auto_created_sclk_s_1_r_bk3                          |           638            
RUN-1001 :    4    |  u_ph1p35_324_ddr_wrapper/u_ddr2/ph1p_ddrmc_wrapper/ph1p_ddrmc_top/u_alc_mc_top/clk   |  u_ph1p35_324_ddr_wrapper/u_ddr2/ph1p_ddrmc_wrapper/ph1p_ddrmc_top/u_alc_mc_top/clk   |           |  u_ph1p35_324_ddr_wrapper/u_ddr2/ph1p_ddrmc_wrapper/ph1p_ddrmc_top/u_ddr_phy/u_ddrphy_top/u_ddrphy_clk/u_pll1/u_bufg_fbclk_auto_created_sclk_s_1_r_bk4  |            60            
RUN-1001 :    5    |           u_hdmi_tx/u_hdmi2phy_wrapper/u0_lane_lvds_8_1/I_serial_clk_syn_1            |           u_hdmi_tx/u_hdmi2phy_wrapper/u0_lane_lvds_8_1/I_serial_clk_syn_1            |           |                         u_hdmi_tx/u_hdmi2phy_wrapper/u0_lane_lvds_8_1/I_serial_clk_created_gclkinst_auto_created_sclk_s_1_r_bk5                         |            36            
RUN-1001 :    6    |                              u_lens_i2c_ctrl/I_clk_syn_1                              |                              u_lens_i2c_ctrl/I_clk_syn_1                              |           |                                           u_lens_i2c_ctrl/I_clk_created_gclkinst_auto_created_sclk_s_1_r_bk6                                            |            14            
RUN-1001 : -----------------------------------------------------------------------------------------------------------------------------------------------------------------------------------------------------------------------------------------------------------------------------------------------------------------------------------------------------------------------------------------
RUN-1002 : start command "export_db camera_to_dsi_display_pr.db"
RUN-1001 : Exported flow parameters
RUN-1001 : Exported /
RUN-1001 : Exported libs
RUN-1001 : Exported entities
RUN-1001 : Exported ports
RUN-1001 : Exported pins
RUN-1001 : Exported instances
RUN-1001 : Exported nets
RUN-1001 : Exported buses
RUN-1001 : Exported models
RUN-1001 : Exported phy database
RUN-1001 : Exported packer
RUN-1001 : Exported congestions
RUN-1001 : Exported violations
RUN-1001 : Exported ATMR Setting
RUN-1001 : Exported timing constraints
RUN-1001 : Exported IO constraints
RUN-1001 : Exported Inst constraints
RUN-1001 : Exported ChipWatcher
RUN-1003 : finish command "export_db camera_to_dsi_display_pr.db" in  1.570382s wall, 1.890625s user + 0.218750s system = 2.109375s CPU (134.3%)

RUN-1004 : used memory is 1972 MB, reserved memory is 2076 MB, peak memory is 1972 MB
PHY-1001 : Current memory(MB): used = 1972, reserved = 2076, peak = 1972.
PHY-1001 : End export database. 1.659161s wall, 1.937500s user + 0.250000s system = 2.187500s CPU (131.8%)

PHY-1001 : End detail routing;  66.915665s wall, 133.781250s user + 3.421875s system = 137.203125s CPU (205.0%)

PHY-1001 : End Stage 2 | Detail Routing; Time: 66.915781s wall, 133.781250s user + 3.421875s system = 137.203125s CPU (205.0%); Memory(MB): used = 1972, reserved = 2076, peak = 1972;

RUN-1002 : start command "fix_hold"

PHY-1001 : Stage 3 | Hold Fix
PHY-1001 : Stage 3.1 | Load Design Data
PHY-1034 : Refresh detailed routing grids ...
PHY-1001 : Generate nets ...
PHY-1001 : eco open net = 0
PHY-1001 : End Stage 3.1 | Load Design Data; Time: 0.508439s wall, 0.453125s user + 0.046875s system = 0.500000s CPU (98.3%); Memory(MB): used = 1972, reserved = 2076, peak = 1972;

PHY-1001 : Stage 3.2 | Hold Fix Optimization
RUN-1002 : start command "start_timer"
RUN-1003 : finish command "start_timer" in  2.212211s wall, 2.078125s user + 0.140625s system = 2.218750s CPU (100.3%)

RUN-1004 : used memory is 1971 MB, reserved memory is 2076 MB, peak memory is 1972 MB
PHY-1001 : Timing info: SWNS 0.101ns | STNS 0.000ns | HWNS -0.117ns | HTNS -0.476ns.
PHY-1001 : Processing hold violation on 10 end-point, worst slack = -117ps, best slack = 1ps.
PHY-1001 : End timing refresh.  6.762874s wall, 6.609375s user + 0.140625s system = 6.750000s CPU (99.8%)

PHY-1001 : Stage 3.2.1 | Phase 1
PHY-1001 : Stage 3.2.1.1 | Hold Fix By LutBridge
PHY-1001 : len = 3.16206e+06, over cnt = 0(0%), over = 0, worst = 0, crit = 0
PHY-1001 : Bridge count = 0; unresolved count = 0.
PHY-1001 : 0 out of 10 ((0.00)%) EP fixed by LB.
PHY-1001 : End Stage 3.2.1.1 | Hold Fix By LutBridge; Time: 0.514873s wall, 0.515625s user + 0.000000s system = 0.515625s CPU (100.1%); Memory(MB): used = 1972, reserved = 2076, peak = 1972;

PHY-1001 : Timing info: SWNS 0.101ns | STNS 0.000ns | HWNS 0.020ns | HTNS 0.000ns.
PHY-1001 : End timing refresh.  0.122877s wall, 0.125000s user + 0.000000s system = 0.125000s CPU (101.7%)

PHY-1001 : End Stage 3.2.1 | Phase 1; Time: 0.679195s wall, 0.687500s user + 0.000000s system = 0.687500s CPU (101.2%); Memory(MB): used = 1971, reserved = 2076, peak = 1972;

PHY-1001 : End Stage 3.2 | Hold Fix Optimization; Time: 7.443127s wall, 7.296875s user + 0.140625s system = 7.437500s CPU (99.9%); Memory(MB): used = 1971, reserved = 2076, peak = 1972;

PHY-1001 : End Stage 3 | Hold Fix; Time: 8.159541s wall, 7.953125s user + 0.187500s system = 8.140625s CPU (99.8%); Memory(MB): used = 1972, reserved = 2076, peak = 1972;

RUN-1003 : finish command "fix_hold" in  8.197159s wall, 8.000000s user + 0.187500s system = 8.187500s CPU (99.9%)

RUN-1004 : used memory is 1972 MB, reserved memory is 2076 MB, peak memory is 1972 MB
PHY-1001 : Stage 4 | Report Route Qor
RUN-1002 : start command "report_qor -step route -file route.qor"
RUN-1002 : start command "start_timer"
RUN-1003 : finish command "start_timer" in  2.187403s wall, 2.171875s user + 0.000000s system = 2.171875s CPU (99.3%)

RUN-1004 : used memory is 1972 MB, reserved memory is 2076 MB, peak memory is 1972 MB
-----------------------------------------------------------
| QoR metrics               |         value               |
-----------------------------------------------------------
| Timing                    |                             |
|     Setup WNS             |          101                |
|     Setup TNS             |            0                |
|     Num of violated S-EP  |            0                |
|     Hold WNS              |           20                |
|     Hold TNS              |            0                |
|     Num of violated H-EP  |            0                |
-----------------------------------------------------------
| Routing Resource          |                             |
|     Wire length           |      3162064                |
-----------------------------------------------------------
| Utilization               |                             |
|     #slices               |        13902                |
|     slices percentage     |       65.53%                |
|     #RAMs                 |           50                |
|     #DSPs                 |            8                |
|     #DRAMHARDCON          |           37                |
-----------------------------------------------------------
Report route stage QoR done.

RUN-1003 : finish command "report_qor -step route -file route.qor" in  6.749896s wall, 6.734375s user + 0.000000s system = 6.734375s CPU (99.8%)

RUN-1004 : used memory is 1972 MB, reserved memory is 2076 MB, peak memory is 1972 MB
RUN-1002 : start command "update_timing -mode final"
RUN-1002 : start command "start_timer"
RUN-1003 : finish command "start_timer" in  2.201981s wall, 2.203125s user + 0.000000s system = 2.203125s CPU (100.1%)

RUN-1004 : used memory is 1971 MB, reserved memory is 2076 MB, peak memory is 1972 MB
RUN-1003 : finish command "update_timing -mode final" in  6.672584s wall, 6.640625s user + 0.000000s system = 6.640625s CPU (99.5%)

RUN-1004 : used memory is 1972 MB, reserved memory is 2076 MB, peak memory is 1972 MB
RUN-1002 : start command "report_timing_summary -file final_timing.rpt"
OPT-1001 : QoR tracer report on route step:
    SWNS [   incr ]    STNS [   incr ]  S-FEPS [   incr ]    HWNS [   incr ]      HTNS [     incr ]    H-FEPS [     incr ]    CELL [   incr ]       WL [    incr ]   RT(s) [   incr ]   MEM(mb) [     incr ]
     205 [      0 ]       0 [      0 ]       0 [      0 ]    -166 [      0 ]     -9125 [        0 ]       224 [        0 ]   14454 [      0 ]  2899584 [       0 ]      41 [      0 ]      1858 [        0 ] : dr_initialization
     205 [      0 ]       0 [      0 ]       0 [      0 ]       7 [    173 ]         0 [     9125 ]         0 [     -224 ]   14454 [      0 ]  2928592 [   29008 ]      49 [      8 ]      1860 [        2 ] : dr_timing_opt_phase1
    -154 [   -359 ]    -227 [   -227 ]       4 [      4 ]    -103 [   -110 ]     -1062 [    -1062 ]        31 [       31 ]   14454 [      0 ]  3156592 [  228000 ]      68 [     19 ]      1892 [       32 ] : dr_opt_phase1
     101 [    255 ]       0 [    227 ]       0 [     -4 ]      20 [    123 ]         0 [     1062 ]         0 [      -31 ]   14454 [      0 ]  3162912 [    6320 ]      70 [      2 ]      1892 [        0 ] : dr_timing_opt_phase2
    -154 [   -255 ]    -154 [   -154 ]       1 [      1 ]    -117 [   -137 ]      -485 [     -485 ]         9 [        9 ]   14454 [      0 ]  3160496 [   -2416 ]      71 [      1 ]      1892 [        0 ] : dr_opt_phase2
     101 [    255 ]       0 [    154 ]       0 [     -1 ]      20 [    137 ]         0 [      485 ]         0 [       -9 ]   14454 [      0 ]  3162144 [    1648 ]      72 [      1 ]      1892 [        0 ] : dr_timing_opt_phase3
     101 [      0 ]       0 [      0 ]       0 [      0 ]    -117 [   -137 ]      -476 [     -476 ]         9 [        9 ]   14454 [      0 ]  3161040 [   -1104 ]      73 [      1 ]      1892 [        0 ] : dr_opt_phase3
     101 [      0 ]       0 [      0 ]       0 [      0 ]    -117 [      0 ]      -476 [        0 ]         9 [        0 ]   14454 [      0 ]  3161040 [       0 ]      73 [      0 ]      1894 [        2 ] : multi_try_opt
     101 [      0 ]       0 [      0 ]       0 [      0 ]      20 [    137 ]         0 [      476 ]         0 [       -9 ]   14454 [      0 ]  3162064 [    1024 ]      83 [     10 ]      1972 [       78 ] : fix_hold_opt

PHY-1001 : End Stage 4 | Report Route Qor; Time: 13.641809s wall, 13.578125s user + 0.015625s system = 13.593750s CPU (99.6%); Memory(MB): used = 1972, reserved = 2076, peak = 1972;

PHY-1001 : Stage 5 | Routing DRC
PHY-1001 : Stage 5.1 | Check And Add Lut-bridge
PHY-1001 : End Stage 5.1 | Check And Add Lut-bridge; Time: 0.120755s wall, 0.109375s user + 0.015625s system = 0.125000s CPU (103.5%); Memory(MB): used = 1972, reserved = 2076, peak = 1972;

PHY-1001 : Stage 5.2 | Lut Bridge Check
PHY-1001 : End Stage 5.2 | Lut Bridge Check; Time: 0.266725s wall, 0.265625s user + 0.000000s system = 0.265625s CPU (99.6%); Memory(MB): used = 1972, reserved = 2076, peak = 1972;

PHY-1001 : Stage 5.3 | Physical Net Status Check
PHY-1001 : End Stage 5.3 | Physical Net Status Check; Time: 0.072644s wall, 0.078125s user + 0.000000s system = 0.078125s CPU (107.5%); Memory(MB): used = 1972, reserved = 2076, peak = 1972;

PHY-1001 : Start multi-drive drc check......
PHY-1001 : No multi-drive.
PHY-1001 : Stage 5.4 | Clock Net Status Check
PHY-1001 : 4 clock net(s) utilize local routing resource.
PHY-5079 CRITICAL-WARNING: Marked 1 clock net(s) utilize the local routing resources. Please check log message and the sinks of clock nets.
RUN-1001 : CTS Local Wire Summary
RUN-1001 : ----------------------------------------------------------------------------------------------------------------------------------------------------------------------
RUN-1001 :         ClockName         |   DriverType    |  Clock/Fanout  |  LocalWireNum  |                                  NetName                                   |  Marked  
RUN-1001 : ----------------------------------------------------------------------------------------------------------------------------------------------------------------------
RUN-1001 :   config_inst.cwc_tck_o   |  AL_PHY_CONFIG  |      1/1       |       10       |                                  cwc_jtck                                  |    -     
RUN-1001 :             -             |  AL_PHY_LSLICE  |      1/3       |       16       |                      u_uicfgcs500/uii2c_inst/scl_clk                       |    -     
RUN-1001 :             -             |  AL_PHY_LSLICE  |      1/3       |       13       |                     u_lens_i2c_ctrl/u_lens_i2c/scl_clk                     |    -     
RUN-1001 :        pll_clk_24m        |   AL_PHY_SCLK   |      0/1       |       3        |  O_cam_24m_dup_1_created_gclkinst_auto_created_sclk_s_0_l_bk6_sclk_outnet  |   true   
RUN-1001 : ----------------------------------------------------------------------------------------------------------------------------------------------------------------------
PHY-5088 WARNING: Clock_Analyzer: Detected 2 buffer(s) clkin net because they drive non-clock sinks. Run "analyze_clock -detail" for more infomation.
PHY-5088 WARNING: Clock_Analyzer: Detected 1 buffer(s) clkout net because they drive non-clock sinks. Run "analyze_clock -detail" for more infomation.
PHY-5088 WARNING: Clock_Analyzer: 3 clock-net(s) because they drive other clock net, may cause clock skew. Run "analyze_clock -detail" for more infomation.
PHY-1001 : End Stage 5.4 | Clock Net Status Check; Time: 0.097175s wall, 0.093750s user + 0.000000s system = 0.093750s CPU (96.5%); Memory(MB): used = 1972, reserved = 2076, peak = 1972;

PHY-1001 : Stage 5.5 | Abnormal Timing Path check
PHY-1001 : No abnormal timing path.
PHY-1001 : End Stage 5.5 | Abnormal Timing Path check; Time: 0.297951s wall, 0.296875s user + 0.000000s system = 0.296875s CPU (99.6%); Memory(MB): used = 1972, reserved = 2076, peak = 1972;

PHY-1001 : Stage 5.6 | Bound Check
PHY-1001 : Check Pass.
PHY-1001 : End Stage 5.6 | Bound Check; Time: 0.004484s wall, 0.000000s user + 0.000000s system = 0.000000s CPU (n/a%); Memory(MB): used = 1972, reserved = 2076, peak = 1972;

PHY-1001 : End Stage 5 | Routing DRC; Time: 0.923823s wall, 0.921875s user + 0.015625s system = 0.937500s CPU (101.5%); Memory(MB): used = 1972, reserved = 2076, peak = 1972;

RUN-1003 : finish command "route" in  98.494015s wall, 165.781250s user + 4.062500s system = 169.843750s CPU (172.4%)

RUN-1004 : used memory is 1972 MB, reserved memory is 2076 MB, peak memory is 1972 MB
RUN-1002 : start command "report_area -io_info -file camera_to_dsi_display_phy.area"
SYN-4034 : The count of slices with lut is 7579.
SYN-4035 : The count of slices with lut+ripple is 3321.
RUN-1001 : standard
***Report Model: design_top_wrapper Device: PH1P35MDG324***

Design Statistics
#IO                        70   out of    160   43.75%
  #input                    9
  #output                  37
  #inout                   24
#lut6                   11316   out of  21216   53.34%
#reg                    15060
  #slice reg            15060   out of  42432   35.49%
  #pad reg                  0

Utilization Statistics
#slice                  13902   out of  21216   65.53%
  #used ram               416
    #dram lut             296
    #shifter lut          120
  #used logic           13486
    #with luts           7579
    #with adder          3321
    #reg only            2586
#feedthrough             2562
#f7mux                      0   out of  10608    0.00%
#f8mux                      0   out of   5304    0.00%
#eram                      50   out of    108   46.30%
  #eram20k                 50
  #fifo20k                  0
#dsp                        8   out of     40   20.00%
#mcu                        1   out of      1  100.00%
#ddr_byte                   6   out of     12   50.00%
#mipi_tx                    0   out of      2    0.00%
#mipi_rx                    1   out of      2   50.00%
#pad                       29   out of    160   18.12%
#pll                        3   out of      6   50.00%
#gclk                      14   out of     32   43.75%
#lclk                       0   out of     12    0.00%
#sclk                      27   out of     48   56.25%
#mlclk                      2   out of      6   33.33%
#ioclk                      4   out of     18   22.22%


DataNet Average Fanout:

   Index     Fanout     Nets   
    #1          1       21304  
    #2          2       7676   
    #3          3       1090   
    #4          4        699   
    #5        5-10      1801   
    #6        11-50      472   
    #7       51-100      39    
    #8       101-500      1    
  Average     2.03             

RUN-1002 : start command "update_timing -mode final"
RUN-1002 : start command "start_timer"
RUN-1003 : finish command "start_timer" in  2.188925s wall, 2.187500s user + 0.000000s system = 2.187500s CPU (99.9%)

RUN-1004 : used memory is 1972 MB, reserved memory is 2076 MB, peak memory is 1972 MB
RUN-1003 : finish command "update_timing -mode final" in  6.892099s wall, 6.453125s user + 0.187500s system = 6.640625s CPU (96.4%)

RUN-1004 : used memory is 1972 MB, reserved memory is 2076 MB, peak memory is 1972 MB
RUN-1002 : start command "report_timing_status -file camera_to_dsi_display_phy.ts"
RUN-1002 : start command "report_timing_summary -file camera_to_dsi_display_pr.timing"
RUN-1002 : start command "report_timing_exception -file camera_to_dsi_display_exception.timing"
RUN-1002 : start command "flow_status -file route_flow.status"
Location         : D:\2026fpga\lab_hd_1_mipi_hdmi\td_project\camera_to_dsi_display_Runs\phy_1
Running with     : Tang Dynasty v6.2.168116
                   Copyright (c) 2012-2025 Anlogic Inc.
Top Model        : design_top_wrapper
Device           : PH1P35MDG324
Speed            : 3

Timing Mode      : final
Setup            : WNS   101ps  TNS        0ps  NUM_FEPS     0
Hold             : WNS    20ps  TNS        0ps  NUM_FEPS     0

Flow Statistics  :
RUN-1001 : Flow Statistics:
RUN-1001 : ---------------------------------------------------------------------------------------------------
RUN-1001 :      command     |  #calls  |  wall time   |  cpu time(s)  |  used memory(mb)  |  peak memory(mb)  
RUN-1001 : ---------------------------------------------------------------------------------------------------
RUN-1001 :       place      |    1     |  2m29s(59%)  |   464(73%)    |       1245        |       1245        
RUN-1001 :       route      |    1     |  1m30s(36%)  |   161(25%)    |       1972        |       1972        
RUN-1001 :     fix_hold     |    1     |    8s(3%)    |     8(1%)     |       1972        |       1972        
RUN-1001 :   import_device  |    1     |    2s(0%)    |     1(0%)     |        325        |        325        
RUN-1001 :     import_db    |    3     |    1s(0%)    |     0(0%)     |        808        |        808        
RUN-1001 :       pack       |    1     |    0s(0%)    |     0(0%)     |        808        |        808        
RUN-1001 : ---------------------------------------------------------------------------------------------------
RUN-1001 :       total      |    8     |    4m10s     |      634      |       1972        |       1972        
RUN-1001 : ---------------------------------------------------------------------------------------------------
RUN-1002 : start command "report_clock_utilization -file route_clock_utilization.txt"
RUN-1002 : start command "export_db camera_to_dsi_display_pr.db"
RUN-1001 : Exported flow parameters
RUN-1001 : Exported /
RUN-1001 : Exported libs
RUN-1001 : Exported entities
RUN-1001 : Exported ports
RUN-1001 : Exported pins
RUN-1001 : Exported instances
RUN-1001 : Exported nets
RUN-1001 : Exported buses
RUN-1001 : Exported models
RUN-1001 : Exported phy database
RUN-1001 : Exported packer
RUN-1001 : Exported congestions
RUN-1001 : Exported violations
RUN-1001 : Exported ATMR Setting
RUN-1001 : Exported timing constraints
RUN-1001 : Exported IO constraints
RUN-1001 : Exported Inst constraints
RUN-1001 : Exported ChipWatcher
RUN-1003 : finish command "export_db camera_to_dsi_display_pr.db" in  1.508441s wall, 2.140625s user + 0.015625s system = 2.156250s CPU (142.9%)

RUN-1004 : used memory is 1974 MB, reserved memory is 2076 MB, peak memory is 1974 MB
RUN-1002 : start command "commit_param -step bitgen"
RUN-1001 : Print Global Property
RUN-1001 : -------------------------------------------------------------
RUN-1001 :     Parameters    |   Settings   |  Default Values  |  Note  
RUN-1001 : -------------------------------------------------------------
RUN-1001 :    enable_seed    |     off      |       off        |        
RUN-1001 :    hfn_to_clock   |  1000000000  |    1000000000    |        
RUN-1001 :      message      |   standard   |     standard     |        
RUN-1001 :    qor_monitor    |      on      |        on        |        
RUN-1001 :   speedup_effort  |      0       |        0         |        
RUN-1001 :    syn_ip_flow    |     off      |       off        |        
RUN-1001 :       thread      |      32      |       auto       |   *    
RUN-1001 : -------------------------------------------------------------
RUN-1002 : start command "set_param bitgen compress on"
RUN-1001 : Print Bitgen Property
RUN-1001 : -------------------------------------------------------------
RUN-1001 :      Parameters     |  Settings  |  Default Values  |  Note  
RUN-1001 : -------------------------------------------------------------
RUN-1001 :         bin         |    off     |       off        |        
RUN-1001 :       compress      |     on     |       off        |   *    
RUN-1001 :       gen_mask      |    off     |       off        |        
RUN-1001 :      max_stream     |     on     |        on        |        
RUN-1001 :      time_info      |     on     |        on        |        
RUN-1001 :   unused_io_status  |   pullup   |      pullup      |        
RUN-1001 :       version       |    0x00    |       0x00       |        
RUN-1001 : -------------------------------------------------------------
RUN-1002 : start command "bitgen -bit camera_to_dsi_display.bit"
RUN-1002 : start command "export_bid camera_to_dsi_display_inst.bid"
BIT-1003 : Start to generate bitstream. 
BIT-1002 : Bitgen processed 3 pll_pd instances.
BIT-1002 : Init instances with 32 threads.
BIT-1002 : Init instances completely, inst num: 14452
BIT-1002 : Init pips with 32 threads.
BIT-1002 : Init pips completely, net num: 24298, pip num: 226791
BIT-1002 : Init feedthrough with 32 threads.
BIT-1002 : Init feedthrough completely, num: 2562
BIT-1003 : Multithreading accelaration with 32 threads.
BIT-1003 : Generate bitstream completely, there are 761569 bits set as '1'.
PRG-1501 : Bit compressed, frame number changed from 3481 to 3476, ratio 0.14%
BIT-1004 : Generate file camera_to_dsi_display_compress.bit.
BIT-1004 : Generate file camera_to_dsi_display.bit.
RUN-1003 : finish command "bitgen -bit camera_to_dsi_display.bit" in  4.913105s wall, 56.328125s user + 1.890625s system = 58.218750s CPU (1185.0%)

RUN-1004 : used memory is 1974 MB, reserved memory is 2076 MB, peak memory is 1975 MB
RUN-1002 : start command "setup_debugger ../../chip_debugger"
KIT-1004 : Update chipwatcher trigger condition
KIT-1004 : Generate chipwatcher configuration file: cw/compiled.cwc
KIT-1004 : Generate chipwatcher bit file: cw/compiled.bit
RUN-1002 : start command "export_bitgen_param -file .bitgen_param.f"
RUN-1002 : start command "export_flow_status -s opt_place -e bitgen"
RUN-1002 : start command "flow_status"

Location         : D:\2026fpga\lab_hd_1_mipi_hdmi\td_project\camera_to_dsi_display_Runs\phy_1
Running with     : Tang Dynasty v6.2.168116
                   Copyright (c) 2012-2025 Anlogic Inc.
Top Model        : design_top_wrapper
Device           : PH1P35MDG324
Speed            : 3

Timing Mode      : final
Setup            : WNS   101ps  TNS        0ps  NUM_FEPS     0
Hold             : WNS    20ps  TNS        0ps  NUM_FEPS     0

RUN-1001 : Flow Statistics:
RUN-1001 : ---------------------------------------------------------------------------------------------------
RUN-1001 :      command     |  #calls  |  wall time   |  cpu time(s)  |  used memory(mb)  |  peak memory(mb)  
RUN-1001 : ---------------------------------------------------------------------------------------------------
RUN-1001 :       place      |    1     |  2m29s(58%)  |   464(67%)    |       1245        |       1245        
RUN-1001 :       route      |    1     |  1m30s(35%)  |   161(23%)    |       1972        |       1972        
RUN-1001 :     fix_hold     |    1     |    8s(3%)    |     8(1%)     |       1972        |       1972        
RUN-1001 :      bitgen      |    1     |    4s(1%)    |    57(8%)     |       1974        |       1975        
RUN-1001 :   import_device  |    1     |    2s(0%)    |     1(0%)     |        325        |        325        
RUN-1001 :     import_db    |    3     |    1s(0%)    |     0(0%)     |        808        |        808        
RUN-1001 :       pack       |    1     |    0s(0%)    |     0(0%)     |        808        |        808        
RUN-1001 : ---------------------------------------------------------------------------------------------------
RUN-1001 :       total      |    9     |    4m14s     |      691      |       1974        |       1975        
RUN-1001 : ---------------------------------------------------------------------------------------------------

