============================================================
   Tang Dynasty, V6.2.168116
   Copyright (c) 2012-2025 Anlogic Inc.
   Executable = F:/AnlogicFpga/TD_6.2.1_Engineer_6.2.168.116/bin/td_commands_prompt.exe
   Built at =   16:32:07 Jun 12 2025
   Run by =     pc
   Run Date =   Tue Sep 15 16:28:27 2026

   Run on =     CIRBUG
============================================================
RUN-1002 : start command "import_device ph1_35p.db -package PH1P35MDG324 -speed 3"
ARC-1001 : Device Initialization.
ARC-1001 : ----------------------------------------------------------------
ARC-1001 :           OPTION          |          IO           |   SETTING   
ARC-1001 : ----------------------------------------------------------------
ARC-1001 :   non_jtag_persist(none)  |        35 IOs         |    gpio    
ARC-1001 :            jtag           |  P13/P15/L14/R13/T13  |  dedicate  
ARC-1001 : ----------------------------------------------------------------
RUN-1003 : finish command "import_device ph1_35p.db -package PH1P35MDG324 -speed 3" in  2.688511s wall, 2.296875s user + 0.078125s system = 2.375000s CPU (88.3%)

RUN-1004 : used memory is 323 MB, reserved memory is 321 MB, peak memory is 323 MB
RUN-1002 : start command "open_project camera_to_dsi_display.prj -noanalyze"
RUN-1002 : start command "import_db ../syn_1/camera_to_dsi_display_gate.db"
RUN-1001 : Importing database generated by Tang Dynasty, V6.2.168116.
RUN-1001 : Database version number 46207
RUN-1001 : Import flow parameters
RUN-1001 : Import netlist
RUN-1001 : Import timing constraints
RUN-1001 : Import IO constraints
RUN-1001 : Import Inst constraints
RUN-1001 : Import ChipWatcher
RUN-1001 : Import design success TD_VERSION=6.2.168116 , DB_VERSION=46207
RUN-1002 : start command "commit_param -step place"
RUN-1001 : Print Global Property
RUN-1001 : -------------------------------------------------------------
RUN-1001 :     Parameters    |   Settings   |  Default Values  |  Note  
RUN-1001 : -------------------------------------------------------------
RUN-1001 :    enable_seed    |     off      |       off        |        
RUN-1001 :    hfn_to_clock   |  1000000000  |    1000000000    |        
RUN-1001 :      message      |   standard   |     standard     |        
RUN-1001 :    qor_monitor    |      on      |        on        |        
RUN-1001 :   speedup_effort  |      0       |        0         |        
RUN-1001 :    syn_ip_flow    |     off      |       off        |        
RUN-1001 :       thread      |     auto     |       auto       |        
RUN-1001 : -------------------------------------------------------------
RUN-1001 : Print Place Property
RUN-1001 : ---------------------------------------------------------------
RUN-1001 :       Parameters      |  Settings  |  Default Values  |  Note  
RUN-1001 : ---------------------------------------------------------------
RUN-1001 :         effort        |   medium   |      medium      |        
RUN-1001 :     hfn_opt_effort    |   medium   |      medium      |        
RUN-1001 :    logic_level_opt    |    off     |       off        |        
RUN-1001 :   macro_performance   |    auto    |       auto       |        
RUN-1001 :       max_fanout      |   999999   |      999999      |        
RUN-1001 :       opt_timing      |   medium   |      medium      |        
RUN-1001 :     post_place_opt    |    auto    |       auto       |        
RUN-1001 :      pr_strategy      |     1      |        1         |        
RUN-1001 :   preplace_floorplan  |    off     |       off        |        
RUN-1001 : ---------------------------------------------------------------
RUN-1002 : start command "insert_debugger"
RUN-1002 : start command "place"
RUN-1001 : Open license file F:/AnlogicFpga/TD_6.2.1_Engineer_6.2.168.116/license/Anlogic.lic
PHY-3001 : Placer runs in 32 thread(s).
PHY-1001 : Stage 1 | Initialize Design
PHY-1001 : Stage 1.1 | Build Design
PHY-1001 : 9421 luts, 13647 seqs, 408 mslices, 3007 lslices, 54 pads, 40 brams, 8 dsps
RUN-1002 : start command "legalize_phy_inst"
SYN-1011 : Flatten model design_top_wrapper
SYN-1001 : ADC: Instance "u_ph1p35_324_ddr_wrapper/u_ddr2/ph1p_ddrmc_wrapper/ph1p_ddrmc_top/u_ddr_phy/u_ddrphy_top/u_ddrphy/ac_byte[0]$ac_byte_used$u_ddrphy_ac_byte_wrapper/u_ddrphy_byte" LOCATION="X0Y70Z0"
SYN-1001 : ADC: Instance "u_ph1p35_324_ddr_wrapper/u_ddr2/ph1p_ddrmc_wrapper/ph1p_ddrmc_top/u_ddr_phy/u_ddrphy_top/u_ddrphy/ac_byte[1]$ac_byte_used$u_ddrphy_ac_byte_wrapper/u_ddrphy_byte" LOCATION="X0Y60Z0"
SYN-1001 : ADC: Instance "u_ph1p35_324_ddr_wrapper/u_ddr2/ph1p_ddrmc_wrapper/ph1p_ddrmc_top/u_ddr_phy/u_ddrphy_top/u_ddrphy/ac_byte[2]$ac_byte_used$u_ddrphy_ac_byte_wrapper/u_ddrphy_byte" LOCATION="X0Y50Z0"
SYN-1001 : ADC: Instance "u_ph1p35_324_ddr_wrapper/u_ddr2/ph1p_ddrmc_wrapper/ph1p_ddrmc_top/u_ddr_phy/u_ddrphy_top/u_ddrphy/ac_byte[3]$ac_byte_used$u_ddrphy_ac_byte_wrapper/u_ddrphy_byte" LOCATION="X0Y40Z0"
SYN-1001 : ADC: Instance "u_ph1p35_324_ddr_wrapper/u_ddr2/ph1p_ddrmc_wrapper/ph1p_ddrmc_top/u_ddr_phy/u_ddrphy_top/u_ddrphy/bkref[0]$u_ddrphy_bankref" LOCATION="X0Y19Z0"
SYN-1001 : ADC: Instance "u_ph1p35_324_ddr_wrapper/u_ddr2/ph1p_ddrmc_wrapper/ph1p_ddrmc_top/u_ddr_phy/u_ddrphy_top/u_ddrphy/bkref[1]$u_ddrphy_bankref" LOCATION="X0Y59Z0"
SYN-1001 : ADC: Instance "u_ph1p35_324_ddr_wrapper/u_ddr2/ph1p_ddrmc_wrapper/ph1p_ddrmc_top/u_ddr_phy/u_ddrphy_top/u_ddrphy/dx_byte[0]$dx_byte_used$u_ddrphy_dx_byte_wrapper/u_ddrphy_byte" LOCATION="X0Y30Z0"
SYN-1001 : ADC: Instance "u_ph1p35_324_ddr_wrapper/u_ddr2/ph1p_ddrmc_wrapper/ph1p_ddrmc_top/u_ddr_phy/u_ddrphy_top/u_ddrphy/dx_byte[1]$dx_byte_used$u_ddrphy_dx_byte_wrapper/u_ddrphy_byte" LOCATION="X0Y10Z0"
SYN-1001 : ADC: Instance "u_ph1p35_324_ddr_wrapper/u_ddr2/ph1p_ddrmc_wrapper/ph1p_ddrmc_top/u_ddr_phy/u_ddrphy_top/u_ddrphy_clk/ioclk[0]$u_ioclk_0" LOCATION="X0Y59Z0"
SYN-1001 : ADC: Instance "u_ph1p35_324_ddr_wrapper/u_ddr2/ph1p_ddrmc_wrapper/ph1p_ddrmc_top/u_ddr_phy/u_ddrphy_top/u_ddrphy_clk/ioclk[0]$u_ioclk_1" LOCATION="X0Y59Z1"
SYN-1001 : ADC: Instance "u_ph1p35_324_ddr_wrapper/u_ddr2/ph1p_ddrmc_wrapper/ph1p_ddrmc_top/u_ddr_phy/u_ddrphy_top/u_ddrphy_clk/ioclk[1]$u_ioclk_0" LOCATION="X0Y19Z0"
SYN-1001 : ADC: Instance "u_ph1p35_324_ddr_wrapper/u_ddr2/ph1p_ddrmc_wrapper/ph1p_ddrmc_top/u_ddr_phy/u_ddrphy_top/u_ddrphy_clk/ioclk[1]$u_ioclk_1" LOCATION="X0Y19Z1"
SYN-1001 : ADC: Instance "u_ph1p35_324_ddr_wrapper/u_ddr2/ph1p_ddrmc_wrapper/ph1p_ddrmc_top/u_ddr_phy/u_ddrphy_top/u_ddrphy_clk/u_mlclk_1" LOCATION="X0Y59Z0"
SYN-1001 : ADC: Instance "u_ph1p35_324_ddr_wrapper/u_ddr2/ph1p_ddrmc_wrapper/ph1p_ddrmc_top/u_ddr_phy/u_ddrphy_top/u_ddrphy_clk/u_mlclk_2" LOCATION="X0Y59Z1"
SYN-1001 : ADC: Instance "u_ph1p35_324_ddr_wrapper/u_ddr2/ph1p_ddrmc_wrapper/ph1p_ddrmc_top/u_ddr_phy/u_ddrphy_top/u_ddrphy_clk/u_pll0/u_pll_inst" LOCATION="X0Y40Z0"
SYN-1001 : ADC: Instance "u_ph1p35_324_ddr_wrapper/u_ddr2/ph1p_ddrmc_wrapper/ph1p_ddrmc_top/u_ddr_phy/u_ddrphy_top/u_ddrphy_clk/u_pll1/u_pll_inst" LOCATION="X0Y79Z0"
PHY-1001 : Remove keep and sweep redundant instances ...
PHY-1001 : 9110 luts, 13305 seqs, 408 mslices, 2976 lslices, 54 pads, 40 brams, 8 dsps
PHY-1001 : End Stage 1.1 | Build Design; Time: 0.619872s wall, 0.609375s user + 0.000000s system = 0.609375s CPU (98.3%); Memory(MB): used = 513, reserved = 510, peak = 513;

PHY-1001 : Stage 1.2 | Optimize Design
OPT-1001 : Stage 1.2.1 | Simplify Lut
OPT-1001 : End Stage 1.2.1 | Simplify Lut; Time: 0.091682s wall, 0.093750s user + 0.000000s system = 0.093750s CPU (102.3%); Memory(MB): used = 513, reserved = 510, peak = 513;

OPT-1001 : Stage 1.2.2 | Sweep
OPT-1001 : End Stage 1.2.2 | Sweep; Time: 0.030564s wall, 0.015625s user + 0.000000s system = 0.015625s CPU (51.1%); Memory(MB): used = 513, reserved = 510, peak = 513;

OPT-1001 : Stage 1.2.3 | Merge Lut
OPT-1001 : Start remap optimization ...
RUN-1001 :   Added 0 lut1 for undup drivers
OPT-1001 : skip lut merge since lut number 9108 is similar to or less than reg number 13305
OPT-1001 : End Stage 1.2.3 | Merge Lut; Time: 0.048648s wall, 0.046875s user + 0.000000s system = 0.046875s CPU (96.4%); Memory(MB): used = 513, reserved = 510, peak = 513;

OPT-1001 : Stage 1.2.4 | Synthesize High-fanout Net
OPT-1001 : Start high-fanout net optimization in pre-place flow with medium effort ...
RUN-1001 : HFN opt statistic
RUN-1001 : ------------------------------------------------------
RUN-1001 :   DriverCell type  |  HFN count  |  Duplicated count  
RUN-1001 : ------------------------------------------------------
RUN-1001 :       LSLICE       |      0      |         0          
RUN-1001 :       MSLICE       |      0      |         0          
RUN-1001 :        TOTAL       |      0      |         0          
RUN-1001 : ------------------------------------------------------
OPT-1001 : End high-fanout net optimization;  0.001252s wall, 0.000000s user + 0.000000s system = 0.000000s CPU (n/a%)

OPT-1001 : Current memory(MB): used = 513, reserved = 510, peak = 513.
OPT-1001 : End Stage 1.2.4 | Synthesize High-fanout Net; Time: 0.002356s wall, 0.000000s user + 0.000000s system = 0.000000s CPU (n/a%); Memory(MB): used = 513, reserved = 510, peak = 513;

OPT-1001 : End physical optimization;  0.179551s wall, 0.187500s user + 0.000000s system = 0.187500s CPU (104.4%)

PHY-1001 : End Stage 1.2 | Optimize Design; Time: 0.185180s wall, 0.187500s user + 0.000000s system = 0.187500s CPU (101.3%); Memory(MB): used = 513, reserved = 510, peak = 513;

PHY-1001 : Stage 1.3 | Initialize Clock
PHY-1001 : Start to synthesize physical clock networks.
RUN-1002 : start command "start_timer"
USR-1002 : Derived clock:  create_generated_clock -name {u_PLL/ph1p_phy_pll_wrapper_25a56e5ce2f9_Inst/u_PH1P_PHY_PLL.clkc[0]} -source [get_ports {I_sys_clk}] -master_clock {sys_clk_50m} -multiply_by 2.0000 -duty_cycle 50.0000 [get_pins {u_PLL/ph1p_phy_pll_wrapper_25a56e5ce2f9_Inst/u_PH1P_PHY_PLL.clkc[0]}]
USR-1002 : Derived clock:  create_generated_clock -name {u_PLL/ph1p_phy_pll_wrapper_25a56e5ce2f9_Inst/u_PH1P_PHY_PLL.clkc[1]} -source [get_ports {I_sys_clk}] -master_clock {sys_clk_50m} -divide_by 2.1000 -duty_cycle 50.0000 [get_pins {u_PLL/ph1p_phy_pll_wrapper_25a56e5ce2f9_Inst/u_PH1P_PHY_PLL.clkc[1]}]
USR-1002 : Derived clock:  create_generated_clock -name {u_PLL/ph1p_phy_pll_wrapper_25a56e5ce2f9_Inst/u_PH1P_PHY_PLL.clkc[4]} -source [get_ports {I_sys_clk}] -master_clock {sys_clk_50m} -multiply_by 1.5000 -duty_cycle 50.0000 [get_pins {u_PLL/ph1p_phy_pll_wrapper_25a56e5ce2f9_Inst/u_PH1P_PHY_PLL.clkc[4]}]
USR-1002 : Derived clock:  create_generated_clock -name {u_PLL/ph1p_phy_pll_wrapper_25a56e5ce2f9_Inst/u_PH1P_PHY_PLL.clkc[5]} -source [get_ports {I_sys_clk}] -master_clock {sys_clk_50m} -multiply_by 7.5000 -duty_cycle 50.0000 [get_pins {u_PLL/ph1p_phy_pll_wrapper_25a56e5ce2f9_Inst/u_PH1P_PHY_PLL.clkc[5]}]
USR-1002 : Derived clock:  create_generated_clock -name {u_ph1p35_324_ddr_wrapper/u_ddr2/ph1p_ddrmc_wrapper/ph1p_ddrmc_top/u_ddr_phy/u_ddrphy_top/u_ddrphy_clk/u_pll0/u_pll_inst.clkc[0]} -source [get_ports {I_sys_clk}] -master_clock {sys_clk_50m} -multiply_by 1.3333 -duty_cycle 50.0000 [get_pins {u_ph1p35_324_ddr_wrapper/u_ddr2/ph1p_ddrmc_wrapper/ph1p_ddrmc_top/u_ddr_phy/u_ddrphy_top/u_ddrphy_clk/u_pll0/u_pll_inst.clkc[0]}]
USR-1002 : Derived clock:  create_generated_clock -name {u_ph1p35_324_ddr_wrapper/u_ddr2/ph1p_ddrmc_wrapper/ph1p_ddrmc_top/u_ddr_phy/u_ddrphy_top/u_ddrphy_clk/u_pll0/u_pll_inst.clkc[1]} -source [get_ports {I_sys_clk}] -master_clock {sys_clk_50m} -multiply_by 1.3333 -duty_cycle 50.0000 [get_pins {u_ph1p35_324_ddr_wrapper/u_ddr2/ph1p_ddrmc_wrapper/ph1p_ddrmc_top/u_ddr_phy/u_ddrphy_top/u_ddrphy_clk/u_pll0/u_pll_inst.clkc[1]}]
USR-1002 : Derived clock:  create_generated_clock -name {u_ph1p35_324_ddr_wrapper/u_ddr2/ph1p_ddrmc_wrapper/ph1p_ddrmc_top/u_ddr_phy/u_ddrphy_top/u_ddrphy_clk/u_pll0/u_pll_inst.clkc[2]} -source [get_ports {I_sys_clk}] -master_clock {sys_clk_50m} -multiply_by 5.3333 -duty_cycle 50.0000 [get_pins {u_ph1p35_324_ddr_wrapper/u_ddr2/ph1p_ddrmc_wrapper/ph1p_ddrmc_top/u_ddr_phy/u_ddrphy_top/u_ddrphy_clk/u_pll0/u_pll_inst.clkc[2]}]
USR-1002 : Derived clock:  create_generated_clock -name {u_ph1p35_324_ddr_wrapper/u_ddr2/ph1p_ddrmc_wrapper/ph1p_ddrmc_top/u_ddr_phy/u_ddrphy_top/u_ddrphy_clk/u_pll0/u_pll_inst.clkc[3]} -source [get_ports {I_sys_clk}] -master_clock {sys_clk_50m} -divide_by 1.9687 -duty_cycle 50.0000 [get_pins {u_ph1p35_324_ddr_wrapper/u_ddr2/ph1p_ddrmc_wrapper/ph1p_ddrmc_top/u_ddr_phy/u_ddrphy_top/u_ddrphy_clk/u_pll0/u_pll_inst.clkc[3]}]
USR-1002 : Derived clock:  create_generated_clock -name {u_ph1p35_324_ddr_wrapper/u_ddr2/ph1p_ddrmc_wrapper/ph1p_ddrmc_top/u_ddr_phy/u_ddrphy_top/u_ddrphy_clk/u_pll1/u_pll_inst.clkc[0]} -source [get_pins {u_ph1p35_324_ddr_wrapper/u_ddr2/ph1p_ddrmc_wrapper/ph1p_ddrmc_top/u_ddr_phy/u_ddrphy_top/u_ddrphy_clk/u_pll0/u_pll_inst.clkc[0]}] -master_clock {u_ph1p35_324_ddr_wrapper/u_ddr2/ph1p_ddrmc_wrapper/ph1p_ddrmc_top/u_ddr_phy/u_ddrphy_top/u_ddrphy_clk/u_pll0/u_pll_inst.clkc[0]} -multiply_by 1.0000 -duty_cycle 50.0000 [get_pins {u_ph1p35_324_ddr_wrapper/u_ddr2/ph1p_ddrmc_wrapper/ph1p_ddrmc_top/u_ddr_phy/u_ddrphy_top/u_ddrphy_clk/u_pll1/u_pll_inst.clkc[0]}]
8.888000
15.000000
15.000000
13.333000
RUN-1003 : finish command "start_timer" in  2.708858s wall, 2.609375s user + 0.062500s system = 2.671875s CPU (98.6%)

RUN-1004 : used memory is 684 MB, reserved memory is 678 MB, peak memory is 684 MB
TMR-2502 : Net delay update with mode: Synthesized
PHY-5060 CRITICAL-WARNING: Clock net candidate O_cam_24m_syn_3 has mixed fanouts of 102 clock pins; 1 data/ctrl pins. Please check connection of the net in design.
PHY-5060 CRITICAL-WARNING: Clock net candidate u_uicfgcs500/uii2c_inst/scl_clk has mixed fanouts of 1 clock pins; 2 data/ctrl pins. Please check connection of the net in design.
PHY-1001 : Populate physical database on model design_top_wrapper.
RUN-1001 : There are total 25996 instances
RUN-0007 : 9108 luts, 13305 seqs, 408 mslices, 2976 lslices, 54 pads, 40 brams, 8 dsps
RUN-1001 : There are total 35783 nets
RUN-1001 : 24402 nets have 2 pins
RUN-1001 : 9041 nets have [3 - 5] pins
RUN-1001 : 1672 nets have [6 - 10] pins
RUN-1001 : 388 nets have [11 - 20] pins
RUN-1001 : 241 nets have [21 - 99] pins
RUN-1001 : 39 nets have 100+ pins
PHY-1001 : Start to check user instance location assignments; please refer to ADC constraint.
PHY-1001 : End Stage 1.3 | Initialize Clock; Time: 4.481850s wall, 4.312500s user + 0.062500s system = 4.375000s CPU (97.6%); Memory(MB): used = 767, reserved = 760, peak = 767;

PHY-1001 : End Stage 1 | Initialize Design; Time: 5.336390s wall, 5.156250s user + 0.062500s system = 5.218750s CPU (97.8%); Memory(MB): used = 767, reserved = 760, peak = 767;

PHY-1001 : Stage 2 | Global Placement
RUN-1001 : Report Control nets information:
RUN-1001 : DFF Distribution
RUN-1001 : -------------------------------------
RUN-1001 :   CE   |  SSR  |  ASR  |  DFF Count  
RUN-1001 : -------------------------------------
RUN-1001 :   No   |  No   |  No   |    6778     
RUN-1001 :   No   |  No   |  Yes  |    3569     
RUN-1001 :   No   |  Yes  |  No   |     346     
RUN-1001 :   Yes  |  No   |  No   |     424     
RUN-1001 :   Yes  |  No   |  Yes  |    2266     
RUN-1001 :   Yes  |  Yes  |  No   |     146     
RUN-1001 : -------------------------------------
RUN-1001 : Control Group Statistic
RUN-1001 : -----------------------------
RUN-1001 :   #CLK  |  #CE  |  #SSR/ASR  
RUN-1001 : -----------------------------
RUN-1001 :    9    |  115  |     27     
RUN-1001 : -----------------------------
RUN-0007 : Control Set = 152
PHY-1001 : Stage 2.1 | Place Fixed Instances
PHY-1001 : Processing 2 clock pins of DDR instance u_ph1p35_324_ddr_wrapper/u_ddr2/ph1p_ddrmc_wrapper/ph1p_ddrmc_top/u_ddr_phy/u_ddrphy_top/u_ddrphy/ac_byte[0]$ac_byte_used$u_ddrphy_ac_byte_wrapper/u_ddrphy_byte, location = x0y70z0.
PHY-1001 :   User location X0Y59Z1 of ioclk instance u_ph1p35_324_ddr_wrapper/u_ddr2/ph1p_ddrmc_wrapper/ph1p_ddrmc_top/u_ddr_phy/u_ddrphy_top/u_ddrphy_clk/ioclk[0]$u_ioclk_1.
PHY-1001 :   Placement of ioclk instance u_ph1p35_324_ddr_wrapper/u_ddr2/ph1p_ddrmc_wrapper/ph1p_ddrmc_top/u_ddr_phy/u_ddrphy_top/u_ddrphy_clk/ioclk[0]$u_ioclk_1; location = x0y59z1.
PHY-1001 :   User location X0Y59Z0 of ioclk instance u_ph1p35_324_ddr_wrapper/u_ddr2/ph1p_ddrmc_wrapper/ph1p_ddrmc_top/u_ddr_phy/u_ddrphy_top/u_ddrphy_clk/ioclk[0]$u_ioclk_0.
PHY-1001 :   Placement of ioclk instance u_ph1p35_324_ddr_wrapper/u_ddr2/ph1p_ddrmc_wrapper/ph1p_ddrmc_top/u_ddr_phy/u_ddrphy_top/u_ddrphy_clk/ioclk[0]$u_ioclk_0; location = x0y59z0.
PHY-1001 : Processing 2 clock pins of DDR instance u_ph1p35_324_ddr_wrapper/u_ddr2/ph1p_ddrmc_wrapper/ph1p_ddrmc_top/u_ddr_phy/u_ddrphy_top/u_ddrphy/ac_byte[1]$ac_byte_used$u_ddrphy_ac_byte_wrapper/u_ddrphy_byte, location = x0y60z0.
PHY-1001 :   Placed ioclk instance u_ph1p35_324_ddr_wrapper/u_ddr2/ph1p_ddrmc_wrapper/ph1p_ddrmc_top/u_ddr_phy/u_ddrphy_top/u_ddrphy_clk/ioclk[0]$u_ioclk_1, location = x0y59z1.
PHY-1001 :   Placed ioclk instance u_ph1p35_324_ddr_wrapper/u_ddr2/ph1p_ddrmc_wrapper/ph1p_ddrmc_top/u_ddr_phy/u_ddrphy_top/u_ddrphy_clk/ioclk[0]$u_ioclk_0, location = x0y59z0.
PHY-1001 : Processing 2 clock pins of DDR instance u_ph1p35_324_ddr_wrapper/u_ddr2/ph1p_ddrmc_wrapper/ph1p_ddrmc_top/u_ddr_phy/u_ddrphy_top/u_ddrphy/ac_byte[2]$ac_byte_used$u_ddrphy_ac_byte_wrapper/u_ddrphy_byte, location = x0y50z0.
PHY-1001 :   Placed ioclk instance u_ph1p35_324_ddr_wrapper/u_ddr2/ph1p_ddrmc_wrapper/ph1p_ddrmc_top/u_ddr_phy/u_ddrphy_top/u_ddrphy_clk/ioclk[0]$u_ioclk_1, location = x0y59z1.
PHY-1001 :   Placed ioclk instance u_ph1p35_324_ddr_wrapper/u_ddr2/ph1p_ddrmc_wrapper/ph1p_ddrmc_top/u_ddr_phy/u_ddrphy_top/u_ddrphy_clk/ioclk[0]$u_ioclk_0, location = x0y59z0.
PHY-1001 : Processing 2 clock pins of DDR instance u_ph1p35_324_ddr_wrapper/u_ddr2/ph1p_ddrmc_wrapper/ph1p_ddrmc_top/u_ddr_phy/u_ddrphy_top/u_ddrphy/ac_byte[3]$ac_byte_used$u_ddrphy_ac_byte_wrapper/u_ddrphy_byte, location = x0y40z0.
PHY-1001 :   Placed ioclk instance u_ph1p35_324_ddr_wrapper/u_ddr2/ph1p_ddrmc_wrapper/ph1p_ddrmc_top/u_ddr_phy/u_ddrphy_top/u_ddrphy_clk/ioclk[0]$u_ioclk_1, location = x0y59z1.
PHY-1001 :   Placed ioclk instance u_ph1p35_324_ddr_wrapper/u_ddr2/ph1p_ddrmc_wrapper/ph1p_ddrmc_top/u_ddr_phy/u_ddrphy_top/u_ddrphy_clk/ioclk[0]$u_ioclk_0, location = x0y59z0.
PHY-1001 : Processing 2 clock pins of DDR instance u_ph1p35_324_ddr_wrapper/u_ddr2/ph1p_ddrmc_wrapper/ph1p_ddrmc_top/u_ddr_phy/u_ddrphy_top/u_ddrphy/dx_byte[0]$dx_byte_used$u_ddrphy_dx_byte_wrapper/u_ddrphy_byte, location = x0y30z0.
PHY-1001 :   User location X0Y19Z1 of ioclk instance u_ph1p35_324_ddr_wrapper/u_ddr2/ph1p_ddrmc_wrapper/ph1p_ddrmc_top/u_ddr_phy/u_ddrphy_top/u_ddrphy_clk/ioclk[1]$u_ioclk_1.
PHY-1001 :   Placement of ioclk instance u_ph1p35_324_ddr_wrapper/u_ddr2/ph1p_ddrmc_wrapper/ph1p_ddrmc_top/u_ddr_phy/u_ddrphy_top/u_ddrphy_clk/ioclk[1]$u_ioclk_1; location = x0y19z1.
PHY-1001 :   User location X0Y19Z0 of ioclk instance u_ph1p35_324_ddr_wrapper/u_ddr2/ph1p_ddrmc_wrapper/ph1p_ddrmc_top/u_ddr_phy/u_ddrphy_top/u_ddrphy_clk/ioclk[1]$u_ioclk_0.
PHY-1001 :   Placement of ioclk instance u_ph1p35_324_ddr_wrapper/u_ddr2/ph1p_ddrmc_wrapper/ph1p_ddrmc_top/u_ddr_phy/u_ddrphy_top/u_ddrphy_clk/ioclk[1]$u_ioclk_0; location = x0y19z0.
PHY-1001 : Processing 2 clock pins of DDR instance u_ph1p35_324_ddr_wrapper/u_ddr2/ph1p_ddrmc_wrapper/ph1p_ddrmc_top/u_ddr_phy/u_ddrphy_top/u_ddrphy/dx_byte[1]$dx_byte_used$u_ddrphy_dx_byte_wrapper/u_ddrphy_byte, location = x0y10z0.
PHY-1001 :   Placed ioclk instance u_ph1p35_324_ddr_wrapper/u_ddr2/ph1p_ddrmc_wrapper/ph1p_ddrmc_top/u_ddr_phy/u_ddrphy_top/u_ddrphy_clk/ioclk[1]$u_ioclk_1, location = x0y19z1.
PHY-1001 :   Placed ioclk instance u_ph1p35_324_ddr_wrapper/u_ddr2/ph1p_ddrmc_wrapper/ph1p_ddrmc_top/u_ddr_phy/u_ddrphy_top/u_ddrphy_clk/ioclk[1]$u_ioclk_0, location = x0y19z0.
PHY-1001 : DDR MLCLK topology u_ph1p35_324_ddr_wrapper/u_ddr2/ph1p_ddrmc_wrapper/ph1p_ddrmc_top/u_ddr_phy/u_ddrphy_top/u_ddrphy_clk/u_mlclk_1.
PHY-1001 :   Driver: PH1P_PHY_PLL_V2 u_ph1p35_324_ddr_wrapper/u_ddr2/ph1p_ddrmc_wrapper/ph1p_ddrmc_top/u_ddr_phy/u_ddrphy_top/u_ddrphy_clk/u_pll0/u_pll_inst.clkc[1], user location :X0Y40Z0.
PHY-1001 :   Sink: PH1P_PHY_IOCLK u_ph1p35_324_ddr_wrapper/u_ddr2/ph1p_ddrmc_wrapper/ph1p_ddrmc_top/u_ddr_phy/u_ddrphy_top/u_ddrphy_clk/ioclk[0]$u_ioclk_0, location = x0y59z0, sectorID = 1.
PHY-1001 :   Sink: PH1P_PHY_IOCLK u_ph1p35_324_ddr_wrapper/u_ddr2/ph1p_ddrmc_wrapper/ph1p_ddrmc_top/u_ddr_phy/u_ddrphy_top/u_ddrphy_clk/ioclk[1]$u_ioclk_0, location = x0y19z0, sectorID = 0.
PHY-1001 : Placement of MLCLK instance u_ph1p35_324_ddr_wrapper/u_ddr2/ph1p_ddrmc_wrapper/ph1p_ddrmc_top/u_ddr_phy/u_ddrphy_top/u_ddrphy_clk/u_mlclk_1; location = x0y59z0,  sectorID = 1.
PHY-1001 : DDR MLCLK topology u_ph1p35_324_ddr_wrapper/u_ddr2/ph1p_ddrmc_wrapper/ph1p_ddrmc_top/u_ddr_phy/u_ddrphy_top/u_ddrphy_clk/u_mlclk_2.
PHY-1001 :   Driver: PH1P_PHY_PLL_V2 u_ph1p35_324_ddr_wrapper/u_ddr2/ph1p_ddrmc_wrapper/ph1p_ddrmc_top/u_ddr_phy/u_ddrphy_top/u_ddrphy_clk/u_pll0/u_pll_inst.clkc[2], user location :X0Y40Z0.
PHY-1001 :   Sink: PH1P_PHY_IOCLK u_ph1p35_324_ddr_wrapper/u_ddr2/ph1p_ddrmc_wrapper/ph1p_ddrmc_top/u_ddr_phy/u_ddrphy_top/u_ddrphy_clk/ioclk[0]$u_ioclk_1, location = x0y59z1, sectorID = 1.
PHY-1001 :   Sink: PH1P_PHY_IOCLK u_ph1p35_324_ddr_wrapper/u_ddr2/ph1p_ddrmc_wrapper/ph1p_ddrmc_top/u_ddr_phy/u_ddrphy_top/u_ddrphy_clk/ioclk[1]$u_ioclk_1, location = x0y19z1, sectorID = 0.
PHY-1001 : Placement of MLCLK instance u_ph1p35_324_ddr_wrapper/u_ddr2/ph1p_ddrmc_wrapper/ph1p_ddrmc_top/u_ddr_phy/u_ddrphy_top/u_ddrphy_clk/u_mlclk_2; location = x0y59z1,  sectorID = 1.
PHY-5016 WARNING: PLL clkc is driving an IO without location.
PHY-5016 WARNING: PLL clkc is not driving a clock-capable IO.
PHY-5016 WARNING: PLL clkc is driving an IO without location.
PHY-5016 WARNING: PLL clkc is not driving a clock-capable IO.
PHY-1001 : End Stage 2.1 | Place Fixed Instances; Time: 0.087718s wall, 0.093750s user + 0.000000s system = 0.093750s CPU (106.9%); Memory(MB): used = 795, reserved = 788, peak = 795;

PHY-1001 : Stage 2.2 | Pre-Place DRC Check
PHY-1001 : Stage 2.2.1 | Force Route Constraint Check
PHY-1001 : Check Pass.
PHY-1001 : End Stage 2.2.1 | Force Route Constraint Check; Time: 0.003687s wall, 0.000000s user + 0.000000s system = 0.000000s CPU (n/a%); Memory(MB): used = 795, reserved = 788, peak = 795;

PHY-1001 : End Stage 2.2 | Pre-Place DRC Check; Time: 0.004504s wall, 0.000000s user + 0.000000s system = 0.000000s CPU (n/a%); Memory(MB): used = 795, reserved = 788, peak = 795;

PHY-1001 : Clock GCLK Statistics:
RUN-1001 : GCLK Index: 
RUN-1001 : -------------------------------------------------------------------------------------------------------------------------------------------------------
RUN-1001 :   Index  |                                                          Clock GCLK                                                           |  Location   
RUN-1001 : -------------------------------------------------------------------------------------------------------------------------------------------------------
RUN-1001 :     1    |                           u_mipi_dphy_rx_ph1p_mipiio_wrapper/u_ph1p_mipiio_rx_wrapper/bufg_feedback                           |  x23y39z0   
RUN-1001 :     2    |   u_ph1p35_324_ddr_wrapper/u_ddr2/ph1p_ddrmc_wrapper/ph1p_ddrmc_top/u_ddr_phy/u_ddrphy_top/u_ddrphy_clk/u_pll1/u_bufg_fbclk   |  x23y39z16  
RUN-1001 :     3    |                                            u_hdmi_tx/I_pixel_clk_created_gclkinst                                             |  x23y39z17  
RUN-1001 :     4    |                                               I_sys_clk_dup_6_created_gclkinst                                                |  x23y39z22  
RUN-1001 :     5    |                                               O_cam_24m_dup_1_created_gclkinst                                                |  x23y39z18  
RUN-1001 :     6    |                          u_hdmi_tx/u_hdmi2phy_wrapper/u0_lane_lvds_8_1/I_serial_clk_created_gclkinst                          |  x23y39z19  
RUN-1001 :     7    |  u_ph1p35_324_ddr_wrapper/u_ddr2/ph1p_ddrmc_wrapper/ph1p_ddrmc_top/u_ddr_phy/u_ddrphy_top/u_ddrphy/apb_pclk_created_gclkinst  |  x23y39z20  
RUN-1001 :     8    |                                       u_uicfgcs500/uii2c_inst/scl_clk_created_gclkinst                                        |  x23y39z1   
RUN-1001 :     9    |                                                      u_PLL/bufg_feedback                                                      |  x23y39z21  
RUN-1001 : -------------------------------------------------------------------------------------------------------------------------------------------------------
RUN-1001 : Clock Nets Connect To GCLK Statistics: 
RUN-1001 : -----------------------------------------------------------------------------------------------------------------------------------------------------------------------------------------
RUN-1001 :   Index  |                        Leading Net                        |  CLK/DATA/IO/PLL Sink(s)  |                       Following Net                       |  CLK/DATA/IO/PLL Sink(s)  
RUN-1001 : -----------------------------------------------------------------------------------------------------------------------------------------------------------------------------------------
RUN-1001 :     1    | u_mipi_dphy_rx_ph1p_mipiio_wrapper/u_ph1p_mipiio_rx_w...  |          1/0/0/0          | u_isp_top/u_demosaic/raw_matrix_3x3_buffer_d/zhenghe_...  |        8219/0/0/0         
RUN-1001 :     2    | u_ph1p35_324_ddr_wrapper/u_ddr2/ph1p_ddrmc_wrapper/ph...  |          1/0/0/0          | u_ph1p35_324_ddr_wrapper/u_ddr2/ph1p_ddrmc_wrapper/ph...  |        3529/0/0/0         
RUN-1001 :     3    |                   u_hdmi_tx/I_pixel_clk                   |          1/0/0/0          |               u_hdmi_tx/I_pixel_clk_syn_654               |        1445/0/0/0         
RUN-1001 :     4    |                      I_sys_clk_dup_6                      |          3/0/0/0          |                      I_sys_clk_syn_8                      |         137/0/0/0         
RUN-1001 :     5    |                      O_cam_24m_dup_1                      |          1/0/0/0          |                      O_cam_24m_syn_3                      |         102/1/0/0         
RUN-1001 :     6    | u_hdmi_tx/u_hdmi2phy_wrapper/u0_lane_lvds_8_1/I_seria...  |          1/0/0/0          | u_hdmi_tx/u_hdmi2phy_wrapper/u0_lane_lvds_8_1/I_seria...  |         61/0/0/0          
RUN-1001 :     7    | u_ph1p35_324_ddr_wrapper/u_ddr2/ph1p_ddrmc_wrapper/ph...  |          1/0/0/0          | u_ph1p35_324_ddr_wrapper/u_ddr2/ph1p_ddrmc_wrapper/ph...  |         43/0/0/0          
RUN-1001 :     8    |              u_uicfgcs500/uii2c_inst/scl_clk              |          1/2/0/0          |           u_uicfgcs500/uii2c_inst/scl_clk_syn_9           |         24/0/0/0          
RUN-1001 :     9    |                      u_PLL/clk0_buf                       |          1/0/0/0          | u_mipi_dphy_rx_ph1p_mipiio_wrapper/u_ph1p_mipiio_rx_w...  |         13/0/0/0          
RUN-1001 : -----------------------------------------------------------------------------------------------------------------------------------------------------------------------------------------
PHY-1001 : Stage 2.3 | Global Placement Step 1
PHY-3001 : Target density is 60%
PHY-1001 : Stage 2.3.1 | Update Timing
RUN-1002 : start command "start_timer"
RUN-1003 : finish command "start_timer" in  1.686146s wall, 1.656250s user + 0.031250s system = 1.687500s CPU (100.1%)

RUN-1004 : used memory is 832 MB, reserved memory is 825 MB, peak memory is 832 MB
PHY-1001 : SWNS: 867, STNS: 0, FEP: 0
PHY-3001 : tot_pins 242942 tot_hfn_pins 14953 perc. 6 tot_hhfn_pins 5024 perc. 2
PHY-1001 : End Stage 2.3.1 | Update Timing; Time: 3.314678s wall, 3.265625s user + 0.031250s system = 3.296875s CPU (99.5%); Memory(MB): used = 840, reserved = 833, peak = 840;

PHY-0007 : Cell area utilization is 47%
RUN-1001 : Huge Net Statistic
RUN-1001 : ----------------------------------------------------------------------------------------------------------------------------------------------------------------------------------------
RUN-1001 :   Fanout  |  Slack  |                                                                                Net                                                                                
RUN-1001 : ----------------------------------------------------------------------------------------------------------------------------------------------------------------------------------------
RUN-1001 :    2463   |   Inf   |                                u_ph1p35_324_ddr_wrapper/u_ddr2/ph1p_ddrmc_wrapper/ph1p_ddrmc_top/u_ddr_phy/u_ddrphy_top/sys_rst_n                                 
RUN-1001 :    1472   |  11982  |                                u_ph1p35_324_ddr_wrapper/u_ddr2/ph1p_ddrmc_wrapper/ph1p_ddrmc_top/u_alc_mc_top/u_rbuf_addr_fifo/rst                                
RUN-1001 :    1089   |   Inf   |  u_ph1p35_324_ddr_wrapper/u_ddr2/ph1p_ddrmc_wrapper/ph1p_ddrmc_top/u_ddr_phy/u_ddrphy_top/u_ddrphy/dx_byte[1]$dx_byte_used$u_ddrphy_dx_byte_wrapper/dx_phy_rst_n  
RUN-1001 : ----------------------------------------------------------------------------------------------------------------------------------------------------------------------------------------
PHY-3001 : Clustering ...
PHY-3001 : End clustering;  0.122398s wall, 0.109375s user + 0.015625s system = 0.125000s CPU (102.1%)

PHY-3001 : Target density is 60%
PHY-1001 : Stage 2.3.2 | GP Iteration
PHY-1001 : End Stage 2.3.2 | GP Iteration; Time: 3.564448s wall, 11.921875s user + 6.328125s system = 18.250000s CPU (512.0%); Memory(MB): used = 851, reserved = 843, peak = 851;

PHY-3001 : Multithread accelerating rate: 4.93
RUN-1002 : start command "start_timer"
USR-1002 : Derived clock:  create_generated_clock -name {u_PLL/ph1p_phy_pll_wrapper_25a56e5ce2f9_Inst/u_PH1P_PHY_PLL.clkc[0]} -source [get_ports {I_sys_clk}] -master_clock {sys_clk_50m} -multiply_by 2.0000 -duty_cycle 50.0000 [get_pins {u_PLL/ph1p_phy_pll_wrapper_25a56e5ce2f9_Inst/u_PH1P_PHY_PLL.clkc[0]}]
USR-1002 : Derived clock:  create_generated_clock -name {u_PLL/ph1p_phy_pll_wrapper_25a56e5ce2f9_Inst/u_PH1P_PHY_PLL.clkc[1]} -source [get_ports {I_sys_clk}] -master_clock {sys_clk_50m} -divide_by 2.1000 -duty_cycle 50.0000 [get_pins {u_PLL/ph1p_phy_pll_wrapper_25a56e5ce2f9_Inst/u_PH1P_PHY_PLL.clkc[1]}]
USR-1002 : Derived clock:  create_generated_clock -name {u_PLL/ph1p_phy_pll_wrapper_25a56e5ce2f9_Inst/u_PH1P_PHY_PLL.clkc[4]} -source [get_ports {I_sys_clk}] -master_clock {sys_clk_50m} -multiply_by 1.5000 -duty_cycle 50.0000 [get_pins {u_PLL/ph1p_phy_pll_wrapper_25a56e5ce2f9_Inst/u_PH1P_PHY_PLL.clkc[4]}]
USR-1002 : Derived clock:  create_generated_clock -name {u_PLL/ph1p_phy_pll_wrapper_25a56e5ce2f9_Inst/u_PH1P_PHY_PLL.clkc[5]} -source [get_ports {I_sys_clk}] -master_clock {sys_clk_50m} -multiply_by 7.5000 -duty_cycle 50.0000 [get_pins {u_PLL/ph1p_phy_pll_wrapper_25a56e5ce2f9_Inst/u_PH1P_PHY_PLL.clkc[5]}]
USR-1002 : Derived clock:  create_generated_clock -name {u_ph1p35_324_ddr_wrapper/u_ddr2/ph1p_ddrmc_wrapper/ph1p_ddrmc_top/u_ddr_phy/u_ddrphy_top/u_ddrphy_clk/u_pll0/u_pll_inst.clkc[0]} -source [get_ports {I_sys_clk}] -master_clock {sys_clk_50m} -multiply_by 1.3333 -duty_cycle 50.0000 [get_pins {u_ph1p35_324_ddr_wrapper/u_ddr2/ph1p_ddrmc_wrapper/ph1p_ddrmc_top/u_ddr_phy/u_ddrphy_top/u_ddrphy_clk/u_pll0/u_pll_inst.clkc[0]}]
USR-1002 : Derived clock:  create_generated_clock -name {u_ph1p35_324_ddr_wrapper/u_ddr2/ph1p_ddrmc_wrapper/ph1p_ddrmc_top/u_ddr_phy/u_ddrphy_top/u_ddrphy_clk/u_pll0/u_pll_inst.clkc[1]} -source [get_ports {I_sys_clk}] -master_clock {sys_clk_50m} -multiply_by 1.3333 -duty_cycle 50.0000 [get_pins {u_ph1p35_324_ddr_wrapper/u_ddr2/ph1p_ddrmc_wrapper/ph1p_ddrmc_top/u_ddr_phy/u_ddrphy_top/u_ddrphy_clk/u_pll0/u_pll_inst.clkc[1]}]
USR-1002 : Derived clock:  create_generated_clock -name {u_ph1p35_324_ddr_wrapper/u_ddr2/ph1p_ddrmc_wrapper/ph1p_ddrmc_top/u_ddr_phy/u_ddrphy_top/u_ddrphy_clk/u_pll0/u_pll_inst.clkc[2]} -source [get_ports {I_sys_clk}] -master_clock {sys_clk_50m} -multiply_by 5.3333 -duty_cycle 50.0000 [get_pins {u_ph1p35_324_ddr_wrapper/u_ddr2/ph1p_ddrmc_wrapper/ph1p_ddrmc_top/u_ddr_phy/u_ddrphy_top/u_ddrphy_clk/u_pll0/u_pll_inst.clkc[2]}]
USR-1002 : Derived clock:  create_generated_clock -name {u_ph1p35_324_ddr_wrapper/u_ddr2/ph1p_ddrmc_wrapper/ph1p_ddrmc_top/u_ddr_phy/u_ddrphy_top/u_ddrphy_clk/u_pll0/u_pll_inst.clkc[3]} -source [get_ports {I_sys_clk}] -master_clock {sys_clk_50m} -divide_by 1.9687 -duty_cycle 50.0000 [get_pins {u_ph1p35_324_ddr_wrapper/u_ddr2/ph1p_ddrmc_wrapper/ph1p_ddrmc_top/u_ddr_phy/u_ddrphy_top/u_ddrphy_clk/u_pll0/u_pll_inst.clkc[3]}]
USR-1002 : Derived clock:  create_generated_clock -name {u_ph1p35_324_ddr_wrapper/u_ddr2/ph1p_ddrmc_wrapper/ph1p_ddrmc_top/u_ddr_phy/u_ddrphy_top/u_ddrphy_clk/u_pll1/u_pll_inst.clkc[0]} -source [get_pins {u_ph1p35_324_ddr_wrapper/u_ddr2/ph1p_ddrmc_wrapper/ph1p_ddrmc_top/u_ddr_phy/u_ddrphy_top/u_ddrphy_clk/u_pll0/u_pll_inst.clkc[0]}] -master_clock {u_ph1p35_324_ddr_wrapper/u_ddr2/ph1p_ddrmc_wrapper/ph1p_ddrmc_top/u_ddr_phy/u_ddrphy_top/u_ddrphy_clk/u_pll0/u_pll_inst.clkc[0]} -multiply_by 1.0000 -duty_cycle 50.0000 [get_pins {u_ph1p35_324_ddr_wrapper/u_ddr2/ph1p_ddrmc_wrapper/ph1p_ddrmc_top/u_ddr_phy/u_ddrphy_top/u_ddrphy_clk/u_pll1/u_pll_inst.clkc[0]}]
8.888000
15.000000
15.000000
13.333000
RUN-1003 : finish command "start_timer" in  2.210271s wall, 2.203125s user + 0.015625s system = 2.218750s CPU (100.4%)

RUN-1004 : used memory is 851 MB, reserved memory is 843 MB, peak memory is 851 MB
TMR-2502 : Net delay update with mode: Placed
PHY-3001 : No need to merge 9x9 Dsps.
PHY-1001 : Populate physical database on model design_top_wrapper.
PHY-1001 : End Stage 2.3 | Global Placement Step 1; Time: 11.671254s wall, 19.859375s user + 6.421875s system = 26.281250s CPU (225.2%); Memory(MB): used = 902, reserved = 895, peak = 902;

PHY-1001 : Stage 2.4 | RAM/DSP Legalization and Detailed Placement
PHY-1001 : Stage 2.4.1 | Legalization
PHY-3001 : Before Legalized: Len = 1.68279e+06
PHY-3001 : After Legalized: Len = 1.68662e+06, Over = 97.2812
PHY-1001 : End Stage 2.4.1 | Legalization; Time: 2.173027s wall, 2.234375s user + 0.031250s system = 2.265625s CPU (104.3%); Memory(MB): used = 905, reserved = 897, peak = 905;

PHY-1001 : Stage 2.4.2 | Detailed Placement
PHY-1001 : Stage 2.4.2.1 | Simulated Annealing Based DP
PHY-0007 : Initial: WL Cost = 136682, TD Cost = 156057, SWNS = 1461, STNS = 0, Nums per T = 480, Range Limit = 2x32
PHY-0007 : Finally: WL Cost = 133589, TD Cost = 154417, WL Ratio = 0.97737, TD Ratio = 0.989493, SWNS = 1461, STNS = 0
RUN-1001 : Print Detailed placement's Summary information
RUN-1001 : -------------------------------------------------------------------------------------------------------------------------------
RUN-1001 :             |  Total  |  Accept  |  Reject by overFlow  |  Reject by worseCost  |  Failed by noTarget  |  Failed by gridCheck  
RUN-1001 : -------------------------------------------------------------------------------------------------------------------------------
RUN-1001 :   RAM/DSPs  |  2400   |    58    |          0           |         2342          |          0           |           0           
RUN-1001 :    Macros   |   399   |    15    |          0           |          384          |          0           |           0           
RUN-1001 : -------------------------------------------------------------------------------------------------------------------------------
PHY-1001 : End Stage 2.4.2.1 | Simulated Annealing Based DP; Time: 2.526182s wall, 3.078125s user + 0.171875s system = 3.250000s CPU (128.7%); Memory(MB): used = 906, reserved = 898, peak = 906;

PHY-3001 : End Detailed Place; 
PHY-1001 : End Stage 2.4.2 | Detailed Placement; Time: 2.761064s wall, 3.296875s user + 0.171875s system = 3.468750s CPU (125.6%); Memory(MB): used = 906, reserved = 898, peak = 906;

PHY-1001 : End Stage 2.4 | RAM/DSP Legalization and Detailed Placement; Time: 4.935182s wall, 5.531250s user + 0.203125s system = 5.734375s CPU (116.2%); Memory(MB): used = 906, reserved = 898, peak = 906;

PHY-1001 : Stage 2.5 | Global Placement Step 2
PHY-3001 : Target density is 60%
PHY-1001 : Stage 2.5.1 | Update Timing
PHY-1001 : SWNS: 1461, STNS: 0, FEP: 0
PHY-1001 : End Stage 2.5.1 | Update Timing; Time: 0.200043s wall, 0.203125s user + 0.000000s system = 0.203125s CPU (101.5%); Memory(MB): used = 907, reserved = 898, peak = 907;

PHY-1001 : Stage 2.5.2 | Refresh Congestion
RUN-1001 : Generating global routing grids ...
RUN-1001 : Building simple global routing graph ...
PHY-1001 : Generate routing nets ...
PHY-1001 : Reuse net number 0/12539.
PHY-1001 : Global iterations in 32 thread ...
PHY-1002 : len = 1.70219e+06, over cnt = 2175(3%), over = 11901, worst = 42
PHY-1001 : End global iterations;  0.646397s wall, 1.406250s user + 0.046875s system = 1.453125s CPU (224.8%)

PHY-1001 : Congestion index:
PHY-1001 : top1  = 167.76(S 135.09, N 111.08, E 122.04, W 140.79, I 286.07, O 361.10)
PHY-1001 : top5  = 118.07(S 83.40, N 71.76, E 83.37, W 84.19, I 160.12, O 215.04)
PHY-1001 : top10 = 96.12(S 63.02, N 55.03, E 65.02, W 63.82, I 112.80, O 156.01)
PHY-1001 : top15 = 83.18(S 51.15, N 45.33, E 54.02, W 52.69, I 87.39, O 121.99)
PHY-1001 : End Stage 2.5.2 | Refresh Congestion; Time: 1.235100s wall, 2.015625s user + 0.093750s system = 2.109375s CPU (170.8%); Memory(MB): used = 986, reserved = 978, peak = 986;

PHY-1001 : Stage 2.5.3 | GP Iteration
PHY-1001 : End Stage 2.5.3 | GP Iteration; Time: 4.973627s wall, 38.546875s user + 1.234375s system = 39.781250s CPU (799.8%); Memory(MB): used = 991, reserved = 982, peak = 991;

PHY-3001 : Multithread accelerating rate: 7.94
PHY-1001 : End Stage 2.5 | Global Placement Step 2; Time: 8.448709s wall, 42.781250s user + 1.328125s system = 44.109375s CPU (522.1%); Memory(MB): used = 993, reserved = 984, peak = 993;

PHY-1001 : Stage 2.6 | RAM/DSP Detailed Placement
PHY-1001 : Stage 2.6.1 | Detailed Placement
PHY-1001 : Stage 2.6.1.1 | Simulated Annealing Based DP
PHY-0007 : Initial: WL Cost = 112448, TD Cost = 111261, SWNS = 1281, STNS = 0, Nums per T = 480, Range Limit = 2x32
PHY-0007 : Finally: WL Cost = 112448, TD Cost = 111261, WL Ratio = 1, TD Ratio = 1, SWNS = 1281, STNS = 0
RUN-1001 : Print Detailed placement's Summary information
RUN-1001 : -------------------------------------------------------------------------------------------------------------------------------
RUN-1001 :             |  Total  |  Accept  |  Reject by overFlow  |  Reject by worseCost  |  Failed by noTarget  |  Failed by gridCheck  
RUN-1001 : -------------------------------------------------------------------------------------------------------------------------------
RUN-1001 :   RAM/DSPs  |   480   |    0     |          0           |          480          |          0           |           0           
RUN-1001 :    Macros   |   83    |    0     |          0           |          83           |          0           |           0           
RUN-1001 : -------------------------------------------------------------------------------------------------------------------------------
PHY-1001 : End Stage 2.6.1.1 | Simulated Annealing Based DP; Time: 0.162967s wall, 0.375000s user + 0.000000s system = 0.375000s CPU (230.1%); Memory(MB): used = 993, reserved = 985, peak = 993;

PHY-3001 : End Detailed Place; 
PHY-1001 : End Stage 2.6.1 | Detailed Placement; Time: 0.341450s wall, 0.562500s user + 0.000000s system = 0.562500s CPU (164.7%); Memory(MB): used = 994, reserved = 985, peak = 994;

PHY-1001 : Stage 2.6.2 | Spreading
OPT-1001 : Total overflow 478.88 peak overflow 4.34
PHY-3001 : Spreading for sector grids.
PHY-3001 : Iter 1, total overflow: 0
PHY-3001 : tot_capacity: 24, usage_cnt: 12, movable_cnt: 18
PHY-3001 : End spreading;  0.126776s wall, 0.203125s user + 0.000000s system = 0.203125s CPU (160.2%)

PHY-1001 : End Stage 2.6.2 | Spreading; Time: 0.126896s wall, 0.203125s user + 0.000000s system = 0.203125s CPU (160.1%); Memory(MB): used = 994, reserved = 985, peak = 994;

PHY-1001 : End Stage 2.6 | RAM/DSP Detailed Placement; Time: 0.737507s wall, 1.015625s user + 0.000000s system = 1.015625s CPU (137.7%); Memory(MB): used = 994, reserved = 985, peak = 994;

PHY-1001 : Stage 2.7 | Optimize Design
OPT-1001 : Start physical optimization ...
OPT-1001 : Total overflow 478.88 peak overflow 4.34
OPT-1001 : Stage 2.7.1 | Synthesize High-fanout Net
OPT-1001 : Start high-fanout net optimization in pre-pack flow with medium effort ...
OPT-1001 : Update timing in Manhattan mode
OPT-1001 : End timing update;  1.985259s wall, 1.984375s user + 0.000000s system = 1.984375s CPU (100.0%)

OPT-1001 : Start: SWNS 1281 STNS 0 NUM_FEPS 0
OPT-1001 : Total overflow 478.88 peak overflow 4.34
PHY-1001 : Populate physical database on model design_top_wrapper.
OPT-1001 : 27 high-fanout net processed.
PHY-3001 : Start incremental placement ...
PHY-1001 : Populate physical database on model design_top_wrapper.
PHY-1001 : Processing 2 clock pins of DDR instance u_ph1p35_324_ddr_wrapper/u_ddr2/ph1p_ddrmc_wrapper/ph1p_ddrmc_top/u_ddr_phy/u_ddrphy_top/u_ddrphy/ac_byte[0]$ac_byte_used$u_ddrphy_ac_byte_wrapper/u_ddrphy_byte, location = x0y70z0.
PHY-1001 :   Placed ioclk instance u_ph1p35_324_ddr_wrapper/u_ddr2/ph1p_ddrmc_wrapper/ph1p_ddrmc_top/u_ddr_phy/u_ddrphy_top/u_ddrphy_clk/ioclk[0]$u_ioclk_1, location = x0y59z1.
PHY-1001 :   Placed ioclk instance u_ph1p35_324_ddr_wrapper/u_ddr2/ph1p_ddrmc_wrapper/ph1p_ddrmc_top/u_ddr_phy/u_ddrphy_top/u_ddrphy_clk/ioclk[0]$u_ioclk_0, location = x0y59z0.
PHY-1001 : Processing 2 clock pins of DDR instance u_ph1p35_324_ddr_wrapper/u_ddr2/ph1p_ddrmc_wrapper/ph1p_ddrmc_top/u_ddr_phy/u_ddrphy_top/u_ddrphy/ac_byte[1]$ac_byte_used$u_ddrphy_ac_byte_wrapper/u_ddrphy_byte, location = x0y60z0.
PHY-1001 :   Placed ioclk instance u_ph1p35_324_ddr_wrapper/u_ddr2/ph1p_ddrmc_wrapper/ph1p_ddrmc_top/u_ddr_phy/u_ddrphy_top/u_ddrphy_clk/ioclk[0]$u_ioclk_1, location = x0y59z1.
PHY-1001 :   Placed ioclk instance u_ph1p35_324_ddr_wrapper/u_ddr2/ph1p_ddrmc_wrapper/ph1p_ddrmc_top/u_ddr_phy/u_ddrphy_top/u_ddrphy_clk/ioclk[0]$u_ioclk_0, location = x0y59z0.
PHY-1001 : Processing 2 clock pins of DDR instance u_ph1p35_324_ddr_wrapper/u_ddr2/ph1p_ddrmc_wrapper/ph1p_ddrmc_top/u_ddr_phy/u_ddrphy_top/u_ddrphy/ac_byte[2]$ac_byte_used$u_ddrphy_ac_byte_wrapper/u_ddrphy_byte, location = x0y50z0.
PHY-1001 :   Placed ioclk instance u_ph1p35_324_ddr_wrapper/u_ddr2/ph1p_ddrmc_wrapper/ph1p_ddrmc_top/u_ddr_phy/u_ddrphy_top/u_ddrphy_clk/ioclk[0]$u_ioclk_1, location = x0y59z1.
PHY-1001 :   Placed ioclk instance u_ph1p35_324_ddr_wrapper/u_ddr2/ph1p_ddrmc_wrapper/ph1p_ddrmc_top/u_ddr_phy/u_ddrphy_top/u_ddrphy_clk/ioclk[0]$u_ioclk_0, location = x0y59z0.
PHY-1001 : Processing 2 clock pins of DDR instance u_ph1p35_324_ddr_wrapper/u_ddr2/ph1p_ddrmc_wrapper/ph1p_ddrmc_top/u_ddr_phy/u_ddrphy_top/u_ddrphy/ac_byte[3]$ac_byte_used$u_ddrphy_ac_byte_wrapper/u_ddrphy_byte, location = x0y40z0.
PHY-1001 :   Placed ioclk instance u_ph1p35_324_ddr_wrapper/u_ddr2/ph1p_ddrmc_wrapper/ph1p_ddrmc_top/u_ddr_phy/u_ddrphy_top/u_ddrphy_clk/ioclk[0]$u_ioclk_1, location = x0y59z1.
PHY-1001 :   Placed ioclk instance u_ph1p35_324_ddr_wrapper/u_ddr2/ph1p_ddrmc_wrapper/ph1p_ddrmc_top/u_ddr_phy/u_ddrphy_top/u_ddrphy_clk/ioclk[0]$u_ioclk_0, location = x0y59z0.
PHY-1001 : Processing 2 clock pins of DDR instance u_ph1p35_324_ddr_wrapper/u_ddr2/ph1p_ddrmc_wrapper/ph1p_ddrmc_top/u_ddr_phy/u_ddrphy_top/u_ddrphy/dx_byte[0]$dx_byte_used$u_ddrphy_dx_byte_wrapper/u_ddrphy_byte, location = x0y30z0.
PHY-1001 :   Placed ioclk instance u_ph1p35_324_ddr_wrapper/u_ddr2/ph1p_ddrmc_wrapper/ph1p_ddrmc_top/u_ddr_phy/u_ddrphy_top/u_ddrphy_clk/ioclk[1]$u_ioclk_1, location = x0y19z1.
PHY-1001 :   Placed ioclk instance u_ph1p35_324_ddr_wrapper/u_ddr2/ph1p_ddrmc_wrapper/ph1p_ddrmc_top/u_ddr_phy/u_ddrphy_top/u_ddrphy_clk/ioclk[1]$u_ioclk_0, location = x0y19z0.
PHY-1001 : Processing 2 clock pins of DDR instance u_ph1p35_324_ddr_wrapper/u_ddr2/ph1p_ddrmc_wrapper/ph1p_ddrmc_top/u_ddr_phy/u_ddrphy_top/u_ddrphy/dx_byte[1]$dx_byte_used$u_ddrphy_dx_byte_wrapper/u_ddrphy_byte, location = x0y10z0.
PHY-1001 :   Placed ioclk instance u_ph1p35_324_ddr_wrapper/u_ddr2/ph1p_ddrmc_wrapper/ph1p_ddrmc_top/u_ddr_phy/u_ddrphy_top/u_ddrphy_clk/ioclk[1]$u_ioclk_1, location = x0y19z1.
PHY-1001 :   Placed ioclk instance u_ph1p35_324_ddr_wrapper/u_ddr2/ph1p_ddrmc_wrapper/ph1p_ddrmc_top/u_ddr_phy/u_ddrphy_top/u_ddrphy_clk/ioclk[1]$u_ioclk_0, location = x0y19z0.
PHY-3001 : Target density is 60%
PHY-3001 : Target density is 60%
PHY-1001 : Stage 2.7.1.1 | Update Timing
PHY-1001 : SWNS: 1281, STNS: 0, FEP: 0
PHY-1001 : End Stage 2.7.1.1 | Update Timing; Time: 0.200838s wall, 0.203125s user + 0.000000s system = 0.203125s CPU (101.1%); Memory(MB): used = 994, reserved = 985, peak = 994;

PHY-1001 : Stage 2.7.1.2 | Refresh Congestion
RUN-1001 : Generating global routing grids ...
PHY-1001 : Generate routing nets ...
PHY-1001 : Reuse net number 328/23220.
PHY-1001 : Global iterations in 32 thread ...
PHY-1002 : len = 1.43568e+06, over cnt = 2962(4%), over = 15019, worst = 77
PHY-1001 : End global iterations;  1.120534s wall, 2.531250s user + 0.015625s system = 2.546875s CPU (227.3%)

PHY-1001 : Congestion index:
PHY-1001 : top1  = 171.80(S 129.75, N 124.38, E 145.37, W 120.59, I 171.13, O 197.53)
PHY-1001 : top5  = 120.28(S 80.65, N 81.08, E 87.66, W 84.36, I 101.32, O 125.81)
PHY-1001 : top10 = 99.92(S 63.04, N 63.91, E 69.12, W 68.11, I 77.06, O 98.40)
PHY-1001 : top15 = 88.33(S 53.39, N 53.58, E 59.06, W 58.23, I 63.82, O 83.17)
PHY-1001 : End Stage 2.7.1.2 | Refresh Congestion; Time: 1.434593s wall, 2.921875s user + 0.015625s system = 2.937500s CPU (204.8%); Memory(MB): used = 1004, reserved = 995, peak = 1004;

PHY-1001 : Stage 2.7.1.3 | GP Iteration
PHY-1001 : End Stage 2.7.1.3 | GP Iteration; Time: 2.417903s wall, 15.203125s user + 0.531250s system = 15.734375s CPU (650.7%); Memory(MB): used = 1007, reserved = 999, peak = 1007;

PHY-3001 : Multithread accelerating rate: 6.43
OPT-1001 : Total overflow 513.84 peak overflow 6.00
PHY-3001 : Spreading for sector grids.
PHY-3001 : Iter 1, total overflow: 0
PHY-3001 : tot_capacity: 48, usage_cnt: 20, movable_cnt: 38
PHY-3001 : End spreading;  0.094268s wall, 0.078125s user + 0.000000s system = 0.078125s CPU (82.9%)

PHY-3001 : Final: Len = 1.11404e+06, Over = 102.688
PHY-3001 : End incremental placement;  4.585047s wall, 18.843750s user + 0.546875s system = 19.390625s CPU (422.9%)

OPT-1001 : Total overflow 513.84 peak overflow 6.00
RUN-1001 : HFN opt statistic
RUN-1001 : ------------------------------------------------------
RUN-1001 :   DriverCell type  |  HFN count  |  Duplicated count  
RUN-1001 : ------------------------------------------------------
RUN-1001 :         REG        |     16      |         59         
RUN-1001 :        LUT6        |      2      |         10         
RUN-1001 :        LUT5        |      2      |         11         
RUN-1001 :        LUT4        |      1      |         4          
RUN-1001 :        LUT3        |      2      |         4          
RUN-1001 :        LUT2        |      4      |         20         
RUN-1001 :        TOTAL       |     27      |        108         
RUN-1001 : ------------------------------------------------------
OPT-1001 : End high-fanout net optimization;  8.312575s wall, 22.781250s user + 0.562500s system = 23.343750s CPU (280.8%)

OPT-1001 : Update timing in Manhattan mode
OPT-1001 : End timing update;  2.094295s wall, 2.078125s user + 0.000000s system = 2.078125s CPU (99.2%)

OPT-1001 : Current memory(MB): used = 1008, reserved = 999, peak = 1008.
OPT-1001 : End Stage 2.7.1 | Synthesize High-fanout Net; Time: 10.635615s wall, 25.093750s user + 0.562500s system = 25.656250s CPU (241.2%); Memory(MB): used = 1008, reserved = 999, peak = 1008;

OPT-1001 : Stage 2.7.2 | Global Optimization
OPT-1001 : Start global optimization ...
OPT-0007 : Start: SWNS 1239 STNS 0 NUM_FEPS 0
OPT-1001 : Start congestion update ...
RUN-1001 : Generating global routing grids ...
PHY-1001 : Generate routing nets ...
PHY-1001 : Reuse net number 2006/21613.
PHY-1001 : Global iterations in 32 thread ...
PHY-1002 : len = 1.26194e+06, over cnt = 2581(3%), over = 8515, worst = 15
PHY-1002 : len = 1.36931e+06, over cnt = 2253(3%), over = 5371, worst = 13
PHY-1002 : len = 1.46189e+06, over cnt = 1175(1%), over = 2572, worst = 11
PHY-1002 : len = 1.52069e+06, over cnt = 355(0%), over = 675, worst = 11
PHY-1002 : len = 1.5435e+06, over cnt = 55(0%), over = 122, worst = 8
PHY-1001 : End global iterations;  3.549787s wall, 5.125000s user + 0.062500s system = 5.187500s CPU (146.1%)

PHY-1001 : Congestion index:
PHY-1001 : top1  = 86.35(S 72.63, N 71.86, E 77.32, W 80.18, I 172.59, O 201.48)
PHY-1001 : top5  = 72.26(S 60.29, N 56.98, E 58.70, W 64.04, I 101.07, O 127.82)
PHY-1001 : top10 = 65.43(S 51.95, N 48.11, E 49.73, W 54.89, I 77.48, O 100.09)
PHY-1001 : top15 = 60.65(S 46.09, N 42.68, E 43.84, W 48.92, I 64.44, O 84.14)
OPT-1001 : End congestion update;  4.067095s wall, 5.750000s user + 0.062500s system = 5.812500s CPU (142.9%)

OPT-0007 : Iter 1: improved SWNS 1334 STNS 0 NUM_FEPS 0 with 97 cells processed and 6911 slack improved
OPT-0007 : Iter 2: improved SWNS 1334 STNS 0 NUM_FEPS 0 with 16 cells processed and 1066 slack improved
OPT-0007 : Iter 3: improved SWNS 1334 STNS 0 NUM_FEPS 0 with 10 cells processed and 1446 slack improved
OPT-0007 : Iter 4: improved SWNS 1334 STNS 0 NUM_FEPS 0 with 1 cells processed and 0 slack improved
OPT-1001 : Overall commit ratio 0.47
OPT-1001 : End global optimization;  4.275851s wall, 5.953125s user + 0.062500s system = 6.015625s CPU (140.7%)

OPT-1001 : Current memory(MB): used = 1009, reserved = 999, peak = 1009.
OPT-1001 : End Stage 2.7.2 | Global Optimization; Time: 5.942781s wall, 7.593750s user + 0.078125s system = 7.671875s CPU (129.1%); Memory(MB): used = 1009, reserved = 999, peak = 1009;

OPT-0007 : End flow prepack: SWNS 1334 STNS 0 NUM_FEPS 0
OPT-1001 : End physical optimization;  16.654070s wall, 32.843750s user + 0.640625s system = 33.484375s CPU (201.1%)

PHY-1001 : End Stage 2.7 | Optimize Design; Time: 16.658042s wall, 32.859375s user + 0.640625s system = 33.500000s CPU (201.1%); Memory(MB): used = 1009, reserved = 999, peak = 1009;

PHY-1001 : Stage 2.8 | Pack and Legalization
PHY-1001 : Stage 2.8.1 | Direct Legalization
PHY-3001 : Start Direct Legalization ...
PHY-3001 : Get top1 grid util = 0.634252, top1_avg = 0.634252.
PHY-1001 : Populate physical database on model design_top_wrapper.
PHY-3001 : Target density is 60%
PHY-3001 : Before Legalization for Slice Macros, Len = 1.11794e+06.
RUN-1001 : Legalization top10 inst displacement:
RUN-1001 : -----------------------------------------------------------------------------------------------------------------------------------------------------------------------------------------------------------------------------------
RUN-1001 :   Index  |  Bounded  |  Height  |       Location       |  Disp. (slots)  |  Disp. (grids)  |                                                                 Name                                                                  
RUN-1001 : -----------------------------------------------------------------------------------------------------------------------------------------------------------------------------------------------------------------------------------
RUN-1001 :     1    |     N     |    8     |  x2y30z7 to x9y31z0  |       57        |        8        |       u_ph1p35_324_ddr_wrapper/u_ddr2/ph1p_ddrmc_wrapper/ph1p_ddrmc_top/u_phy2mc_fifo/byteIdx_1[0]$u_wfifo_sync/ramread0_syn_48       
RUN-1001 :     2    |     N     |    8     |  x2y56z4 to x5y58z0  |       36        |        5        |        u_ph1p35_324_ddr_wrapper/u_ddr2/ph1p_ddrmc_wrapper/ph1p_ddrmc_top/u_ddr_phy/u_ddrphy_top/u_ddrphy_init/ramread0_syn_71         
RUN-1001 :     3    |     N     |    8     |  x2y53z0 to x5y52z0  |       32        |        4        |        u_ph1p35_324_ddr_wrapper/u_ddr2/ph1p_ddrmc_wrapper/ph1p_ddrmc_top/u_ddr_phy/u_ddrphy_top/u_ddrphy_init/ramread0_syn_131        
RUN-1001 :     4    |     N     |    8     |  x2y54z6 to x5y54z0  |       30        |        3        |        u_ph1p35_324_ddr_wrapper/u_ddr2/ph1p_ddrmc_wrapper/ph1p_ddrmc_top/u_ddr_phy/u_ddrphy_top/u_ddrphy_init/ramread0_syn_51         
RUN-1001 :     5    |     N     |    8     |  x2y56z4 to x5y56z0  |       28        |        3        |        u_ph1p35_324_ddr_wrapper/u_ddr2/ph1p_ddrmc_wrapper/ph1p_ddrmc_top/u_ddr_phy/u_ddrphy_top/u_ddrphy_init/ramread0_syn_31         
RUN-1001 :     6    |     N     |    8     |  x2y56z4 to x5y57z0  |       28        |        4        |        u_ph1p35_324_ddr_wrapper/u_ddr2/ph1p_ddrmc_wrapper/ph1p_ddrmc_top/u_ddr_phy/u_ddrphy_top/u_ddrphy_init/ramread0_syn_111        
RUN-1001 :     7    |     N     |    8     |  x6y33z4 to x9y34z0  |       28        |        4        |  u_ph1p35_324_ddr_wrapper/u_ddr2/ph1p_ddrmc_wrapper/ph1p_ddrmc_top/u_alc_mc_top/u_rd_data/rd_buffer[0]$u_rd_data_buf/ramread0_syn_32  
RUN-1001 :     8    |     N     |    8     |  x2y31z5 to x5y32z0  |       27        |        4        |       u_ph1p35_324_ddr_wrapper/u_ddr2/ph1p_ddrmc_wrapper/ph1p_ddrmc_top/u_phy2mc_fifo/byteIdx_1[0]$u_wfifo_sync/ramread0_syn_88       
RUN-1001 :     9    |     N     |    8     |  x2y30z3 to x5y30z0  |       27        |        3        |       u_ph1p35_324_ddr_wrapper/u_ddr2/ph1p_ddrmc_wrapper/ph1p_ddrmc_top/u_phy2mc_fifo/byteIdx_1[0]$u_wfifo_sync/ramread0_syn_68       
RUN-1001 :    10    |     N     |    8     |  x2y53z3 to x5y53z0  |       27        |        3        |        u_ph1p35_324_ddr_wrapper/u_ddr2/ph1p_ddrmc_wrapper/ph1p_ddrmc_top/u_ddr_phy/u_ddrphy_top/u_ddrphy_init/ramread0_syn_151        
RUN-1001 : -----------------------------------------------------------------------------------------------------------------------------------------------------------------------------------------------------------------------------------
PHY-3001 : After Legalization for Slice Macros, Len = 1.15374e+06.
RUN-1001 : Generating global routing grids ...
PHY-1001 : Generate routing nets ...
PHY-1001 : Reuse net number 19385/21595.
RUN-1002 : start command "update_timing -mode MANHATTAN"
RUN-1002 : start command "start_timer"
RUN-1003 : finish command "start_timer" in  2.281127s wall, 2.281250s user + 0.000000s system = 2.281250s CPU (100.0%)

RUN-1004 : used memory is 1032 MB, reserved memory is 1023 MB, peak memory is 1032 MB
RUN-1003 : finish command "update_timing -mode MANHATTAN" in  4.469599s wall, 4.468750s user + 0.000000s system = 4.468750s CPU (100.0%)

RUN-1004 : used memory is 1033 MB, reserved memory is 1023 MB, peak memory is 1033 MB
PHY-1001 : Global iterations in 32 thread ...
PHY-1002 : len = 1.55067e+06, over cnt = 745(1%), over = 1628, worst = 9
PHY-1002 : len = 1.55931e+06, over cnt = 649(0%), over = 1079, worst = 9
PHY-1002 : len = 1.57669e+06, over cnt = 286(0%), over = 383, worst = 6
PHY-1002 : len = 1.58605e+06, over cnt = 100(0%), over = 130, worst = 4
PHY-1002 : len = 1.59077e+06, over cnt = 22(0%), over = 43, worst = 3
PHY-1001 : End global iterations;  1.671594s wall, 2.046875s user + 0.000000s system = 2.046875s CPU (122.5%)

PHY-1001 : Congestion index:
PHY-1001 : top1  = 87.13(S 73.63, N 69.87, E 79.49, W 79.85, I 171.49, O 199.59)
PHY-1001 : top5  = 72.30(S 60.14, N 55.63, E 60.39, W 64.43, I 100.64, O 128.04)
PHY-1001 : top10 = 65.54(S 51.45, N 47.54, E 51.11, W 55.62, I 77.50, O 100.60)
PHY-1001 : top15 = 60.87(S 45.69, N 42.40, E 45.19, W 49.60, I 64.36, O 84.91)
PHY-3001 : Total Iter 112, legal = 22099 / 22099 (100.00%), avg_move = 30.39, max_move = 260.
PHY-3001 : There are no illegal insts.
PHY-1001 : Populate physical database on model design_top_wrapper.
PHY-3001 : End Direct Legalization;  30.129855s wall, 265.578125s user + 2.890625s system = 268.468750s CPU (891.0%)

RUN-1001 : Summary of LUT-FF Pairs
RUN-1001 : ---------------------------------------------------------------
RUN-1001 :   Num of Fanout Seqs  |   1x   |  2x  |  3~5  |  6~10  |  >10  
RUN-1001 : ---------------------------------------------------------------
RUN-1001 :         Total         |  6523  |  5   |  52   |   1    |  23   
RUN-1001 :          Grid         |  6520  |  5   |  45   |   1    |  23   
RUN-1001 :          Bank         |  6373  |  5   |  40   |   1    |  23   
RUN-1001 :         Paired        |  6361  |  5   |  39   |   1    |  23   
RUN-1001 : ---------------------------------------------------------------
RUN-1001 : Summary of LUT Pairs
RUN-1001 : ---------------------------------------------------------------------------------------------------------------------
RUN-1001 :            |           |           |           |           |           |  O5 + O6  |  Only O5  |  Only O6  |  Total  
RUN-1001 : ---------------------------------------------------------------------------------------------------------------------
RUN-1001 :   5 Share  |  4 Share  |  3 Share  |  2 Share  |  1 Share  |  0 Share  |           |           |           |         
RUN-1001 :     42     |    159    |    196    |    370    |   1660    |   3160    |   5587    |   2302    |   1633    |  9522   
RUN-1001 : ---------------------------------------------------------------------------------------------------------------------
PHY-1001 : End Stage 2.8.1 | Direct Legalization; Time: 30.215094s wall, 265.656250s user + 2.890625s system = 268.546875s CPU (888.8%); Memory(MB): used = 1125, reserved = 1124, peak = 1126;

PHY-3001 : Target density is 60%
PHY-3001 : After Direct Legalization, Len = 1.41772e+06.
PHY-1001 : End Stage 2.8 | Pack and Legalization; Time: 30.465240s wall, 265.906250s user + 2.890625s system = 268.796875s CPU (882.3%); Memory(MB): used = 1125, reserved = 1124, peak = 1126;

RUN-1002 : start command "start_timer"
RUN-1003 : finish command "start_timer" in  4.347301s wall, 4.296875s user + 0.015625s system = 4.312500s CPU (99.2%)

RUN-1004 : used memory is 1126 MB, reserved memory is 1124 MB, peak memory is 1126 MB
PHY-1001 : End Stage 2 | Global Placement; Time: 79.572476s wall, 374.640625s user + 11.500000s system = 386.140625s CPU (485.3%); Memory(MB): used = 1127, reserved = 1124, peak = 1127;

PHY-1001 : Stage 3 | Detailed Placement
PHY-1001 : Stage 3.1 | SLICE Detailed Placement
PHY-1001 : Stage 3.1.1 | Spreading
PHY-3001 : Design contains 136 ce signals.
PHY-3001 : Spreading for sector grids.
PHY-3001 : Iter 1, total overflow: 0
PHY-3001 : tot_capacity: 36, usage_cnt: 15, movable_cnt: 26
PHY-3001 : Spreading for clock grids.
PHY-3001 : clock grid count for 24 x 4 grids
PHY-3001 : Spreading for plb grids.
PHY-3001 : total displace: 0, max displace: 0.
PHY-3001 : End spreading;  0.466309s wall, 0.468750s user + 0.000000s system = 0.468750s CPU (100.5%)

PHY-1001 : End Stage 3.1.1 | Spreading; Time: 0.466460s wall, 0.468750s user + 0.000000s system = 0.468750s CPU (100.5%); Memory(MB): used = 1128, reserved = 1126, peak = 1128;

PHY-1001 : Stage 3.1.2 | Simulated Annealing Based DP
RUN-1001 : Generating global routing grids ...
PHY-1001 : Generate routing nets ...
PHY-1001 : Reuse net number 1874/16773.
PHY-1001 : Global iterations in 32 thread ...
PHY-1002 : len = 1.51414e+06, over cnt = 1294(1%), over = 2745, worst = 9
PHY-1002 : len = 1.54408e+06, over cnt = 789(1%), over = 1427, worst = 9
PHY-1002 : len = 1.5671e+06, over cnt = 192(0%), over = 378, worst = 9
PHY-1002 : len = 1.57568e+06, over cnt = 51(0%), over = 96, worst = 6
PHY-1002 : len = 1.57794e+06, over cnt = 0(0%), over = 0, worst = 0
PHY-1001 : End global iterations;  2.243301s wall, 3.156250s user + 0.015625s system = 3.171875s CPU (141.4%)

PHY-1001 : Congestion index:
PHY-1001 : top1  = 78.87(S 60.25, N 56.35, E 69.97, W 74.01, I 62.86, O 72.04)
PHY-1001 : top5  = 64.40(S 48.62, N 46.40, E 52.90, W 56.32, I 50.82, O 59.59)
PHY-1001 : top10 = 57.53(S 42.24, N 40.69, E 45.10, W 48.25, I 44.23, O 53.40)
PHY-1001 : top15 = 53.47(S 37.97, N 36.69, E 40.23, W 43.44, I 39.78, O 48.57)
PHY-0007 : Initial: WL Cost = 110171, TD Cost = 71343.9, SWNS = 1442, STNS = 0, Nums per T = 90670, Range Limit = 4x8
PHY-0007 : Finally: WL Cost = 97662.2, TD Cost = 55275.3, WL Ratio = 0.886463, TD Ratio = 0.774772, SWNS = 1439, STNS = 0
RUN-1001 : Print Detailed placement's Summary information
RUN-1001 : ------------------------------------------------------------------------------------------------------------------------------
RUN-1001 :           |  Total   |  Accept  |  Reject by overFlow  |  Reject by worseCost  |  Failed by noTarget  |  Failed by gridCheck  
RUN-1001 : ------------------------------------------------------------------------------------------------------------------------------
RUN-1001 :   Slices  |  816030  |  24979   |         2695         |        776034         |         258          |         12064         
RUN-1001 :   Macros  |  17923   |    93    |         247          |         17473         |          72          |          38           
RUN-1001 : ------------------------------------------------------------------------------------------------------------------------------
PHY-1001 : End Stage 3.1.2 | Simulated Annealing Based DP; Time: 29.462156s wall, 31.062500s user + 0.187500s system = 31.250000s CPU (106.1%); Memory(MB): used = 1136, reserved = 1134, peak = 1136;

PHY-3001 : End Detailed Place; 
PHY-3001 : Final: Len = 1.24086e+06, Over = 0
PHY-1001 : End Stage 3.1 | SLICE Detailed Placement; Time: 30.396459s wall, 31.984375s user + 0.187500s system = 32.171875s CPU (105.8%); Memory(MB): used = 1136, reserved = 1134, peak = 1136;

PHY-3001 : End Detailed Place; 
PHY-1001 : Stage 3.2 | Optimize Design
OPT-1001 : Start physical optimization ...
OPT-1001 : Total overflow 0.00 peak overflow 0.00
OPT-1001 : Stage 3.2.1 | Physical Optimization
OPT-1001 : Start high-fanout net optimization in optimize equivalent flow with medium effort ...
OPT-1001 : Clean unloaded insts before merging registers
PHY-1001 : Populate physical database on model design_top_wrapper.
PHY-1001 : Populate physical database on model design_top_wrapper.
OPT-1001 : Total overflow 0.00 peak overflow 0.00
OPT-1001 : End optimize duplicated nets. Total 43 instances are merged and 553 sinks are reconnected,  3.100570s wall, 3.078125s user + 0.031250s system = 3.109375s CPU (100.3%)

OPT-1001 : End high-fanout net optimization;  3.103391s wall, 3.078125s user + 0.031250s system = 3.109375s CPU (100.2%)

OPT-1001 : Update timing in Manhattan mode
RUN-1002 : start command "start_timer"
RUN-1003 : finish command "start_timer" in  3.192239s wall, 3.187500s user + 0.000000s system = 3.187500s CPU (99.9%)

RUN-1004 : used memory is 1136 MB, reserved memory is 1134 MB, peak memory is 1136 MB
OPT-1001 : End timing update;  5.064521s wall, 5.046875s user + 0.015625s system = 5.062500s CPU (100.0%)

OPT-1001 : Current memory(MB): used = 1136, reserved = 1134, peak = 1136.
OPT-1001 : End Stage 3.2.1 | Physical Optimization; Time: 8.373907s wall, 8.343750s user + 0.046875s system = 8.390625s CPU (100.2%); Memory(MB): used = 1136, reserved = 1134, peak = 1136;

OPT-1001 : Stage 3.2.2 | Synthesize High-fanout Net
OPT-1001 : Start high-fanout net optimization in post-pack flow with medium effort ...
OPT-1001 : Start: SWNS 1439 STNS 0 NUM_FEPS 0
OPT-1001 : Total overflow 0.00 peak overflow 0.00
PHY-1001 : Populate physical database on model design_top_wrapper.
OPT-1001 : 10 high-fanout net processed.
OPT-1001 : Total overflow 0.00 peak overflow 0.00
RUN-1001 : HFN opt statistic
RUN-1001 : ------------------------------------------------------
RUN-1001 :   DriverCell type  |  HFN count  |  Duplicated count  
RUN-1001 : ------------------------------------------------------
RUN-1001 :       LSLICE       |      0      |         0          
RUN-1001 :       MSLICE       |      0      |         0          
RUN-1001 :        OTHER       |     10      |         10         
RUN-1001 :        TOTAL       |     10      |         10         
RUN-1001 : ------------------------------------------------------
OPT-1001 : End high-fanout net optimization;  0.918627s wall, 1.125000s user + 0.000000s system = 1.125000s CPU (122.5%)

OPT-1001 : Current memory(MB): used = 1136, reserved = 1134, peak = 1136.
OPT-1001 : End Stage 3.2.2 | Synthesize High-fanout Net; Time: 1.150510s wall, 1.328125s user + 0.000000s system = 1.328125s CPU (115.4%); Memory(MB): used = 1136, reserved = 1134, peak = 1136;

OPT-1001 : Stage 3.2.3 | Optimize Path
OPT-1001 : Start unpack path based optimization ...
OPT-0007 : Start: SWNS 1439 STNS 0 NUM_FEPS 0 with mode 2
OPT-1001 : Start congestion update ...
RUN-1001 : Generating global routing grids ...
PHY-1001 : Generate routing nets ...
PHY-1001 : Reuse net number 5493/17415.
PHY-1001 : Global iterations in 32 thread ...
PHY-1002 : len = 1.40662e+06, over cnt = 1587(2%), over = 3192, worst = 9
PHY-1002 : len = 1.4395e+06, over cnt = 1100(1%), over = 1899, worst = 9
PHY-1002 : len = 1.48414e+06, over cnt = 240(0%), over = 425, worst = 8
PHY-1002 : len = 1.49362e+06, over cnt = 38(0%), over = 50, worst = 4
PHY-1002 : len = 1.49426e+06, over cnt = 3(0%), over = 7, worst = 4
PHY-1001 : End global iterations;  2.106324s wall, 3.156250s user + 0.000000s system = 3.156250s CPU (149.8%)

PHY-1001 : Congestion index:
PHY-1001 : top1  = 72.62(S 57.05, N 56.73, E 65.19, W 69.49, I 62.23, O 69.74)
PHY-1001 : top5  = 61.51(S 47.39, N 46.90, E 51.46, W 55.59, I 49.96, O 57.36)
PHY-1001 : top10 = 56.27(S 42.01, N 41.12, E 44.12, W 48.37, I 43.96, O 51.87)
PHY-1001 : top15 = 52.80(S 38.17, N 37.10, E 39.34, W 43.78, I 39.70, O 47.83)
OPT-1001 : End congestion update;  2.687790s wall, 3.718750s user + 0.000000s system = 3.718750s CPU (138.4%)

OPT-0007 : Iter 1: improved SWNS 1509 STNS 0 NUM_FEPS 0 with 60(1456) cells and 728(728) paths processed with 8680 slack improved, crit_thod: 3000 ratio: 0.82(68/83) rt: 0.7s
OPT-0007 : Iter 2: improved SWNS 1573 STNS 0 NUM_FEPS 0 with 15(330) cells and 165(165) paths processed with 1267 slack improved, crit_thod: 3000 ratio: 0.86(18/21) rt: 0.4s
OPT-0007 : Iter 3: improved SWNS 1573 STNS 0 NUM_FEPS 0 with 1(296) cells and 148(148) paths processed with 0 slack improved, crit_thod: 3000 ratio: 0.20(1/5) rt: 0.3s
OPT-1001 : End path based optimization;  4.176934s wall, 5.218750s user + 0.000000s system = 5.218750s CPU (124.9%)

OPT-1001 : Current memory(MB): used = 1137, reserved = 1134, peak = 1137.
OPT-1001 : End Stage 3.2.3 | Optimize Path; Time: 4.390094s wall, 5.406250s user + 0.000000s system = 5.406250s CPU (123.1%); Memory(MB): used = 1137, reserved = 1134, peak = 1137;

OPT-1001 : Stage 3.2.4 | Optimize Duplicated Nets
OPT-1001 : Start: WNS 1573 TNS 0 NUM_FEPS 0
OPT-1001 : Clean unloaded insts before merging registers
PHY-1001 : Populate physical database on model design_top_wrapper.
PHY-1001 : Populate physical database on model design_top_wrapper.
OPT-1001 : Total overflow 0.00 peak overflow 0.00
OPT-1001 : End optimize duplicated nets. Total 1 instances are merged and 124 sinks are reconnected,  2.676350s wall, 2.625000s user + 0.000000s system = 2.625000s CPU (98.1%)

OPT-1001 : Update timing in Manhattan mode
RUN-1002 : start command "start_timer"
RUN-1003 : finish command "start_timer" in  3.212948s wall, 3.140625s user + 0.000000s system = 3.140625s CPU (97.7%)

RUN-1004 : used memory is 1136 MB, reserved memory is 1134 MB, peak memory is 1137 MB
OPT-1001 : End timing update;  5.362305s wall, 5.265625s user + 0.015625s system = 5.281250s CPU (98.5%)

OPT-1001 : Current memory(MB): used = 1136, reserved = 1134, peak = 1137.
OPT-1001 : End Stage 3.2.4 | Optimize Duplicated Nets; Time: 8.246557s wall, 8.109375s user + 0.015625s system = 8.125000s CPU (98.5%); Memory(MB): used = 1136, reserved = 1134, peak = 1137;

OPT-1001 : Stage 3.2.5 | Swap Pins
OPT-1001 : Start pin optimization...
OPT-1001 : Start: SWNS 1573 STNS 0 NUM_FEPS 0
OPT-1001 : Successfully optimized 493 instances
OPT-1001 : Successfully optimized 49 instances
OPT-1001 : End pin optimization;  1.493947s wall, 1.484375s user + 0.000000s system = 1.484375s CPU (99.4%)

OPT-1001 : Current memory(MB): used = 1136, reserved = 1134, peak = 1137.
OPT-1001 : End Stage 3.2.5 | Swap Pins; Time: 1.690976s wall, 1.687500s user + 0.000000s system = 1.687500s CPU (99.8%); Memory(MB): used = 1136, reserved = 1134, peak = 1137;

OPT-1001 : Stage 3.2.6 | Optimize Beeline
OPT-1001 : Start beeline optimization...
OPT-1001 : Start: SWNS 1573 STNS 0 NUM_FEPS 0
PHY-1001 : Beeline DP, 597 out of 4669 (12.79)%; hop = 814.
PHY-1001 : Beeline DP, 173 out of 4073 (4.25)%; hop = 239.
PHY-1001 : Beeline DP, 107 out of 3982 (2.69)%; hop = 154.
PHY-1001 : Beeline DP, 81 out of 3959 (2.05)%; hop = 113.
PHY-1001 : Beeline DP, 72 out of 3952 (1.82)%; hop = 103.
PHY-1001 : Beeline optimization intraPLB, 2033 1-hop(39.89%), 2102 2-hop(41.24%), 389 3-hop( 7.63%), 573 others (11.24%)
PHY-1001 :  13.252711s wall, 13.031250s user + 0.078125s system = 13.109375s CPU (98.9%)

RUN-1001 : Beeline optimization outerPLB: 1-hop 1611, 2-hop 3138, 3-hop 1913, 4-hop 665, other 1561 
OPT-1001 : End beeline optimization;  14.141878s wall, 13.890625s user + 0.093750s system = 13.984375s CPU (98.9%)

OPT-1001 : Update timing in Manhattan mode
OPT-1001 : End timing update;  2.017361s wall, 1.968750s user + 0.000000s system = 1.968750s CPU (97.6%)

OPT-1001 : End Stage 3.2.6 | Optimize Beeline; Time: 16.527938s wall, 16.218750s user + 0.093750s system = 16.312500s CPU (98.7%); Memory(MB): used = 1137, reserved = 1134, peak = 1137;

OPT-0007 : End flow postpack: SWNS 1461 STNS 0 NUM_FEPS 0
RUN-1001 : Generating global routing grids ...
PHY-1001 : Generate routing nets ...
PHY-1001 : Reuse net number 15409/16872.
PHY-1001 : Global iterations in 32 thread ...
PHY-1002 : len = 1.50606e+06, over cnt = 322(0%), over = 463, worst = 5
PHY-1002 : len = 1.51157e+06, over cnt = 173(0%), over = 200, worst = 4
PHY-1002 : len = 1.51618e+06, over cnt = 43(0%), over = 50, worst = 3
PHY-1002 : len = 1.51728e+06, over cnt = 15(0%), over = 18, worst = 3
PHY-1002 : len = 1.51789e+06, over cnt = 0(0%), over = 0, worst = 0
PHY-1001 : End global iterations;  0.640771s wall, 0.843750s user + 0.000000s system = 0.843750s CPU (131.7%)

PHY-1001 : Congestion index:
PHY-1001 : top1  = 73.64(S 57.00, N 56.69, E 65.21, W 70.39, I 62.34, O 70.23)
PHY-1001 : top5  = 61.84(S 47.27, N 47.09, E 52.07, W 55.69, I 50.01, O 57.62)
PHY-1001 : top10 = 56.43(S 41.98, N 41.26, E 44.69, W 48.37, I 43.96, O 52.20)
PHY-1001 : top15 = 52.96(S 38.31, N 37.36, E 39.65, W 43.61, I 39.70, O 48.15)
RUN-1001 : QoR Analysis:
OPT-0007 :   SWNS 1461 STNS 0 NUM_FEPS 0
RUN-1001 :   No local congestion issue, and most congested 1% tile average routing util is 73.078947
RUN-1001 :   Top critical paths
RUN-1001 :       #1 path slack 1461ps with logic level 1 
RUN-1001 :       #2 path slack 1505ps with logic level 1 
RUN-1001 :       #3 path slack 1505ps with logic level 1 
RUN-1001 :       #4 path slack 1505ps with logic level 1 
RUN-1001 :       #5 path slack 1523ps with logic level 1 
OPT-1001 : End physical optimization;  41.795125s wall, 42.640625s user + 0.187500s system = 42.828125s CPU (102.5%)

PHY-1001 : End Stage 3.2 | Optimize Design; Time: 41.802173s wall, 42.656250s user + 0.187500s system = 42.843750s CPU (102.5%); Memory(MB): used = 1137, reserved = 1134, peak = 1137;

RUN-1001 : Report Control nets information:
RUN-1001 : DFF Distribution
RUN-1001 : -------------------------------------
RUN-1001 :   CE   |  SSR  |  ASR  |  DFF Count  
RUN-1001 : -------------------------------------
RUN-1001 :   No   |  No   |  No   |     224     
RUN-1001 :   No   |  No   |  Yes  |      0      
RUN-1001 :   No   |  Yes  |  No   |      0      
RUN-1001 :   Yes  |  No   |  No   |    6990     
RUN-1001 :   Yes  |  No   |  Yes  |    5872     
RUN-1001 :   Yes  |  Yes  |  No   |     492     
RUN-1001 : -------------------------------------
RUN-1001 : Control Group Statistic
RUN-1001 : -----------------------------
RUN-1001 :   #CLK  |  #CE  |  #SSR/ASR  
RUN-1001 : -----------------------------
RUN-1001 :    10   |  356  |     32     
RUN-1001 : -----------------------------
RUN-0007 : Control Set = 431
PHY-1001 : End Stage 3 | Detailed Placement; Time: 72.439743s wall, 74.875000s user + 0.375000s system = 75.250000s CPU (103.9%); Memory(MB): used = 1137, reserved = 1134, peak = 1137;

PHY-1001 : Populate physical database on model design_top_wrapper.
PHY-1001 : Stage 4 | Optimize Design
PHY-3001 : Start incremental legalization ...
PHY-1001 : Populate physical database on model design_top_wrapper.
PHY-1001 : Processing 2 clock pins of DDR instance u_ph1p35_324_ddr_wrapper/u_ddr2/ph1p_ddrmc_wrapper/ph1p_ddrmc_top/u_ddr_phy/u_ddrphy_top/u_ddrphy/ac_byte[0]$ac_byte_used$u_ddrphy_ac_byte_wrapper/u_ddrphy_byte, location = x0y70z0.
PHY-1001 :   Placed ioclk instance u_ph1p35_324_ddr_wrapper/u_ddr2/ph1p_ddrmc_wrapper/ph1p_ddrmc_top/u_ddr_phy/u_ddrphy_top/u_ddrphy_clk/ioclk[0]$u_ioclk_1, location = x0y59z1.
PHY-1001 :   Placed ioclk instance u_ph1p35_324_ddr_wrapper/u_ddr2/ph1p_ddrmc_wrapper/ph1p_ddrmc_top/u_ddr_phy/u_ddrphy_top/u_ddrphy_clk/ioclk[0]$u_ioclk_0, location = x0y59z0.
PHY-1001 : Processing 2 clock pins of DDR instance u_ph1p35_324_ddr_wrapper/u_ddr2/ph1p_ddrmc_wrapper/ph1p_ddrmc_top/u_ddr_phy/u_ddrphy_top/u_ddrphy/ac_byte[1]$ac_byte_used$u_ddrphy_ac_byte_wrapper/u_ddrphy_byte, location = x0y60z0.
PHY-1001 :   Placed ioclk instance u_ph1p35_324_ddr_wrapper/u_ddr2/ph1p_ddrmc_wrapper/ph1p_ddrmc_top/u_ddr_phy/u_ddrphy_top/u_ddrphy_clk/ioclk[0]$u_ioclk_1, location = x0y59z1.
PHY-1001 :   Placed ioclk instance u_ph1p35_324_ddr_wrapper/u_ddr2/ph1p_ddrmc_wrapper/ph1p_ddrmc_top/u_ddr_phy/u_ddrphy_top/u_ddrphy_clk/ioclk[0]$u_ioclk_0, location = x0y59z0.
PHY-1001 : Processing 2 clock pins of DDR instance u_ph1p35_324_ddr_wrapper/u_ddr2/ph1p_ddrmc_wrapper/ph1p_ddrmc_top/u_ddr_phy/u_ddrphy_top/u_ddrphy/ac_byte[2]$ac_byte_used$u_ddrphy_ac_byte_wrapper/u_ddrphy_byte, location = x0y50z0.
PHY-1001 :   Placed ioclk instance u_ph1p35_324_ddr_wrapper/u_ddr2/ph1p_ddrmc_wrapper/ph1p_ddrmc_top/u_ddr_phy/u_ddrphy_top/u_ddrphy_clk/ioclk[0]$u_ioclk_1, location = x0y59z1.
PHY-1001 :   Placed ioclk instance u_ph1p35_324_ddr_wrapper/u_ddr2/ph1p_ddrmc_wrapper/ph1p_ddrmc_top/u_ddr_phy/u_ddrphy_top/u_ddrphy_clk/ioclk[0]$u_ioclk_0, location = x0y59z0.
PHY-1001 : Processing 2 clock pins of DDR instance u_ph1p35_324_ddr_wrapper/u_ddr2/ph1p_ddrmc_wrapper/ph1p_ddrmc_top/u_ddr_phy/u_ddrphy_top/u_ddrphy/ac_byte[3]$ac_byte_used$u_ddrphy_ac_byte_wrapper/u_ddrphy_byte, location = x0y40z0.
PHY-1001 :   Placed ioclk instance u_ph1p35_324_ddr_wrapper/u_ddr2/ph1p_ddrmc_wrapper/ph1p_ddrmc_top/u_ddr_phy/u_ddrphy_top/u_ddrphy_clk/ioclk[0]$u_ioclk_1, location = x0y59z1.
PHY-1001 :   Placed ioclk instance u_ph1p35_324_ddr_wrapper/u_ddr2/ph1p_ddrmc_wrapper/ph1p_ddrmc_top/u_ddr_phy/u_ddrphy_top/u_ddrphy_clk/ioclk[0]$u_ioclk_0, location = x0y59z0.
PHY-1001 : Processing 2 clock pins of DDR instance u_ph1p35_324_ddr_wrapper/u_ddr2/ph1p_ddrmc_wrapper/ph1p_ddrmc_top/u_ddr_phy/u_ddrphy_top/u_ddrphy/dx_byte[0]$dx_byte_used$u_ddrphy_dx_byte_wrapper/u_ddrphy_byte, location = x0y30z0.
PHY-1001 :   Placed ioclk instance u_ph1p35_324_ddr_wrapper/u_ddr2/ph1p_ddrmc_wrapper/ph1p_ddrmc_top/u_ddr_phy/u_ddrphy_top/u_ddrphy_clk/ioclk[1]$u_ioclk_1, location = x0y19z1.
PHY-1001 :   Placed ioclk instance u_ph1p35_324_ddr_wrapper/u_ddr2/ph1p_ddrmc_wrapper/ph1p_ddrmc_top/u_ddr_phy/u_ddrphy_top/u_ddrphy_clk/ioclk[1]$u_ioclk_0, location = x0y19z0.
PHY-1001 : Processing 2 clock pins of DDR instance u_ph1p35_324_ddr_wrapper/u_ddr2/ph1p_ddrmc_wrapper/ph1p_ddrmc_top/u_ddr_phy/u_ddrphy_top/u_ddrphy/dx_byte[1]$dx_byte_used$u_ddrphy_dx_byte_wrapper/u_ddrphy_byte, location = x0y10z0.
PHY-1001 :   Placed ioclk instance u_ph1p35_324_ddr_wrapper/u_ddr2/ph1p_ddrmc_wrapper/ph1p_ddrmc_top/u_ddr_phy/u_ddrphy_top/u_ddrphy_clk/ioclk[1]$u_ioclk_1, location = x0y19z1.
PHY-1001 :   Placed ioclk instance u_ph1p35_324_ddr_wrapper/u_ddr2/ph1p_ddrmc_wrapper/ph1p_ddrmc_top/u_ddr_phy/u_ddrphy_top/u_ddrphy_clk/ioclk[1]$u_ioclk_0, location = x0y19z0.
PHY-3001 : Target density is 60%
PHY-3001 : Target density is 60%
PHY-3001 : Initial: Len = 1.30153e+06, Over = 0
PHY-1001 : Stage 4.1 | Spreading
PHY-3001 : Design contains 128 ce signals.
PHY-3001 : Spreading for sector grids.
PHY-3001 : Iter 1, total overflow: 0
PHY-3001 : tot_capacity: 36, usage_cnt: 15, movable_cnt: 28
PHY-3001 : Spreading for clock grids.
PHY-3001 : clock grid count for 24 x 4 grids
PHY-3001 : Spreading for plb grids.
PHY-3001 : total displace: 0, max displace: 0.
PHY-3001 : End spreading;  0.395100s wall, 0.390625s user + 0.000000s system = 0.390625s CPU (98.9%)

PHY-1001 : End Stage 4.1 | Spreading; Time: 0.395238s wall, 0.390625s user + 0.000000s system = 0.390625s CPU (98.8%); Memory(MB): used = 1137, reserved = 1134, peak = 1137;

PHY-3001 : Final: Len = 1.30153e+06, Over = 0
PHY-3001 : End incremental legalization;  0.749004s wall, 0.750000s user + 0.000000s system = 0.750000s CPU (100.1%)

RUN-1002 : start command "report_qor -step place -file place.qor"
RUN-1002 : start command "start_timer"
RUN-1003 : finish command "start_timer" in  2.241330s wall, 2.234375s user + 0.000000s system = 2.234375s CPU (99.7%)

RUN-1004 : used memory is 1137 MB, reserved memory is 1134 MB, peak memory is 1137 MB
RUN-1001 : Generating global routing grids ...
-----------------------------------------------------------
| QoR metrics               |         value               |
-----------------------------------------------------------
| Timing                    |                             |
|     Setup WNS             |         1461                |
|     Setup TNS             |            0                |
|     Num of violated S-EP  |            0                |
|     FMAX                  |   829.876MHz                |
|     SWNS path clock period |       2666ps                |
|     Hold WNS              |         -284                |
|     Hold TNS              |       -75519                |
|     Num of violated H-EP  |          551                |
-----------------------------------------------------------
| Routing Resource          |                             |
|     Wire length           |      1297313                |
|     Route Net Num         |        21092                |
|     DontRoute Net Num     |         8771                |
|     RouteSinks Num        |        61932                |
-----------------------------------------------------------
| Utilization               |                             |
|     #slices               |        12254                |
|     slices percentage     |       57.76%                |
|     #RAMs                 |           40                |
|     #DSPs                 |            8                |
|     #DRAMHARDCON          |           37                |
-----------------------------------------------------------
| Congestion                |                             |
|     Top 1% tile util      |           68                |
|     Top 1% tile avg util  |       73.08%                |
|     Over 100% util #tile  |            0                |
-----------------------------------------------------------
Report place stage QoR done.

RUN-1003 : finish command "report_qor -step place -file place.qor" in  5.228754s wall, 5.406250s user + 0.000000s system = 5.406250s CPU (103.4%)

RUN-1004 : used memory is 1138 MB, reserved memory is 1134 MB, peak memory is 1138 MB
PHY-1001 : End Stage 4 | Optimize Design; Time: 6.002795s wall, 6.187500s user + 0.000000s system = 6.187500s CPU (103.1%); Memory(MB): used = 1138, reserved = 1134, peak = 1138;

PHY-1001 : Stage 5 | DRC Check
PHY-1001 : Stage 5.1 | Slice Attributes Check
PHY-1035 : Redundant attributes/nets in slice detected. You can use tcl "check_slice_attr -verbose" to get full message.
PHY-1039 : Found 112 mslices getting no used reg attributes, eg: u_hdmi_tx/u_hdmi_1_4b_transmitter_core_wrapper/u_hdmi_tx_controller_wrapper/u_hdmi_video_data_assemble/S_island_guard_band_1d_syn_10.
PHY-1039 : Found 112 mslices getting no used ce attributes, eg: u_hdmi_tx/u_hdmi_1_4b_transmitter_core_wrapper/u_hdmi_tx_controller_wrapper/u_hdmi_video_data_assemble/S_island_guard_band_1d_syn_10.
PHY-1001 : End Stage 5.1 | Slice Attributes Check; Time: 0.080119s wall, 0.078125s user + 0.000000s system = 0.078125s CPU (97.5%); Memory(MB): used = 1138, reserved = 1134, peak = 1138;

PHY-1001 : Stage 5.2 | Clock Bound Check
PHY-1001 : Check pass.
PHY-1001 : End Stage 5.2 | Clock Bound Check; Time: 0.002754s wall, 0.000000s user + 0.000000s system = 0.000000s CPU (n/a%); Memory(MB): used = 1138, reserved = 1134, peak = 1138;

PHY-1001 : Stage 5.3 | Force Route Constraint Check
PHY-1001 : Check Pass.
PHY-1001 : End Stage 5.3 | Force Route Constraint Check; Time: 0.003257s wall, 0.015625s user + 0.000000s system = 0.015625s CPU (479.8%); Memory(MB): used = 1138, reserved = 1134, peak = 1138;

PHY-1001 : Stage 5.4 | Sigmap Check
PHY-1001 : Check pass.
PHY-1001 : End Stage 5.4 | Sigmap Check; Time: 0.112704s wall, 0.109375s user + 0.000000s system = 0.109375s CPU (97.0%); Memory(MB): used = 1138, reserved = 1134, peak = 1138;

PHY-1001 : Stage 5.5 | Duplicated SelfDriven Check
PHY-1001 : Check pass.
PHY-1001 : End Stage 5.5 | Duplicated SelfDriven Check; Time: 0.499746s wall, 0.484375s user + 0.000000s system = 0.484375s CPU (96.9%); Memory(MB): used = 1138, reserved = 1134, peak = 1138;

PHY-1001 : Stage 5.6 | Clock Rule Check
PHY-5088 WARNING: Clock_Analyzer: Detected 1 buffer(s) clkin net because they drive non-clock sinks. Run "analyze_clock -detail" for more infomation.
PHY-5088 WARNING: Clock_Analyzer: Detected 1 buffer(s) clkout net because they drive non-clock sinks. Run "analyze_clock -detail" for more infomation.
PHY-5088 WARNING: Clock_Analyzer: 3 clock-net(s) because they drive other clock net, may cause clock skew. Run "analyze_clock -detail" for more infomation.
PHY-1001 : End Stage 5.6 | Clock Rule Check; Time: 0.121106s wall, 0.125000s user + 0.000000s system = 0.125000s CPU (103.2%); Memory(MB): used = 1138, reserved = 1134, peak = 1138;

PHY-1001 : End Stage 5 | DRC Check; Time: 0.911756s wall, 0.890625s user + 0.000000s system = 0.890625s CPU (97.7%); Memory(MB): used = 1138, reserved = 1134, peak = 1138;

OPT-1001 : QoR tracer report on placement steps:
    SWNS [   incr ]    STNS [   incr ]    FEPS [   incr ]    CRIT [   incr ]      CELL [     incr ]        WL [     incr ]    CONG [   incr ]    PDES [   incr ]   RT(s) [   incr ]   MEM(mb) [     incr ]
       0 [      0 ]       0 [      0 ]       0 [      0 ]       0 [      0 ]     25990 [        0 ]         0 [        0 ]    0.00 [   0.00 ]       0 [      0 ]       0 [      0 ]       513 [        0 ] : preplace:simplify_lut
       0 [      0 ]       0 [      0 ]       0 [      0 ]       0 [      0 ]     25990 [        0 ]         0 [        0 ]    0.00 [   0.00 ]       0 [      0 ]       0 [      0 ]       513 [        0 ] : preplace:sweep
       0 [      0 ]       0 [      0 ]       0 [      0 ]       0 [      0 ]     25990 [        0 ]         0 [        0 ]    0.00 [   0.00 ]       0 [      0 ]       0 [      0 ]       513 [        0 ] : preplace:lut_merge
       0 [      0 ]       0 [      0 ]       0 [      0 ]       0 [      0 ]     25990 [        0 ]         0 [        0 ]    0.00 [   0.00 ]       0 [      0 ]       0 [      0 ]       513 [        0 ] : preplace:hfn_opt
    1461 [   1461 ]       0 [      0 ]       0 [      0 ]    4419 [   4419 ]     27776 [     1786 ]   1676770 [  1676770 ]    0.00 [   0.00 ]       0 [      0 ]      17 [     17 ]       900 [      387 ] : step1_gp
    1461 [      0 ]       0 [      0 ]       0 [      0 ]    4436 [     17 ]     27776 [        0 ]   1680655 [     3885 ]    0.00 [   0.00 ]       0 [      0 ]      19 [      2 ]       905 [        5 ] : step1_legal
    1461 [      0 ]       0 [      0 ]       0 [      0 ]    4437 [      1 ]     27776 [        0 ]   1638314 [   -42341 ]    0.00 [   0.00 ]       0 [      0 ]      22 [      3 ]       906 [        1 ] : step1_dp
    1281 [   -180 ]       0 [      0 ]       0 [      0 ]    4828 [    391 ]     27776 [        0 ]   1317690 [  -320624 ]  167.24 [ 167.24 ]       0 [      0 ]      30 [      8 ]       993 [       87 ] : step2_gp
    1281 [      0 ]       0 [      0 ]       0 [      0 ]    4828 [      0 ]     27776 [        0 ]   1317690 [        0 ]  167.24 [   0.00 ]       0 [      0 ]      31 [      1 ]       994 [        1 ] : step2_dp
    1281 [      0 ]       0 [      0 ]       0 [      0 ]    4828 [      0 ]     27776 [        0 ]   1317690 [        0 ]  167.24 [   0.00 ]       0 [      0 ]      31 [      0 ]       994 [        0 ] : prepack_spreading
    1239 [    -42 ]       0 [      0 ]       0 [      0 ]    4917 [     89 ]     27884 [      108 ]   1107600 [  -210090 ]  171.37 [   4.13 ]       0 [      0 ]      42 [     11 ]      1008 [       14 ] : prepack:hfn_opt
    1334 [     95 ]       0 [      0 ]       0 [      0 ]    4923 [      6 ]     27884 [        0 ]   1112881 [     5281 ]   85.89 [ -85.47 ]       0 [      0 ]      48 [      6 ]      1009 [        1 ] : prepack:global_opt
    1442 [    108 ]       0 [      0 ]       0 [      0 ]    5176 [    253 ]     14231 [   -13653 ]   1413500 [   300619 ]   86.71 [   0.82 ]       0 [      0 ]      85 [     37 ]      1126 [      117 ] : direct_legalization
    1442 [      0 ]       0 [      0 ]       0 [      0 ]    5176 [      0 ]     14231 [        0 ]   1413500 [        0 ]   86.71 [   0.00 ]       0 [      0 ]      85 [      0 ]      1128 [        2 ] : post_pack_spreading
    1439 [     -3 ]       0 [      0 ]       0 [      0 ]    5362 [    186 ]     14231 [        0 ]   1236641 [  -176859 ]   78.34 [  -8.37 ]       0 [      0 ]     115 [     30 ]      1136 [        8 ] : post_pack_dp
    1439 [      0 ]       0 [      0 ]       0 [      0 ]    5364 [      2 ]     14216 [      -15 ]   1230547 [    -6094 ]   78.34 [   0.00 ]       0 [      0 ]     123 [      8 ]      1136 [        0 ] : postpack:optimize_equivalent_quick
    1439 [      0 ]       0 [      0 ]       0 [      0 ]    5364 [      0 ]     14226 [       10 ]   1232110 [     1563 ]   78.34 [   0.00 ]       0 [      0 ]     125 [      2 ]      1136 [        0 ] : postpack:hfn_opt
    1573 [    134 ]       0 [      0 ]       0 [      0 ]    5363 [     -1 ]     14235 [        9 ]   1240758 [     8648 ]   72.00 [  -6.34 ]       0 [      0 ]     129 [      4 ]      1137 [        1 ] : postpack:path_opt
    1573 [      0 ]       0 [      0 ]       0 [      0 ]    5365 [      2 ]     14233 [       -2 ]   1240342 [     -416 ]   72.00 [   0.00 ]       0 [      0 ]     137 [      8 ]      1137 [        0 ] : postpack:optimize_equivalent
    1573 [      0 ]       0 [      0 ]       0 [      0 ]    5511 [    146 ]     14233 [        0 ]   1240342 [        0 ]   72.00 [   0.00 ]       0 [      0 ]     139 [      2 ]      1137 [        0 ] : postpack:pin_opt
    1461 [   -112 ]       0 [      0 ]       0 [      0 ]    5495 [    -16 ]     14233 [        0 ]   1272018 [    31676 ]   72.00 [   0.00 ]       0 [      0 ]     155 [     16 ]      1137 [        0 ] : postpack:beeline_opt

RUN-1003 : finish command "place" in  164.553325s wall, 461.984375s user + 11.968750s system = 473.953125s CPU (288.0%)

RUN-1004 : used memory is 1138 MB, reserved memory is 1134 MB, peak memory is 1138 MB
RUN-1002 : start command "update_timing -mode manhattan"
RUN-1002 : start command "start_timer"
RUN-1003 : finish command "start_timer" in  2.430596s wall, 2.343750s user + 0.015625s system = 2.359375s CPU (97.1%)

RUN-1004 : used memory is 1138 MB, reserved memory is 1134 MB, peak memory is 1138 MB
RUN-1003 : finish command "update_timing -mode manhattan" in  4.245208s wall, 4.125000s user + 0.046875s system = 4.171875s CPU (98.3%)

RUN-1004 : used memory is 1138 MB, reserved memory is 1134 MB, peak memory is 1138 MB
RUN-1002 : start command "report_timing_summary -file camera_to_dsi_display_place.timing"
RUN-1002 : start command "report_area -io_info -file camera_to_dsi_display_phy.area"
SYN-4034 : The count of slices with lut is 6553.
SYN-4035 : The count of slices with lut+ripple is 2967.
RUN-1001 : standard
***Report Model: design_top_wrapper Device: PH1P35MDG324***

Design Statistics
#IO                        58   out of    160   36.25%
  #input                    2
  #output                  31
  #inout                   25
#lut6                    9928   out of  21216   46.79%
#reg                    13354
  #slice reg            13354   out of  42432   31.47%
  #pad reg                  0

Utilization Statistics
#slice                  12254   out of  21216   57.76%
  #used ram               408
    #dram lut             296
    #shifter lut          112
  #used logic           11846
    #with luts           6553
    #with adder          2967
    #reg only            2326
#f7mux                      0   out of  10608    0.00%
#f8mux                      0   out of   5304    0.00%
#eram                      40   out of    108   37.04%
  #eram20k                 40
  #fifo20k                  0
#dsp                        8   out of     40   20.00%
#ddr_byte                   6   out of     12   50.00%
#mipi_tx                    0   out of      2    0.00%
#mipi_rx                    1   out of      2   50.00%
#pad                       17   out of    160   10.62%
#pll                        3   out of      6   50.00%
#gclk                       9   out of     32   28.12%
#lclk                       0   out of     12    0.00%
#sclk                       0   out of     48    0.00%
#mlclk                      2   out of      6   33.33%
#ioclk                      4   out of     18   22.22%

RUN-1002 : start command "flow_status -file place_flow.status"
Location         : D:\2026fpga\lab_hd_1_mipi_hdmi\td_project\camera_to_dsi_display_Runs\phy_1
Running with     : Tang Dynasty v6.2.168116
                   Copyright (c) 2012-2025 Anlogic Inc.
Top Model        : design_top_wrapper
Device           : PH1P35MDG324
Speed            : 3

Timing Mode      : manhattan
Setup            : WNS  1461ps  TNS        0ps  NUM_FEPS     0
Hold             : WNS  -284ps  TNS   -75519ps  NUM_FEPS   551

Flow Statistics  :
RUN-1001 : Flow Statistics:
RUN-1001 : ---------------------------------------------------------------------------------------------------
RUN-1001 :      command     |  #calls  |  wall time   |  cpu time(s)  |  used memory(mb)  |  peak memory(mb)  
RUN-1001 : ---------------------------------------------------------------------------------------------------
RUN-1001 :       place      |    1     |  2m44s(98%)  |   472(99%)    |       1138        |       1138        
RUN-1001 :   import_device  |    1     |    2s(1%)    |     2(0%)     |        323        |        323        
RUN-1001 :     import_db    |    1     |    0s(0%)    |     0(0%)     |        512        |        512        
RUN-1001 : ---------------------------------------------------------------------------------------------------
RUN-1001 :       total      |    3     |    2m46s     |      474      |       1138        |       1138        
RUN-1001 : ---------------------------------------------------------------------------------------------------
RUN-1002 : start command "report_clock_utilization -file place_clock_utilization.txt"
RUN-1002 : start command "export_db camera_to_dsi_display_place.db"
RUN-1001 : Exported flow parameters
RUN-1001 : Exported /
RUN-1001 : Exported libs
RUN-1001 : Exported entities
RUN-1001 : Exported ports
RUN-1001 : Exported pins
RUN-1001 : Exported instances
RUN-1001 : Exported nets
RUN-1001 : Exported buses
RUN-1001 : Exported models
RUN-1001 : Exported phy database
RUN-1001 : Exported packer
RUN-1001 : Exported congestions
RUN-1001 : Exported violations
RUN-1001 : Exported ATMR Setting
RUN-1001 : Exported timing constraints
RUN-1001 : Exported IO constraints
RUN-1001 : Exported Inst constraints
RUN-1001 : Exported ChipWatcher
RUN-1003 : finish command "export_db camera_to_dsi_display_place.db" in  1.066652s wall, 1.515625s user + 0.031250s system = 1.546875s CPU (145.0%)

RUN-1004 : used memory is 1157 MB, reserved memory is 1255 MB, peak memory is 1157 MB
RUN-1002 : start command "commit_param -step route"
RUN-1001 : Print Global Property
RUN-1001 : -------------------------------------------------------------
RUN-1001 :     Parameters    |   Settings   |  Default Values  |  Note  
RUN-1001 : -------------------------------------------------------------
RUN-1001 :    enable_seed    |     off      |       off        |        
RUN-1001 :    hfn_to_clock   |  1000000000  |    1000000000    |        
RUN-1001 :      message      |   standard   |     standard     |        
RUN-1001 :    qor_monitor    |      on      |        on        |        
RUN-1001 :   speedup_effort  |      0       |        0         |        
RUN-1001 :    syn_ip_flow    |     off      |       off        |        
RUN-1001 :       thread      |     auto     |       auto       |        
RUN-1001 : -------------------------------------------------------------
RUN-1001 : Print Route Property
RUN-1001 : ---------------------------------------------------------------
RUN-1001 :       Parameters      |  Settings  |  Default Values  |  Note  
RUN-1001 : ---------------------------------------------------------------
RUN-1001 :         effort        |   normal   |      normal      |        
RUN-1001 :        fix_hold       |     on     |        on        |        
RUN-1001 :   hold_fix_iteration  |     5      |        5         |        
RUN-1001 :     post_route_opt    |    auto    |       auto       |        
RUN-1001 :         timing        |     on     |        on        |        
RUN-1001 : ---------------------------------------------------------------
RUN-1002 : start command "route"
RUN-1001 : Open license file F:/AnlogicFpga/TD_6.2.1_Engineer_6.2.168.116/license/Anlogic.lic
PHY-1001 : Reconnected 29 VDD pins with routing demanding
PHY-1001 : Populate physical database on model design_top_wrapper.
RUN-1001 : Dedicate pll clock connection statistics:
RUN-1001 : Clock Region s_1_l [0,40][23,79]; Utilization: 1 out of 12
RUN-1001 : ----------------------------------------------------------------------------------------------------------------------------------------------------------------------------------------------------------------------------------
RUN-1001 :   Index  |                                    Leading Clock                                     |                                                          Special Sink                                                           
RUN-1001 : ----------------------------------------------------------------------------------------------------------------------------------------------------------------------------------------------------------------------------------
RUN-1001 :     1    |  u_ph1p35_324_ddr_wrapper/u_ddr2/ph1p_ddrmc_wrapper/ph1p_ddrmc_top/u_alc_mc_top/clk  |  u_ph1p35_324_ddr_wrapper/u_ddr2/ph1p_ddrmc_wrapper/ph1p_ddrmc_top/u_ddr_phy/u_ddrphy_top/u_ddrphy_clk/u_pll1/u_pll_inst.fbclk  
RUN-1001 : ----------------------------------------------------------------------------------------------------------------------------------------------------------------------------------------------------------------------------------
RUN-1001 : Clock Region s_1_r [24,40][43,79]; Utilization: 1 out of 12
RUN-1001 : -----------------------------------------------------------------------------------------------------------------------------------------------------------------------
RUN-1001 :   Index  |                                     Leading Clock                                     |                            Special Sink                             
RUN-1001 : -----------------------------------------------------------------------------------------------------------------------------------------------------------------------
RUN-1001 :     1    |  u_mipi_dphy_rx_ph1p_mipiio_wrapper/u_ph1p_mipiio_rx_wrapper/u_lane0_hs_detect/I_clk  |  u_PLL/ph1p_phy_pll_wrapper_25a56e5ce2f9_Inst/u_PH1P_PHY_PLL.fbclk  
RUN-1001 : -----------------------------------------------------------------------------------------------------------------------------------------------------------------------
PHY-1001 : Working orders of clock nets being processed in bank assignment:
PHY-1001 : u_ph1p35_324_ddr_wrapper/u_ddr2/ph1p_ddrmc_wrapper/ph1p_ddrmc_top/u_alc_mc_top/clk;
PHY-1001 : u_mipi_dphy_rx_ph1p_mipiio_wrapper/u_ph1p_mipiio_rx_wrapper/u_lane0_hs_detect/I_clk;
PHY-1001 : u_isp_top/u_demosaic/raw_matrix_3x3_buffer_d/zhenghe_d/blk_mem_gen_zhenghe_d1/ram_d32970204f32_Inst/clkb;
PHY-1001 : u_hdmi_tx/I_pixel_clk_syn_654;
PHY-1001 : I_sys_clk_syn_8;
PHY-1001 : O_cam_24m_syn_3;
PHY-1001 : u_hdmi_tx/u_hdmi2phy_wrapper/u0_lane_lvds_8_1/I_serial_clk_syn_1;
PHY-1001 : u_ph1p35_324_ddr_wrapper/u_ddr2/ph1p_ddrmc_wrapper/ph1p_ddrmc_top/u_ddr_phy/u_ddrphy_top/u_ddrphy/apb_pclk_syn_1;
PHY-1001 : u_uicfgcs500/uii2c_inst/scl_clk_syn_9;
PHY-1001 : Internal bound Intnl_0_0_25_40 is being created by clock MIPI_RX_BYTE_CLK through SCLK.
PHY-1001 : Internal bound Intnl_25_0_23_40 is being created by clock MIPI_RX_BYTE_CLK through SCLK.
PHY-1001 : Internal bound Intnl_0_40_25_40 is being created by clock u_ph1p35_324_ddr_wrapper/u_ddr2/usr_clk through SCLK.
PHY-1001 : Internal bound Intnl_25_40_19_40 is being created by clock MIPI_RX_BYTE_CLK through SCLK.
RUN-1001 : Clock region assignment statistics:
RUN-1001 : Clock Region s_0_l [0,0][23,39]; Utilization: 7 out of 12
RUN-1001 : ----------------------------------------------------------------------------------------------------------------------------------------------------------------------------------------------------------------------------------------------------------------------------------------------------------------------------------------
RUN-1001 :   Bank  |                                                   Leading Clock                                                    |       Type        |                                                                          Buffer                                                                           |  Regional Clock Fanouts  
RUN-1001 : ----------------------------------------------------------------------------------------------------------------------------------------------------------------------------------------------------------------------------------------------------------------------------------------------------------------------------------------
RUN-1001 :    1    |      u_isp_top/u_demosaic/raw_matrix_3x3_buffer_d/zhenghe_d/blk_mem_gen_zhenghe_d1/ram_d32970204f32_Inst/clkb      |  (infered sclk)   |                           u_mipi_dphy_rx_ph1p_mipiio_wrapper/u_ph1p_mipiio_rx_wrapper/bufg_feedback_auto_created_sclk_s_0_l_bk1                           |           1124           
RUN-1001 :    2    |                 u_ph1p35_324_ddr_wrapper/u_ddr2/ph1p_ddrmc_wrapper/ph1p_ddrmc_top/u_alc_mc_top/clk                 |  (infered sclk)   |   u_ph1p35_324_ddr_wrapper/u_ddr2/ph1p_ddrmc_wrapper/ph1p_ddrmc_top/u_ddr_phy/u_ddrphy_top/u_ddrphy_clk/u_pll1/u_bufg_fbclk_auto_created_sclk_s_0_l_bk2   |           849            
RUN-1001 :    3    |                                           u_hdmi_tx/I_pixel_clk_syn_654                                            |  (infered sclk)   |                                            u_hdmi_tx/I_pixel_clk_created_gclkinst_auto_created_sclk_s_0_l_bk3                                             |           447            
RUN-1001 :    4    |                                                  I_sys_clk_syn_8                                                   |  (infered sclk)   |                                               I_sys_clk_dup_6_created_gclkinst_auto_created_sclk_s_0_l_bk4                                                |            86            
RUN-1001 :    5    |                                                  O_cam_24m_syn_3                                                   |  (infered sclk)   |                                               O_cam_24m_dup_1_created_gclkinst_auto_created_sclk_s_0_l_bk5                                                |            29            
RUN-1001 :    6    |                                       u_uicfgcs500/uii2c_inst/scl_clk_syn_9                                        |  (infered sclk)   |                                       u_uicfgcs500/uii2c_inst/scl_clk_created_gclkinst_auto_created_sclk_s_0_l_bk6                                        |            19            
RUN-1001 :    7    |  u_ph1p35_324_ddr_wrapper/u_ddr2/ph1p_ddrmc_wrapper/ph1p_ddrmc_top/u_ddr_phy/u_ddrphy_top/u_ddrphy/apb_pclk_syn_1  |  (infered sclk)   |  u_ph1p35_324_ddr_wrapper/u_ddr2/ph1p_ddrmc_wrapper/ph1p_ddrmc_top/u_ddr_phy/u_ddrphy_top/u_ddrphy/apb_pclk_created_gclkinst_auto_created_sclk_s_0_l_bk7  |            3             
RUN-1001 : ----------------------------------------------------------------------------------------------------------------------------------------------------------------------------------------------------------------------------------------------------------------------------------------------------------------------------------------
RUN-1001 : Clock Region s_0_r [24,0][47,39]; Utilization: 4 out of 12
RUN-1001 : ------------------------------------------------------------------------------------------------------------------------------------------------------------------------------------------------------------------------------------------------------------------------------
RUN-1001 :   Bank  |                                               Leading Clock                                                |       Type        |                                                 Buffer                                                  |  Regional Clock Fanouts  
RUN-1001 : ------------------------------------------------------------------------------------------------------------------------------------------------------------------------------------------------------------------------------------------------------------------------------
RUN-1001 :    1    |  u_isp_top/u_demosaic/raw_matrix_3x3_buffer_d/zhenghe_d/blk_mem_gen_zhenghe_d1/ram_d32970204f32_Inst/clkb  |  (infered sclk)   |  u_mipi_dphy_rx_ph1p_mipiio_wrapper/u_ph1p_mipiio_rx_wrapper/bufg_feedback_auto_created_sclk_s_0_r_bk1  |           1800           
RUN-1001 :    2    |                                              O_cam_24m_syn_3                                               |  (infered sclk)   |                      O_cam_24m_dup_1_created_gclkinst_auto_created_sclk_s_0_r_bk2                       |            43            
RUN-1001 :    3    |                                       u_hdmi_tx/I_pixel_clk_syn_654                                        |  (infered sclk)   |                   u_hdmi_tx/I_pixel_clk_created_gclkinst_auto_created_sclk_s_0_r_bk3                    |            34            
RUN-1001 :    4    |            u_mipi_dphy_rx_ph1p_mipiio_wrapper/u_ph1p_mipiio_rx_wrapper/u_lane0_hs_detect/I_clk             |  (infered sclk)   |                             u_PLL/bufg_feedback_auto_created_sclk_s_0_r_bk4                             |            7             
RUN-1001 : ------------------------------------------------------------------------------------------------------------------------------------------------------------------------------------------------------------------------------------------------------------------------------
RUN-1001 : Clock Region s_1_l [0,40][23,79]; Utilization: 4 out of 12
RUN-1001 : ----------------------------------------------------------------------------------------------------------------------------------------------------------------------------------------------------------------------------------------------------------------------------------------------------------------------------------------
RUN-1001 :   Bank  |                                                   Leading Clock                                                    |       Type        |                                                                          Buffer                                                                           |  Regional Clock Fanouts  
RUN-1001 : ----------------------------------------------------------------------------------------------------------------------------------------------------------------------------------------------------------------------------------------------------------------------------------------------------------------------------------------
RUN-1001 :    1    |                 u_ph1p35_324_ddr_wrapper/u_ddr2/ph1p_ddrmc_wrapper/ph1p_ddrmc_top/u_alc_mc_top/clk                 |  (infered sclk)   |   u_ph1p35_324_ddr_wrapper/u_ddr2/ph1p_ddrmc_wrapper/ph1p_ddrmc_top/u_ddr_phy/u_ddrphy_top/u_ddrphy_clk/u_pll1/u_bufg_fbclk_auto_created_sclk_s_1_l_bk1   |           1360           
RUN-1001 :    2    |      u_isp_top/u_demosaic/raw_matrix_3x3_buffer_d/zhenghe_d/blk_mem_gen_zhenghe_d1/ram_d32970204f32_Inst/clkb      |  (infered sclk)   |                           u_mipi_dphy_rx_ph1p_mipiio_wrapper/u_ph1p_mipiio_rx_wrapper/bufg_feedback_auto_created_sclk_s_1_l_bk2                           |           933            
RUN-1001 :    3    |                                           u_hdmi_tx/I_pixel_clk_syn_654                                            |  (infered sclk)   |                                            u_hdmi_tx/I_pixel_clk_created_gclkinst_auto_created_sclk_s_1_l_bk3                                             |           182            
RUN-1001 :    4    |  u_ph1p35_324_ddr_wrapper/u_ddr2/ph1p_ddrmc_wrapper/ph1p_ddrmc_top/u_ddr_phy/u_ddrphy_top/u_ddrphy/apb_pclk_syn_1  |  (infered sclk)   |  u_ph1p35_324_ddr_wrapper/u_ddr2/ph1p_ddrmc_wrapper/ph1p_ddrmc_top/u_ddr_phy/u_ddrphy_top/u_ddrphy/apb_pclk_created_gclkinst_auto_created_sclk_s_1_l_bk4  |            24            
RUN-1001 : ----------------------------------------------------------------------------------------------------------------------------------------------------------------------------------------------------------------------------------------------------------------------------------------------------------------------------------------
RUN-1001 : Clock Region s_1_r [24,40][43,79]; Utilization: 4 out of 12
RUN-1001 : --------------------------------------------------------------------------------------------------------------------------------------------------------------------------------------------------------------------------------------------------------------------------------
RUN-1001 :   Bank  |                                               Leading Clock                                                |       Type        |                                                  Buffer                                                   |  Regional Clock Fanouts  
RUN-1001 : --------------------------------------------------------------------------------------------------------------------------------------------------------------------------------------------------------------------------------------------------------------------------------
RUN-1001 :    1    |            u_mipi_dphy_rx_ph1p_mipiio_wrapper/u_ph1p_mipiio_rx_wrapper/u_lane0_hs_detect/I_clk             |  (infered sclk)   |                              u_PLL/bufg_feedback_auto_created_sclk_s_1_r_bk1                              |            1             
RUN-1001 :    2    |  u_isp_top/u_demosaic/raw_matrix_3x3_buffer_d/zhenghe_d/blk_mem_gen_zhenghe_d1/ram_d32970204f32_Inst/clkb  |  (infered sclk)   |   u_mipi_dphy_rx_ph1p_mipiio_wrapper/u_ph1p_mipiio_rx_wrapper/bufg_feedback_auto_created_sclk_s_1_r_bk2   |           846            
RUN-1001 :    3    |                                       u_hdmi_tx/I_pixel_clk_syn_654                                        |  (infered sclk)   |                    u_hdmi_tx/I_pixel_clk_created_gclkinst_auto_created_sclk_s_1_r_bk3                     |           250            
RUN-1001 :    4    |                      u_hdmi_tx/u_hdmi2phy_wrapper/u0_lane_lvds_8_1/I_serial_clk_syn_1                      |  (infered sclk)   |  u_hdmi_tx/u_hdmi2phy_wrapper/u0_lane_lvds_8_1/I_serial_clk_created_gclkinst_auto_created_sclk_s_1_r_bk4  |            40            
RUN-1001 : --------------------------------------------------------------------------------------------------------------------------------------------------------------------------------------------------------------------------------------------------------------------------------
PHY-1001 : Populate physical database on model design_top_wrapper.
PHY-1001 : Route runs in 32 thread(s)
RUN-1001 : There are total 12730 instances
RUN-1001 : 408 mslices, 11846 lslices, 54 pads, 40 brams, 8 dsps
RUN-1001 : There are total 30157 nets
RUN-1001 : 19287 nets have 2 pins
RUN-1001 : 8537 nets have [3 - 5] pins
RUN-1001 : 1595 nets have [6 - 10] pins
RUN-1001 : 490 nets have [11 - 20] pins
RUN-1001 : 228 nets have [21 - 99] pins
RUN-1001 : 20 nets have 100+ pins
RUN-1002 : start command "start_timer"
RUN-1003 : finish command "start_timer" in  3.733612s wall, 3.625000s user + 0.015625s system = 3.640625s CPU (97.5%)

RUN-1004 : used memory is 1156 MB, reserved memory is 1253 MB, peak memory is 1158 MB
PHY-1001 : 408 mslices, 11846 lslices, 54 pads, 40 brams, 8 dsps

PHY-1001 : Stage 1 | Global Routing
PHY-1001 : Start global routing, caller is route ...
RUN-1001 : Generating global routing grids ...
PHY-1001 : Generate routing nets ...
RUN-1001 : Generate nets statistics:
RUN-1001 : ----------------------------
RUN-1001 :        Type       |  Nets   
RUN-1001 : ----------------------------
RUN-1001 :   TotalRouteNets  |  21111  
RUN-1001 :   DontRouteNets   |  4239   
RUN-1001 :     RouteNets     |  16872  
RUN-1001 :     RouteSinks    |  30939  
RUN-1001 : ----------------------------
PHY-1001 : Global iterations in 32 thread ...
PHY-1002 : len = 1.37829e+06, over cnt = 1739(2%), over = 3818, worst = 9
PHY-1002 : len = 1.42061e+06, over cnt = 1205(1%), over = 2288, worst = 9
PHY-1002 : len = 1.47581e+06, over cnt = 239(0%), over = 417, worst = 8
PHY-1002 : len = 1.48562e+06, over cnt = 40(0%), over = 52, worst = 6
PHY-1002 : len = 1.48696e+06, over cnt = 0(0%), over = 0, worst = 0
PHY-1001 : End global iterations;  2.159085s wall, 3.281250s user + 0.046875s system = 3.328125s CPU (154.1%)

PHY-1001 : Congestion index:
PHY-1001 : top1  = 74.30(S 58.09, N 56.11, E 65.28, W 71.38, I 69.16, O 77.96)
PHY-1001 : top5  = 62.07(S 47.43, N 46.56, E 51.65, W 55.45, I 51.77, O 59.05)
PHY-1001 : top10 = 56.33(S 41.84, N 40.74, E 44.10, W 47.88, I 44.95, O 52.88)
PHY-1001 : top15 = 52.67(S 37.96, N 36.80, E 39.31, W 43.22, I 40.43, O 48.58)
PHY-1001 : End global routing;  2.620580s wall, 3.953125s user + 0.046875s system = 4.000000s CPU (152.6%)

PHY-1001 : End Stage 1 | Global Routing; Time: 2.620659s wall, 3.953125s user + 0.046875s system = 4.000000s CPU (152.6%); Memory(MB): used = 1181, reserved = 1255, peak = 1181;

PHY-1001 : Stage 2 | Detail Routing
PHY-1001 : Stage 2.1 | Build Routing Design
PHY-1001 : Routing in high effort: false
PHY-1001 : Routing Mode: normal
PHY-1001 : Generate detailed routing grids ...
RUN-1001 : Constructing routing connections ...
PHY-1001 : End build routing graph; 4.521177s wall, 25.109375s user + 0.484375s system = 25.593750s CPU (566.1%)

PHY-1001 : Generate nets ...
RUN-1001 : Generate nets statistics:
RUN-1001 : ------------------------------
RUN-1001 :         Type        |  Nets   
RUN-1001 : ------------------------------
RUN-1001 :        Route        |  21387  
RUN-1001 :      DontRoute      |  8770   
RUN-1001 :      RouteSinks     |  63545  
RUN-1001 :   RouteEntitySinks  |    0    
RUN-1001 :       Lut2Dff       |    0    
RUN-1001 :       Ram2Dff       |    0    
RUN-1001 :      Carry2Dff      |    0    
RUN-1001 : ------------------------------
RUN-1001 : DR clock net summary:
RUN-1001 : ---------------------------------------------------------------------------------------------------------------------------------------------------
RUN-1001 :   Net Idx  |                                                        Net Name                                                        |  Clock Type  
RUN-1001 : ---------------------------------------------------------------------------------------------------------------------------------------------------
RUN-1001 :      1     |                                                    I_sys_clk_dup_6                                                     |    Normal    
RUN-1001 :      2     |                                                    I_sys_clk_syn_8                                                     |    Normal    
RUN-1001 :      3     |                                                    O_cam_24m_dup_1                                                     |    Normal    
RUN-1001 :      4     |                                                    O_cam_24m_syn_3                                                     |    Normal    
RUN-1001 :      5     |                                                     u_PLL/clk0_buf                                                     |    Normal    
RUN-1001 :      6     |                                                 u_hdmi_tx/I_pixel_clk                                                  |    Normal    
RUN-1001 :      7     |                                             u_hdmi_tx/I_pixel_clk_syn_654                                              |    Normal    
RUN-1001 :      8     |                               u_hdmi_tx/u_hdmi2phy_wrapper/u0_lane_lvds_8_1/I_serial_clk                               |    Normal    
RUN-1001 :      9     |                            u_hdmi_tx/u_hdmi2phy_wrapper/u0_lane_lvds_8_1/I_serial_clk_syn_1                            |    Normal    
RUN-1001 :     10     |        u_isp_top/u_demosaic/raw_matrix_3x3_buffer_d/zhenghe_d/blk_mem_gen_zhenghe_d1/ram_d32970204f32_Inst/clkb        |    Normal    
RUN-1001 :     11     |                     u_mipi_dphy_rx_ph1p_mipiio_wrapper/u_ph1p_mipiio_rx_wrapper/S_mipiio_hs_rx_clk                     |    Normal    
RUN-1001 :     12     |                  u_mipi_dphy_rx_ph1p_mipiio_wrapper/u_ph1p_mipiio_rx_wrapper/u_lane0_hs_detect/I_clk                   |    Normal    
RUN-1001 :     13     |                   u_ph1p35_324_ddr_wrapper/u_ddr2/ph1p_ddrmc_wrapper/ph1p_ddrmc_top/u_alc_mc_top/clk                   |    Normal    
RUN-1001 :     14     |       u_ph1p35_324_ddr_wrapper/u_ddr2/ph1p_ddrmc_wrapper/ph1p_ddrmc_top/u_ddr_phy/u_ddrphy_top/u_ddrphy/apb_pclk       |    Normal    
RUN-1001 :     15     |    u_ph1p35_324_ddr_wrapper/u_ddr2/ph1p_ddrmc_wrapper/ph1p_ddrmc_top/u_ddr_phy/u_ddrphy_top/u_ddrphy/apb_pclk_syn_1    |    Normal    
RUN-1001 :     16     |      u_ph1p35_324_ddr_wrapper/u_ddr2/ph1p_ddrmc_wrapper/ph1p_ddrmc_top/u_ddr_phy/u_ddrphy_top/u_ddrphy/ctl_clk[0]      |    Normal    
RUN-1001 :     17     |      u_ph1p35_324_ddr_wrapper/u_ddr2/ph1p_ddrmc_wrapper/ph1p_ddrmc_top/u_ddr_phy/u_ddrphy_top/u_ddrphy/ctl_clk[1]      |    Normal    
RUN-1001 :     18     |      u_ph1p35_324_ddr_wrapper/u_ddr2/ph1p_ddrmc_wrapper/ph1p_ddrmc_top/u_ddr_phy/u_ddrphy_top/u_ddrphy/ddr_clk[0]      |    Normal    
RUN-1001 :     19     |      u_ph1p35_324_ddr_wrapper/u_ddr2/ph1p_ddrmc_wrapper/ph1p_ddrmc_top/u_ddr_phy/u_ddrphy_top/u_ddrphy/ddr_clk[1]      |    Normal    
RUN-1001 :     20     |    u_ph1p35_324_ddr_wrapper/u_ddr2/ph1p_ddrmc_wrapper/ph1p_ddrmc_top/u_ddr_phy/u_ddrphy_top/u_ddrphy_clk/pll0_clk_1    |    Normal    
RUN-1001 :     21     |    u_ph1p35_324_ddr_wrapper/u_ddr2/ph1p_ddrmc_wrapper/ph1p_ddrmc_top/u_ddr_phy/u_ddrphy_top/u_ddrphy_clk/pll0_clk_2    |    Normal    
RUN-1001 :     22     |   u_ph1p35_324_ddr_wrapper/u_ddr2/ph1p_ddrmc_wrapper/ph1p_ddrmc_top/u_ddr_phy/u_ddrphy_top/u_ddrphy_clk/pll0_mlclk_1   |    Normal    
RUN-1001 :     23     |   u_ph1p35_324_ddr_wrapper/u_ddr2/ph1p_ddrmc_wrapper/ph1p_ddrmc_top/u_ddr_phy/u_ddrphy_top/u_ddrphy_clk/pll0_mlclk_2   |    Normal    
RUN-1001 :     24     |  u_ph1p35_324_ddr_wrapper/u_ddr2/ph1p_ddrmc_wrapper/ph1p_ddrmc_top/u_ddr_phy/u_ddrphy_top/u_ddrphy_clk/u_pll1/clkc[0]  |    Normal    
RUN-1001 :     25     |  u_ph1p35_324_ddr_wrapper/u_ddr2/ph1p_ddrmc_wrapper/ph1p_ddrmc_top/u_ddr_phy/u_ddrphy_top/u_ddrphy_clk/u_pll1/refclk   |    Normal    
RUN-1001 :     26     |                                            u_uicfgcs500/uii2c_inst/scl_clk                                             |    Normal    
RUN-1001 :     27     |                                         u_uicfgcs500/uii2c_inst/scl_clk_syn_9                                          |    Normal    
RUN-1001 : ---------------------------------------------------------------------------------------------------------------------------------------------------
RUN-1001 : DR clock buffer summary:
RUN-1001 : -------------------------------------------------------------------------------------------------------------------------------------------------------------------
RUN-1001 :   Idx  |                                                                           Name                                                                            
RUN-1001 : -------------------------------------------------------------------------------------------------------------------------------------------------------------------
RUN-1001 :    1   |                           u_mipi_dphy_rx_ph1p_mipiio_wrapper/u_ph1p_mipiio_rx_wrapper/bufg_feedback_auto_created_sclk_s_0_l_bk1                           
RUN-1001 :    2   |   u_ph1p35_324_ddr_wrapper/u_ddr2/ph1p_ddrmc_wrapper/ph1p_ddrmc_top/u_ddr_phy/u_ddrphy_top/u_ddrphy_clk/u_pll1/u_bufg_fbclk_auto_created_sclk_s_0_l_bk2   
RUN-1001 :    3   |                                            u_hdmi_tx/I_pixel_clk_created_gclkinst_auto_created_sclk_s_0_l_bk3                                             
RUN-1001 :    4   |                                               I_sys_clk_dup_6_created_gclkinst_auto_created_sclk_s_0_l_bk4                                                
RUN-1001 :    5   |                                               O_cam_24m_dup_1_created_gclkinst_auto_created_sclk_s_0_l_bk5                                                
RUN-1001 :    6   |                                       u_uicfgcs500/uii2c_inst/scl_clk_created_gclkinst_auto_created_sclk_s_0_l_bk6                                        
RUN-1001 :    7   |  u_ph1p35_324_ddr_wrapper/u_ddr2/ph1p_ddrmc_wrapper/ph1p_ddrmc_top/u_ddr_phy/u_ddrphy_top/u_ddrphy/apb_pclk_created_gclkinst_auto_created_sclk_s_0_l_bk7  
RUN-1001 :    8   |                           u_mipi_dphy_rx_ph1p_mipiio_wrapper/u_ph1p_mipiio_rx_wrapper/bufg_feedback_auto_created_sclk_s_0_r_bk1                           
RUN-1001 :    9   |                                               O_cam_24m_dup_1_created_gclkinst_auto_created_sclk_s_0_r_bk2                                                
RUN-1001 :   10   |                                            u_hdmi_tx/I_pixel_clk_created_gclkinst_auto_created_sclk_s_0_r_bk3                                             
RUN-1001 :   11   |                                                      u_PLL/bufg_feedback_auto_created_sclk_s_0_r_bk4                                                      
RUN-1001 :   12   |   u_ph1p35_324_ddr_wrapper/u_ddr2/ph1p_ddrmc_wrapper/ph1p_ddrmc_top/u_ddr_phy/u_ddrphy_top/u_ddrphy_clk/u_pll1/u_bufg_fbclk_auto_created_sclk_s_1_l_bk1   
RUN-1001 :   13   |                           u_mipi_dphy_rx_ph1p_mipiio_wrapper/u_ph1p_mipiio_rx_wrapper/bufg_feedback_auto_created_sclk_s_1_l_bk2                           
RUN-1001 :   14   |                                            u_hdmi_tx/I_pixel_clk_created_gclkinst_auto_created_sclk_s_1_l_bk3                                             
RUN-1001 :   15   |  u_ph1p35_324_ddr_wrapper/u_ddr2/ph1p_ddrmc_wrapper/ph1p_ddrmc_top/u_ddr_phy/u_ddrphy_top/u_ddrphy/apb_pclk_created_gclkinst_auto_created_sclk_s_1_l_bk4  
RUN-1001 :   16   |                                                      u_PLL/bufg_feedback_auto_created_sclk_s_1_r_bk1                                                      
RUN-1001 :   17   |                           u_mipi_dphy_rx_ph1p_mipiio_wrapper/u_ph1p_mipiio_rx_wrapper/bufg_feedback_auto_created_sclk_s_1_r_bk2                           
RUN-1001 :   18   |                                            u_hdmi_tx/I_pixel_clk_created_gclkinst_auto_created_sclk_s_1_r_bk3                                             
RUN-1001 :   19   |                          u_hdmi_tx/u_hdmi2phy_wrapper/u0_lane_lvds_8_1/I_serial_clk_created_gclkinst_auto_created_sclk_s_1_r_bk4                          
RUN-1001 : -------------------------------------------------------------------------------------------------------------------------------------------------------------------
PHY-1001 : End Stage 2.1 | Build Routing Design; Time: 5.175128s wall, 25.640625s user + 0.546875s system = 26.187500s CPU (506.0%); Memory(MB): used = 1504, reserved = 1500, peak = 1504;

RUN-1001 : Top Percentage Crit. Net Stat.
RUN-1001 : -------------------------------------------------------
RUN-1001 :   Top %  |  Net Count  |  Avg. Fanout  |  Avg. Slack   
RUN-1001 : -------------------------------------------------------
RUN-1001 :     1    |     301     |   2.794020    |  3581.534884  
RUN-1001 :     2    |     603     |   3.019900    |  4236.968491  
RUN-1001 :     3    |     904     |   2.974558    |  4532.894912  
RUN-1001 :     4    |    1206     |   2.888060    |  4720.460199  
RUN-1001 :     5    |    1507     |   2.754479    |  4858.520902  
RUN-1001 :     6    |    1809     |   2.691542    |  4968.418463  
RUN-1001 :     7    |    2110     |   2.682464    |  5059.814218  
RUN-1001 :     8    |    2412     |   2.696932    |  5139.578358  
RUN-1001 :     9    |    2714     |   2.644436    |  5211.896463  
RUN-1001 :    10    |    3015     |   2.582421    |  5277.426866  
RUN-1001 : -------------------------------------------------------
PHY-1001 : Stage 2.2 | Tile Base Routing
PHY-1001 : 168 nets need to preroute.
PHY-1001 : len = 0, over cnt = 0(0%), over = 0, worst = 0, crit = 0
PHY-1001 : End Stage 2.2 | Tile Base Routing; Time: 0.519238s wall, 6.296875s user + 0.218750s system = 6.515625s CPU (1254.8%); Memory(MB): used = 1507, reserved = 1503, peak = 1507;

PHY-1001 : Stage 2.3 | Clock Nets Routing
PHY-1001 : Routed 0% nets.
PHY-1001 : len = 377824, over cnt = 0(0%), over = 0, worst = 0, crit = 0
PHY-1001 : End Stage 2.3 | Clock Nets Routing; Time: 1.531853s wall, 1.484375s user + 0.031250s system = 1.515625s CPU (98.9%); Memory(MB): used = 1542, reserved = 1537, peak = 1542;

PHY-1001 : Stage 2.4 | Routing Initialization
PHY-1001 : Mark 1% net(place mode slack < 4657ps) as critical nets.
PHY-1001 : Stage 2.4.1 | Normal Nets Routing
PHY-1001 : Routed 70% nets.
PHY-1001 : len = 2.41568e+06, over cnt = 11578(0%), over = 12382, worst = 5, crit = 0
PHY-1001 : End Stage 2.4.1 | Normal Nets Routing; Time: 12.469698s wall, 24.593750s user + 0.593750s system = 25.187500s CPU (202.0%); Memory(MB): used = 1583, reserved = 1578, peak = 1583;

PHY-1001 : Stage 2.4.2 | Update Timing
RUN-1002 : start command "start_timer"
USR-1002 : Derived clock:  create_generated_clock -name {u_PLL/ph1p_phy_pll_wrapper_25a56e5ce2f9_Inst/u_PH1P_PHY_PLL.clkc[0]} -source [get_ports {I_sys_clk}] -master_clock {sys_clk_50m} -multiply_by 2.0000 -duty_cycle 50.0000 [get_pins {u_PLL/ph1p_phy_pll_wrapper_25a56e5ce2f9_Inst/u_PH1P_PHY_PLL.clkc[0]}]
USR-1002 : Derived clock:  create_generated_clock -name {u_PLL/ph1p_phy_pll_wrapper_25a56e5ce2f9_Inst/u_PH1P_PHY_PLL.clkc[1]} -source [get_ports {I_sys_clk}] -master_clock {sys_clk_50m} -divide_by 2.1000 -duty_cycle 50.0000 [get_pins {u_PLL/ph1p_phy_pll_wrapper_25a56e5ce2f9_Inst/u_PH1P_PHY_PLL.clkc[1]}]
USR-1002 : Derived clock:  create_generated_clock -name {u_PLL/ph1p_phy_pll_wrapper_25a56e5ce2f9_Inst/u_PH1P_PHY_PLL.clkc[4]} -source [get_ports {I_sys_clk}] -master_clock {sys_clk_50m} -multiply_by 1.5000 -duty_cycle 50.0000 [get_pins {u_PLL/ph1p_phy_pll_wrapper_25a56e5ce2f9_Inst/u_PH1P_PHY_PLL.clkc[4]}]
USR-1002 : Derived clock:  create_generated_clock -name {u_PLL/ph1p_phy_pll_wrapper_25a56e5ce2f9_Inst/u_PH1P_PHY_PLL.clkc[5]} -source [get_ports {I_sys_clk}] -master_clock {sys_clk_50m} -multiply_by 7.5000 -duty_cycle 50.0000 [get_pins {u_PLL/ph1p_phy_pll_wrapper_25a56e5ce2f9_Inst/u_PH1P_PHY_PLL.clkc[5]}]
USR-1002 : Derived clock:  create_generated_clock -name {u_ph1p35_324_ddr_wrapper/u_ddr2/ph1p_ddrmc_wrapper/ph1p_ddrmc_top/u_ddr_phy/u_ddrphy_top/u_ddrphy_clk/u_pll0/u_pll_inst.clkc[0]} -source [get_ports {I_sys_clk}] -master_clock {sys_clk_50m} -multiply_by 1.3333 -duty_cycle 50.0000 [get_pins {u_ph1p35_324_ddr_wrapper/u_ddr2/ph1p_ddrmc_wrapper/ph1p_ddrmc_top/u_ddr_phy/u_ddrphy_top/u_ddrphy_clk/u_pll0/u_pll_inst.clkc[0]}]
USR-1002 : Derived clock:  create_generated_clock -name {u_ph1p35_324_ddr_wrapper/u_ddr2/ph1p_ddrmc_wrapper/ph1p_ddrmc_top/u_ddr_phy/u_ddrphy_top/u_ddrphy_clk/u_pll0/u_pll_inst.clkc[1]} -source [get_ports {I_sys_clk}] -master_clock {sys_clk_50m} -multiply_by 1.3333 -duty_cycle 50.0000 [get_pins {u_ph1p35_324_ddr_wrapper/u_ddr2/ph1p_ddrmc_wrapper/ph1p_ddrmc_top/u_ddr_phy/u_ddrphy_top/u_ddrphy_clk/u_pll0/u_pll_inst.clkc[1]}]
USR-1002 : Derived clock:  create_generated_clock -name {u_ph1p35_324_ddr_wrapper/u_ddr2/ph1p_ddrmc_wrapper/ph1p_ddrmc_top/u_ddr_phy/u_ddrphy_top/u_ddrphy_clk/u_pll0/u_pll_inst.clkc[2]} -source [get_ports {I_sys_clk}] -master_clock {sys_clk_50m} -multiply_by 5.3333 -duty_cycle 50.0000 [get_pins {u_ph1p35_324_ddr_wrapper/u_ddr2/ph1p_ddrmc_wrapper/ph1p_ddrmc_top/u_ddr_phy/u_ddrphy_top/u_ddrphy_clk/u_pll0/u_pll_inst.clkc[2]}]
USR-1002 : Derived clock:  create_generated_clock -name {u_ph1p35_324_ddr_wrapper/u_ddr2/ph1p_ddrmc_wrapper/ph1p_ddrmc_top/u_ddr_phy/u_ddrphy_top/u_ddrphy_clk/u_pll0/u_pll_inst.clkc[3]} -source [get_ports {I_sys_clk}] -master_clock {sys_clk_50m} -divide_by 1.9687 -duty_cycle 50.0000 [get_pins {u_ph1p35_324_ddr_wrapper/u_ddr2/ph1p_ddrmc_wrapper/ph1p_ddrmc_top/u_ddr_phy/u_ddrphy_top/u_ddrphy_clk/u_pll0/u_pll_inst.clkc[3]}]
USR-1002 : Derived clock:  create_generated_clock -name {u_ph1p35_324_ddr_wrapper/u_ddr2/ph1p_ddrmc_wrapper/ph1p_ddrmc_top/u_ddr_phy/u_ddrphy_top/u_ddrphy_clk/u_pll1/u_pll_inst.clkc[0]} -source [get_pins {u_ph1p35_324_ddr_wrapper/u_ddr2/ph1p_ddrmc_wrapper/ph1p_ddrmc_top/u_ddr_phy/u_ddrphy_top/u_ddrphy_clk/u_pll0/u_pll_inst.clkc[0]}] -master_clock {u_ph1p35_324_ddr_wrapper/u_ddr2/ph1p_ddrmc_wrapper/ph1p_ddrmc_top/u_ddr_phy/u_ddrphy_top/u_ddrphy_clk/u_pll0/u_pll_inst.clkc[0]} -multiply_by 1.0000 -duty_cycle 50.0000 [get_pins {u_ph1p35_324_ddr_wrapper/u_ddr2/ph1p_ddrmc_wrapper/ph1p_ddrmc_top/u_ddr_phy/u_ddrphy_top/u_ddrphy_clk/u_pll1/u_pll_inst.clkc[0]}]
8.888000
15.000000
15.000000
13.333000
RUN-1003 : finish command "start_timer" in  2.407004s wall, 2.390625s user + 0.000000s system = 2.390625s CPU (99.3%)

RUN-1004 : used memory is 1583 MB, reserved memory is 1578 MB, peak memory is 1583 MB
TMR-2502 : Net delay update with mode: Routed
PHY-1001 : 0/21111(0%) critical/total net(s).
PHY-1001 : Setup: WNS(ns) = 1.275, TNS(ns) = 0.000, FEP = 0 | Hold: WNS(ns) = -0.237, TNS(ns) = -9.528, FEP = 231.
PHY-1001 : End Stage 2.4.2 | Update Timing; Time: 7.301933s wall, 7.156250s user + 0.046875s system = 7.203125s CPU (98.6%); Memory(MB): used = 1689, reserved = 1683, peak = 1689;

PHY-1001 : Stage 2.4.3 | Deskew Clock Tree
RUN-1001 : Deskew Summary
RUN-1001 : ---------------------------------------------------------------------------------------------------------------------------------
RUN-1001 :                                                 Clock                                                 |  Pre-Skew  |  Post-Skew  
RUN-1001 : ---------------------------------------------------------------------------------------------------------------------------------
RUN-1001 :                                             mipi_rx_ck_pad                                            |     32     |     32      
RUN-1001 :   u_mipi_dphy_rx_ph1p_mipiio_wrapper/u_ph1p_mipiio_rx_wrapper/u_PH1P_LOGIC_DPHY_MIPI_RX.io_clk_pad_p  |     32     |     32      
RUN-1001 :                                            MIPI_RX_BYTE_CLK                                           |     32     |     32      
RUN-1001 :                                              pll_clk_100m                                             |     20     |     20      
RUN-1001 :                                             HDMI_PIXEL_CLK                                            |     15     |     15      
RUN-1001 :                                u_ph1p35_324_ddr_wrapper/u_ddr2/usr_clk                                |     12     |     12      
RUN-1001 :                                u_ph1p35_324_ddr_wrapper/u_ddr2/mcu_clk                                |     12     |     12      
RUN-1001 :                                              pll_clk_24m                                              |     4      |      4      
RUN-1001 : ---------------------------------------------------------------------------------------------------------------------------------
PHY-1001 : 0/21111(0%) critical/total net(s).
PHY-1001 : Setup: WNS(ns) = 1.275, TNS(ns) = 0.000, FEP = 0 | Hold: WNS(ns) = -0.237, TNS(ns) = -9.528, FEP = 231.
PHY-1001 : End Stage 2.4.3 | Deskew Clock Tree; Time: 5.122369s wall, 4.875000s user + 0.015625s system = 4.890625s CPU (95.5%); Memory(MB): used = 1719, reserved = 1712, peak = 1719;

PHY-1001 : End Stage 2.4 | Routing Initialization; Time: 25.032291s wall, 36.796875s user + 0.687500s system = 37.484375s CPU (149.7%); Memory(MB): used = 1719, reserved = 1712, peak = 1719;

PHY-1001 : Stage 2.5 | Routing Optimization
PHY-1001 : Build lut bridge;  0.183075s wall, 0.187500s user + 0.000000s system = 0.187500s CPU (102.4%)

PHY-1001 : Stage 2.5.1 | Phase 1
PHY-1001 : Stage 2.5.1.1 | Hold TimeOptimization
PHY-1001 : Iter 0; Processed 335 pins with HWNS -0.237ns HTNS -7.394ns FEP 140 took 0.699077 seconds.
PHY-1001 : Iter 1; Processed 484 pins with HWNS -0.018ns HTNS -0.036ns FEP 3 took 1.86908 seconds.
PHY-1001 : len = 2.44688e+06, over cnt = 11483(0%), over = 12277, worst = 5, crit = 0
PHY-1001 : End Stage 2.5.1.1 | Hold TimeOptimization; Time: 2.670642s wall, 2.875000s user + 0.015625s system = 2.890625s CPU (108.2%); Memory(MB): used = 1722, reserved = 1716, peak = 1722;

PHY-1001 : Stage 2.5.1.2 | High Fanout Nets Optimization
PHY-1001 : High fanout net optimize summary:
PHY-1001 : Process 0 nets and 0 pins with SWNS 1.275ns STNS 0.000ns FEP 0.
PHY-1001 : len = 2.44688e+06, over cnt = 11483(0%), over = 12277, worst = 5, crit = 0
PHY-1001 : End Stage 2.5.1.2 | High Fanout Nets Optimization; Time: 0.272331s wall, 0.281250s user + 0.000000s system = 0.281250s CPU (103.3%); Memory(MB): used = 1722, reserved = 1716, peak = 1722;

PHY-1001 : Stage 2.5.1.3 | Setup TimeOptimization
PHY-1001 : len = 2.44688e+06, over cnt = 11483(0%), over = 12277, worst = 5, crit = 0
PHY-1001 : End Stage 2.5.1.3 | Setup TimeOptimization; Time: 0.275287s wall, 0.421875s user + 0.000000s system = 0.421875s CPU (153.2%); Memory(MB): used = 1722, reserved = 1716, peak = 1722;

PHY-1001 : Stage 2.5.1.4 | Rip-up And ReRoute
PHY-0007 : Congestion: {75.88, 65.58, 61.18, 58.22}; Timing: {1.275ns, 0.000ns, 0}
PHY-1001 : Iter 1: len = 2.52712e+06, over cnt = 5339(0%), over = 5525, worst = 4, crit = 0, time(s) = 4.71
PHY-1001 : Iter 2: len = 2.55082e+06, over cnt = 3112(0%), over = 3155, worst = 3, crit = 0, time(s) = 3.25
PHY-1001 : Iter 3: len = 2.56034e+06, over cnt = 2226(0%), over = 2231, worst = 2, crit = 0, time(s) = 2.81
PHY-1001 : Iter 4: len = 2.59208e+06, over cnt = 1112(0%), over = 1115, worst = 2, crit = 0, time(s) = 2.17
PHY-1001 : Iter 5: len = 2.60158e+06, over cnt = 795(0%), over = 797, worst = 2, crit = 0, time(s) = 1.06
PHY-1001 : Iter 6: len = 2.60677e+06, over cnt = 586(0%), over = 587, worst = 2, crit = 0, time(s) = 1.16
PHY-1001 : Iter 7: len = 2.60742e+06, over cnt = 544(0%), over = 545, worst = 2, crit = 0, time(s) = 0.70
PHY-1001 : Marking 8 (0.21%) hot zones with cutoff utilization 82.35.
PHY-1001 : Iter 8: len = 2.63469e+06, over cnt = 76(0%), over = 76, worst = 1, crit = 0, time(s) = 0.75
PHY-1001 : Iter 9: len = 2.6371e+06, over cnt = 38(0%), over = 38, worst = 1, crit = 0, time(s) = 0.20
PHY-1001 : Iter 10: len = 2.63981e+06, over cnt = 8(0%), over = 8, worst = 1, crit = 0, time(s) = 0.11
PHY-1001 : Iter 11: len = 2.63998e+06, over cnt = 6(0%), over = 6, worst = 1, crit = 0, time(s) = 0.09
PHY-1001 : Iter 12: len = 2.64043e+06, over cnt = 0(0%), over = 0, worst = 0, crit = 0, time(s) = 0.10
PHY-1001 : Marking 8 (0.21%) hot zones with cutoff utilization 82.35.
PHY-1001 : Update congestion ...
PHY-1001 : Marking 8 (0.21%) hot zones with cutoff utilization 82.35.
PHY-1001 : Congestion index:
PHY-1001 : top1  = 80.04(S 63.37, N 63.01, E 72.95, W 77.71, I 69.16, O 77.96)
PHY-1001 : top5  = 70.09(S 55.56, N 55.11, E 60.98, W 66.49, I 51.77, O 59.05)
PHY-1001 : top10 = 65.31(S 51.30, N 50.87, E 54.24, W 60.94, I 44.95, O 52.88)
PHY-1001 : top15 = 62.42(S 48.31, N 47.55, E 49.86, W 57.20, I 40.43, O 48.58)
PHY-1001 : End update congestion; 0.030210s wall, 0.328125s user + 0.000000s system = 0.328125s CPU (1086.1%)

PHY-1001 : End Stage 2.5.1.4 | Rip-up And ReRoute; Time: 17.372024s wall, 42.984375s user + 0.437500s system = 43.421875s CPU (250.0%); Memory(MB): used = 1725, reserved = 1718, peak = 1725;

PHY-1001 : Stage 2.5.1.5 | Update Timing
PHY-1001 : 0/21111(0%) critical/total net(s).
PHY-1001 : Setup: WNS(ns) = 1.120, TNS(ns) = 0.000, FEP = 0 | Hold: WNS(ns) = -0.042, TNS(ns) = -0.330, FEP = 16.
PHY-1001 : End Stage 2.5.1.5 | Update Timing; Time: 3.485909s wall, 3.437500s user + 0.015625s system = 3.453125s CPU (99.1%); Memory(MB): used = 1739, reserved = 1731, peak = 1739;

PHY-1001 : Stage 2.5.1.6 | Commit Data
PHY-1001 : Commit better result to database ...
PHY-1001 : End Stage 2.5.1.6 | Commit Data; Time: 0.182780s wall, 0.156250s user + 0.031250s system = 0.187500s CPU (102.6%); Memory(MB): used = 1751, reserved = 1745, peak = 1751;

PHY-1001 : End Stage 2.5.1 | Phase 1; Time: 24.934216s wall, 50.796875s user + 0.500000s system = 51.296875s CPU (205.7%); Memory(MB): used = 1751, reserved = 1745, peak = 1751;

PHY-1001 : End Stage 2.5 | Routing Optimization; Time: 30.130384s wall, 55.875000s user + 0.562500s system = 56.437500s CPU (187.3%); Memory(MB): used = 1751, reserved = 1745, peak = 1751;

PHY-1001 : Stage 2.6 | Multi-try route Optimization
PHY-1001 : End Stage 2.6 | Multi-try route Optimization; Time: 0.099503s wall, 0.078125s user + 0.015625s system = 0.093750s CPU (94.2%); Memory(MB): used = 1754, reserved = 1747, peak = 1754;

PHY-1003 : Routed, final wirelength = 2.64043e+06
RUN-1001 : Clock region assignment statistics:
RUN-1001 : Clock Region s_0_l [0,0][23,39]; Utilization: 7 out of 12
RUN-1001 : -----------------------------------------------------------------------------------------------------------------------------------------------------------------------------------------------------------------------------------------------------------------------------------------------------------------------------------------------------------------------------------------------------------------------------------------------------
RUN-1001 :   Bank  |                                                   Assigned Clock                                                   |                                                    Route Clock                                                     |  Marking  |                                                                          Buffer                                                                           |  Regional Clock Fanouts  
RUN-1001 : -----------------------------------------------------------------------------------------------------------------------------------------------------------------------------------------------------------------------------------------------------------------------------------------------------------------------------------------------------------------------------------------------------------------------------------------------------
RUN-1001 :    1    |      u_isp_top/u_demosaic/raw_matrix_3x3_buffer_d/zhenghe_d/blk_mem_gen_zhenghe_d1/ram_d32970204f32_Inst/clkb      |      u_isp_top/u_demosaic/raw_matrix_3x3_buffer_d/zhenghe_d/blk_mem_gen_zhenghe_d1/ram_d32970204f32_Inst/clkb      |           |                           u_mipi_dphy_rx_ph1p_mipiio_wrapper/u_ph1p_mipiio_rx_wrapper/bufg_feedback_auto_created_sclk_s_0_l_bk1                           |           1124           
RUN-1001 :    2    |                 u_ph1p35_324_ddr_wrapper/u_ddr2/ph1p_ddrmc_wrapper/ph1p_ddrmc_top/u_alc_mc_top/clk                 |                 u_ph1p35_324_ddr_wrapper/u_ddr2/ph1p_ddrmc_wrapper/ph1p_ddrmc_top/u_alc_mc_top/clk                 |           |   u_ph1p35_324_ddr_wrapper/u_ddr2/ph1p_ddrmc_wrapper/ph1p_ddrmc_top/u_ddr_phy/u_ddrphy_top/u_ddrphy_clk/u_pll1/u_bufg_fbclk_auto_created_sclk_s_0_l_bk2   |           849            
RUN-1001 :    3    |                                           u_hdmi_tx/I_pixel_clk_syn_654                                            |                                           u_hdmi_tx/I_pixel_clk_syn_654                                            |           |                                            u_hdmi_tx/I_pixel_clk_created_gclkinst_auto_created_sclk_s_0_l_bk3                                             |           447            
RUN-1001 :    4    |                                                  I_sys_clk_syn_8                                                   |                                                  I_sys_clk_syn_8                                                   |           |                                               I_sys_clk_dup_6_created_gclkinst_auto_created_sclk_s_0_l_bk4                                                |            86            
RUN-1001 :    5    |                                                  O_cam_24m_syn_3                                                   |                                                  O_cam_24m_syn_3                                                   |           |                                               O_cam_24m_dup_1_created_gclkinst_auto_created_sclk_s_0_l_bk5                                                |            29            
RUN-1001 :    6    |                                       u_uicfgcs500/uii2c_inst/scl_clk_syn_9                                        |                                       u_uicfgcs500/uii2c_inst/scl_clk_syn_9                                        |           |                                       u_uicfgcs500/uii2c_inst/scl_clk_created_gclkinst_auto_created_sclk_s_0_l_bk6                                        |            19            
RUN-1001 :    7    |  u_ph1p35_324_ddr_wrapper/u_ddr2/ph1p_ddrmc_wrapper/ph1p_ddrmc_top/u_ddr_phy/u_ddrphy_top/u_ddrphy/apb_pclk_syn_1  |  u_ph1p35_324_ddr_wrapper/u_ddr2/ph1p_ddrmc_wrapper/ph1p_ddrmc_top/u_ddr_phy/u_ddrphy_top/u_ddrphy/apb_pclk_syn_1  |           |  u_ph1p35_324_ddr_wrapper/u_ddr2/ph1p_ddrmc_wrapper/ph1p_ddrmc_top/u_ddr_phy/u_ddrphy_top/u_ddrphy/apb_pclk_created_gclkinst_auto_created_sclk_s_0_l_bk7  |            3             
RUN-1001 : -----------------------------------------------------------------------------------------------------------------------------------------------------------------------------------------------------------------------------------------------------------------------------------------------------------------------------------------------------------------------------------------------------------------------------------------------------
RUN-1001 : Clock Region s_0_r [24,0][47,39]; Utilization: 4 out of 12
RUN-1001 : -----------------------------------------------------------------------------------------------------------------------------------------------------------------------------------------------------------------------------------------------------------------------------------------------------------------------------------------------------------------------------------
RUN-1001 :   Bank  |                                               Assigned Clock                                               |                                                Route Clock                                                 |  Marking  |                                                 Buffer                                                  |  Regional Clock Fanouts  
RUN-1001 : -----------------------------------------------------------------------------------------------------------------------------------------------------------------------------------------------------------------------------------------------------------------------------------------------------------------------------------------------------------------------------------
RUN-1001 :    1    |  u_isp_top/u_demosaic/raw_matrix_3x3_buffer_d/zhenghe_d/blk_mem_gen_zhenghe_d1/ram_d32970204f32_Inst/clkb  |  u_isp_top/u_demosaic/raw_matrix_3x3_buffer_d/zhenghe_d/blk_mem_gen_zhenghe_d1/ram_d32970204f32_Inst/clkb  |           |  u_mipi_dphy_rx_ph1p_mipiio_wrapper/u_ph1p_mipiio_rx_wrapper/bufg_feedback_auto_created_sclk_s_0_r_bk1  |           1800           
RUN-1001 :    2    |                                              O_cam_24m_syn_3                                               |                                              O_cam_24m_syn_3                                               |           |                      O_cam_24m_dup_1_created_gclkinst_auto_created_sclk_s_0_r_bk2                       |            43            
RUN-1001 :    3    |                                       u_hdmi_tx/I_pixel_clk_syn_654                                        |                                       u_hdmi_tx/I_pixel_clk_syn_654                                        |           |                   u_hdmi_tx/I_pixel_clk_created_gclkinst_auto_created_sclk_s_0_r_bk3                    |            34            
RUN-1001 :    4    |            u_mipi_dphy_rx_ph1p_mipiio_wrapper/u_ph1p_mipiio_rx_wrapper/u_lane0_hs_detect/I_clk             |            u_mipi_dphy_rx_ph1p_mipiio_wrapper/u_ph1p_mipiio_rx_wrapper/u_lane0_hs_detect/I_clk             |           |                             u_PLL/bufg_feedback_auto_created_sclk_s_0_r_bk4                             |            7             
RUN-1001 : -----------------------------------------------------------------------------------------------------------------------------------------------------------------------------------------------------------------------------------------------------------------------------------------------------------------------------------------------------------------------------------
RUN-1001 : Clock Region s_1_l [0,40][23,79]; Utilization: 4 out of 12
RUN-1001 : -----------------------------------------------------------------------------------------------------------------------------------------------------------------------------------------------------------------------------------------------------------------------------------------------------------------------------------------------------------------------------------------------------------------------------------------------------
RUN-1001 :   Bank  |                                                   Assigned Clock                                                   |                                                    Route Clock                                                     |  Marking  |                                                                          Buffer                                                                           |  Regional Clock Fanouts  
RUN-1001 : -----------------------------------------------------------------------------------------------------------------------------------------------------------------------------------------------------------------------------------------------------------------------------------------------------------------------------------------------------------------------------------------------------------------------------------------------------
RUN-1001 :    1    |                 u_ph1p35_324_ddr_wrapper/u_ddr2/ph1p_ddrmc_wrapper/ph1p_ddrmc_top/u_alc_mc_top/clk                 |                 u_ph1p35_324_ddr_wrapper/u_ddr2/ph1p_ddrmc_wrapper/ph1p_ddrmc_top/u_alc_mc_top/clk                 |           |   u_ph1p35_324_ddr_wrapper/u_ddr2/ph1p_ddrmc_wrapper/ph1p_ddrmc_top/u_ddr_phy/u_ddrphy_top/u_ddrphy_clk/u_pll1/u_bufg_fbclk_auto_created_sclk_s_1_l_bk1   |           1360           
RUN-1001 :    2    |      u_isp_top/u_demosaic/raw_matrix_3x3_buffer_d/zhenghe_d/blk_mem_gen_zhenghe_d1/ram_d32970204f32_Inst/clkb      |      u_isp_top/u_demosaic/raw_matrix_3x3_buffer_d/zhenghe_d/blk_mem_gen_zhenghe_d1/ram_d32970204f32_Inst/clkb      |           |                           u_mipi_dphy_rx_ph1p_mipiio_wrapper/u_ph1p_mipiio_rx_wrapper/bufg_feedback_auto_created_sclk_s_1_l_bk2                           |           933            
RUN-1001 :    3    |                                           u_hdmi_tx/I_pixel_clk_syn_654                                            |                                           u_hdmi_tx/I_pixel_clk_syn_654                                            |           |                                            u_hdmi_tx/I_pixel_clk_created_gclkinst_auto_created_sclk_s_1_l_bk3                                             |           182            
RUN-1001 :    4    |  u_ph1p35_324_ddr_wrapper/u_ddr2/ph1p_ddrmc_wrapper/ph1p_ddrmc_top/u_ddr_phy/u_ddrphy_top/u_ddrphy/apb_pclk_syn_1  |  u_ph1p35_324_ddr_wrapper/u_ddr2/ph1p_ddrmc_wrapper/ph1p_ddrmc_top/u_ddr_phy/u_ddrphy_top/u_ddrphy/apb_pclk_syn_1  |           |  u_ph1p35_324_ddr_wrapper/u_ddr2/ph1p_ddrmc_wrapper/ph1p_ddrmc_top/u_ddr_phy/u_ddrphy_top/u_ddrphy/apb_pclk_created_gclkinst_auto_created_sclk_s_1_l_bk4  |            24            
RUN-1001 : -----------------------------------------------------------------------------------------------------------------------------------------------------------------------------------------------------------------------------------------------------------------------------------------------------------------------------------------------------------------------------------------------------------------------------------------------------
RUN-1001 : Clock Region s_1_r [24,40][43,79]; Utilization: 4 out of 12
RUN-1001 : -------------------------------------------------------------------------------------------------------------------------------------------------------------------------------------------------------------------------------------------------------------------------------------------------------------------------------------------------------------------------------------
RUN-1001 :   Bank  |                                               Assigned Clock                                               |                                                Route Clock                                                 |  Marking  |                                                  Buffer                                                   |  Regional Clock Fanouts  
RUN-1001 : -------------------------------------------------------------------------------------------------------------------------------------------------------------------------------------------------------------------------------------------------------------------------------------------------------------------------------------------------------------------------------------
RUN-1001 :    1    |            u_mipi_dphy_rx_ph1p_mipiio_wrapper/u_ph1p_mipiio_rx_wrapper/u_lane0_hs_detect/I_clk             |            u_mipi_dphy_rx_ph1p_mipiio_wrapper/u_ph1p_mipiio_rx_wrapper/u_lane0_hs_detect/I_clk             |           |                              u_PLL/bufg_feedback_auto_created_sclk_s_1_r_bk1                              |            1             
RUN-1001 :    2    |  u_isp_top/u_demosaic/raw_matrix_3x3_buffer_d/zhenghe_d/blk_mem_gen_zhenghe_d1/ram_d32970204f32_Inst/clkb  |  u_isp_top/u_demosaic/raw_matrix_3x3_buffer_d/zhenghe_d/blk_mem_gen_zhenghe_d1/ram_d32970204f32_Inst/clkb  |           |   u_mipi_dphy_rx_ph1p_mipiio_wrapper/u_ph1p_mipiio_rx_wrapper/bufg_feedback_auto_created_sclk_s_1_r_bk2   |           846            
RUN-1001 :    3    |                                       u_hdmi_tx/I_pixel_clk_syn_654                                        |                                       u_hdmi_tx/I_pixel_clk_syn_654                                        |           |                    u_hdmi_tx/I_pixel_clk_created_gclkinst_auto_created_sclk_s_1_r_bk3                     |           250            
RUN-1001 :    4    |                      u_hdmi_tx/u_hdmi2phy_wrapper/u0_lane_lvds_8_1/I_serial_clk_syn_1                      |                      u_hdmi_tx/u_hdmi2phy_wrapper/u0_lane_lvds_8_1/I_serial_clk_syn_1                      |           |  u_hdmi_tx/u_hdmi2phy_wrapper/u0_lane_lvds_8_1/I_serial_clk_created_gclkinst_auto_created_sclk_s_1_r_bk4  |            40            
RUN-1001 : -------------------------------------------------------------------------------------------------------------------------------------------------------------------------------------------------------------------------------------------------------------------------------------------------------------------------------------------------------------------------------------
RUN-1002 : start command "export_db camera_to_dsi_display_pr.db"
RUN-1001 : Exported flow parameters
RUN-1001 : Exported /
RUN-1001 : Exported libs
RUN-1001 : Exported entities
RUN-1001 : Exported ports
RUN-1001 : Exported pins
RUN-1001 : Exported instances
RUN-1001 : Exported nets
RUN-1001 : Exported buses
RUN-1001 : Exported models
RUN-1001 : Exported phy database
RUN-1001 : Exported packer
RUN-1001 : Exported congestions
RUN-1001 : Exported violations
RUN-1001 : Exported ATMR Setting
RUN-1001 : Exported timing constraints
RUN-1001 : Exported IO constraints
RUN-1001 : Exported Inst constraints
RUN-1001 : Exported ChipWatcher
RUN-1003 : finish command "export_db camera_to_dsi_display_pr.db" in  1.710891s wall, 2.359375s user + 0.031250s system = 2.390625s CPU (139.7%)

RUN-1004 : used memory is 1822 MB, reserved memory is 1931 MB, peak memory is 1822 MB
PHY-1001 : Current memory(MB): used = 1822, reserved = 1931, peak = 1822.
PHY-1001 : End export database. 1.801955s wall, 2.453125s user + 0.031250s system = 2.484375s CPU (137.9%)

PHY-1001 : End detail routing;  66.775741s wall, 131.187500s user + 2.109375s system = 133.296875s CPU (199.6%)

PHY-1001 : End Stage 2 | Detail Routing; Time: 66.780440s wall, 131.187500s user + 2.109375s system = 133.296875s CPU (199.6%); Memory(MB): used = 1822, reserved = 1931, peak = 1822;

RUN-1002 : start command "fix_hold"

PHY-1001 : Stage 3 | Hold Fix
PHY-1001 : Stage 3.1 | Load Design Data
PHY-1034 : Refresh detailed routing grids ...
PHY-1001 : Generate nets ...
PHY-1001 : eco open net = 0
PHY-1001 : End Stage 3.1 | Load Design Data; Time: 0.576981s wall, 0.578125s user + 0.000000s system = 0.578125s CPU (100.2%); Memory(MB): used = 1822, reserved = 1931, peak = 1822;

PHY-1001 : Stage 3.2 | Hold Fix Optimization
RUN-1002 : start command "start_timer"
RUN-1003 : finish command "start_timer" in  2.570897s wall, 2.562500s user + 0.000000s system = 2.562500s CPU (99.7%)

RUN-1004 : used memory is 1822 MB, reserved memory is 1931 MB, peak memory is 1822 MB
PHY-1001 : Timing info: SWNS 1.120ns | STNS 0.000ns | HWNS -0.042ns | HTNS -0.330ns.
PHY-1001 : Processing hold violation on 47 end-point, worst slack = -42ps, best slack = 19ps.
PHY-1001 : End timing refresh.  8.062219s wall, 7.906250s user + 0.046875s system = 7.953125s CPU (98.6%)

PHY-1001 : Stage 3.2.1 | Phase 1
PHY-1001 : Stage 3.2.1.1 | Hold Fix By LutBridge
PHY-1001 : len = 2.64398e+06, over cnt = 0(0%), over = 0, worst = 0, crit = 0
PHY-1001 : Bridge count = 2; unresolved count = 0.
PHY-1001 : 2 out of 47 ((4.26)%) EP fixed by LB.
PHY-1001 : End Stage 3.2.1.1 | Hold Fix By LutBridge; Time: 2.228204s wall, 2.343750s user + 0.000000s system = 2.343750s CPU (105.2%); Memory(MB): used = 1822, reserved = 1931, peak = 1822;

PHY-1001 : Timing info: SWNS 1.120ns | STNS 0.000ns | HWNS 0.006ns | HTNS 0.000ns.
PHY-1001 : Processing hold violation on 2 end-point, worst slack = 6ps, best slack = 15ps.
PHY-1001 : End timing refresh.  0.122311s wall, 0.125000s user + 0.000000s system = 0.125000s CPU (102.2%)

PHY-1001 : Stage 3.2.1.2 | Hold Fix By Pin
PHY-1001 : len = 2.64398e+06, over cnt = 0(0%), over = 0, worst = 0, crit = 0
PHY-1001 : 1 out of 2 ((50.00)%) EP fixed by pin delay.
PHY-1001 : End Stage 3.2.1.2 | Hold Fix By Pin; Time: 0.253135s wall, 0.375000s user + 0.000000s system = 0.375000s CPU (148.1%); Memory(MB): used = 1823, reserved = 1931, peak = 1823;

PHY-1001 : Timing info: SWNS 1.120ns | STNS 0.000ns | HWNS 0.006ns | HTNS 0.000ns.
PHY-1001 : Processing hold violation on 2 end-point, worst slack = 6ps, best slack = 9ps.
PHY-1001 : End timing refresh.  0.106864s wall, 0.109375s user + 0.000000s system = 0.109375s CPU (102.3%)

PHY-1001 : Stage 3.2.1.3 | Hold Fix By Net
PHY-1001 : len = 2.64418e+06, over cnt = 0(0%), over = 0, worst = 0, crit = 0
PHY-1001 : 2 out of 2 ((100.00)%) EP fixed by net delay.
PHY-1001 : End Stage 3.2.1.3 | Hold Fix By Net; Time: 0.162842s wall, 0.328125s user + 0.015625s system = 0.343750s CPU (211.1%); Memory(MB): used = 1823, reserved = 1931, peak = 1823;

PHY-1001 : Timing info: SWNS 1.120ns | STNS 0.000ns | HWNS 0.020ns | HTNS 0.000ns.
PHY-1001 : End timing refresh.  0.124931s wall, 0.125000s user + 0.000000s system = 0.125000s CPU (100.1%)

PHY-1001 : End Stage 3.2.1 | Phase 1; Time: 3.052592s wall, 3.453125s user + 0.015625s system = 3.468750s CPU (113.6%); Memory(MB): used = 1823, reserved = 1931, peak = 1823;

PHY-1001 : End Stage 3.2 | Hold Fix Optimization; Time: 11.121247s wall, 11.359375s user + 0.062500s system = 11.421875s CPU (102.7%); Memory(MB): used = 1823, reserved = 1931, peak = 1823;

PHY-1001 : End Stage 3 | Hold Fix; Time: 11.920590s wall, 12.156250s user + 0.062500s system = 12.218750s CPU (102.5%); Memory(MB): used = 1822, reserved = 1931, peak = 1823;

RUN-1003 : finish command "fix_hold" in  11.973765s wall, 12.218750s user + 0.062500s system = 12.281250s CPU (102.6%)

RUN-1004 : used memory is 1822 MB, reserved memory is 1931 MB, peak memory is 1823 MB
PHY-1001 : Stage 4 | Report Route Qor
RUN-1002 : start command "report_qor -step route -file route.qor"
RUN-1002 : start command "start_timer"
RUN-1003 : finish command "start_timer" in  2.529100s wall, 2.421875s user + 0.031250s system = 2.453125s CPU (97.0%)

RUN-1004 : used memory is 1822 MB, reserved memory is 1930 MB, peak memory is 1823 MB
-----------------------------------------------------------
| QoR metrics               |         value               |
-----------------------------------------------------------
| Timing                    |                             |
|     Setup WNS             |         1120                |
|     Setup TNS             |            0                |
|     Num of violated S-EP  |            0                |
|     Hold WNS              |           20                |
|     Hold TNS              |            0                |
|     Num of violated H-EP  |            0                |
-----------------------------------------------------------
| Routing Resource          |                             |
|     Wire length           |      2644176                |
-----------------------------------------------------------
| Utilization               |                             |
|     #slices               |        12254                |
|     slices percentage     |       57.76%                |
|     #RAMs                 |           40                |
|     #DSPs                 |            8                |
|     #DRAMHARDCON          |           37                |
-----------------------------------------------------------
Report route stage QoR done.

RUN-1003 : finish command "report_qor -step route -file route.qor" in  7.972795s wall, 7.796875s user + 0.046875s system = 7.843750s CPU (98.4%)

RUN-1004 : used memory is 1823 MB, reserved memory is 1931 MB, peak memory is 1823 MB
RUN-1002 : start command "update_timing -mode final"
RUN-1002 : start command "start_timer"
RUN-1003 : finish command "start_timer" in  2.547027s wall, 2.515625s user + 0.000000s system = 2.515625s CPU (98.8%)

RUN-1004 : used memory is 1822 MB, reserved memory is 1931 MB, peak memory is 1823 MB
RUN-1003 : finish command "update_timing -mode final" in  7.992814s wall, 7.875000s user + 0.000000s system = 7.875000s CPU (98.5%)

RUN-1004 : used memory is 1823 MB, reserved memory is 1931 MB, peak memory is 1823 MB
RUN-1002 : start command "report_timing_summary -file final_timing.rpt"
OPT-1001 : QoR tracer report on route step:
    SWNS [   incr ]    STNS [   incr ]  S-FEPS [   incr ]    HWNS [   incr ]      HTNS [     incr ]    H-FEPS [     incr ]    CELL [   incr ]       WL [    incr ]   RT(s) [   incr ]   MEM(mb) [     incr ]
    1275 [      0 ]       0 [      0 ]       0 [      0 ]    -237 [      0 ]     -9528 [        0 ]       231 [        0 ]   12730 [      0 ]  2415680 [       0 ]      42 [      0 ]      1719 [        0 ] : dr_initialization
    1275 [      0 ]       0 [      0 ]       0 [      0 ]     -18 [    219 ]       -36 [     9492 ]         3 [     -228 ]   12730 [      0 ]  2446880 [   31200 ]      51 [      9 ]      1722 [        3 ] : dr_timing_opt_phase1
    1120 [   -155 ]       0 [      0 ]       0 [      0 ]     -42 [    -24 ]      -330 [     -294 ]        16 [       13 ]   12730 [      0 ]  2640432 [  193552 ]      72 [     21 ]      1751 [       29 ] : dr_opt_phase1
    1120 [      0 ]       0 [      0 ]       0 [      0 ]     -42 [      0 ]      -330 [        0 ]        16 [        0 ]   12730 [      0 ]  2640432 [       0 ]      73 [      1 ]      1754 [        3 ] : multi_try_opt
    1120 [      0 ]       0 [      0 ]       0 [      0 ]      20 [     62 ]         0 [      330 ]         0 [      -16 ]   12730 [      0 ]  2644176 [    3744 ]      87 [     14 ]      1823 [       69 ] : fix_hold_opt

PHY-1001 : End Stage 4 | Report Route Qor; Time: 16.203997s wall, 15.890625s user + 0.062500s system = 15.953125s CPU (98.5%); Memory(MB): used = 1823, reserved = 1931, peak = 1823;

PHY-1001 : Stage 5 | Routing DRC
PHY-1001 : Stage 5.1 | Check And Add Lut-bridge
PHY-1001 : End Stage 5.1 | Check And Add Lut-bridge; Time: 0.148907s wall, 0.125000s user + 0.015625s system = 0.140625s CPU (94.4%); Memory(MB): used = 1823, reserved = 1931, peak = 1823;

PHY-1001 : Stage 5.2 | Lut Bridge Check
PHY-1001 : End Stage 5.2 | Lut Bridge Check; Time: 0.311865s wall, 0.312500s user + 0.000000s system = 0.312500s CPU (100.2%); Memory(MB): used = 1823, reserved = 1931, peak = 1823;

PHY-1001 : Stage 5.3 | Physical Net Status Check
PHY-1001 : End Stage 5.3 | Physical Net Status Check; Time: 0.079175s wall, 0.078125s user + 0.000000s system = 0.078125s CPU (98.7%); Memory(MB): used = 1823, reserved = 1931, peak = 1823;

PHY-1001 : Start multi-drive drc check......
PHY-1001 : No multi-drive.
PHY-1001 : Stage 5.4 | Clock Net Status Check
PHY-1001 : 2 clock net(s) utilize local routing resource.
PHY-5079 CRITICAL-WARNING: Marked 1 clock net(s) utilize the local routing resources. Please check log message and the sinks of clock nets.
RUN-1001 : CTS Local Wire Summary
RUN-1001 : ------------------------------------------------------------------------------------------------------------------------------------------------------------
RUN-1001 :    ClockName    |   DriverType    |  Clock/Fanout  |  LocalWireNum  |                                  NetName                                   |  Marked  
RUN-1001 : ------------------------------------------------------------------------------------------------------------------------------------------------------------
RUN-1001 :        -        |  AL_PHY_LSLICE  |      1/3       |       15       |                      u_uicfgcs500/uii2c_inst/scl_clk                       |    -     
RUN-1001 :   pll_clk_24m   |   AL_PHY_SCLK   |     28/29      |       3        |  O_cam_24m_dup_1_created_gclkinst_auto_created_sclk_s_0_l_bk5_sclk_outnet  |   true   
RUN-1001 : ------------------------------------------------------------------------------------------------------------------------------------------------------------
PHY-5088 WARNING: Clock_Analyzer: Detected 1 buffer(s) clkin net because they drive non-clock sinks. Run "analyze_clock -detail" for more infomation.
PHY-5088 WARNING: Clock_Analyzer: Detected 1 buffer(s) clkout net because they drive non-clock sinks. Run "analyze_clock -detail" for more infomation.
PHY-5088 WARNING: Clock_Analyzer: 2 clock-net(s) because they drive other clock net, may cause clock skew. Run "analyze_clock -detail" for more infomation.
PHY-1001 : End Stage 5.4 | Clock Net Status Check; Time: 0.091862s wall, 0.093750s user + 0.000000s system = 0.093750s CPU (102.1%); Memory(MB): used = 1823, reserved = 1931, peak = 1823;

PHY-1001 : Stage 5.5 | Abnormal Timing Path check
PHY-1001 : No abnormal timing path.
PHY-1001 : End Stage 5.5 | Abnormal Timing Path check; Time: 0.344047s wall, 0.343750s user + 0.000000s system = 0.343750s CPU (99.9%); Memory(MB): used = 1822, reserved = 1930, peak = 1823;

PHY-1001 : Stage 5.6 | Bound Check
PHY-1001 : Check Pass.
PHY-1001 : End Stage 5.6 | Bound Check; Time: 0.003571s wall, 0.000000s user + 0.000000s system = 0.000000s CPU (n/a%); Memory(MB): used = 1822, reserved = 1930, peak = 1823;

PHY-1001 : End Stage 5 | Routing DRC; Time: 1.072262s wall, 1.046875s user + 0.015625s system = 1.062500s CPU (99.1%); Memory(MB): used = 1822, reserved = 1930, peak = 1823;

RUN-1003 : finish command "route" in  104.707556s wall, 170.109375s user + 2.328125s system = 172.437500s CPU (164.7%)

RUN-1004 : used memory is 1822 MB, reserved memory is 1930 MB, peak memory is 1823 MB
RUN-1002 : start command "report_area -io_info -file camera_to_dsi_display_phy.area"
SYN-4034 : The count of slices with lut is 6553.
SYN-4035 : The count of slices with lut+ripple is 2967.
RUN-1001 : standard
***Report Model: design_top_wrapper Device: PH1P35MDG324***

Design Statistics
#IO                        58   out of    160   36.25%
  #input                    2
  #output                  31
  #inout                   25
#lut6                    9928   out of  21216   46.79%
#reg                    13354
  #slice reg            13354   out of  42432   31.47%
  #pad reg                  0

Utilization Statistics
#slice                  12254   out of  21216   57.76%
  #used ram               408
    #dram lut             296
    #shifter lut          112
  #used logic           11846
    #with luts           6553
    #with adder          2967
    #reg only            2326
#feedthrough             2251
#f7mux                      0   out of  10608    0.00%
#f8mux                      0   out of   5304    0.00%
#eram                      40   out of    108   37.04%
  #eram20k                 40
  #fifo20k                  0
#dsp                        8   out of     40   20.00%
#ddr_byte                   6   out of     12   50.00%
#mipi_tx                    0   out of      2    0.00%
#mipi_rx                    1   out of      2   50.00%
#pad                       17   out of    160   10.62%
#pll                        3   out of      6   50.00%
#gclk                       9   out of     32   28.12%
#lclk                       0   out of     12    0.00%
#sclk                      19   out of     48   39.58%
#mlclk                      2   out of      6   33.33%
#ioclk                      4   out of     18   22.22%


DataNet Average Fanout:

   Index     Fanout     Nets   
    #1          1       19121  
    #2          2       7032   
    #3          3        867   
    #4          4        546   
    #5        5-10      1599   
    #6        11-50      413   
    #7       51-100      34    
    #8       101-500      3    
  Average     2.02             

RUN-1002 : start command "update_timing -mode final"
RUN-1002 : start command "start_timer"
RUN-1003 : finish command "start_timer" in  2.636346s wall, 2.562500s user + 0.031250s system = 2.593750s CPU (98.4%)

RUN-1004 : used memory is 1823 MB, reserved memory is 1931 MB, peak memory is 1823 MB
RUN-1003 : finish command "update_timing -mode final" in  8.071034s wall, 7.937500s user + 0.031250s system = 7.968750s CPU (98.7%)

RUN-1004 : used memory is 1823 MB, reserved memory is 1931 MB, peak memory is 1823 MB
RUN-1002 : start command "report_timing_status -file camera_to_dsi_display_phy.ts"
RUN-1002 : start command "report_timing_summary -file camera_to_dsi_display_pr.timing"
RUN-1002 : start command "report_timing_exception -file camera_to_dsi_display_exception.timing"
RUN-1002 : start command "flow_status -file route_flow.status"
Location         : D:\2026fpga\lab_hd_1_mipi_hdmi\td_project\camera_to_dsi_display_Runs\phy_1
Running with     : Tang Dynasty v6.2.168116
                   Copyright (c) 2012-2025 Anlogic Inc.
Top Model        : design_top_wrapper
Device           : PH1P35MDG324
Speed            : 3

Timing Mode      : final
Setup            : WNS  1120ps  TNS        0ps  NUM_FEPS     0
Hold             : WNS    20ps  TNS        0ps  NUM_FEPS     0

Flow Statistics  :
RUN-1001 : Flow Statistics:
RUN-1001 : ---------------------------------------------------------------------------------------------------
RUN-1001 :      command     |  #calls  |  wall time   |  cpu time(s)  |  used memory(mb)  |  peak memory(mb)  
RUN-1001 : ---------------------------------------------------------------------------------------------------
RUN-1001 :       place      |    1     |  2m44s(60%)  |   472(73%)    |       1138        |       1138        
RUN-1001 :       route      |    1     |  1m33s(34%)  |   160(24%)    |       1822        |       1823        
RUN-1001 :     fix_hold     |    1     |   11s(4%)    |    12(1%)     |       1822        |       1823        
RUN-1001 :   import_device  |    1     |    2s(0%)    |     2(0%)     |        323        |        323        
RUN-1001 :     import_db    |    1     |    0s(0%)    |     0(0%)     |        512        |        512        
RUN-1001 : ---------------------------------------------------------------------------------------------------
RUN-1001 :       total      |    5     |    4m30s     |      646      |       1822        |       1823        
RUN-1001 : ---------------------------------------------------------------------------------------------------
RUN-1002 : start command "report_clock_utilization -file route_clock_utilization.txt"
RUN-1002 : start command "export_db camera_to_dsi_display_pr.db"
RUN-1001 : Exported flow parameters
RUN-1001 : Exported /
RUN-1001 : Exported libs
RUN-1001 : Exported entities
RUN-1001 : Exported ports
RUN-1001 : Exported pins
RUN-1001 : Exported instances
RUN-1001 : Exported nets
RUN-1001 : Exported buses
RUN-1001 : Exported models
RUN-1001 : Exported phy database
RUN-1001 : Exported packer
RUN-1001 : Exported congestions
RUN-1001 : Exported violations
RUN-1001 : Exported ATMR Setting
RUN-1001 : Exported timing constraints
RUN-1001 : Exported IO constraints
RUN-1001 : Exported Inst constraints
RUN-1001 : Exported ChipWatcher
RUN-1003 : finish command "export_db camera_to_dsi_display_pr.db" in  1.642994s wall, 2.265625s user + 0.046875s system = 2.312500s CPU (140.7%)

RUN-1004 : used memory is 1825 MB, reserved memory is 1931 MB, peak memory is 1825 MB
RUN-1002 : start command "commit_param -step bitgen"
RUN-1001 : Print Global Property
RUN-1001 : -------------------------------------------------------------
RUN-1001 :     Parameters    |   Settings   |  Default Values  |  Note  
RUN-1001 : -------------------------------------------------------------
RUN-1001 :    enable_seed    |     off      |       off        |        
RUN-1001 :    hfn_to_clock   |  1000000000  |    1000000000    |        
RUN-1001 :      message      |   standard   |     standard     |        
RUN-1001 :    qor_monitor    |      on      |        on        |        
RUN-1001 :   speedup_effort  |      0       |        0         |        
RUN-1001 :    syn_ip_flow    |     off      |       off        |        
RUN-1001 :       thread      |     auto     |       auto       |        
RUN-1001 : -------------------------------------------------------------
RUN-1002 : start command "set_param bitgen compress on"
RUN-1001 : Print Bitgen Property
RUN-1001 : -------------------------------------------------------------
RUN-1001 :      Parameters     |  Settings  |  Default Values  |  Note  
RUN-1001 : -------------------------------------------------------------
RUN-1001 :         bin         |    off     |       off        |        
RUN-1001 :       compress      |     on     |       off        |   *    
RUN-1001 :       gen_mask      |    off     |       off        |        
RUN-1001 :      max_stream     |     on     |        on        |        
RUN-1001 :      time_info      |     on     |        on        |        
RUN-1001 :   unused_io_status  |   pullup   |      pullup      |        
RUN-1001 :       version       |    0x00    |       0x00       |        
RUN-1001 : -------------------------------------------------------------
RUN-1002 : start command "bitgen -bit camera_to_dsi_display.bit"
RUN-1002 : start command "export_bid camera_to_dsi_display_inst.bid"
BIT-1003 : Start to generate bitstream. 
BIT-1002 : Bitgen processed 3 pll_pd instances.
BIT-1002 : Init instances with 32 threads.
BIT-1002 : Init instances completely, inst num: 12731
BIT-1002 : Init pips with 32 threads.
BIT-1002 : Init pips completely, net num: 21387, pip num: 195393
BIT-1002 : Init feedthrough with 32 threads.
BIT-1002 : Init feedthrough completely, num: 2251
BIT-1003 : Multithreading accelaration with 32 threads.
BIT-1003 : Generate bitstream completely, there are 667808 bits set as '1'.
PRG-1501 : Bit compressed, frame number changed from 3481 to 3438, ratio 1.24%
BIT-1004 : Generate file camera_to_dsi_display_compress.bit.
BIT-1004 : Generate file camera_to_dsi_display.bit.
RUN-1003 : finish command "bitgen -bit camera_to_dsi_display.bit" in  5.782626s wall, 60.468750s user + 1.875000s system = 62.343750s CPU (1078.1%)

RUN-1004 : used memory is 1825 MB, reserved memory is 1931 MB, peak memory is 1826 MB
RUN-1002 : start command "setup_debugger"
RUN-1002 : start command "export_bitgen_param -file .bitgen_param.f"
RUN-1002 : start command "export_flow_status -s opt_place -e bitgen"
RUN-1002 : start command "flow_status"

Location         : D:\2026fpga\lab_hd_1_mipi_hdmi\td_project\camera_to_dsi_display_Runs\phy_1
Running with     : Tang Dynasty v6.2.168116
                   Copyright (c) 2012-2025 Anlogic Inc.
Top Model        : design_top_wrapper
Device           : PH1P35MDG324
Speed            : 3

Timing Mode      : final
Setup            : WNS  1120ps  TNS        0ps  NUM_FEPS     0
Hold             : WNS    20ps  TNS        0ps  NUM_FEPS     0

RUN-1001 : Flow Statistics:
RUN-1001 : ---------------------------------------------------------------------------------------------------
RUN-1001 :      command     |  #calls  |  wall time   |  cpu time(s)  |  used memory(mb)  |  peak memory(mb)  
RUN-1001 : ---------------------------------------------------------------------------------------------------
RUN-1001 :       place      |    1     |  2m44s(59%)  |   472(66%)    |       1138        |       1138        
RUN-1001 :       route      |    1     |  1m33s(33%)  |   160(22%)    |       1822        |       1823        
RUN-1001 :     fix_hold     |    1     |   11s(4%)    |    12(1%)     |       1822        |       1823        
RUN-1001 :      bitgen      |    1     |    5s(1%)    |    61(8%)     |       1825        |       1826        
RUN-1001 :   import_device  |    1     |    2s(0%)    |     2(0%)     |        323        |        323        
RUN-1001 :     import_db    |    1     |    0s(0%)    |     0(0%)     |        512        |        512        
RUN-1001 : ---------------------------------------------------------------------------------------------------
RUN-1001 :       total      |    6     |    4m35s     |      707      |       1825        |       1826        
RUN-1001 : ---------------------------------------------------------------------------------------------------

