============================================================
   Tang Dynasty, V6.2.168116
   Copyright (c) 2012-2025 Anlogic Inc.
   Executable = F:/AnlogicFpga/TD_6.2.1_Engineer_6.2.168.116/bin/td_commands_prompt.exe
   Built at =   16:32:07 Jun 12 2025
   Run by =     pc
   Run Date =   Tue Sep 29 18:29:08 2026

   Run on =     CIRBUG
============================================================
RUN-1002 : start command "import_device ph1_35p.db -package PH1P35MDG324 -speed 3"
ARC-1001 : Device Initialization.
ARC-1001 : ----------------------------------------------------------------
ARC-1001 :           OPTION          |          IO           |   SETTING   
ARC-1001 : ----------------------------------------------------------------
ARC-1001 :   non_jtag_persist(none)  |        35 IOs         |    gpio    
ARC-1001 :            jtag           |  P13/P15/L14/R13/T13  |  dedicate  
ARC-1001 : ----------------------------------------------------------------
RUN-1003 : finish command "import_device ph1_35p.db -package PH1P35MDG324 -speed 3" in  2.327290s wall, 2.125000s user + 0.078125s system = 2.203125s CPU (94.7%)

RUN-1004 : used memory is 334 MB, reserved memory is 321 MB, peak memory is 334 MB
RUN-1002 : start command "open_project camera_to_dsi_display.prj"
RUN-1002 : start command "commit_param -step design"
RUN-1001 : Print Global Property
RUN-1001 : -------------------------------------------------------------
RUN-1001 :     Parameters    |   Settings   |  Default Values  |  Note  
RUN-1001 : -------------------------------------------------------------
RUN-1001 :    enable_seed    |     off      |       off        |        
RUN-1001 :    hfn_to_clock   |  1000000000  |    1000000000    |        
RUN-1001 :      message      |   standard   |     standard     |        
RUN-1001 :    qor_monitor    |      on      |        on        |        
RUN-1001 :   speedup_effort  |      0       |        0         |        
RUN-1001 :    syn_ip_flow    |     off      |       off        |        
RUN-1001 :       thread      |     auto     |       auto       |        
RUN-1001 : -------------------------------------------------------------
RUN-1001 : Print Design Property
RUN-1001 : ----------------------------------------------------------------
RUN-1001 :       Parameters       |  Settings  |  Default Values  |  Note  
RUN-1001 : ----------------------------------------------------------------
RUN-1001 :   default_reg_initial  |    auto    |       auto       |        
RUN-1001 :    hdl_warning_level   |   normal   |      normal      |        
RUN-1001 : ----------------------------------------------------------------
HDL-1007 : analyze verilog file ../../../user_source/hdl_source/isp/demosaic_4x_2_0/blk_mem_gen_demosaic/RTL/ram_c36c2ca3b3a7.v
HDL-1007 : analyze verilog file ../../../user_source/hdl_source/isp/demosaic_4x_2_0/blk_mem_gen_demosaic/blk_mem_gen_demosaic.v
HDL-1007 : analyze verilog file ../../../user_source/hdl_source/isp/demosaic_4x_2_0/blk_mem_gen_zhenghe/RTL/ram_d32970204f32.v
HDL-1007 : analyze verilog file ../../../user_source/hdl_source/isp/demosaic_4x_2_0/blk_mem_gen_zhenghe/blk_mem_gen_zhenghe.v
HDL-1007 : analyze verilog file ../../../user_source/hdl_source/ph1p35_ddr/ddr2/ph1p_ddrmc_wrapper_63f4ac254419.v
HDL-1007 : analyze included file ../../../user_source/hdl_source/ph1p35_ddr/ddr2/./src/rtl/include/ph1p_mis_define.vh in ../../../user_source/hdl_source/ph1p35_ddr/ddr2/ph1p_ddrmc_wrapper_63f4ac254419.v(11)
HDL-1007 : back to file '../../../user_source/hdl_source/ph1p35_ddr/ddr2/ph1p_ddrmc_wrapper_63f4ac254419.v' in ../../../user_source/hdl_source/ph1p35_ddr/ddr2/ph1p_ddrmc_wrapper_63f4ac254419.v(11)
Copyright (c) 1998-2019 The OpenSSL Project.  All rights reserved.
This product includes software developed by the OpenSSL Project
for use in the OpenSSL Toolkit (http://www.openssl.org/)
Copyright (C) 1995-1998 Eric Young (eay@cryptsoft.com)
All rights reserved.
This product includes cryptographic software written by Eric Young (eay@cryptsoft.com)
HDL-1007 : back to file '../../../user_source/hdl_source/ph1p35_ddr/ddr2/ph1p_ddrmc_wrapper_63f4ac254419.v' in ../../../user_source/hdl_source/ph1p35_ddr/ddr2/ph1p_ddrmc_wrapper_63f4ac254419.v(417)
HDL-1007 : analyze verilog file ../../../user_source/hdl_source/ph1p35_ddr/ddr2/ddr2.v
HDL-1007 : analyze verilog file ../../../user_source/hdl_source/ph1p35_ddr/ddr2/src/rtl/clk/ph1p_ddrphy_clk_top.v
HDL-1007 : analyze verilog file ../../../user_source/hdl_source/ph1p35_ddr/ddr2/src/rtl/clk/ph1p_ddrphy_pll0.v
HDL-1007 : analyze verilog file ../../../user_source/hdl_source/ph1p35_ddr/ddr2/src/rtl/clk/ph1p_ddrphy_pll1.v
HDL-1007 : analyze verilog file ../../../user_source/hdl_source/ph1p35_ddr/ddr2/src/rtl/init/ph1p_ddrphy_dram_init_ddr2.v
HDL-1007 : analyze verilog file ../../../user_source/hdl_source/ph1p35_ddr/ddr2/src/rtl/mc/alc_phy2mc_fifo_ctrl.v
HDL-1007 : analyze verilog file ../../../user_source/hdl_source/ph1p35_ddr/ddr2/src/rtl/misc/ph1p_ddr_fifo_dram_sync.v
HDL-1007 : analyze verilog file ../../../user_source/hdl_source/ph1p35_ddr/ddr2/src/rtl/misc/ph1p_ddrphy_sync_rst_gen.v
HDL-1007 : analyze verilog file ../../../user_source/hdl_source/ph1p35_ddr/ddr2/src/rtl/phy/ph1p_ddrphy.v
HDL-1007 : analyze included file ../../../user_source/hdl_source/ph1p35_ddr/ddr2/src/rtl/phy/./include/ph1p_ddrphy_pad_type.vh in ../../../user_source/hdl_source/ph1p35_ddr/ddr2/src/rtl/phy/ph1p_ddrphy.v(105)
HDL-1007 : back to file '../../../user_source/hdl_source/ph1p35_ddr/ddr2/src/rtl/phy/ph1p_ddrphy.v' in ../../../user_source/hdl_source/ph1p35_ddr/ddr2/src/rtl/phy/ph1p_ddrphy.v(105)
HDL-1007 : analyze included file ../../../user_source/hdl_source/ph1p35_ddr/ddr2/src/rtl/phy/./include/ph1p_ddrphy_bus_matrix.vh in ../../../user_source/hdl_source/ph1p35_ddr/ddr2/src/rtl/phy/ph1p_ddrphy.v(507)
HDL-1007 : back to file '../../../user_source/hdl_source/ph1p35_ddr/ddr2/src/rtl/phy/ph1p_ddrphy.v' in ../../../user_source/hdl_source/ph1p35_ddr/ddr2/src/rtl/phy/ph1p_ddrphy.v(507)
HDL-1007 : analyze verilog file ../../../user_source/hdl_source/ph1p35_ddr/ddr2/src/rtl/phy/ph1p_ddrphy_apb_bridge.v
HDL-1007 : analyze verilog file ../../../user_source/hdl_source/ph1p35_ddr/ddr2/src/rtl/phy/ph1p_ddrphy_bankref_cfg.v
HDL-1007 : analyze verilog file ../../../user_source/hdl_source/ph1p35_ddr/ddr2/src/rtl/phy/ph1p_ddrphy_byte_wrapper.v
HDL-1007 : analyze verilog file ../../../user_source/hdl_source/ph1p35_ddr/ddr2/src/rtl/phy/ph1p_ddrphy_cmd_decode.v
HDL-1007 : analyze verilog file ../../../user_source/hdl_source/ph1p35_ddr/ddr2/src/rtl/phy/ph1p_ddrphy_cmd_execution.v
HDL-1007 : analyze verilog file ../../../user_source/hdl_source/ph1p35_ddr/ddr2/src/rtl/phy/ph1p_ddrphy_cmd_wrapper.v
HDL-1007 : analyze verilog file ../../../user_source/hdl_source/ph1p35_ddr/ddr2/src/rtl/phy/ph1p_ddrphy_dcu.v
HDL-1007 : analyze verilog file ../../../user_source/hdl_source/ph1p35_ddr/ddr2/src/rtl/phy/ph1p_ddrphy_dcu_wrapper.v
HDL-1007 : analyze verilog file ../../../user_source/hdl_source/ph1p35_ddr/ddr2/src/rtl/phy/ph1p_ddrphy_fast_init.v
HDL-1007 : analyze verilog file ../../../user_source/hdl_source/ph1p35_ddr/ddr2/src/rtl/phy/ph1p_ddrphy_fast_init_wrapper.v
HDL-1007 : analyze included file ../../../user_source/hdl_source/ph1p35_ddr/ddr2/src/rtl/phy/./include/ph1p_ddrphy_board_delay.vh in ../../../user_source/hdl_source/ph1p35_ddr/ddr2/src/rtl/phy/ph1p_ddrphy_fast_init_wrapper.v(71)
HDL-1007 : back to file '../../../user_source/hdl_source/ph1p35_ddr/ddr2/src/rtl/phy/ph1p_ddrphy_fast_init_wrapper.v' in ../../../user_source/hdl_source/ph1p35_ddr/ddr2/src/rtl/phy/ph1p_ddrphy_fast_init_wrapper.v(71)
HDL-1007 : analyze verilog file ../../../user_source/hdl_source/ph1p35_ddr/ddr2/src/rtl/phy/ph1p_ddrphy_init.v
HDL-1007 : analyze verilog file ../../../user_source/hdl_source/ph1p35_ddr/ddr2/src/rtl/phy/ph1p_ddrphy_mdl_cal.v
HDL-1007 : analyze verilog file ../../../user_source/hdl_source/ph1p35_ddr/ddr2/src/rtl/phy/ph1p_ddrphy_mdl_cal_wrapper.v
HDL-1007 : analyze verilog file ../../../user_source/hdl_source/ph1p35_ddr/ddr2/src/rtl/phy/ph1p_ddrphy_rphase_ctl.v
HDL-1007 : analyze verilog file ../../../user_source/hdl_source/ph1p35_ddr/ddr2/src/rtl/phy/ph1p_ddrphy_top.v
HDL-1007 : analyze included file ../../../user_source/hdl_source/ph1p35_ddr/ddr2/src/rtl/phy/./include/ph1p_ddrphy_ddrio.vh in ../../../user_source/hdl_source/ph1p35_ddr/ddr2/src/rtl/phy/ph1p_ddrphy_top.v(736)
HDL-1007 : back to file '../../../user_source/hdl_source/ph1p35_ddr/ddr2/src/rtl/phy/ph1p_ddrphy_top.v' in ../../../user_source/hdl_source/ph1p35_ddr/ddr2/src/rtl/phy/ph1p_ddrphy_top.v(736)
HDL-1007 : analyze verilog file ../../../user_source/hdl_source/ph1p35_ddr/ddr2/src/rtl/phy/ph1p_ddrphy_wphase_ctl.v
HDL-1007 : analyze verilog file ../../../user_source/hdl_source/ph1p35_ddr/ddr2/src/rtl/phy/ph1p_ddrphy_wrapper.v
HDL-1007 : analyze verilog file ../../../user_source/hdl_source/ph1p35_ddr/ddr2/src/rtl/top/ph1p_ddrmc_top.v
HDL-1007 : analyze verilog file ../../../user_source/hdl_source/ph1p35_ddr/ddr2/src/rtl/mc/alc_mc_top_all.enc.sv
HDL-1007 : analyze included file ../../../user_source/hdl_source/ph1p35_ddr/ddr2/src/rtl/mc/../include/ph1p_mis_define.vh in ../../../user_source/hdl_source/ph1p35_ddr/ddr2/src/rtl/mc/alc_mc_top_all.enc.sv(4)
HDL-1007 : back to file '../../../user_source/hdl_source/ph1p35_ddr/ddr2/src/rtl/mc/alc_mc_top_all.enc.sv' in ../../../user_source/hdl_source/ph1p35_ddr/ddr2/src/rtl/mc/alc_mc_top_all.enc.sv(4)
HDL-1007 : analyze included file ../../../user_source/hdl_source/ph1p35_ddr/ddr2/src/rtl/mc/../timing/ddr2/ddr2_parameter.vh in ../../../user_source/hdl_source/ph1p35_ddr/ddr2/src/rtl/mc/alc_mc_top_all.enc.sv(106)
HDL-1007 : analyze included file ../../../user_source/hdl_source/ph1p35_ddr/ddr2/src/rtl/mc/../timing/ddr2/ddr2_1066.vh in ../../../user_source/hdl_source/ph1p35_ddr/ddr2/src/rtl/mc/../timing/ddr2/ddr2_parameter.vh(118)
HDL-1007 : back to file '../../../user_source/hdl_source/ph1p35_ddr/ddr2/src/rtl/mc/../timing/ddr2/ddr2_parameter.vh' in ../../../user_source/hdl_source/ph1p35_ddr/ddr2/src/rtl/mc/../timing/ddr2/ddr2_parameter.vh(118)
HDL-1007 : back to file '../../../user_source/hdl_source/ph1p35_ddr/ddr2/src/rtl/mc/alc_mc_top_all.enc.sv' in ../../../user_source/hdl_source/ph1p35_ddr/ddr2/src/rtl/mc/alc_mc_top_all.enc.sv(106)
HDL-1007 : back to file '../../../user_source/hdl_source/ph1p35_ddr/ddr2/src/rtl/mc/alc_mc_top_all.enc.sv' in ../../../user_source/hdl_source/ph1p35_ddr/ddr2/src/rtl/mc/alc_mc_top_all.enc.sv(121)
HDL-1007 : analyze verilog file ../../../user_source/ip_source/PLL/RTL/ph1p_phy_pll_wrapper_25a56e5ce2f9.v
HDL-1007 : analyze verilog file ../../../user_source/ip_source/PLL/PLL.v
HDL-1007 : analyze verilog file ../../../user_source/ip_source/blk_mem_gen_awb_delay_signal/blk_mem_gen_awb_delay_signal.v
HDL-1007 : analyze verilog file ../../../user_source/ip_source/blk_mem_gen_awb_delay_signal/ram_f84573da5ab5.v
HDL-1007 : analyze verilog file ../../../user_source/ip_source/divider/divider_gate.v
HDL-1007 : undeclared symbol 'open_n2', assumed default net type 'wire' in ../../../user_source/ip_source/divider/divider_gate.v(2729)
HDL-1007 : undeclared symbol 'open_n5', assumed default net type 'wire' in ../../../user_source/ip_source/divider/divider_gate.v(2811)
HDL-1007 : undeclared symbol 'open_n8', assumed default net type 'wire' in ../../../user_source/ip_source/divider/divider_gate.v(3783)
HDL-1007 : undeclared symbol 'open_n11', assumed default net type 'wire' in ../../../user_source/ip_source/divider/divider_gate.v(3872)
HDL-1007 : undeclared symbol 'open_n14', assumed default net type 'wire' in ../../../user_source/ip_source/divider/divider_gate.v(4854)
HDL-1007 : undeclared symbol 'open_n17', assumed default net type 'wire' in ../../../user_source/ip_source/divider/divider_gate.v(4950)
HDL-1007 : undeclared symbol 'open_n20', assumed default net type 'wire' in ../../../user_source/ip_source/divider/divider_gate.v(5948)
HDL-1007 : undeclared symbol 'open_n23', assumed default net type 'wire' in ../../../user_source/ip_source/divider/divider_gate.v(6051)
HDL-1007 : undeclared symbol 'open_n26', assumed default net type 'wire' in ../../../user_source/ip_source/divider/divider_gate.v(7065)
HDL-1007 : undeclared symbol 'open_n29', assumed default net type 'wire' in ../../../user_source/ip_source/divider/divider_gate.v(7175)
HDL-1007 : undeclared symbol 'open_n32', assumed default net type 'wire' in ../../../user_source/ip_source/divider/divider_gate.v(8205)
HDL-1007 : undeclared symbol 'open_n35', assumed default net type 'wire' in ../../../user_source/ip_source/divider/divider_gate.v(8322)
HDL-1007 : undeclared symbol 'open_n38', assumed default net type 'wire' in ../../../user_source/ip_source/divider/divider_gate.v(9368)
HDL-1007 : undeclared symbol 'open_n41', assumed default net type 'wire' in ../../../user_source/ip_source/divider/divider_gate.v(9492)
HDL-1007 : undeclared symbol 'open_n44', assumed default net type 'wire' in ../../../user_source/ip_source/divider/divider_gate.v(10548)
HDL-1007 : undeclared symbol 'open_n47', assumed default net type 'wire' in ../../../user_source/ip_source/divider/divider_gate.v(10679)
HDL-1007 : undeclared symbol 'open_n50', assumed default net type 'wire' in ../../../user_source/ip_source/divider/divider_gate.v(11751)
HDL-1007 : undeclared symbol 'open_n53', assumed default net type 'wire' in ../../../user_source/ip_source/divider/divider_gate.v(11889)
HDL-1007 : undeclared symbol 'open_n56', assumed default net type 'wire' in ../../../user_source/ip_source/divider/divider_gate.v(12977)
HDL-1007 : undeclared symbol 'open_n59', assumed default net type 'wire' in ../../../user_source/ip_source/divider/divider_gate.v(13122)
HDL-1007 : undeclared symbol 'open_n62', assumed default net type 'wire' in ../../../user_source/ip_source/divider/divider_gate.v(15070)
HDL-1007 : undeclared symbol 'open_n65', assumed default net type 'wire' in ../../../user_source/ip_source/divider/divider_gate.v(15222)
HDL-1007 : undeclared symbol 'open_n68', assumed default net type 'wire' in ../../../user_source/ip_source/divider/divider_gate.v(16342)
HDL-1007 : undeclared symbol 'open_n71', assumed default net type 'wire' in ../../../user_source/ip_source/divider/divider_gate.v(16501)
HDL-1007 : undeclared symbol 'open_n74', assumed default net type 'wire' in ../../../user_source/ip_source/divider/divider_gate.v(17631)
HDL-1007 : undeclared symbol 'open_n77', assumed default net type 'wire' in ../../../user_source/ip_source/divider/divider_gate.v(17797)
HDL-1007 : undeclared symbol 'open_n80', assumed default net type 'wire' in ../../../user_source/ip_source/divider/divider_gate.v(18943)
HDL-1007 : undeclared symbol 'open_n83', assumed default net type 'wire' in ../../../user_source/ip_source/divider/divider_gate.v(19116)
HDL-1007 : undeclared symbol 'open_n86', assumed default net type 'wire' in ../../../user_source/ip_source/divider/divider_gate.v(20278)
HDL-1007 : undeclared symbol 'open_n89', assumed default net type 'wire' in ../../../user_source/ip_source/divider/divider_gate.v(20458)
HDL-1007 : undeclared symbol 'open_n92', assumed default net type 'wire' in ../../../user_source/ip_source/divider/divider_gate.v(21636)
HDL-1007 : undeclared symbol 'open_n95', assumed default net type 'wire' in ../../../user_source/ip_source/divider/divider_gate.v(21823)
HDL-1007 : undeclared symbol 'open_n98', assumed default net type 'wire' in ../../../user_source/ip_source/divider/divider_gate.v(23017)
HDL-1007 : undeclared symbol 'open_n101', assumed default net type 'wire' in ../../../user_source/ip_source/divider/divider_gate.v(23211)
HDL-1007 : undeclared symbol 'open_n104', assumed default net type 'wire' in ../../../user_source/ip_source/divider/divider_gate.v(24415)
HDL-1007 : undeclared symbol 'open_n107', assumed default net type 'wire' in ../../../user_source/ip_source/divider/divider_gate.v(24616)
HDL-1007 : undeclared symbol 'open_n110', assumed default net type 'wire' in ../../../user_source/ip_source/divider/divider_gate.v(25836)
HDL-1007 : undeclared symbol 'open_n113', assumed default net type 'wire' in ../../../user_source/ip_source/divider/divider_gate.v(26044)
HDL-1007 : undeclared symbol 'open_n116', assumed default net type 'wire' in ../../../user_source/ip_source/divider/divider_gate.v(27280)
HDL-1007 : undeclared symbol 'open_n119', assumed default net type 'wire' in ../../../user_source/ip_source/divider/divider_gate.v(27495)
HDL-1007 : undeclared symbol 'open_n122', assumed default net type 'wire' in ../../../user_source/ip_source/divider/divider_gate.v(29638)
HDL-1007 : undeclared symbol 'open_n125', assumed default net type 'wire' in ../../../user_source/ip_source/divider/divider_gate.v(29860)
HDL-1007 : undeclared symbol 'open_n128', assumed default net type 'wire' in ../../../user_source/ip_source/divider/divider_gate.v(31128)
HDL-1007 : undeclared symbol 'open_n129', assumed default net type 'wire' in ../../../user_source/ip_source/divider/divider_gate.v(31359)
HDL-1007 : undeclared symbol 'open_n132', assumed default net type 'wire' in ../../../user_source/ip_source/divider/divider_gate.v(32637)
HDL-1007 : undeclared symbol 'open_n133', assumed default net type 'wire' in ../../../user_source/ip_source/divider/divider_gate.v(32868)
HDL-1007 : undeclared symbol 'open_n134', assumed default net type 'wire' in ../../../user_source/ip_source/divider/divider_gate.v(32875)
HDL-1007 : undeclared symbol 'open_n137', assumed default net type 'wire' in ../../../user_source/ip_source/divider/divider_gate.v(34153)
HDL-1007 : undeclared symbol 'open_n138', assumed default net type 'wire' in ../../../user_source/ip_source/divider/divider_gate.v(34384)
HDL-1007 : undeclared symbol 'open_n139', assumed default net type 'wire' in ../../../user_source/ip_source/divider/divider_gate.v(34391)
HDL-1007 : undeclared symbol 'open_n142', assumed default net type 'wire' in ../../../user_source/ip_source/divider/divider_gate.v(35669)
HDL-1007 : undeclared symbol 'open_n143', assumed default net type 'wire' in ../../../user_source/ip_source/divider/divider_gate.v(35900)
HDL-1007 : undeclared symbol 'open_n144', assumed default net type 'wire' in ../../../user_source/ip_source/divider/divider_gate.v(35907)
HDL-1007 : undeclared symbol 'open_n147', assumed default net type 'wire' in ../../../user_source/ip_source/divider/divider_gate.v(37185)
HDL-1007 : undeclared symbol 'open_n148', assumed default net type 'wire' in ../../../user_source/ip_source/divider/divider_gate.v(37416)
HDL-1007 : undeclared symbol 'open_n149', assumed default net type 'wire' in ../../../user_source/ip_source/divider/divider_gate.v(37423)
HDL-1007 : undeclared symbol 'open_n152', assumed default net type 'wire' in ../../../user_source/ip_source/divider/divider_gate.v(38701)
HDL-1007 : undeclared symbol 'open_n153', assumed default net type 'wire' in ../../../user_source/ip_source/divider/divider_gate.v(38932)
HDL-1007 : undeclared symbol 'open_n154', assumed default net type 'wire' in ../../../user_source/ip_source/divider/divider_gate.v(38939)
HDL-1007 : undeclared symbol 'open_n157', assumed default net type 'wire' in ../../../user_source/ip_source/divider/divider_gate.v(40217)
HDL-1007 : undeclared symbol 'open_n158', assumed default net type 'wire' in ../../../user_source/ip_source/divider/divider_gate.v(40448)
HDL-1007 : undeclared symbol 'open_n159', assumed default net type 'wire' in ../../../user_source/ip_source/divider/divider_gate.v(40455)
HDL-1007 : undeclared symbol 'open_n162', assumed default net type 'wire' in ../../../user_source/ip_source/divider/divider_gate.v(41733)
HDL-1007 : undeclared symbol 'open_n163', assumed default net type 'wire' in ../../../user_source/ip_source/divider/divider_gate.v(41964)
HDL-1007 : undeclared symbol 'open_n164', assumed default net type 'wire' in ../../../user_source/ip_source/divider/divider_gate.v(41971)
HDL-1007 : undeclared symbol 'open_n167', assumed default net type 'wire' in ../../../user_source/ip_source/divider/divider_gate.v(43249)
HDL-1007 : undeclared symbol 'open_n168', assumed default net type 'wire' in ../../../user_source/ip_source/divider/divider_gate.v(43480)
HDL-1007 : undeclared symbol 'open_n169', assumed default net type 'wire' in ../../../user_source/ip_source/divider/divider_gate.v(43487)
HDL-1007 : undeclared symbol 'open_n172', assumed default net type 'wire' in ../../../user_source/ip_source/divider/divider_gate.v(45678)
HDL-1007 : undeclared symbol 'open_n173', assumed default net type 'wire' in ../../../user_source/ip_source/divider/divider_gate.v(45909)
HDL-1007 : undeclared symbol 'open_n174', assumed default net type 'wire' in ../../../user_source/ip_source/divider/divider_gate.v(45916)
HDL-1007 : undeclared symbol 'open_n177', assumed default net type 'wire' in ../../../user_source/ip_source/divider/divider_gate.v(47194)
HDL-1007 : undeclared symbol 'open_n178', assumed default net type 'wire' in ../../../user_source/ip_source/divider/divider_gate.v(47425)
HDL-1007 : undeclared symbol 'open_n179', assumed default net type 'wire' in ../../../user_source/ip_source/divider/divider_gate.v(47432)
HDL-1007 : undeclared symbol 'open_n182', assumed default net type 'wire' in ../../../user_source/ip_source/divider/divider_gate.v(48710)
HDL-1007 : undeclared symbol 'open_n183', assumed default net type 'wire' in ../../../user_source/ip_source/divider/divider_gate.v(48941)
HDL-1007 : undeclared symbol 'open_n184', assumed default net type 'wire' in ../../../user_source/ip_source/divider/divider_gate.v(48948)
HDL-1007 : undeclared symbol 'open_n187', assumed default net type 'wire' in ../../../user_source/ip_source/divider/divider_gate.v(50226)
HDL-1007 : undeclared symbol 'open_n188', assumed default net type 'wire' in ../../../user_source/ip_source/divider/divider_gate.v(50457)
HDL-1007 : undeclared symbol 'open_n189', assumed default net type 'wire' in ../../../user_source/ip_source/divider/divider_gate.v(50464)
HDL-1007 : undeclared symbol 'open_n192', assumed default net type 'wire' in ../../../user_source/ip_source/divider/divider_gate.v(51742)
HDL-1007 : undeclared symbol 'open_n193', assumed default net type 'wire' in ../../../user_source/ip_source/divider/divider_gate.v(51973)
HDL-1007 : undeclared symbol 'open_n194', assumed default net type 'wire' in ../../../user_source/ip_source/divider/divider_gate.v(51980)
HDL-1007 : undeclared symbol 'open_n197', assumed default net type 'wire' in ../../../user_source/ip_source/divider/divider_gate.v(53258)
HDL-1007 : undeclared symbol 'open_n198', assumed default net type 'wire' in ../../../user_source/ip_source/divider/divider_gate.v(53489)
HDL-1007 : undeclared symbol 'open_n199', assumed default net type 'wire' in ../../../user_source/ip_source/divider/divider_gate.v(53496)
HDL-1007 : undeclared symbol 'open_n202', assumed default net type 'wire' in ../../../user_source/ip_source/divider/divider_gate.v(54774)
HDL-1007 : undeclared symbol 'open_n203', assumed default net type 'wire' in ../../../user_source/ip_source/divider/divider_gate.v(55005)
HDL-1007 : undeclared symbol 'open_n204', assumed default net type 'wire' in ../../../user_source/ip_source/divider/divider_gate.v(55012)
HDL-1007 : undeclared symbol 'open_n207', assumed default net type 'wire' in ../../../user_source/ip_source/divider/divider_gate.v(57048)
HDL-1007 : undeclared symbol 'open_n208', assumed default net type 'wire' in ../../../user_source/ip_source/divider/divider_gate.v(57167)
HDL-1007 : undeclared symbol 'open_n209', assumed default net type 'wire' in ../../../user_source/ip_source/divider/divider_gate.v(57174)
HDL-1007 : undeclared symbol 'open_n212', assumed default net type 'wire' in ../../../user_source/ip_source/divider/divider_gate.v(58502)
HDL-1007 : undeclared symbol 'open_n215', assumed default net type 'wire' in ../../../user_source/ip_source/divider/divider_gate.v(58507)
HDL-1007 : undeclared symbol 'open_n218', assumed default net type 'wire' in ../../../user_source/ip_source/divider/divider_gate.v(59405)
HDL-1007 : undeclared symbol 'open_n221', assumed default net type 'wire' in ../../../user_source/ip_source/divider/divider_gate.v(59459)
HDL-1007 : undeclared symbol 'open_n224', assumed default net type 'wire' in ../../../user_source/ip_source/divider/divider_gate.v(60367)
HDL-1007 : undeclared symbol 'open_n227', assumed default net type 'wire' in ../../../user_source/ip_source/divider/divider_gate.v(60428)
HDL-1007 : undeclared symbol 'open_n230', assumed default net type 'wire' in ../../../user_source/ip_source/divider/divider_gate.v(61352)
HDL-1007 : undeclared symbol 'open_n233', assumed default net type 'wire' in ../../../user_source/ip_source/divider/divider_gate.v(61420)
HDL-1007 : undeclared symbol 'open_n236', assumed default net type 'wire' in ../../../user_source/ip_source/divider/divider_gate.v(62360)
HDL-1007 : undeclared symbol 'open_n239', assumed default net type 'wire' in ../../../user_source/ip_source/divider/divider_gate.v(62435)
HDL-1007 : analyze verilog file ../../../user_source/ip_source/w128_d512_fifo/soft_fifo_al_4057d6b76aa6.v
HDL-1007 : analyze verilog file ../../../user_source/ip_source/w128_d512_fifo/w128_d512_fifo.v
HDL-1007 : analyze verilog file ../../../user_source/ip_source/w155_d512_fifo/soft_fifo_al_f58e8b3e1f3d.v
HDL-1007 : analyze verilog file ../../../user_source/ip_source/w155_d512_fifo/w155_d512_fifo.v
HDL-1007 : analyze verilog file ../../al_ip/RISCV_F6F1D1P0_0/RTL/MCU_521bd43d073e.v
HDL-1007 : analyze verilog file ../../al_ip/RISCV_F6F1D1P0_0/RISCV_F6F1D1P0_0.v
HDL-1007 : analyze verilog file ../../../user_source/hdl_source/design_top_wrapper.v
HDL-1007 : analyze included file ../../../user_source/hdl_source/video_params.vh in ../../../user_source/hdl_source/design_top_wrapper.v(3)
HDL-1007 : back to file '../../../user_source/hdl_source/design_top_wrapper.v' in ../../../user_source/hdl_source/design_top_wrapper.v(3)
HDL-1007 : analyze verilog file ../../../user_source/hdl_source/mipi_dphy_rx/mipi_dphy_rx_ph1p_mipiio_wrapper.sv
HDL-1007 : analyze verilog file ../../../user_source/hdl_source/mipi_dphy_rx/ph1p_mipiio_rx_wrapper.v
HDL-1007 : analyze verilog file ../../../user_source/hdl_source/video_in.v
HDL-1007 : analyze included file ../../../user_source/hdl_source/video_params.vh in ../../../user_source/hdl_source/video_in.v(3)
HDL-1007 : back to file '../../../user_source/hdl_source/video_in.v' in ../../../user_source/hdl_source/video_in.v(3)
HDL-1007 : analyze verilog file ../../../user_source/hdl_source/video_out.v
HDL-1007 : analyze included file ../../../user_source/hdl_source/video_params.vh in ../../../user_source/hdl_source/video_out.v(4)
HDL-1007 : back to file '../../../user_source/hdl_source/video_out.v' in ../../../user_source/hdl_source/video_out.v(4)
HDL-1007 : analyze verilog file ../../../user_source/hdl_source/mc_to_user_interface.v
HDL-1007 : analyze verilog file ../../../user_source/hdl_source/mipi_dphy_rx/byte_aligner.enc.v
HDL-1007 : back to file '../../../user_source/hdl_source/mipi_dphy_rx/byte_aligner.enc.v' in ../../../user_source/hdl_source/mipi_dphy_rx/byte_aligner.enc.v(18)
HDL-1007 : analyze verilog file ../../../user_source/hdl_source/mipi_dphy_rx/byte_aligner_wrapper.enc.sv
HDL-1007 : back to file '../../../user_source/hdl_source/mipi_dphy_rx/byte_aligner_wrapper.enc.sv' in ../../../user_source/hdl_source/mipi_dphy_rx/byte_aligner_wrapper.enc.sv(20)
HDL-1007 : analyze verilog file ../../../user_source/hdl_source/mipi_dphy_rx/channel_aligner.enc.v
HDL-1007 : back to file '../../../user_source/hdl_source/mipi_dphy_rx/channel_aligner.enc.v' in ../../../user_source/hdl_source/mipi_dphy_rx/channel_aligner.enc.v(17)
HDL-1007 : analyze verilog file ../../../user_source/hdl_source/mipi_dphy_rx/channel_aligner_wrapper.enc.sv
HDL-1007 : back to file '../../../user_source/hdl_source/mipi_dphy_rx/channel_aligner_wrapper.enc.sv' in ../../../user_source/hdl_source/mipi_dphy_rx/channel_aligner_wrapper.enc.sv(17)
HDL-1007 : analyze verilog file ../../../user_source/hdl_source/mipi_dphy_rx/hs_detect.enc.v
HDL-1007 : back to file '../../../user_source/hdl_source/mipi_dphy_rx/hs_detect.enc.v' in ../../../user_source/hdl_source/mipi_dphy_rx/hs_detect.enc.v(13)
HDL-1007 : analyze verilog file ../../../user_source/hdl_source/signal_delay.v
HDL-1007 : analyze verilog file ../../../user_source/hdl_source/awb.v
HDL-1007 : analyze verilog file ../../../user_source/hdl_source/ph1p35_ddr/ph1p35_324_ddr_wrapper.v
HDL-1007 : undeclared symbol 'dhi_clk', assumed default net type 'wire' in ../../../user_source/hdl_source/ph1p35_ddr/ph1p35_324_ddr_wrapper.v(83)
HDL-1007 : analyze verilog file ../../../user_source/hdl_source/isp/csi_unpacket_2lane.v
HDL-1007 : analyze verilog file ../../../user_source/hdl_source/isp/isp_top.v
HDL-1007 : analyze included file ../../../user_source/hdl_source/isp/../video_params.vh in ../../../user_source/hdl_source/isp/isp_top.v(1)
HDL-1007 : back to file '../../../user_source/hdl_source/isp/isp_top.v' in ../../../user_source/hdl_source/isp/isp_top.v(1)
HDL-1007 : analyze verilog file ../../../user_source/hdl_source/isp/raw10_unpacket_2lane.v
HDL-1007 : analyze verilog file ../../../user_source/hdl_source/isp/uial2axis.v
HDL-1007 : analyze verilog file ../../../user_source/hdl_source/isp/demosaic_4x_2_0/bilinear_interpolation.v
HDL-1007 : analyze verilog file ../../../user_source/hdl_source/isp/demosaic_4x_2_0/demosaic.v
HDL-5007 WARNING: /* is inside a comment in ../../../user_source/hdl_source/isp/demosaic_4x_2_0/demosaic.v(89)
HDL-5007 WARNING: /* is inside a comment in ../../../user_source/hdl_source/isp/demosaic_4x_2_0/demosaic.v(100)
HDL-1007 : analyze verilog file ../../../user_source/hdl_source/isp/demosaic_4x_2_0/line_buffer_demosaic.v
HDL-1007 : analyze verilog file ../../../user_source/hdl_source/isp/demosaic_4x_2_0/mipi_to_raw_converter.v
HDL-1007 : analyze verilog file ../../../user_source/hdl_source/isp/demosaic_4x_2_0/raw_matrix_3x3_buffer.v
HDL-1007 : analyze verilog file ../../../user_source/hdl_source/isp/demosaic_4x_2_0/zhenghe.v
HDL-1007 : undeclared symbol 'rd_valid', assumed default net type 'wire' in ../../../user_source/hdl_source/isp/demosaic_4x_2_0/zhenghe.v(146)
HDL-1007 : analyze verilog file ../../../user_source/hdl_source/isp/data128_96/data128_96.v
HDL-1007 : analyze verilog file ../../../user_source/hdl_source/isp/data96_128/data96_128.v
HDL-1007 : analyze verilog file ../../../user_source/hdl_source/uics500_cfg/SC500GainTbl.v
HDL-1007 : analyze verilog file ../../../user_source/hdl_source/uics500_cfg/uicfgcs500.v
HDL-1007 : undeclared symbol 'iic_busy', assumed default net type 'wire' in ../../../user_source/hdl_source/uics500_cfg/uicfgcs500.v(141)
HDL-1007 : analyze verilog file ../../../user_source/hdl_source/uics500_cfg/uics500reg.v
HDL-1007 : analyze verilog file ../../../user_source/hdl_source/uics500_cfg/uics500regAE.v
HDL-1007 : analyze verilog file ../../../user_source/hdl_source/uics500_cfg/uii2c.v
HDL-1007 : analyze verilog file ../../../user_source/hdl_source/uiisp_beta/ae_set.v
HDL-1007 : analyze verilog file ../../../user_source/hdl_source/hdmi_tx.v
HDL-1007 : analyze included file ../../../user_source/hdl_source/video_params.vh in ../../../user_source/hdl_source/hdmi_tx.v(2)
HDL-1007 : back to file '../../../user_source/hdl_source/hdmi_tx.v' in ../../../user_source/hdl_source/hdmi_tx.v(2)
HDL-1007 : analyze verilog file ../../../user_source/hdl_source/hdmi_1_4b_transmitter_core_wrapper.enc.v
HDL-1007 : undeclared symbol '**', assumed default net type '**' in ../../../user_source/hdl_source/hdmi_1_4b_transmitter_core_wrapper.enc.v(2614)
HDL-1007 : undeclared symbol '**', assumed default net type '**' in ../../../user_source/hdl_source/hdmi_1_4b_transmitter_core_wrapper.enc.v(2716)
HDL-1007 : undeclared symbol '**', assumed default net type '**' in ../../../user_source/hdl_source/hdmi_1_4b_transmitter_core_wrapper.enc.v(2724)
HDL-1007 : undeclared symbol '**', assumed default net type '**' in ../../../user_source/hdl_source/hdmi_1_4b_transmitter_core_wrapper.enc.v(4936)
HDL-1007 : undeclared symbol '**', assumed default net type '**' in ../../../user_source/hdl_source/hdmi_1_4b_transmitter_core_wrapper.enc.v(5989)
HDL-1007 : back to file '../../../user_source/hdl_source/hdmi_1_4b_transmitter_core_wrapper.enc.v' in ../../../user_source/hdl_source/hdmi_1_4b_transmitter_core_wrapper.enc.v(77)
HDL-1007 : analyze verilog file ../../../user_source/hdl_source/hdmi_phy_warpper.v
HDL-1007 : analyze verilog file ../../../user_source/hdl_source/lane_lvds_10_1.v
HDL-1007 : analyze verilog file ../../../user_source/hdl_source/vtc/uivtc.v
HDL-1007 : analyze verilog file ../../../user_source/hdl_source/hdmi_mixer.v
HDL-1007 : analyze included file ../../../user_source/hdl_source/video_params.vh in ../../../user_source/hdl_source/hdmi_mixer.v(1)
HDL-1007 : back to file '../../../user_source/hdl_source/hdmi_mixer.v' in ../../../user_source/hdl_source/hdmi_mixer.v(1)
HDL-1007 : analyze verilog file ../../../user_source/hdl_source/I2S_receiver.v
HDL-1007 : analyze verilog file ../../../user_source/hdl_source/audio_arc_calculate.v
HDL-1007 : analyze verilog file ../../../user_source/hdl_source/key_remove_shakes.v
HDL-1007 : analyze verilog file ../../../user_source/hdl_source/mcu_ui_apb_regs.v
HDL-1007 : analyze verilog file ../../../user_source/hdl_source/ui_osd.v
HDL-1007 : analyze verilog file ../../../user_source/hdl_source/focus_metric.v
HDL-1007 : analyze verilog file ../../../user_source/hdl_source/lens_i2c_ctrl.v
PRJ-1401 : Successfully analyzed 89 source files.
RUN-1003 : finish command "open_project camera_to_dsi_display.prj" in  1.409535s wall, 1.218750s user + 0.140625s system = 1.359375s CPU (96.4%)

RUN-1004 : used memory is 349 MB, reserved memory is 331 MB, peak memory is 349 MB
RUN-1002 : start command "commit_param -step design"
RUN-1001 : Print Global Property
RUN-1001 : -------------------------------------------------------------
RUN-1001 :     Parameters    |   Settings   |  Default Values  |  Note  
RUN-1001 : -------------------------------------------------------------
RUN-1001 :    enable_seed    |     off      |       off        |        
RUN-1001 :    hfn_to_clock   |  1000000000  |    1000000000    |        
RUN-1001 :      message      |   standard   |     standard     |        
RUN-1001 :    qor_monitor    |      on      |        on        |        
RUN-1001 :   speedup_effort  |      0       |        0         |        
RUN-1001 :    syn_ip_flow    |     off      |       off        |        
RUN-1001 :       thread      |     auto     |       auto       |        
RUN-1001 : -------------------------------------------------------------
RUN-1001 : Print Design Property
RUN-1001 : ----------------------------------------------------------------
RUN-1001 :       Parameters       |  Settings  |  Default Values  |  Note  
RUN-1001 : ----------------------------------------------------------------
RUN-1001 :   default_reg_initial  |    auto    |       auto       |        
RUN-1001 :    hdl_warning_level   |   normal   |      normal      |        
RUN-1001 : ----------------------------------------------------------------
RUN-1002 : start command "elaborate -top design_top_wrapper"
HDL-1007 : port 'O_csi_hs' remains unconnected for this instance in ../../../user_source/hdl_source/design_top_wrapper.v(954)
HDL-1007 : port 'IO_ddc_sda' remains unconnected for this instance in ../../../user_source/hdl_source/design_top_wrapper.v(1247)
HDL-1007 : elaborate module design_top_wrapper in ../../../user_source/hdl_source/design_top_wrapper.v(5)
HDL-1007 : elaborate module key_remove_shakes in ../../../user_source/hdl_source/key_remove_shakes.v(12)
HDL-1007 : elaborate module PLL in ../../../user_source/ip_source/PLL/PLL.v(24)
HDL-1007 : elaborate module PH1P_LOGIC_BUFG in F:\AnlogicFpga\TD_6.2.1_Engineer_6.2.168.116\arch/ph1p_macro.v(8085)
HDL-1007 : elaborate module ph1p_phy_pll_wrapper_25a56e5ce2f9(FBKCLK_INT="CLKC0_EXT",FIN="50.000000000",FBCLK_DIV=2,CLKC0_ENABLE="ENABLE",CLKC0_DIV=15,CLKC0_CPHASE=14,CLKC0_DUTY_INT=8,CLKC1_ENABLE="ENABLE",CLKC1_DIV=63,CLKC1_CPHASE=62,CLKC1_DUTY_INT=32,CLKC2_ENABLE="ENABLE",CLKC2_DIV=30,CLKC2_CPHASE=29,CLKC2_DUTY_INT=15,CLKC3_ENABLE="ENABLE",CLKC3_DIV=5,CLKC3_CPHASE=4,CLKC3_DUTY_INT=3,CLKC4_ENABLE="ENABLE",CLKC4_DIV=20,CLKC4_CPHASE=19,CLKC4_DUTY_INT=10,CLKC5_ENABLE="ENABLE",CLKC5_DIV=4,CLKC5_CPHASE=3,CLKC5_DUTY_INT=2,PLL_FEED_TYPE="EXTERNAL",PLL_FASTLOOP="ENABLE",LPF_RES=0,LPF_CAP=13,ICP_CUR=29) in ../../../user_source/ip_source/PLL/RTL/ph1p_phy_pll_wrapper_25a56e5ce2f9.v(2)
HDL-1007 : elaborate module PH1P_PHY_PLL_V2(FBKCLK_INT="CLKC0_EXT",FIN="50.000000000",FBCLK_DIV=2,CLKC0_CPHASE=14,CLKC1_CPHASE=62,CLKC2_CPHASE=29,CLKC3_CPHASE=4,CLKC4_CPHASE=19,CLKC5_CPHASE=3,CLKC0_DIV=15,CLKC1_DIV=63,CLKC2_DIV=30,CLKC3_DIV=5,CLKC4_DIV=20,CLKC5_DIV=4,CLKC0_DUTY_INT=8,CLKC1_DUTY_INT=32,CLKC2_DUTY_INT=15,CLKC3_DUTY_INT=3,CLKC4_DUTY_INT=10,CLKC5_DUTY_INT=2,CLKC0_ENABLE="ENABLE",CLKC1_ENABLE="ENABLE",CLKC2_ENABLE="ENABLE",CLKC3_ENABLE="ENABLE",CLKC4_ENABLE="ENABLE",CLKC5_ENABLE="ENABLE",PLL_FEED_TYPE="EXTERNAL",PLL_FASTLOOP="ENABLE",LPF_RES=0,LPF_CAP=13,ICP_CUR=29) in F:\AnlogicFpga\TD_6.2.1_Engineer_6.2.168.116\arch/ph1p_macro.v(1091)
HDL-1007 : elaborate module RISCV_F6F1D1P0_0 in ../../al_ip/RISCV_F6F1D1P0_0/RISCV_F6F1D1P0_0.v(10)
HDL-1007 : port 'dpll_freq_lock' remains unconnected for this instance in ../../al_ip/RISCV_F6F1D1P0_0/RTL/MCU_521bd43d073e.v(117)
HDL-1007 : port 'dpll_lock' remains unconnected for this instance in ../../al_ip/RISCV_F6F1D1P0_0/RTL/MCU_521bd43d073e.v(117)
HDL-1007 : port 'jtag_tdo_oe' remains unconnected for this instance in ../../al_ip/RISCV_F6F1D1P0_0/RTL/MCU_521bd43d073e.v(117)
HDL-1007 : port 'uart0_tx' remains unconnected for this instance in ../../al_ip/RISCV_F6F1D1P0_0/RTL/MCU_521bd43d073e.v(117)
HDL-1007 : port 'wrapper_scan_out_1' remains unconnected for this instance in ../../al_ip/RISCV_F6F1D1P0_0/RTL/MCU_521bd43d073e.v(117)
HDL-1007 : port 'wrapper_scan_out_2' remains unconnected for this instance in ../../al_ip/RISCV_F6F1D1P0_0/RTL/MCU_521bd43d073e.v(117)
HDL-1007 : port 'chain_scan_out' remains unconnected for this instance in ../../al_ip/RISCV_F6F1D1P0_0/RTL/MCU_521bd43d073e.v(117)
HDL-1007 : port 'dft_jtag_tdo' remains unconnected for this instance in ../../al_ip/RISCV_F6F1D1P0_0/RTL/MCU_521bd43d073e.v(117)
HDL-1007 : port 'dft_jtag_tdo_oe' remains unconnected for this instance in ../../al_ip/RISCV_F6F1D1P0_0/RTL/MCU_521bd43d073e.v(117)
HDL-1007 : elaborate module MCU_521bd43d073e(MCU_JTAG_SEL="0",MCU_RESET_VECTOR=32'b0100000111000000000000000000000,AHB_FREQ="150.0",QSPI_FREQ="50.0",MCU_DPLL_POST_DIV=4) in ../../al_ip/RISCV_F6F1D1P0_0/RTL/MCU_521bd43d073e.v(4)
HDL-1007 : elaborate module PH1P_PHY_MCU(MCU_JTAG_SEL="0",MCU_RESET_VECTOR=32'b0100000111000000000000000000000,MCU_DPLL_POST_DIV=4,MCU_DPLL_FEED_TYPE="EXTERNAL",AHB_FREQ="150.0",QSPI1_FREQ="50.0") in F:\AnlogicFpga\TD_6.2.1_Engineer_6.2.168.116\arch/ph1p_macro.v(7744)
HDL-1007 : elaborate module PH1P_LOGIC_QSPI2MCU in F:\AnlogicFpga\TD_6.2.1_Engineer_6.2.168.116\arch/ph1p_macro.v(8261)
HDL-5317 WARNING: input port 'dft_jtag_tck' is not connected on this instance in ../../al_ip/RISCV_F6F1D1P0_0/RTL/MCU_521bd43d073e.v(126)
HDL-1007 : elaborate module lens_i2c_ctrl in ../../../user_source/hdl_source/lens_i2c_ctrl.v(3)
HDL-1007 : elaborate module lens_i2c_master in ../../../user_source/hdl_source/lens_i2c_ctrl.v(86)
HDL-1007 : elaborate module mcu_ui_apb_regs in ../../../user_source/hdl_source/mcu_ui_apb_regs.v(4)
HDL-1007 : elaborate module ae_set in ../../../user_source/hdl_source/uiisp_beta/ae_set.v(33)
HDL-1007 : port 'O_iic_bus_error' remains unconnected for this instance in ../../../user_source/hdl_source/uics500_cfg/uicfgcs500.v(123)
HDL-1007 : port 'IO_iic_sda_dg' remains unconnected for this instance in ../../../user_source/hdl_source/uics500_cfg/uicfgcs500.v(123)
HDL-1007 : port 'O_wr_ack_mask' remains unconnected for this instance in ../../../user_source/hdl_source/uics500_cfg/uicfgcs500.v(123)
HDL-1007 : port 'O_first_nack_byte' remains unconnected for this instance in ../../../user_source/hdl_source/uics500_cfg/uicfgcs500.v(123)
HDL-1007 : elaborate module uicfgcs500(CLK_DIV=239) in ../../../user_source/hdl_source/uics500_cfg/uicfgcs500.v(37)
HDL-1007 : elaborate module uii2c(WMEN_LEN=4,RMEN_LEN=1,CLK_DIV=239) in ../../../user_source/hdl_source/uics500_cfg/uii2c.v(41)
HDL-1007 : elaborate module uics500reg in ../../../user_source/hdl_source/uics500_cfg/uics500reg.v(35)
HDL-5007 WARNING: actual bit length 24 differs from formal bit length 32 for port 'REG_DATA' in ../../../user_source/hdl_source/uics500_cfg/uicfgcs500.v(150)
HDL-1007 : elaborate module SC500GainTbl in ../../../user_source/hdl_source/uics500_cfg/SC500GainTbl.v(6)
HDL-5007 WARNING: actual bit length 32 differs from formal bit length 7 for port 'I' in ../../../user_source/hdl_source/uics500_cfg/uicfgcs500.v(154)
HDL-1007 : elaborate module uics500regAE in ../../../user_source/hdl_source/uics500_cfg/uics500regAE.v(33)
HDL-5007 WARNING: actual bit length 24 differs from formal bit length 32 for port 'REG_DATA' in ../../../user_source/hdl_source/uics500_cfg/uicfgcs500.v(160)
HDL-1007 : elaborate module mipi_dphy_rx_ph1p_mipiio_wrapper(HS_VGA_GAIN="8dB",LANE_NUM=2) in ../../../user_source/hdl_source/mipi_dphy_rx/mipi_dphy_rx_ph1p_mipiio_wrapper.sv(4)
HDL-1007 : elaborate module channel_aligner_wrapper(CH_NUM=2) in ../../../user_source/hdl_source/mipi_dphy_rx/channel_aligner_wrapper.enc.sv(3)
HDL-1007 : elaborate module channel_aligner in ../../../user_source/hdl_source/mipi_dphy_rx/channel_aligner.enc.v(3)
HDL-1007 : elaborate module byte_aligner_wrapper(LANE_NUM=2) in ../../../user_source/hdl_source/mipi_dphy_rx/byte_aligner_wrapper.enc.sv(4)
HDL-1007 : elaborate module byte_aligner in ../../../user_source/hdl_source/mipi_dphy_rx/byte_aligner.enc.v(3)
HDL-1007 : elaborate module ph1p_mipiio_rx_wrapper(HS_VGA_GAIN="8dB",LANE_NUM=2) in ../../../user_source/hdl_source/mipi_dphy_rx/ph1p_mipiio_rx_wrapper.v(4)
HDL-1007 : elaborate module hs_detect in ../../../user_source/hdl_source/mipi_dphy_rx/hs_detect.enc.v(3)
HDL-1007 : elaborate module PH1P_LOGIC_DPHY_MIPI_RX(CK_HS_VGA_GAIN="8dB",L0_HS_SLAVE_DESER_CLK_OFFSET="0ps",L0_HS_VGA_GAIN="8dB",L1_HS_SLAVE_DESER_CLK_OFFSET="0ps",L1_HS_VGA_GAIN="8dB",L2_HS_SLAVE_DESER_CLK_OFFSET="0ps",L2_HS_VGA_GAIN="8dB",L3_HS_SLAVE_DESER_CLK_OFFSET="0ps",L3_HS_VGA_GAIN="8dB") in F:\AnlogicFpga\TD_6.2.1_Engineer_6.2.168.116\arch/ph1p_macro.v(2017)
HDL-5007 WARNING: actual bit length 4 differs from formal bit length 2 for port 'I_lane_invert' in ../../../user_source/hdl_source/design_top_wrapper.v(922)
HDL-1007 : elaborate module csi_unpacket_2lane in ../../../user_source/hdl_source/isp/csi_unpacket_2lane.v(36)
HDL-1007 : elaborate module raw10_unpacket_2lane in ../../../user_source/hdl_source/isp/raw10_unpacket_2lane.v(33)
HDL-1007 : elaborate module uial2axis(IMG_WIDTH=2592,IMG_HEIGHT=1944,INPUT_DATA_WIDTH=40) in ../../../user_source/hdl_source/isp/uial2axis.v(10)
HDL-1007 : elaborate module isp_top in ../../../user_source/hdl_source/isp/isp_top.v(3)
HDL-1007 : elaborate module demosaic(IMG_HEIGHT=1944,IMG_WIDTH=2592) in ../../../user_source/hdl_source/isp/demosaic_4x_2_0/demosaic.v(20)
HDL-1007 : elaborate module raw_matrix_3x3_buffer(IMG_HEIGHT=1944,IMG_WIDTH=2592) in ../../../user_source/hdl_source/isp/demosaic_4x_2_0/raw_matrix_3x3_buffer.v(21)
HDL-1007 : elaborate module mipi_to_raw_converter in ../../../user_source/hdl_source/isp/demosaic_4x_2_0/mipi_to_raw_converter.v(20)
HDL-5007 WARNING: actual bit length 32 differs from formal bit length 1 for port 'O_raw_tready' in ../../../user_source/hdl_source/isp/demosaic_4x_2_0/raw_matrix_3x3_buffer.v(149)
HDL-1007 : port 'doa' remains unconnected for this instance in ../../../user_source/hdl_source/isp/demosaic_4x_2_0/zhenghe.v(167)
HDL-1007 : elaborate module zhenghe(IMG_WIDTH=2592,IMG_HEIGHT=1944,DATA_WIDTH=32) in ../../../user_source/hdl_source/isp/demosaic_4x_2_0/zhenghe.v(21)
HDL-1007 : elaborate module blk_mem_gen_zhenghe in ../../../user_source/hdl_source/isp/demosaic_4x_2_0/blk_mem_gen_zhenghe/blk_mem_gen_zhenghe.v(10)
HDL-1007 : elaborate module ram_d32970204f32(DATA_WIDTH_A=32,ADDR_WIDTH_A=11,DATA_DEPTH_A=2048,DATA_WIDTH_B=32,ADDR_WIDTH_B=11,DATA_DEPTH_B=2048,REGMODE_B="NOREG",WRITEMODE_B="READBEFOREWRITE") in ../../../user_source/hdl_source/isp/demosaic_4x_2_0/blk_mem_gen_zhenghe/RTL/ram_d32970204f32.v(4)
HDL-1007 : elaborate module PH1P_LOGIC_ERAM(DATA_WIDTH_A=32,DATA_WIDTH_B=32,ADDR_WIDTH_A=11,ADDR_WIDTH_B=11,DATA_DEPTH_A=2048,DATA_DEPTH_B=2048,WRITEMODE_B="READBEFOREWRITE",OREGSET_A="RESET",OREGSET_B="RESET",SSROVERCE="DISABLE",ASYNC_RESET_RELEASE_A="ASYNC",ASYNC_RESET_RELEASE_B="ASYNC",IMPLEMENT="20K(FAST)") in F:\AnlogicFpga\TD_6.2.1_Engineer_6.2.168.116\arch/ph1p_macro.v(22)
HDL-5323 WARNING: input port 'dib[31]' remains unconnected for this instance in ../../../user_source/hdl_source/isp/demosaic_4x_2_0/zhenghe.v(167)
HDL-1007 : port 'doa' remains unconnected for this instance in ../../../user_source/hdl_source/isp/demosaic_4x_2_0/line_buffer_demosaic.v(98)
HDL-1007 : elaborate module line_buffer_demosaic(IMG_HEIGHT=1944,IMG_WIDTH=2592) in ../../../user_source/hdl_source/isp/demosaic_4x_2_0/line_buffer_demosaic.v(20)
HDL-1007 : elaborate module blk_mem_gen_demosaic in ../../../user_source/hdl_source/isp/demosaic_4x_2_0/blk_mem_gen_demosaic/blk_mem_gen_demosaic.v(10)
HDL-1007 : elaborate module ram_c36c2ca3b3a7(DATA_WIDTH_A=33,ADDR_WIDTH_A=11,DATA_DEPTH_A=2048,DATA_WIDTH_B=33,ADDR_WIDTH_B=11,DATA_DEPTH_B=2048,REGMODE_B="NOREG",WRITEMODE_B="READBEFOREWRITE") in ../../../user_source/hdl_source/isp/demosaic_4x_2_0/blk_mem_gen_demosaic/RTL/ram_c36c2ca3b3a7.v(4)
HDL-1007 : elaborate module PH1P_LOGIC_ERAM(DATA_WIDTH_A=33,DATA_WIDTH_B=33,ADDR_WIDTH_A=11,ADDR_WIDTH_B=11,DATA_DEPTH_A=2048,DATA_DEPTH_B=2048,WRITEMODE_B="READBEFOREWRITE",OREGSET_A="RESET",OREGSET_B="RESET",SSROVERCE="DISABLE",ASYNC_RESET_RELEASE_A="ASYNC",ASYNC_RESET_RELEASE_B="ASYNC",IMPLEMENT="20K(FAST)") in F:\AnlogicFpga\TD_6.2.1_Engineer_6.2.168.116\arch/ph1p_macro.v(22)
HDL-5323 WARNING: input port 'dib[32]' remains unconnected for this instance in ../../../user_source/hdl_source/isp/demosaic_4x_2_0/line_buffer_demosaic.v(98)
HDL-1007 : elaborate module bilinear_interpolation in ../../../user_source/hdl_source/isp/demosaic_4x_2_0/bilinear_interpolation.v(22)
HDL-1007 : elaborate module data128_96 in ../../../user_source/hdl_source/isp/data128_96/data128_96.v(10)
HDL-1007 : port 'remainder' remains unconnected for this instance in ../../../user_source/hdl_source/awb.v(165)
HDL-1007 : port 'remainder' remains unconnected for this instance in ../../../user_source/hdl_source/awb.v(175)
HDL-1007 : elaborate module awb(IMG_HEIGHT=1944,IMG_WIDTH=2592) in ../../../user_source/hdl_source/awb.v(20)
HDL-1007 : elaborate module divider in ../../../user_source/ip_source/divider/divider_gate.v(5)
HDL-1007 : elaborate module AL_DFF_X in F:\AnlogicFpga\TD_6.2.1_Engineer_6.2.168.116\arch/al_lmacro.v(277)
HDL-1007 : elaborate module AL_MAP_LUT5(INIT=32'b10000000100000000000000010000000,EQN="(C*B*A*~(~E*D))") in F:\AnlogicFpga\TD_6.2.1_Engineer_6.2.168.116\arch/al_lmacro.v(13)
HDL-1007 : elaborate module AL_MAP_LUT6(INIT=64'b01,EQN="(~F*~E*~D*~C*~B*~A)") in F:\AnlogicFpga\TD_6.2.1_Engineer_6.2.168.116\arch/al_lmacro.v(2)
HDL-1007 : elaborate module AL_MAP_LUT6(INIT=64'b01000,EQN="(~F*~E*~D*~C*B*A)") in F:\AnlogicFpga\TD_6.2.1_Engineer_6.2.168.116\arch/al_lmacro.v(2)
HDL-1007 : elaborate module AL_MAP_LUT5(INIT=32'b01111111111111110000000000000000,EQN="(E*~(D*C*B*A))") in F:\AnlogicFpga\TD_6.2.1_Engineer_6.2.168.116\arch/al_lmacro.v(13)
HDL-1007 : elaborate module AL_MAP_LUT2(INIT=4'b010,EQN="(~B*A)") in F:\AnlogicFpga\TD_6.2.1_Engineer_6.2.168.116\arch/al_lmacro.v(48)
HDL-1007 : elaborate module AL_MAP_LUT3(INIT=8'b010,EQN="(~C*~B*A)") in F:\AnlogicFpga\TD_6.2.1_Engineer_6.2.168.116\arch/al_lmacro.v(36)
HDL-1007 : elaborate module AL_MAP_ADDER(ALUTYPE="SUB_CARRY") in F:\AnlogicFpga\TD_6.2.1_Engineer_6.2.168.116\arch/al_lmacro.v(72)
HDL-1007 : elaborate module AL_MAP_ADDER(ALUTYPE="SUB") in F:\AnlogicFpga\TD_6.2.1_Engineer_6.2.168.116\arch/al_lmacro.v(72)
HDL-1007 : elaborate module AL_MAP_LUT3(INIT=8'b11011000,EQN="(C*~(B)*~(A)+C*B*~(A)+~(C)*B*A+C*B*A)") in F:\AnlogicFpga\TD_6.2.1_Engineer_6.2.168.116\arch/al_lmacro.v(36)
HDL-1007 : elaborate module AL_MAP_LUT4(INIT=16'b01,EQN="(~D*~C*~B*~A)") in F:\AnlogicFpga\TD_6.2.1_Engineer_6.2.168.116\arch/al_lmacro.v(24)
HDL-1007 : elaborate module AL_MAP_LUT4(INIT=16'b1000000000000000,EQN="(D*C*B*A)") in F:\AnlogicFpga\TD_6.2.1_Engineer_6.2.168.116\arch/al_lmacro.v(24)
HDL-1007 : elaborate module AL_MAP_LUT6(INIT=64'b010000000,EQN="(~F*~E*~D*C*B*A)") in F:\AnlogicFpga\TD_6.2.1_Engineer_6.2.168.116\arch/al_lmacro.v(2)
HDL-1007 : elaborate module AL_MAP_LUT5(INIT=32'b010000000,EQN="(~E*~D*C*B*A)") in F:\AnlogicFpga\TD_6.2.1_Engineer_6.2.168.116\arch/al_lmacro.v(13)
HDL-1007 : elaborate module AL_MAP_LUT4(INIT=16'b010000000,EQN="(~D*C*B*A)") in F:\AnlogicFpga\TD_6.2.1_Engineer_6.2.168.116\arch/al_lmacro.v(24)
HDL-1007 : elaborate module AL_MAP_LUT3(INIT=8'b10000000,EQN="(C*B*A)") in F:\AnlogicFpga\TD_6.2.1_Engineer_6.2.168.116\arch/al_lmacro.v(36)
HDL-1007 : elaborate module AL_MAP_LUT5(INIT=32'b01,EQN="(~E*~D*~C*~B*~A)") in F:\AnlogicFpga\TD_6.2.1_Engineer_6.2.168.116\arch/al_lmacro.v(13)
HDL-1007 : elaborate module AL_MAP_LUT5(INIT=32'b01000,EQN="(~E*~D*~C*B*A)") in F:\AnlogicFpga\TD_6.2.1_Engineer_6.2.168.116\arch/al_lmacro.v(13)
HDL-1007 : elaborate module AL_MAP_LUT4(INIT=16'b01000,EQN="(~D*~C*B*A)") in F:\AnlogicFpga\TD_6.2.1_Engineer_6.2.168.116\arch/al_lmacro.v(24)
HDL-1007 : elaborate module AL_MAP_LUT3(INIT=8'b01000,EQN="(~C*B*A)") in F:\AnlogicFpga\TD_6.2.1_Engineer_6.2.168.116\arch/al_lmacro.v(36)
HDL-1007 : elaborate module AL_MAP_LUT6(INIT=64'b1000100010001000000010001000100000000000100010000000000000001000,EQN="(B*A*(~(D)*~((~E*C))*~(F)+~(D)*~((~E*C))*F+D*~((~E*C))*F+~(D)*(~E*C)*F))") in F:\AnlogicFpga\TD_6.2.1_Engineer_6.2.168.116\arch/al_lmacro.v(2)
HDL-1007 : elaborate module AL_MAP_LUT6(INIT=64'b0111111101111111000000001000000011111111011111110000000000000000,EQN="(~((C*B*A))*~(D)*E*~(F)+~((C*B*A))*D*E*~(F)+(C*B*A)*D*E*~(F)+(C*B*A)*~(D)*~(E)*F+~((C*B*A))*~(D)*E*F+~((C*B*A))*D*E*F)") in F:\AnlogicFpga\TD_6.2.1_Engineer_6.2.168.116\arch/al_lmacro.v(2)
HDL-1007 : elaborate module AL_MAP_LUT6(INIT=64'b0111011111111111111101110111111100000000000000000000000000000000,EQN="(F*~(B*A*(D@(~E*C))))") in F:\AnlogicFpga\TD_6.2.1_Engineer_6.2.168.116\arch/al_lmacro.v(2)
HDL-1007 : elaborate module AL_MAP_LUT2(INIT=4'b1000,EQN="(B*A)") in F:\AnlogicFpga\TD_6.2.1_Engineer_6.2.168.116\arch/al_lmacro.v(48)
HDL-1007 : elaborate module AL_MAP_LUT6(INIT=64'b010,EQN="(~F*~E*~D*~C*~B*A)") in F:\AnlogicFpga\TD_6.2.1_Engineer_6.2.168.116\arch/al_lmacro.v(2)
HDL-1007 : elaborate module AL_MAP_LUT5(INIT=32'b010,EQN="(~E*~D*~C*~B*A)") in F:\AnlogicFpga\TD_6.2.1_Engineer_6.2.168.116\arch/al_lmacro.v(13)
HDL-1007 : elaborate module AL_MAP_LUT4(INIT=16'b010,EQN="(~D*~C*~B*A)") in F:\AnlogicFpga\TD_6.2.1_Engineer_6.2.168.116\arch/al_lmacro.v(24)
HDL-1007 : elaborate module AL_MAP_LUT3(INIT=8'b01,EQN="(~C*~B*~A)") in F:\AnlogicFpga\TD_6.2.1_Engineer_6.2.168.116\arch/al_lmacro.v(36)
HDL-1007 : elaborate module AL_MAP_LUT2(INIT=4'b0100,EQN="(B*~A)") in F:\AnlogicFpga\TD_6.2.1_Engineer_6.2.168.116\arch/al_lmacro.v(48)
HDL-1007 : elaborate module AL_MAP_LUT2(INIT=4'b01,EQN="(~B*~A)") in F:\AnlogicFpga\TD_6.2.1_Engineer_6.2.168.116\arch/al_lmacro.v(48)
HDL-1007 : elaborate module AL_MAP_LUT6(INIT=64'b1000000000000000000000000000000000000000000000000000000000000000,EQN="(F*E*D*C*B*A)") in F:\AnlogicFpga\TD_6.2.1_Engineer_6.2.168.116\arch/al_lmacro.v(2)
HDL-1007 : elaborate module AL_MAP_LUT4(INIT=16'b1011111101000000,EQN="(D@(C*B*~A))") in F:\AnlogicFpga\TD_6.2.1_Engineer_6.2.168.116\arch/al_lmacro.v(24)
HDL-1007 : elaborate module AL_MAP_LUT5(INIT=32'b10000000111000001111100011111110,EQN="(A*~(B)*~(C)*~(D)*~(E)+~(A)*B*~(C)*~(D)*~(E)+A*B*~(C)*~(D)*~(E)+~(A)*~(B)*C*~(D)*~(E)+A*~(B)*C*~(D)*~(E)+~(A)*B*C*~(D)*~(E)+A*B*C*~(D)*~(E)+A*B*~(C)*D*~(E)+~(A)*~(B)*C*D*~(E)+A*~(B)*C*D*~(E)+~(A)*B*C*D*~(E)+A*B*C*D*~(E)+A*~(B)*C*~(D)*E+~(A)*B*C*~(D)*E+A*B*C*~(D)*E+A*B*C*D*E)") in F:\AnlogicFpga\TD_6.2.1_Engineer_6.2.168.116\arch/al_lmacro.v(13)
HDL-1007 : elaborate module AL_MAP_LUT5(INIT=32'b01000000000000001000000000000000,EQN="(D*C*B*(E@A))") in F:\AnlogicFpga\TD_6.2.1_Engineer_6.2.168.116\arch/al_lmacro.v(13)
HDL-1007 : elaborate module AL_MAP_LUT6(INIT=64'b1011111111111111111111111111111101000000000000000000000000000000,EQN="(F@(E*D*C*B*~A))") in F:\AnlogicFpga\TD_6.2.1_Engineer_6.2.168.116\arch/al_lmacro.v(2)
HDL-1007 : elaborate module AL_MAP_LUT6(INIT=64'b1101010101111111111111010101011100000000000000000000000000000000,EQN="(F*~(A*~(D@(~(B)*~(C)*~(E)+~(B)*~(C)*E+B*~(C)*E+~(B)*C*E))))") in F:\AnlogicFpga\TD_6.2.1_Engineer_6.2.168.116\arch/al_lmacro.v(2)
HDL-1007 : elaborate module AL_MAP_LUT3(INIT=8'b10111000,EQN="(C*~(A)*~(B)+C*A*~(B)+~(C)*A*B+C*A*B)") in F:\AnlogicFpga\TD_6.2.1_Engineer_6.2.168.116\arch/al_lmacro.v(36)
HDL-1007 : elaborate module AL_MAP_LUT3(INIT=8'b01000000,EQN="(C*B*~A)") in F:\AnlogicFpga\TD_6.2.1_Engineer_6.2.168.116\arch/al_lmacro.v(36)
HDL-1007 : elaborate module AL_MAP_LUT6(INIT=64'b1111111101111111001111110001111100001111000001110000001100000001,EQN="(~(B)*~(C)*~((~D*A))*~(E)*~(F)+~(B)*~(C)*~((~D*A))*E*~(F)+B*~(C)*~((~D*A))*E*~(F)+~(B)*~(C)*(~D*A)*E*~(F)+~(B)*~(C)*~((~D*A))*~(E)*F+B*~(C)*~((~D*A))*~(E)*F+~(B)*C*~((~D*A))*~(E)*F+~(B)*~(C)*(~D*A)*~(E)*F+B*~(C)*(~D*A)*~(E)*F+~(B)*~(C)*~((~D*A))*E*F+B*~(C)*~((~D*A))*E*F+~(B)*C*~((~D*A))*E*F+B*C*~((~D*A))*E*F+~(B)*~(C)*(~D*A)*E*F+B*~(C)*(~D*A)*E*F+~(B)*C*(~D*A)*E*F)") in F:\AnlogicFpga\TD_6.2.1_Engineer_6.2.168.116\arch/al_lmacro.v(2)
HDL-1007 : elaborate module AL_MAP_LUT5(INIT=32'b10111111111111110100000000000000,EQN="(E@(D*C*B*~A))") in F:\AnlogicFpga\TD_6.2.1_Engineer_6.2.168.116\arch/al_lmacro.v(13)
HDL-1007 : elaborate module AL_MAP_LUT3(INIT=8'b01001101,EQN="(~(A)*~(B)*~(C)+~(A)*B*~(C)+A*B*~(C)+~(A)*B*C)") in F:\AnlogicFpga\TD_6.2.1_Engineer_6.2.168.116\arch/al_lmacro.v(36)
HDL-1007 : elaborate module AL_MAP_LUT5(INIT=32'b10001000000000000000100010000000,EQN="(B*A*(D@(~E*C)))") in F:\AnlogicFpga\TD_6.2.1_Engineer_6.2.168.116\arch/al_lmacro.v(13)
HDL-1007 : elaborate module AL_MAP_LUT5(INIT=32'b11110000011110000011110000011110,EQN="(C@(B*~((~D*A))*~(E)+~(B)*(~D*A)*~(E)+B*(~D*A)*~(E)+B*(~D*A)*E))") in F:\AnlogicFpga\TD_6.2.1_Engineer_6.2.168.116\arch/al_lmacro.v(13)
HDL-1007 : elaborate module AL_MAP_LUT5(INIT=32'b01111111111101110000000000000000,EQN="(E*~(B*A*~(D@C)))") in F:\AnlogicFpga\TD_6.2.1_Engineer_6.2.168.116\arch/al_lmacro.v(13)
HDL-1007 : elaborate module AL_MAP_LUT5(INIT=32'b01000000110100001111010011111101,EQN="(~(A)*~(B)*~(C)*~(D)*~(E)+~(A)*B*~(C)*~(D)*~(E)+A*B*~(C)*~(D)*~(E)+~(A)*~(B)*C*~(D)*~(E)+A*~(B)*C*~(D)*~(E)+~(A)*B*C*~(D)*~(E)+A*B*C*~(D)*~(E)+~(A)*B*~(C)*D*~(E)+~(A)*~(B)*C*D*~(E)+A*~(B)*C*D*~(E)+~(A)*B*C*D*~(E)+A*B*C*D*~(E)+~(A)*~(B)*C*~(D)*E+~(A)*B*C*~(D)*E+A*B*C*~(D)*E+~(A)*B*C*D*E)") in F:\AnlogicFpga\TD_6.2.1_Engineer_6.2.168.116\arch/al_lmacro.v(13)
HDL-1007 : elaborate module AL_MAP_LUT5(INIT=32'b10000000000000000000000000000000,EQN="(E*D*C*B*A)") in F:\AnlogicFpga\TD_6.2.1_Engineer_6.2.168.116\arch/al_lmacro.v(13)
HDL-1007 : elaborate module AL_MAP_LUT5(INIT=32'b10111111111110110100000000000100,EQN="(E@(B*~A*~(D@C)))") in F:\AnlogicFpga\TD_6.2.1_Engineer_6.2.168.116\arch/al_lmacro.v(13)
HDL-1007 : elaborate module AL_MAP_LUT6(INIT=64'b0111010111011111111101110101110100000000000000000000000000000000,EQN="(F*~(A*~(D@(B*~(C)*~(E)+~(B)*~(C)*E+B*~(C)*E+B*C*E))))") in F:\AnlogicFpga\TD_6.2.1_Engineer_6.2.168.116\arch/al_lmacro.v(2)
HDL-1007 : elaborate module AL_MAP_LUT6(INIT=64'b01000000000000000,EQN="(~F*~E*D*C*B*A)") in F:\AnlogicFpga\TD_6.2.1_Engineer_6.2.168.116\arch/al_lmacro.v(2)
HDL-1007 : elaborate module AL_MAP_LUT5(INIT=32'b01000000000000000,EQN="(~E*D*C*B*A)") in F:\AnlogicFpga\TD_6.2.1_Engineer_6.2.168.116\arch/al_lmacro.v(13)
HDL-5317 WARNING: input port 'b' is not connected on this instance in ../../../user_source/ip_source/divider/divider_gate.v(2727)
HDL-5317 WARNING: input port 'a' is not connected on this instance in ../../../user_source/ip_source/divider/divider_gate.v(2809)
HDL-5317 WARNING: input port 'b' is not connected on this instance in ../../../user_source/ip_source/divider/divider_gate.v(3781)
HDL-5317 WARNING: input port 'a' is not connected on this instance in ../../../user_source/ip_source/divider/divider_gate.v(3870)
HDL-5317 WARNING: input port 'b' is not connected on this instance in ../../../user_source/ip_source/divider/divider_gate.v(4852)
HDL-5317 WARNING: input port 'a' is not connected on this instance in ../../../user_source/ip_source/divider/divider_gate.v(4948)
HDL-5317 WARNING: input port 'b' is not connected on this instance in ../../../user_source/ip_source/divider/divider_gate.v(5946)
HDL-5317 WARNING: input port 'a' is not connected on this instance in ../../../user_source/ip_source/divider/divider_gate.v(6049)
HDL-5317 WARNING: input port 'b' is not connected on this instance in ../../../user_source/ip_source/divider/divider_gate.v(7063)
HDL-5317 WARNING: input port 'a' is not connected on this instance in ../../../user_source/ip_source/divider/divider_gate.v(7173)
HDL-5317 Similar messages will be suppressed.
HDL-1007 : port 'doa' remains unconnected for this instance in ../../../user_source/hdl_source/signal_delay.v(120)
HDL-1007 : elaborate module signal_delay(IMG_HEIGHT=1944,IMG_WIDTH=2592) in ../../../user_source/hdl_source/signal_delay.v(18)
HDL-1007 : elaborate module blk_mem_gen_awb_delay_signal in ../../../user_source/ip_source/blk_mem_gen_awb_delay_signal/blk_mem_gen_awb_delay_signal.v(10)
HDL-1007 : elaborate module ram_f84573da5ab5(DATA_WIDTH_A=96,ADDR_WIDTH_A=11,DATA_DEPTH_A=2048,DATA_WIDTH_B=96,ADDR_WIDTH_B=11,DATA_DEPTH_B=2048,REGMODE_B="NOREG",WRITEMODE_B="READBEFOREWRITE") in ../../../user_source/ip_source/blk_mem_gen_awb_delay_signal/ram_f84573da5ab5.v(3)
HDL-1007 : elaborate module PH1P_LOGIC_ERAM(DATA_WIDTH_A=96,DATA_WIDTH_B=96,ADDR_WIDTH_A=11,ADDR_WIDTH_B=11,DATA_DEPTH_A=2048,DATA_DEPTH_B=2048,WRITEMODE_B="READBEFOREWRITE",OREGSET_A="RESET",OREGSET_B="RESET",SSROVERCE="DISABLE",ASYNC_RESET_RELEASE_A="ASYNC",ASYNC_RESET_RELEASE_B="ASYNC",IMPLEMENT="20K(FAST)") in F:\AnlogicFpga\TD_6.2.1_Engineer_6.2.168.116\arch/ph1p_macro.v(22)
HDL-5323 WARNING: input port 'dib[95]' remains unconnected for this instance in ../../../user_source/hdl_source/signal_delay.v(120)
HDL-1007 : elaborate module rgb96_downscale_crop(SRC_CROP_X=8) in ../../../user_source/hdl_source/isp/isp_top.v(150)
HDL-5007 WARNING: case condition never applies in ../../../user_source/hdl_source/isp/isp_top.v(292)
HDL-5007 WARNING: case condition never applies in ../../../user_source/hdl_source/isp/isp_top.v(349)
HDL-5007 WARNING: case condition never applies in ../../../user_source/hdl_source/isp/isp_top.v(350)
HDL-1007 : elaborate module data_96bit_to_128bit in ../../../user_source/hdl_source/isp/data96_128/data96_128.v(3)
HDL-1007 : elaborate module video_in in ../../../user_source/hdl_source/video_in.v(5)
HDL-1007 : elaborate module w128_d512_fifo in ../../../user_source/ip_source/w128_d512_fifo/w128_d512_fifo.v(2)
HDL-1007 : port 'doa' remains unconnected for this instance in ../../../user_source/ip_source/w128_d512_fifo/soft_fifo_al_4057d6b76aa6.v(216)
HDL-1007 : port 'dib' remains unconnected for this instance in ../../../user_source/ip_source/w128_d512_fifo/soft_fifo_al_4057d6b76aa6.v(216)
HDL-1007 : elaborate module soft_fifo_al_4057d6b76aa6(DATA_WIDTH_W=128,DATA_WIDTH_R=128,ADDR_WIDTH_W=9,ADDR_WIDTH_R=9,AL_FULL_NUM=253,AL_EMPTY_NUM=2,SHOW_AHEAD_EN=0) in ../../../user_source/ip_source/w128_d512_fifo/soft_fifo_al_4057d6b76aa6.v(3)
HDL-1007 : elaborate module fifo_cross_domain_addr_process_al_4057d6b76aa6 in ../../../user_source/ip_source/w128_d512_fifo/soft_fifo_al_4057d6b76aa6.v(240)
HDL-1007 : elaborate module ram_infer_4057d6b76aa6(DATAWIDTH_A=128,ADDRWIDTH_A=9,DATAWIDTH_B=128,ADDRWIDTH_B=9) in ../../../user_source/ip_source/w128_d512_fifo/soft_fifo_al_4057d6b76aa6.v(323)
HDL-1007 : extracting RAM for identifier 'memory' in ../../../user_source/ip_source/w128_d512_fifo/soft_fifo_al_4057d6b76aa6.v(388)
HDL-5007 WARNING: actual bit length 32 differs from formal bit length 1 for port 'ceb' in ../../../user_source/ip_source/w128_d512_fifo/soft_fifo_al_4057d6b76aa6.v(230)
HDL-5007 WARNING: actual bit length 32 differs from formal bit length 9 for port 'addrb' in ../../../user_source/ip_source/w128_d512_fifo/soft_fifo_al_4057d6b76aa6.v(233)
HDL-5317 WARNING: input port 'dib[127]' is not connected on this instance in ../../../user_source/ip_source/w128_d512_fifo/soft_fifo_al_4057d6b76aa6.v(221)
HDL-1007 : elaborate module video_out in ../../../user_source/hdl_source/video_out.v(6)
HDL-1007 : elaborate module mc_to_user_interface in ../../../user_source/hdl_source/mc_to_user_interface.v(3)
HDL-1007 : elaborate module w155_d512_fifo in ../../../user_source/ip_source/w155_d512_fifo/w155_d512_fifo.v(2)
HDL-1007 : port 'doa' remains unconnected for this instance in ../../../user_source/ip_source/w155_d512_fifo/soft_fifo_al_f58e8b3e1f3d.v(194)
HDL-1007 : port 'dib' remains unconnected for this instance in ../../../user_source/ip_source/w155_d512_fifo/soft_fifo_al_f58e8b3e1f3d.v(194)
HDL-1007 : elaborate module soft_fifo_al_f58e8b3e1f3d(DATA_WIDTH_W=155,DATA_WIDTH_R=155,ADDR_WIDTH_W=9,ADDR_WIDTH_R=9,AL_FULL_NUM=500,AL_EMPTY_NUM=2,SHOW_AHEAD_EN=1) in ../../../user_source/ip_source/w155_d512_fifo/soft_fifo_al_f58e8b3e1f3d.v(3)
HDL-1007 : elaborate module ram_infer_f58e8b3e1f3d(DATAWIDTH_A=155,ADDRWIDTH_A=9,DATAWIDTH_B=155,ADDRWIDTH_B=9) in ../../../user_source/ip_source/w155_d512_fifo/soft_fifo_al_f58e8b3e1f3d.v(220)
HDL-1007 : extracting RAM for identifier 'memory' in ../../../user_source/ip_source/w155_d512_fifo/soft_fifo_al_f58e8b3e1f3d.v(285)
HDL-5007 WARNING: actual bit length 32 differs from formal bit length 1 for port 'cea' in ../../../user_source/ip_source/w155_d512_fifo/soft_fifo_al_f58e8b3e1f3d.v(203)
HDL-5007 WARNING: actual bit length 32 differs from formal bit length 1 for port 'ocea' in ../../../user_source/ip_source/w155_d512_fifo/soft_fifo_al_f58e8b3e1f3d.v(205)
HDL-5007 WARNING: actual bit length 32 differs from formal bit length 1 for port 'ceb' in ../../../user_source/ip_source/w155_d512_fifo/soft_fifo_al_f58e8b3e1f3d.v(210)
HDL-5007 WARNING: actual bit length 32 differs from formal bit length 1 for port 'web' in ../../../user_source/ip_source/w155_d512_fifo/soft_fifo_al_f58e8b3e1f3d.v(211)
HDL-5007 WARNING: actual bit length 32 differs from formal bit length 9 for port 'addrb' in ../../../user_source/ip_source/w155_d512_fifo/soft_fifo_al_f58e8b3e1f3d.v(213)
HDL-5317 WARNING: input port 'dib[154]' is not connected on this instance in ../../../user_source/ip_source/w155_d512_fifo/soft_fifo_al_f58e8b3e1f3d.v(201)
HDL-5007 WARNING: actual bit length 16 differs from formal bit length 32 for port 'O_mc_app_wdf_mask' in ../../../user_source/hdl_source/design_top_wrapper.v(1125)
HDL-1007 : port 'apb_pready' remains unconnected for this instance in ../../../user_source/hdl_source/ph1p35_ddr/ph1p35_324_ddr_wrapper.v(78)
HDL-1007 : port 'apb_prdata' remains unconnected for this instance in ../../../user_source/hdl_source/ph1p35_ddr/ph1p35_324_ddr_wrapper.v(78)
HDL-1007 : port 'cfg_rst_n' remains unconnected for this instance in ../../../user_source/hdl_source/ph1p35_ddr/ph1p35_324_ddr_wrapper.v(78)
HDL-1007 : elaborate module ph1p35_324_ddr_wrapper in ../../../user_source/hdl_source/ph1p35_ddr/ph1p35_324_ddr_wrapper.v(2)
HDL-1007 : elaborate module ddr2 in ../../../user_source/hdl_source/ph1p35_ddr/ddr2/ddr2.v(10)
HDL-1007 : elaborate module ph1p_ddrmc_wrapper_63f4ac254419(HOST_AC_DRV="75",HOST_DX_DRV="75",HOST_DX_ODT="75",DRAM_DRV="0",DRAM_ODT="75",CL=7,CAL_EN=0,PLL0_REFCLK_FREQ=100.0,PLL0_REFCLK_DIV=3,PLL0_FBKCLK_DIV=32,PLL0_CLK2_DIV=2,PLL0_CLK3_DIV=21,PLL1_REFCLK_FREQ=133.3,PLL1_REFCLK_DIV=4,MC_ADDR_MAP="ROW_COL_BANK",MC_REORDER="NORMAL",MC_ADDR_WIDTH=25,MC_DATA_WIDTH=128,MC_MASK_WIDTH=16,AXI_ADDR_WIDTH=26,AXI_DATA_WIDTH=128,AXI_MASK_WIDTH=16) in ../../../user_source/hdl_source/ph1p35_ddr/ddr2/ph1p_ddrmc_wrapper_63f4ac254419.v(14)
HDL-1007 : port 'dhi_cmd_err' remains unconnected for this instance in ../../../user_source/hdl_source/ph1p35_ddr/ddr2/src/rtl/top/ph1p_ddrmc_top.v(163)
HDL-1007 : elaborate module ph1p_ddrmc_top(HOST_AC_DRV="75",HOST_DX_DRV="75",HOST_DX_ODT="75",DRAM_DRV="0",DRAM_ODT="75",CL=7,CAL_EN=0,PLL0_REFCLK_FREQ=100.0,PLL0_REFCLK_DIV=3,PLL0_FBKCLK_DIV=32,PLL0_CLK2_DIV=2,PLL0_CLK3_DIV=21,PLL1_REFCLK_FREQ=133.3,PLL1_REFCLK_DIV=4,MC_ADDR_MAP="ROW_COL_BANK",MC_REORDER="NORMAL",MC_ADDR_WIDTH=25,MC_DATA_WIDTH=128,MC_MASK_WIDTH=16) in ../../../user_source/hdl_source/ph1p35_ddr/ddr2/src/rtl/top/ph1p_ddrmc_top.v(8)
HDL-1007 : port 'dly_cur_wdq' remains unconnected for this instance in ../../../user_source/hdl_source/ph1p35_ddr/ddr2/src/rtl/phy/ph1p_ddrphy_wrapper.v(478)
HDL-1007 : port 'dly_cur_rdqsp' remains unconnected for this instance in ../../../user_source/hdl_source/ph1p35_ddr/ddr2/src/rtl/phy/ph1p_ddrphy_wrapper.v(478)
HDL-1007 : port 'dly_cur_rdqsn' remains unconnected for this instance in ../../../user_source/hdl_source/ph1p35_ddr/ddr2/src/rtl/phy/ph1p_ddrphy_wrapper.v(478)
HDL-1007 : elaborate module ph1p_ddrphy_wrapper(tCK=1876,DX_NUM=2,BG_WIDTH=0,BA_WIDTH=2,ROW_WIDTH=13,ADR_WIDTH=13,HOST_AC_DRV="75",HOST_DX_DRV="75",HOST_DX_ODT="75",DRAM_DRV="0",DRAM_ODT="75",CWL=6,CL=7,WDM=1,CAL_EN=0,PLL0_REFCLK_FREQ=100.0,PLL0_REFCLK_DIV=3,PLL0_FBKCLK_DIV=32,PLL0_CLK2_DIV=2,PLL0_CLK3_DIV=21,PLL1_REFCLK_FREQ=133.3,PLL1_REFCLK_DIV=4) in ../../../user_source/hdl_source/ph1p35_ddr/ddr2/src/rtl/phy/ph1p_ddrphy_wrapper.v(4)
HDL-1007 : elaborate module ph1p_ddrphy_dram_init(tCK=1876,CL=7,RTT_NOM="75") in ../../../user_source/hdl_source/ph1p35_ddr/ddr2/src/rtl/init/ph1p_ddrphy_dram_init_ddr2.v(4)
HDL-1007 : port 'rst_sync' remains unconnected for this instance in ../../../user_source/hdl_source/ph1p35_ddr/ddr2/src/rtl/phy/ph1p_ddrphy_top.v(337)
HDL-1007 : port 'dhi_bg' remains unconnected for this instance in ../../../user_source/hdl_source/ph1p35_ddr/ddr2/src/rtl/phy/ph1p_ddrphy_top.v(644)
HDL-1007 : elaborate module ph1p_ddrphy_top(DX_NUM=2,BG_WIDTH=0,BA_WIDTH=2,ROW_WIDTH=13,ADR_WIDTH=13,AC_DRV="75",DX_DRV="75",DX_ODT="75",CWL=6,CL=7,PLL0_REFCLK_FREQ=100.0,PLL0_REFCLK_DIV=3,PLL0_FBKCLK_DIV=32,PLL0_CLK2_DIV=2,PLL0_CLK3_DIV=21,PLL1_REFCLK_FREQ=133.3,PLL1_REFCLK_DIV=4,DDRPHY_ROM_LEN=45,DDRPHY_ROM_INIT="ddrphy_cfg_rom.txt") in ../../../user_source/hdl_source/ph1p35_ddr/ddr2/src/rtl/phy/ph1p_ddrphy_top.v(3)
HDL-1007 : elaborate module ph1p_ddrphy_clk_top(PLL0_REFCLK_FREQ=100.0,PLL0_REFCLK_DIV=3,PLL0_FBKCLK_DIV=32,PLL0_CLK2_DIV=2,PLL0_CLK3_DIV=21,PLL1_REFCLK_FREQ=133.3,PLL1_REFCLK_DIV=4) in ../../../user_source/hdl_source/ph1p35_ddr/ddr2/src/rtl/clk/ph1p_ddrphy_clk_top.v(4)
HDL-1007 : port 'clkcb' remains unconnected for this instance in ../../../user_source/hdl_source/ph1p35_ddr/ddr2/src/rtl/clk/ph1p_ddrphy_pll0.v(85)
HDL-1007 : elaborate module ph1p_ddrphy_pll0(REFCLK_FREQ=100.0,FBKCLK_DIV=32,CLK2_DIV=2,CLK3_DIV=21) in ../../../user_source/hdl_source/ph1p35_ddr/ddr2/src/rtl/clk/ph1p_ddrphy_pll0.v(9)
HDL-1007 : elaborate module PH1P_PHY_PLL_V2(FBKCLK="VCO_PHASE0",FIN=100.0,REFCLK_DIV=3,FBCLK_DIV=32,CLKC0_CPHASE=7,CLKC1_CPHASE=7,CLKC2_CPHASE=1,CLKC3_CPHASE=20,CLKC0_DIV=8,CLKC1_DIV=8,CLKC2_DIV=2,CLKC3_DIV=21,CLKC0_DUTY_INT=4,CLKC1_DUTY_INT=4,CLKC3_DUTY_INT=11,CLKC0_ENABLE="ENABLE",CLKC1_ENABLE="ENABLE",CLKC2_ENABLE="ENABLE",CLKC3_ENABLE="ENABLE",LPF_CAP=0,ICP_CUR=0,FEEDBK_MODE="NOCOMP") in F:\AnlogicFpga\TD_6.2.1_Engineer_6.2.168.116\arch/ph1p_macro.v(1091)
HDL-1007 : port 'clkcb' remains unconnected for this instance in ../../../user_source/hdl_source/ph1p35_ddr/ddr2/src/rtl/clk/ph1p_ddrphy_pll1.v(75)
HDL-1007 : elaborate module ph1p_ddrphy_pll1(REFCLK_FREQ=133.3,REFCLK_DIV=4) in ../../../user_source/hdl_source/ph1p35_ddr/ddr2/src/rtl/clk/ph1p_ddrphy_pll1.v(6)
HDL-1007 : elaborate module PH1P_PHY_PLL_V2(FBKCLK_INT="CLKC0_EXT",FIN=133.3,REFCLK_DIV=4,FBCLK_DIV=4,CLKC0_CPHASE=11,CLKC0_DIV=12,CLKC0_DUTY_INT=6,CLKC0_ENABLE="ENABLE",PLL_FEED_TYPE="EXTERNAL",PLL_FASTLOOP="ENABLE",LPF_RES=0,LPF_CAP=25,ICP_CUR=29) in F:\AnlogicFpga\TD_6.2.1_Engineer_6.2.168.116\arch/ph1p_macro.v(1091)
HDL-1007 : elaborate module PH1P_PHY_MLCLK in F:\AnlogicFpga\TD_6.2.1_Engineer_6.2.168.116\arch/ph1p_macro.v(3220)
HDL-1007 : elaborate module PH1P_PHY_IOCLK in F:\AnlogicFpga\TD_6.2.1_Engineer_6.2.168.116\arch/ph1p_macro.v(896)
HDL-1007 : elaborate module ph1p_ddrphy_sync_rst_gen in ../../../user_source/hdl_source/ph1p35_ddr/ddr2/src/rtl/misc/ph1p_ddrphy_sync_rst_gen.v(3)
HDL-1007 : elaborate module ph1p_ddrphy_init(ROM_LEN=45,ROM_INIT="ddrphy_cfg_rom.txt") in ../../../user_source/hdl_source/ph1p35_ddr/ddr2/src/rtl/phy/ph1p_ddrphy_init.v(4)
HDL-1007 : extracting RAM for identifier 'rom_w52' in ../../../user_source/hdl_source/ph1p35_ddr/ddr2/src/rtl/phy/ph1p_ddrphy_init.v(36)
HDL-1007 : readmemh: reading from file 'ddrphy_cfg_rom.txt' in ../../../user_source/hdl_source/ph1p35_ddr/ddr2/src/rtl/phy/ph1p_ddrphy_init.v(53)
HDL-5314 WARNING: net 'rom_w52' does not have a driver in ../../../user_source/hdl_source/ph1p35_ddr/ddr2/src/rtl/phy/ph1p_ddrphy_init.v(36)
HDL-1007 : elaborate module ph1p_ddrphy_mdl_cal_wrapper in ../../../user_source/hdl_source/ph1p35_ddr/ddr2/src/rtl/phy/ph1p_ddrphy_mdl_cal_wrapper.v(3)
HDL-1007 : elaborate module ph1p_ddrphy_mdl_cal in ../../../user_source/hdl_source/ph1p35_ddr/ddr2/src/rtl/phy/ph1p_ddrphy_mdl_cal.v(12)
HDL-1007 : elaborate module ph1p_ddrphy_fast_init_wrapper in ../../../user_source/hdl_source/ph1p35_ddr/ddr2/src/rtl/phy/ph1p_ddrphy_fast_init_wrapper.v(8)
HDL-1007 : elaborate module ph1p_ddrphy_fast_init in ../../../user_source/hdl_source/ph1p35_ddr/ddr2/src/rtl/phy/ph1p_ddrphy_fast_init.v(12)
HDL-5314 WARNING: net 'usr_vld[8]' does not have a driver in ../../../user_source/hdl_source/ph1p35_ddr/ddr2/src/rtl/phy/ph1p_ddrphy_fast_init_wrapper.v(132)
HDL-5314 WARNING: net 'init_gate[80]' does not have a driver in ../../../user_source/hdl_source/ph1p35_ddr/ddr2/src/rtl/phy/ph1p_ddrphy_fast_init_wrapper.v(134)
HDL-5314 WARNING: net 'init_wdqs[80]' does not have a driver in ../../../user_source/hdl_source/ph1p35_ddr/ddr2/src/rtl/phy/ph1p_ddrphy_fast_init_wrapper.v(135)
HDL-5314 WARNING: net 'init_wdq[80]' does not have a driver in ../../../user_source/hdl_source/ph1p35_ddr/ddr2/src/rtl/phy/ph1p_ddrphy_fast_init_wrapper.v(136)
HDL-5314 WARNING: net 'init_rdqsp[80]' does not have a driver in ../../../user_source/hdl_source/ph1p35_ddr/ddr2/src/rtl/phy/ph1p_ddrphy_fast_init_wrapper.v(137)
HDL-5314 WARNING: net 'init_rdqsn[80]' does not have a driver in ../../../user_source/hdl_source/ph1p35_ddr/ddr2/src/rtl/phy/ph1p_ddrphy_fast_init_wrapper.v(138)
HDL-5314 WARNING: net 'init_wsl[35]' does not have a driver in ../../../user_source/hdl_source/ph1p35_ddr/ddr2/src/rtl/phy/ph1p_ddrphy_fast_init_wrapper.v(139)
HDL-5314 WARNING: net 'init_rsl[35]' does not have a driver in ../../../user_source/hdl_source/ph1p35_ddr/ddr2/src/rtl/phy/ph1p_ddrphy_fast_init_wrapper.v(140)
HDL-1007 : elaborate module ph1p_ddrphy_dcu_wrapper in ../../../user_source/hdl_source/ph1p35_ddr/ddr2/src/rtl/phy/ph1p_ddrphy_dcu_wrapper.v(4)
HDL-1007 : elaborate module ph1p_ddrphy_dcu in ../../../user_source/hdl_source/ph1p35_ddr/ddr2/src/rtl/phy/ph1p_ddrphy_dcu.v(14)
HDL-5314 WARNING: net 'lcdl_mdl_r[8]' does not have a driver in ../../../user_source/hdl_source/ph1p35_ddr/ddr2/src/rtl/phy/ph1p_ddrphy_dcu.v(94)
HDL-1007 : elaborate module ph1p_ddrphy_cmd_wrapper(ROW_WIDTH=13,ADR_WIDTH=13,BA_WIDTH=2,CWL=6,CL=7) in ../../../user_source/hdl_source/ph1p35_ddr/ddr2/src/rtl/phy/ph1p_ddrphy_cmd_wrapper.v(3)
HDL-1007 : elaborate module ph1p_ddrphy_cmd_execution(ADR_WIDTH=13,ROW_WIDTH=13,BA_WIDTH=2) in ../../../user_source/hdl_source/ph1p35_ddr/ddr2/src/rtl/phy/ph1p_ddrphy_cmd_execution.v(3)
HDL-1007 : elaborate module ph1p_ddrphy_cmd_decode(ROW_WIDTH=13,ADR_WIDTH=13,BA_WIDTH=2) in ../../../user_source/hdl_source/ph1p35_ddr/ddr2/src/rtl/phy/ph1p_ddrphy_cmd_decode.v(3)
HDL-1007 : elaborate module ph1p_ddrphy_wphase_ctl(CWL=6) in ../../../user_source/hdl_source/ph1p35_ddr/ddr2/src/rtl/phy/ph1p_ddrphy_wphase_ctl.v(6)
HDL-1007 : elaborate module ph1p_ddrphy_rphase_ctl(CL=7) in ../../../user_source/hdl_source/ph1p35_ddr/ddr2/src/rtl/phy/ph1p_ddrphy_rphase_ctl.v(6)
HDL-5007 WARNING: actual bit length 1 differs from formal bit length 2 for port 'dhi_wdata_en' in ../../../user_source/hdl_source/ph1p35_ddr/ddr2/src/rtl/phy/ph1p_ddrphy_top.v(605)
HDL-1007 : elaborate module ph1p_ddrphy(DX_NUM=2,BA_WIDTH=2,ADR_WIDTH=13,AC_DRV="75",DX_DRV="75",DX_ODT="75") in ../../../user_source/hdl_source/ph1p35_ddr/ddr2/src/rtl/phy/ph1p_ddrphy.v(3)
HDL-1007 : elaborate module PH1P_PHY_DDRPHY_BANKREF(VCCIO="1V50",BYTE0_MODE="IN",BYTE1_MODE="IN",BYTE2_MODE="IN",BYTE3_MODE="IN") in F:\AnlogicFpga\TD_6.2.1_Engineer_6.2.168.116\arch/ph1p_macro.v(1659)
HDL-1007 : port 'dx_rfifo_empty' remains unconnected for this instance in ../../../user_source/hdl_source/ph1p35_ddr/ddr2/src/rtl/phy/ph1p_ddrphy_byte_wrapper.v(165)
HDL-1007 : port 'phy_osc_en' remains unconnected for this instance in ../../../user_source/hdl_source/ph1p35_ddr/ddr2/src/rtl/phy/ph1p_ddrphy_byte_wrapper.v(165)
HDL-1007 : port 'phy_test_mode' remains unconnected for this instance in ../../../user_source/hdl_source/ph1p35_ddr/ddr2/src/rtl/phy/ph1p_ddrphy_byte_wrapper.v(165)
HDL-1007 : port 'phy_lb_en' remains unconnected for this instance in ../../../user_source/hdl_source/ph1p35_ddr/ddr2/src/rtl/phy/ph1p_ddrphy_byte_wrapper.v(165)
HDL-1007 : port 'phy_lb_ck_sel' remains unconnected for this instance in ../../../user_source/hdl_source/ph1p35_ddr/ddr2/src/rtl/phy/ph1p_ddrphy_byte_wrapper.v(165)
HDL-1007 : elaborate module ph1p_ddrphy_byte_wrapper(BYTE_TYPE="AC",PAD_TYPE=52'b1111000000000000000011111111111100001111111111111111) in ../../../user_source/hdl_source/ph1p35_ddr/ddr2/src/rtl/phy/ph1p_ddrphy_byte_wrapper.v(11)
HDL-1007 : elaborate module PH1P_PHY_DDRPHY_BYTE(BYTE_TYPE="AC",DCC_EN="ENABLE") in F:\AnlogicFpga\TD_6.2.1_Engineer_6.2.168.116\arch/ph1p_macro.v(7044)
HDL-1007 : elaborate module PH1P_PHY_DDRPHY_PAD_V2(DISABLE_GSR="ENABLE",MODE="OUT",DRV="48",ODT="60") in F:\AnlogicFpga\TD_6.2.1_Engineer_6.2.168.116\arch/ph1p_macro.v(7464)
HDL-5314 WARNING: net 'phy_rdata[103]' does not have a driver in ../../../user_source/hdl_source/ph1p35_ddr/ddr2/src/rtl/phy/ph1p_ddrphy_byte_wrapper.v(152)
HDL-5314 WARNING: net 'phy_rdqs[7]' does not have a driver in ../../../user_source/hdl_source/ph1p35_ddr/ddr2/src/rtl/phy/ph1p_ddrphy_byte_wrapper.v(157)
HDL-5317 WARNING: input port 'dl_in' is not connected on this instance in ../../../user_source/hdl_source/ph1p35_ddr/ddr2/src/rtl/phy/ph1p_ddrphy_byte_wrapper.v(390)
HDL-1007 : elaborate module ph1p_ddrphy_byte_wrapper(BYTE_TYPE="AC",PAD_TYPE=52'b1111111111110000000011111111000000001111111100000000) in ../../../user_source/hdl_source/ph1p35_ddr/ddr2/src/rtl/phy/ph1p_ddrphy_byte_wrapper.v(11)
HDL-5314 WARNING: net 'phy_rdata[103]' does not have a driver in ../../../user_source/hdl_source/ph1p35_ddr/ddr2/src/rtl/phy/ph1p_ddrphy_byte_wrapper.v(152)
HDL-5314 WARNING: net 'phy_rdqs[7]' does not have a driver in ../../../user_source/hdl_source/ph1p35_ddr/ddr2/src/rtl/phy/ph1p_ddrphy_byte_wrapper.v(157)
HDL-5317 WARNING: input port 'dl_in' is not connected on this instance in ../../../user_source/hdl_source/ph1p35_ddr/ddr2/src/rtl/phy/ph1p_ddrphy_byte_wrapper.v(390)
HDL-1007 : elaborate module ph1p_ddrphy_byte_wrapper(BYTE_TYPE="AC",PAD_TYPE=52'b1111111111110000000000000000000000001111111111111111) in ../../../user_source/hdl_source/ph1p35_ddr/ddr2/src/rtl/phy/ph1p_ddrphy_byte_wrapper.v(11)
HDL-5314 WARNING: net 'phy_rdata[103]' does not have a driver in ../../../user_source/hdl_source/ph1p35_ddr/ddr2/src/rtl/phy/ph1p_ddrphy_byte_wrapper.v(152)
HDL-5317 WARNING: input port 'dl_in' is not connected on this instance in ../../../user_source/hdl_source/ph1p35_ddr/ddr2/src/rtl/phy/ph1p_ddrphy_byte_wrapper.v(390)
HDL-1007 : elaborate module ph1p_ddrphy_byte_wrapper(PAD_TYPE=52'b1111011001100110011001010100011001100110011011110110,AC_DRV="75",DX_DRV="75",DX_ODT="75") in ../../../user_source/hdl_source/ph1p35_ddr/ddr2/src/rtl/phy/ph1p_ddrphy_byte_wrapper.v(11)
HDL-1007 : elaborate module PH1P_PHY_DDRPHY_BYTE(DCC_EN="ENABLE") in F:\AnlogicFpga\TD_6.2.1_Engineer_6.2.168.116\arch/ph1p_macro.v(7044)
HDL-1007 : elaborate module PH1P_PHY_DDRPHY_PAD_V2(DDR_SIGNAL_TYPE="DQ",OCLK_SEL="CLK_WDQ",DISABLE_GSR="ENABLE",MODE="BI",DRV="75",ODT="75") in F:\AnlogicFpga\TD_6.2.1_Engineer_6.2.168.116\arch/ph1p_macro.v(7464)
HDL-1007 : elaborate module PH1P_PHY_DDRPHY_PAD_V2(DDR_SIGNAL_TYPE="DQSP",OCLK_SEL="CLK_WL",DISABLE_GSR="ENABLE",MODE="BI",DRV="75",ODT="75") in F:\AnlogicFpga\TD_6.2.1_Engineer_6.2.168.116\arch/ph1p_macro.v(7464)
HDL-1007 : elaborate module PH1P_PHY_DDRPHY_PAD_V2(DDR_SIGNAL_TYPE="DQSN",OCLK_SEL="CLK_WL",DISABLE_GSR="ENABLE",MODE="BI",DRV="75",ODT="75") in F:\AnlogicFpga\TD_6.2.1_Engineer_6.2.168.116\arch/ph1p_macro.v(7464)
HDL-5314 WARNING: net 'phy_rdata[103]' does not have a driver in ../../../user_source/hdl_source/ph1p35_ddr/ddr2/src/rtl/phy/ph1p_ddrphy_byte_wrapper.v(152)
HDL-5317 WARNING: input port 'dl_in' is not connected on this instance in ../../../user_source/hdl_source/ph1p35_ddr/ddr2/src/rtl/phy/ph1p_ddrphy_byte_wrapper.v(390)
HDL-5007 WARNING: actual bit length 2 differs from formal bit length 1 for port 'dx_rfifo_en' in ../../../user_source/hdl_source/ph1p35_ddr/ddr2/src/rtl/phy/ph1p_ddrphy.v(620)
HDL-1007 : elaborate module ph1p_ddrphy_byte_wrapper(PAD_TYPE=52'b1111011001100110011001010100111101100110011001100110,AC_DRV="75",DX_DRV="75",DX_ODT="75") in ../../../user_source/hdl_source/ph1p35_ddr/ddr2/src/rtl/phy/ph1p_ddrphy_byte_wrapper.v(11)
HDL-5314 WARNING: net 'phy_rdata[103]' does not have a driver in ../../../user_source/hdl_source/ph1p35_ddr/ddr2/src/rtl/phy/ph1p_ddrphy_byte_wrapper.v(152)
HDL-5317 WARNING: input port 'dl_in' is not connected on this instance in ../../../user_source/hdl_source/ph1p35_ddr/ddr2/src/rtl/phy/ph1p_ddrphy_byte_wrapper.v(390)
HDL-5007 WARNING: actual bit length 2 differs from formal bit length 1 for port 'dx_rfifo_en' in ../../../user_source/hdl_source/ph1p35_ddr/ddr2/src/rtl/phy/ph1p_ddrphy.v(620)
HDL-5314 WARNING: net 'dx2_wdata[103]' does not have a driver in ../../../user_source/hdl_source/ph1p35_ddr/ddr2/src/rtl/phy/ph1p_ddrphy.v(187)
HDL-5314 WARNING: net 'dx3_wdata[103]' does not have a driver in ../../../user_source/hdl_source/ph1p35_ddr/ddr2/src/rtl/phy/ph1p_ddrphy.v(188)
HDL-5314 WARNING: net 'dx4_wdata[103]' does not have a driver in ../../../user_source/hdl_source/ph1p35_ddr/ddr2/src/rtl/phy/ph1p_ddrphy.v(189)
HDL-5314 Similar messages will be suppressed.
HDL-5317 WARNING: input port 'i_scan_clk' is not connected on this instance in ../../../user_source/hdl_source/ph1p35_ddr/ddr2/src/rtl/phy/ph1p_ddrphy.v(438)
HDL-5323 WARNING: input port 'dqs_pupd_en' remains unconnected for this instance in ../../../user_source/hdl_source/ph1p35_ddr/ddr2/src/rtl/phy/ph1p_ddrphy.v(528)
HDL-5317 WARNING: input port 'dly_full[1]' is not connected on this instance in ../../../user_source/hdl_source/ph1p35_ddr/ddr2/src/rtl/phy/ph1p_ddrphy_top.v(457)
HDL-5323 WARNING: input port 'dhi_bg[11]' remains unconnected for this instance in ../../../user_source/hdl_source/ph1p35_ddr/ddr2/src/rtl/phy/ph1p_ddrphy_top.v(658)
HDL-1007 : elaborate module alc_phy2mc_fifo_ctrl(DX_NUM=2) in ../../../user_source/hdl_source/ph1p35_ddr/ddr2/src/rtl/mc/alc_phy2mc_fifo_ctrl.v(4)
HDL-1007 : elaborate module ph1p_ddr_fifo_dram_sync(DW=64) in ../../../user_source/hdl_source/ph1p35_ddr/ddr2/src/rtl/misc/ph1p_ddr_fifo_dram_sync.v(9)
HDL-1007 : extracting RAM for identifier 'data' in ../../../user_source/hdl_source/ph1p35_ddr/ddr2/src/rtl/misc/ph1p_ddr_fifo_dram_sync.v(31)
HDL-5007 WARNING: delay control is not supported for synthesis in ../../../user_source/hdl_source/ph1p35_ddr/ddr2/src/rtl/misc/ph1p_ddr_fifo_dram_sync.v(49)
HDL-5007 WARNING: delay control is not supported for synthesis in ../../../user_source/hdl_source/ph1p35_ddr/ddr2/src/rtl/misc/ph1p_ddr_fifo_dram_sync.v(51)
HDL-5007 WARNING: delay control is not supported for synthesis in ../../../user_source/hdl_source/ph1p35_ddr/ddr2/src/rtl/misc/ph1p_ddr_fifo_dram_sync.v(58)
HDL-5007 WARNING: delay control is not supported for synthesis in ../../../user_source/hdl_source/ph1p35_ddr/ddr2/src/rtl/misc/ph1p_ddr_fifo_dram_sync.v(60)
HDL-5007 WARNING: delay control is not supported for synthesis in ../../../user_source/hdl_source/ph1p35_ddr/ddr2/src/rtl/misc/ph1p_ddr_fifo_dram_sync.v(67)
HDL-5007 WARNING: delay control is not supported for synthesis in ../../../user_source/hdl_source/ph1p35_ddr/ddr2/src/rtl/misc/ph1p_ddr_fifo_dram_sync.v(74)
HDL-5007 WARNING: delay control is not supported for synthesis in ../../../user_source/hdl_source/ph1p35_ddr/ddr2/src/rtl/misc/ph1p_ddr_fifo_dram_sync.v(75)
HDL-5007 WARNING: delay control is not supported for synthesis in ../../../user_source/hdl_source/ph1p35_ddr/ddr2/src/rtl/misc/ph1p_ddr_fifo_dram_sync.v(76)
HDL-5007 WARNING: delay control is not supported for synthesis in ../../../user_source/hdl_source/ph1p35_ddr/ddr2/src/rtl/misc/ph1p_ddr_fifo_dram_sync.v(78)
HDL-5007 WARNING: delay control is not supported for synthesis in ../../../user_source/hdl_source/ph1p35_ddr/ddr2/src/rtl/misc/ph1p_ddr_fifo_dram_sync.v(79)
HDL-5007 Similar messages will be suppressed.
HDL-1007 : elaborate module alc_mc_top(DRAM_TYPE="DDR2",ECC="OFF",REORDER="NORMAL",CWL=6,BA_WIDTH=2) in ../../../user_source/hdl_source/ph1p35_ddr/ddr2/src/rtl/mc/alc_mc_top_all.enc.sv(7)
HDL-1007 : elaborate module ph1p_ddr_fifo_dram_sync(DW=4,AW=3) in ../../../user_source/hdl_source/ph1p35_ddr/ddr2/src/rtl/misc/ph1p_ddr_fifo_dram_sync.v(9)
HDL-1007 : extracting RAM for identifier 'data' in ../../../user_source/hdl_source/ph1p35_ddr/ddr2/src/rtl/misc/ph1p_ddr_fifo_dram_sync.v(31)
HDL-5007 WARNING: delay control is not supported for synthesis in ../../../user_source/hdl_source/ph1p35_ddr/ddr2/src/rtl/misc/ph1p_ddr_fifo_dram_sync.v(49)
HDL-5007 WARNING: delay control is not supported for synthesis in ../../../user_source/hdl_source/ph1p35_ddr/ddr2/src/rtl/misc/ph1p_ddr_fifo_dram_sync.v(51)
HDL-5007 WARNING: delay control is not supported for synthesis in ../../../user_source/hdl_source/ph1p35_ddr/ddr2/src/rtl/misc/ph1p_ddr_fifo_dram_sync.v(58)
HDL-5007 WARNING: delay control is not supported for synthesis in ../../../user_source/hdl_source/ph1p35_ddr/ddr2/src/rtl/misc/ph1p_ddr_fifo_dram_sync.v(60)
HDL-5007 WARNING: delay control is not supported for synthesis in ../../../user_source/hdl_source/ph1p35_ddr/ddr2/src/rtl/misc/ph1p_ddr_fifo_dram_sync.v(67)
HDL-5007 WARNING: delay control is not supported for synthesis in ../../../user_source/hdl_source/ph1p35_ddr/ddr2/src/rtl/misc/ph1p_ddr_fifo_dram_sync.v(74)
HDL-5007 WARNING: delay control is not supported for synthesis in ../../../user_source/hdl_source/ph1p35_ddr/ddr2/src/rtl/misc/ph1p_ddr_fifo_dram_sync.v(75)
HDL-5007 WARNING: delay control is not supported for synthesis in ../../../user_source/hdl_source/ph1p35_ddr/ddr2/src/rtl/misc/ph1p_ddr_fifo_dram_sync.v(76)
HDL-5007 WARNING: delay control is not supported for synthesis in ../../../user_source/hdl_source/ph1p35_ddr/ddr2/src/rtl/misc/ph1p_ddr_fifo_dram_sync.v(78)
HDL-5007 Similar messages will be suppressed.
HDL-1007 : elaborate module ph1p_ddr_fifo_dram_sync(DW=5,AW=5) in ../../../user_source/hdl_source/ph1p35_ddr/ddr2/src/rtl/misc/ph1p_ddr_fifo_dram_sync.v(9)
HDL-1007 : extracting RAM for identifier 'data' in ../../../user_source/hdl_source/ph1p35_ddr/ddr2/src/rtl/misc/ph1p_ddr_fifo_dram_sync.v(31)
HDL-1007 : elaborate module ** in ../../../user_source/hdl_source/ph1p35_ddr/ddr2/src/rtl/mc/alc_mc_top_all.enc.sv(4317)
HDL-1007 : elaborate module ** in ../../../user_source/hdl_source/ph1p35_ddr/ddr2/src/rtl/mc/alc_mc_top_all.enc.sv(2687)
HDL-1007 : extracting RAM for identifier '**' in ../../../user_source/hdl_source/ph1p35_ddr/ddr2/src/rtl/mc/alc_mc_top_all.enc.sv(2701)
HDL-1007 : elaborate module ** in ../../../user_source/hdl_source/ph1p35_ddr/ddr2/src/rtl/mc/alc_mc_top_all.enc.sv(2687)
HDL-1007 : extracting RAM for identifier '**' in ../../../user_source/hdl_source/ph1p35_ddr/ddr2/src/rtl/mc/alc_mc_top_all.enc.sv(2701)
HDL-1007 : elaborate module ** in ../../../user_source/hdl_source/ph1p35_ddr/ddr2/src/rtl/mc/alc_mc_top_all.enc.sv(2687)
HDL-1007 : extracting RAM for identifier '**' in ../../../user_source/hdl_source/ph1p35_ddr/ddr2/src/rtl/mc/alc_mc_top_all.enc.sv(2701)
HDL-1007 : elaborate module ** in ../../../user_source/hdl_source/ph1p35_ddr/ddr2/src/rtl/mc/alc_mc_top_all.enc.sv(3845)
HDL-1007 : elaborate module ** in ../../../user_source/hdl_source/ph1p35_ddr/ddr2/src/rtl/mc/alc_mc_top_all.enc.sv(2687)
HDL-1007 : extracting RAM for identifier '**' in ../../../user_source/hdl_source/ph1p35_ddr/ddr2/src/rtl/mc/alc_mc_top_all.enc.sv(2701)
HDL-1007 : elaborate module ** in ../../../user_source/hdl_source/ph1p35_ddr/ddr2/src/rtl/mc/alc_mc_top_all.enc.sv(2687)
HDL-1007 : extracting RAM for identifier '**' in ../../../user_source/hdl_source/ph1p35_ddr/ddr2/src/rtl/mc/alc_mc_top_all.enc.sv(2701)
HDL-5007 WARNING: actual bit length ** differs from formal bit length *** for port '**' in ../../../user_source/hdl_source/ph1p35_ddr/ddr2/src/rtl/mc/alc_mc_top_all.enc.sv(4019)
HDL-5007 WARNING: actual bit length ** differs from formal bit length *** for port '**' in ../../../user_source/hdl_source/ph1p35_ddr/ddr2/src/rtl/mc/alc_mc_top_all.enc.sv(4019)
HDL-5007 WARNING: actual bit length ** differs from formal bit length *** for port '**' in ../../../user_source/hdl_source/ph1p35_ddr/ddr2/src/rtl/mc/alc_mc_top_all.enc.sv(177)
HDL-1007 : elaborate module ** in ../../../user_source/hdl_source/ph1p35_ddr/ddr2/src/rtl/mc/alc_mc_top_all.enc.sv(2019)
HDL-1007 : elaborate module ** in ../../../user_source/hdl_source/ph1p35_ddr/ddr2/src/rtl/mc/alc_mc_top_all.enc.sv(2728)
HDL-1007 : extracting RAM for identifier '**' in ../../../user_source/hdl_source/ph1p35_ddr/ddr2/src/rtl/mc/alc_mc_top_all.enc.sv(2822)
HDL-1007 : elaborate module ** in ../../../user_source/hdl_source/ph1p35_ddr/ddr2/src/rtl/mc/alc_mc_top_all.enc.sv(1189)
HDL-1007 : elaborate module ** in ../../../user_source/hdl_source/ph1p35_ddr/ddr2/src/rtl/mc/alc_mc_top_all.enc.sv(1826)
HDL-1007 : elaborate module ** in ../../../user_source/hdl_source/ph1p35_ddr/ddr2/src/rtl/mc/alc_mc_top_all.enc.sv(4665)
HDL-1007 : elaborate module ** in ../../../user_source/hdl_source/ph1p35_ddr/ddr2/src/rtl/mc/alc_mc_top_all.enc.sv(946)
HDL-1007 : elaborate module ** in ../../../user_source/hdl_source/ph1p35_ddr/ddr2/src/rtl/mc/alc_mc_top_all.enc.sv(787)
HDL-1007 : elaborate module ** in ../../../user_source/hdl_source/ph1p35_ddr/ddr2/src/rtl/mc/alc_mc_top_all.enc.sv(1068)
HDL-1007 : elaborate module ** in ../../../user_source/hdl_source/ph1p35_ddr/ddr2/src/rtl/mc/alc_mc_top_all.enc.sv(1493)
HDL-1007 : elaborate module ** in ../../../user_source/hdl_source/ph1p35_ddr/ddr2/src/rtl/mc/alc_mc_top_all.enc.sv(1424)
HDL-1007 : elaborate module ** in ../../../user_source/hdl_source/ph1p35_ddr/ddr2/src/rtl/mc/alc_mc_top_all.enc.sv(1583)
HDL-1007 : elaborate module ** in ../../../user_source/hdl_source/ph1p35_ddr/ddr2/src/rtl/mc/alc_mc_top_all.enc.sv(1724)
HDL-1007 : elaborate module ** in ../../../user_source/hdl_source/ph1p35_ddr/ddr2/src/rtl/mc/alc_mc_top_all.enc.sv(2280)
HDL-1007 : elaborate module ** in ../../../user_source/hdl_source/ph1p35_ddr/ddr2/src/rtl/mc/alc_mc_top_all.enc.sv(2320)
HDL-5369 WARNING: latch inferred for net '**' in ../../../user_source/hdl_source/ph1p35_ddr/ddr2/src/rtl/mc/alc_mc_top_all.enc.sv(2464)
HDL-1007 : elaborate module ** in ../../../user_source/hdl_source/ph1p35_ddr/ddr2/src/rtl/mc/alc_mc_top_all.enc.sv(4116)
HDL-1007 : elaborate module ** in ../../../user_source/hdl_source/ph1p35_ddr/ddr2/src/rtl/mc/alc_mc_top_all.enc.sv(3500)
HDL-5323 WARNING: input port 'apb_psel' remains unconnected for this instance in ../../../user_source/hdl_source/ph1p35_ddr/ph1p35_324_ddr_wrapper.v(78)
HDL-1007 : elaborate module uivtc(H_ActiveSize=1920,H_FrameSize=2200,H_SyncStart=2008,H_SyncEnd=2052,V_FrameSize=1125,V_SyncStart=1084,V_SyncEnd=1089) in ../../../user_source/hdl_source/vtc/uivtc.v(42)
HDL-1007 : elaborate module hdmi_mixer(H_OFFSET=0,V_OFFSET=0) in ../../../user_source/hdl_source/hdmi_mixer.v(3)
HDL-1007 : elaborate module focus_metric in ../../../user_source/hdl_source/focus_metric.v(3)
HDL-1007 : elaborate module ui_osd in ../../../user_source/hdl_source/ui_osd.v(3)
HDL-1007 : elaborate module hdmi_tx in ../../../user_source/hdl_source/hdmi_tx.v(4)
HDL-1007 : elaborate module I2S_receiver in ../../../user_source/hdl_source/I2S_receiver.v(3)
HDL-1007 : elaborate module audio_arc_calculate in ../../../user_source/hdl_source/audio_arc_calculate.v(4)
HDL-1007 : elaborate module hdmi_1_4b_transmitter_core_wrapper(DEVICE="PH1P",VIDEO_TPG="Disable",VIDEO_VIC=0) in ../../../user_source/hdl_source/hdmi_1_4b_transmitter_core_wrapper.enc.v(2)
HDL-1007 : elaborate module ** in ../../../user_source/hdl_source/hdmi_1_4b_transmitter_core_wrapper.enc.v(91)
HDL-1007 : elaborate module ** in ../../../user_source/hdl_source/hdmi_1_4b_transmitter_core_wrapper.enc.v(137)
HDL-1007 : elaborate module ** in ../../../user_source/hdl_source/hdmi_1_4b_transmitter_core_wrapper.enc.v(208)
HDL-1007 : elaborate module ** in ../../../user_source/hdl_source/hdmi_1_4b_transmitter_core_wrapper.enc.v(285)
HDL-1007 : elaborate module ** in ../../../user_source/hdl_source/hdmi_1_4b_transmitter_core_wrapper.enc.v(396)
HDL-1007 : elaborate module ** in ../../../user_source/hdl_source/hdmi_1_4b_transmitter_core_wrapper.enc.v(803)
HDL-1007 : elaborate module PH1P_LOGIC_RAMFIFO(DATA_WIDTH=11,ADDR_WIDTH=10) in F:\AnlogicFpga\TD_6.2.1_Engineer_6.2.168.116\arch/ph1p_macro.v(327)
HDL-1007 : elaborate module ** in ../../../user_source/hdl_source/hdmi_1_4b_transmitter_core_wrapper.enc.v(1338)
HDL-1007 : elaborate module ** in ../../../user_source/hdl_source/hdmi_1_4b_transmitter_core_wrapper.enc.v(1480)
HDL-1007 : elaborate module PH1P_LOGIC_RAMFIFO(DATA_WIDTH=9,ADDR_WIDTH=10) in F:\AnlogicFpga\TD_6.2.1_Engineer_6.2.168.116\arch/ph1p_macro.v(327)
HDL-1007 : elaborate module ** in ../../../user_source/hdl_source/hdmi_1_4b_transmitter_core_wrapper.enc.v(2012)
HDL-1007 : port '**' remains unconnected for this instance in ../../../user_source/hdl_source/hdmi_1_4b_transmitter_core_wrapper.enc.v(2733)
HDL-1007 : elaborate module ** in ../../../user_source/hdl_source/hdmi_1_4b_transmitter_core_wrapper.enc.v(2403)
HDL-1007 : elaborate module ** in ../../../user_source/hdl_source/hdmi_1_4b_transmitter_core_wrapper.enc.v(2842)
HDL-1007 : elaborate module ** in ../../../user_source/hdl_source/hdmi_1_4b_transmitter_core_wrapper.enc.v(2939)
HDL-1007 : elaborate module ** in ../../../user_source/hdl_source/hdmi_1_4b_transmitter_core_wrapper.enc.v(3138)
HDL-1007 : elaborate module ** in ../../../user_source/hdl_source/hdmi_1_4b_transmitter_core_wrapper.enc.v(3177)
HDL-1007 : elaborate module ** in ../../../user_source/hdl_source/hdmi_1_4b_transmitter_core_wrapper.enc.v(3511)
HDL-1007 : elaborate module ** in ../../../user_source/hdl_source/hdmi_1_4b_transmitter_core_wrapper.enc.v(3666)
HDL-1007 : elaborate module ** in ../../../user_source/hdl_source/hdmi_1_4b_transmitter_core_wrapper.enc.v(3730)
HDL-1007 : elaborate module ** in ../../../user_source/hdl_source/hdmi_1_4b_transmitter_core_wrapper.enc.v(3860)
HDL-5007 WARNING: actual bit length ** differs from formal bit length *** for port '**' in ../../../user_source/hdl_source/hdmi_1_4b_transmitter_core_wrapper.enc.v(3307)
HDL-1007 : elaborate module ** in ../../../user_source/hdl_source/hdmi_1_4b_transmitter_core_wrapper.enc.v(3949)
HDL-5007 Similar messages will be suppressed.
HDL-1007 : elaborate module ** in ../../../user_source/hdl_source/hdmi_1_4b_transmitter_core_wrapper.enc.v(4034)
HDL-1007 : elaborate module ** in ../../../user_source/hdl_source/hdmi_1_4b_transmitter_core_wrapper.enc.v(4127)
HDL-1007 : elaborate module ** in ../../../user_source/hdl_source/hdmi_1_4b_transmitter_core_wrapper.enc.v(4285)
HDL-1007 : elaborate module ** in ../../../user_source/hdl_source/hdmi_1_4b_transmitter_core_wrapper.enc.v(4586)
HDL-1007 : elaborate module PH1P_LOGIC_RAMFIFO(DATA_WIDTH=96,ADDR_WIDTH=10) in F:\AnlogicFpga\TD_6.2.1_Engineer_6.2.168.116\arch/ph1p_macro.v(327)
HDL-1007 : elaborate module ** in ../../../user_source/hdl_source/hdmi_1_4b_transmitter_core_wrapper.enc.v(5534)
HDL-1007 : elaborate module ** in ../../../user_source/hdl_source/hdmi_1_4b_transmitter_core_wrapper.enc.v(5657)
HDL-1007 : elaborate module PH1P_LOGIC_RAMFIFO(DATA_WIDTH=24,ADDR_WIDTH=10) in F:\AnlogicFpga\TD_6.2.1_Engineer_6.2.168.116\arch/ph1p_macro.v(327)
HDL-1007 : elaborate module ** in ../../../user_source/hdl_source/hdmi_1_4b_transmitter_core_wrapper.enc.v(6273)
HDL-1007 : elaborate module ** in ../../../user_source/hdl_source/hdmi_1_4b_transmitter_core_wrapper.enc.v(6501)
HDL-1007 : elaborate module ** in ../../../user_source/hdl_source/hdmi_1_4b_transmitter_core_wrapper.enc.v(6575)
HDL-1007 : elaborate module ** in ../../../user_source/hdl_source/hdmi_1_4b_transmitter_core_wrapper.enc.v(6924)
HDL-1007 : elaborate module ** in ../../../user_source/hdl_source/hdmi_1_4b_transmitter_core_wrapper.enc.v(6994)
HDL-1007 : elaborate module ** in ../../../user_source/hdl_source/hdmi_1_4b_transmitter_core_wrapper.enc.v(6994)
HDL-1007 : elaborate module ** in ../../../user_source/hdl_source/hdmi_1_4b_transmitter_core_wrapper.enc.v(6994)
HDL-1007 : elaborate module hdmi_phy_wrapper(DEVICE="PH1P") in ../../../user_source/hdl_source/hdmi_phy_warpper.v(3)
HDL-1007 : elaborate module lane_lvds_10_1(DEVICE="PH1P") in ../../../user_source/hdl_source/lane_lvds_10_1.v(4)
HDL-1007 : elaborate module PH1P_LOGIC_ODDR in F:\AnlogicFpga\TD_6.2.1_Engineer_6.2.168.116\arch/ph1p_macro.v(8343)
HDL-5317 WARNING: input port 'I_camera_black_level[9]' is not connected on this instance in ../../../user_source/hdl_source/design_top_wrapper.v(968)
HDL-5323 WARNING: input port 'I_tdest[9]' remains unconnected for this instance in ../../../user_source/hdl_source/design_top_wrapper.v(1032)
HDL-5001 WARNING: Contains anonymous inst(s) and/or net(s) that have not been renamed
HDL-5001 WARNING: Contains anonymous inst(s) and/or net(s) that have not been renamed
HDL-1200 : Current top model is design_top_wrapper
HDL-5106 WARNING: Initial value omitted on non-DFF net "scl_r" in ../../../user_source/hdl_source/uics500_cfg/uii2c.v(129) 
HDL-5106 WARNING: Initial value omitted on non-DFF net "sda_o" in ../../../user_source/hdl_source/uics500_cfg/uii2c.v(137) 
HDL-1100 : Inferred 12 RAMs.
RUN-1003 : finish command "elaborate -top design_top_wrapper" in  2.564962s wall, 2.437500s user + 0.125000s system = 2.562500s CPU (99.9%)

RUN-1004 : used memory is 626 MB, reserved memory is 607 MB, peak memory is 626 MB
RUN-1002 : start command "read_adc ../../../user_source/constraints_source/pin.adc"
RUN-1002 : start command "set_pin_assignment  I_sys_clk   LOCATION = C4; IOSTANDARD  = LVCMOS33; PULLTYPE = PULLUP; "
RUN-1002 : start command "set_pin_assignment  I_rst_n   LOCATION = R10; IOSTANDARD = LVCMOS33; PULLTYPE = PULLUP; "
RUN-1002 : start command "set_pin_assignment  O_usb_sclk   LOCATION = K2;  IOSTANDARD = LVCMOS33; DRIVESTRENGTH = 4; PULLTYPE = PULLDOWN; "
RUN-1002 : start command "set_pin_assignment  I_usb_miso   LOCATION = B10;  IOSTANDARD = LVCMOS33; PULLTYPE = PULLUP; "
RUN-1002 : start command "set_pin_assignment  O_usb_mosi   LOCATION = C8;  IOSTANDARD = LVCMOS33; DRIVESTRENGTH = 4; PULLTYPE = PULLDOWN; "
RUN-1002 : start command "set_pin_assignment  O_usb_ss_n   LOCATION = A5;  IOSTANDARD = LVCMOS33; DRIVESTRENGTH = 4; PULLTYPE = PULLUP; "
RUN-1002 : start command "set_pin_assignment  I_usb_int_n   LOCATION = L4;  IOSTANDARD = LVCMOS33; PULLTYPE = PULLUP; "
RUN-1002 : start command "set_pin_assignment  O_usb_res_n   LOCATION = M1; IOSTANDARD = LVCMOS33; DRIVESTRENGTH = 4; PULLTYPE = PULLDOWN; "
RUN-1002 : start command "set_pin_assignment  O_lens_scl   LOCATION = R6; IOSTANDARD = LVCMOS33; DRIVESTRENGTH = 8; PULLTYPE = PULLUP; "
RUN-1002 : start command "set_pin_assignment  IO_lens_sda   LOCATION = R7; IOSTANDARD = LVCMOS33; DRIVESTRENGTH = 8; PULLTYPE = PULLUP; "
RUN-1002 : start command "set_pin_assignment  I_mcu_uart_rx   LOCATION = J1; IOSTANDARD = LVCMOS33; PULLTYPE = PULLUP; "
RUN-1002 : start command "set_pin_assignment  O_mcu_uart_tx   LOCATION = H1; IOSTANDARD = LVCMOS33; DRIVESTRENGTH = 8; PULLTYPE = PULLUP; "
RUN-1002 : start command "set_pin_assignment  O_cam_scl   LOCATION = K3; IOSTANDARD  = LVCMOS33; DRIVESTRENGTH = 8; PULLTYPE = PULLUP; "
RUN-1002 : start command "set_pin_assignment  IO_cam_sda   LOCATION = J3; IOSTANDARD  = LVCMOS33; DRIVESTRENGTH = 8; PULLTYPE = PULLUP; "
RUN-1002 : start command "set_pin_assignment  O_cam_24m   LOCATION = L3; IOSTANDARD  = LVCMOS33; DRIVESTRENGTH = 8; PULLTYPE = PULLUP; "
RUN-1002 : start command "set_pin_assignment  O_cam_rst   LOCATION = L2; IOSTANDARD  = LVCMOS33; DRIVESTRENGTH = 8; PULLTYPE = PULLUP; "
RUN-1002 : start command "set_pin_assignment  I_button[0]   LOCATION = D5; IOSTANDARD = LVCMOS33; PULLTYPE = PULLUP; "
RUN-1002 : start command "set_pin_assignment  I_button[1]   LOCATION = A9; IOSTANDARD = LVCMOS33; PULLTYPE = PULLUP; "
RUN-1002 : start command "set_pin_assignment  I_button[2]   LOCATION = B9; IOSTANDARD = LVCMOS33; PULLTYPE = PULLUP; "
RUN-1002 : start command "set_pin_assignment  I_button[3]   LOCATION = C7; IOSTANDARD = LVCMOS33; PULLTYPE = PULLUP; "
RUN-1002 : start command "set_pin_assignment  O_screen_pwm   LOCATION = R11; IOSTANDARD = LVCMOS33; DRIVESTRENGTH = 8; PULLTYPE = PULLDOWN; "
RUN-1002 : start command "set_pin_assignment  O_tmds_ch0_p   LOCATION = G16; IOSTANDARD = TMDS33; PULLTYPE = NONE; "
RUN-1002 : start command "set_pin_assignment  O_tmds_ch1_p   LOCATION = F17; IOSTANDARD = TMDS33; PULLTYPE = NONE; "
RUN-1002 : start command "set_pin_assignment  O_tmds_ch2_p   LOCATION = H14; IOSTANDARD = TMDS33; PULLTYPE = NONE; "
RUN-1002 : start command "set_pin_assignment  O_tmds_clk_p   LOCATION = C17; IOSTANDARD = TMDS33; PULLTYPE = NONE; "
RUN-1001 : Starting of IO setups legality check.
RUN-1003 : finish command "read_adc ../../../user_source/constraints_source/pin.adc" in  2.057006s wall, 1.968750s user + 0.062500s system = 2.031250s CPU (98.7%)

RUN-1004 : used memory is 625 MB, reserved memory is 606 MB, peak memory is 626 MB
RUN-1002 : start command "read_ip_adc -ip ddr2 -file ../../../user_source/hdl_source/ph1p35_ddr/ddr2/src/adc/ddr2.adc"
RUN-1002 : start command "set_ippin_assignment ddr2  ddr_ck_p      LOCATION = X0Y44Z2; IOSTANDARD = DIFF_SSTL15; #pl44c"
RUN-1002 : start command "set_ippin_assignment ddr2  ddr_ck_n      LOCATION = X0Y44Z3; IOSTANDARD = DIFF_SSTL15; #pl44d"
RUN-1002 : start command "set_ippin_assignment ddr2  ddr_cke[0]    LOCATION = X0Y44Z1; IOSTANDARD = SSTL15; #pl44b"
RUN-1002 : start command "set_ippin_assignment ddr2  ddr_cs_n[0]   LOCATION = X0Y53Z0; IOSTANDARD = SSTL15; #pl53a"
RUN-1002 : start command "set_ippin_assignment ddr2  ddr_odt[0]    LOCATION = X0Y47Z0; IOSTANDARD = SSTL15; #pl47a"
RUN-1002 : start command "set_ippin_assignment ddr2  ddr_we_n      LOCATION = X0Y47Z1; IOSTANDARD = SSTL15; #pl47b"
RUN-1002 : start command "set_ippin_assignment ddr2  ddr_cas_n     LOCATION = X0Y56Z0; IOSTANDARD = SSTL15; #pl56a"
RUN-1002 : start command "set_ippin_assignment ddr2  ddr_ras_n     LOCATION = X0Y44Z0; IOSTANDARD = SSTL15; #pl44a"
RUN-1002 : start command "set_ippin_assignment ddr2  ddr_ba[0]     LOCATION = X0Y50Z0; IOSTANDARD = SSTL15; #pl50a"
RUN-1002 : start command "set_ippin_assignment ddr2  ddr_ba[1]     LOCATION = X0Y61Z0; IOSTANDARD = SSTL15; #pl61a"
RUN-1002 : start command "set_ippin_assignment ddr2  ddr_addr[0]   LOCATION = X0Y64Z0; IOSTANDARD = SSTL15; #pl64a"
RUN-1002 : start command "set_ippin_assignment ddr2  ddr_addr[1]   LOCATION = X0Y73Z0; IOSTANDARD = SSTL15; #pl73a"
RUN-1002 : start command "set_ippin_assignment ddr2  ddr_addr[2]   LOCATION = X0Y67Z0; IOSTANDARD = SSTL15; #pl67a"
RUN-1002 : start command "set_ippin_assignment ddr2  ddr_addr[3]   LOCATION = X0Y50Z1; IOSTANDARD = SSTL15; #pl50b"
RUN-1002 : start command "set_ippin_assignment ddr2  ddr_addr[4]   LOCATION = X0Y76Z0; IOSTANDARD = SSTL15; #pl76a"
RUN-1002 : start command "set_ippin_assignment ddr2  ddr_addr[5]   LOCATION = X0Y53Z1; IOSTANDARD = SSTL15; #pl53b"
RUN-1002 : start command "set_ippin_assignment ddr2  ddr_addr[6]   LOCATION = X0Y76Z1; IOSTANDARD = SSTL15; #pl76b"
RUN-1002 : start command "set_ippin_assignment ddr2  ddr_addr[7]   LOCATION = X0Y56Z1; IOSTANDARD = SSTL15; #pl56b"
RUN-1002 : start command "set_ippin_assignment ddr2  ddr_addr[8]   LOCATION = X0Y76Z2; IOSTANDARD = SSTL15; #pl76c"
RUN-1002 : start command "set_ippin_assignment ddr2  ddr_addr[9]   LOCATION = X0Y61Z1; IOSTANDARD = SSTL15; #pl61b"
RUN-1002 : start command "set_ippin_assignment ddr2  ddr_addr[10]  LOCATION = X0Y67Z1; IOSTANDARD = SSTL15; #pl67b"
RUN-1002 : start command "set_ippin_assignment ddr2  ddr_addr[11]  LOCATION = X0Y76Z3; IOSTANDARD = SSTL15; #pl76d"
RUN-1002 : start command "set_ippin_assignment ddr2  ddr_addr[12]  LOCATION = X0Y64Z1; IOSTANDARD = SSTL15; #pl64b"
RUN-1002 : start command "set_ippin_assignment ddr2  ddr_dqs_p[0]    LOCATION = X0Y33Z2; IOSTANDARD = DIFF_SSTL15; #pl33c"
RUN-1002 : start command "set_ippin_assignment ddr2  ddr_dqs_n[0]    LOCATION = X0Y33Z3; IOSTANDARD = DIFF_SSTL15; #pl33d"
RUN-1002 : start command "set_ippin_assignment ddr2  ddr_dm[0]       LOCATION = X0Y30Z2; IOSTANDARD = SSTL15; #pl30c"
RUN-1002 : start command "set_ippin_assignment ddr2  ddr_dq[0]       LOCATION = X0Y33Z0; IOSTANDARD = SSTL15; #pl33a"
RUN-1002 : start command "set_ippin_assignment ddr2  ddr_dq[1]       LOCATION = X0Y30Z3; IOSTANDARD = SSTL15; #pl30d"
RUN-1002 : start command "set_ippin_assignment ddr2  ddr_dq[2]       LOCATION = X0Y36Z0; IOSTANDARD = SSTL15; #pl36a"
RUN-1002 : start command "set_ippin_assignment ddr2  ddr_dq[3]       LOCATION = X0Y36Z1; IOSTANDARD = SSTL15; #pl36b"
RUN-1002 : start command "set_ippin_assignment ddr2  ddr_dq[4]       LOCATION = X0Y36Z3; IOSTANDARD = SSTL15; #pl36d"
RUN-1002 : start command "set_ippin_assignment ddr2  ddr_dq[5]       LOCATION = X0Y36Z2; IOSTANDARD = SSTL15; #pl36c"
RUN-1002 : start command "set_ippin_assignment ddr2  ddr_dq[6]       LOCATION = X0Y30Z0; IOSTANDARD = SSTL15; #pl30a"
RUN-1002 : start command "set_ippin_assignment ddr2  ddr_dq[7]       LOCATION = X0Y33Z1; IOSTANDARD = SSTL15; #pl33b"
RUN-1002 : start command "set_ippin_assignment ddr2  ddr_dqs_p[1]    LOCATION = X0Y13Z2; IOSTANDARD = DIFF_SSTL15; #pl13c"
RUN-1002 : start command "set_ippin_assignment ddr2  ddr_dqs_n[1]    LOCATION = X0Y13Z3; IOSTANDARD = DIFF_SSTL15; #pl13d"
RUN-1002 : start command "set_ippin_assignment ddr2  ddr_dm[1]       LOCATION = X0Y16Z0; IOSTANDARD = SSTL15; #pl16a"
RUN-1002 : start command "set_ippin_assignment ddr2  ddr_dq[8]       LOCATION = X0Y16Z1; IOSTANDARD = SSTL15; #pl16b"
RUN-1002 : start command "set_ippin_assignment ddr2  ddr_dq[9]       LOCATION = X0Y16Z3; IOSTANDARD = SSTL15; #pl16d"
RUN-1002 : start command "set_ippin_assignment ddr2  ddr_dq[10]      LOCATION = X0Y10Z0; IOSTANDARD = SSTL15; #pl10a"
RUN-1002 : start command "set_ippin_assignment ddr2  ddr_dq[11]      LOCATION = X0Y10Z2; IOSTANDARD = SSTL15; #pl10c"
RUN-1002 : start command "set_ippin_assignment ddr2  ddr_dq[12]      LOCATION = X0Y10Z3; IOSTANDARD = SSTL15; #pl10d"
RUN-1002 : start command "set_ippin_assignment ddr2  ddr_dq[13]      LOCATION = X0Y10Z1; IOSTANDARD = SSTL15; #pl10b"
RUN-1002 : start command "set_ippin_assignment ddr2  ddr_dq[14]      LOCATION = X0Y16Z2; IOSTANDARD = SSTL15; #pl16c"
RUN-1002 : start command "set_ippin_assignment ddr2  ddr_dq[15]      LOCATION = X0Y13Z0; IOSTANDARD = SSTL15; #pl13a"
RUN-1002 : start command "set_ipinst_assignment ddr2 ph1p_ddrmc_wrapper/ph1p_ddrmc_top/u_ddr_phy/u_ddrphy_top/u_ddrphy_clk/u_mlclk_1  LOCATION = X0Y59Z0"
RUN-1002 : start command "set_ipinst_assignment ddr2 ph1p_ddrmc_wrapper/ph1p_ddrmc_top/u_ddr_phy/u_ddrphy_top/u_ddrphy_clk/u_mlclk_2  LOCATION = X0Y59Z1"
RUN-1002 : start command "set_ipinst_assignment ddr2 ph1p_ddrmc_wrapper/ph1p_ddrmc_top/u_ddr_phy/u_ddrphy_top/u_ddrphy_clk/u_pll0/u_pll_inst  LOCATION = X0Y40Z0"
RUN-1002 : start command "set_ipinst_assignment ddr2 ph1p_ddrmc_wrapper/ph1p_ddrmc_top/u_ddr_phy/u_ddrphy_top/u_ddrphy_clk/u_pll1/u_pll_inst  LOCATION = X0Y79Z0"
RUN-1002 : start command "set_ipinst_assignment ddr2 ph1p_ddrmc_wrapper/ph1p_ddrmc_top/u_ddr_phy/u_ddrphy_top/u_ddrphy_clk/ioclk[0]$u_ioclk_0  LOCATION = X0Y59Z0;"
RUN-1002 : start command "set_ipinst_assignment ddr2 ph1p_ddrmc_wrapper/ph1p_ddrmc_top/u_ddr_phy/u_ddrphy_top/u_ddrphy_clk/ioclk[0]$u_ioclk_1  LOCATION = X0Y59Z1;"
RUN-1002 : start command "set_ipinst_assignment ddr2 ph1p_ddrmc_wrapper/ph1p_ddrmc_top/u_ddr_phy/u_ddrphy_top/u_ddrphy_clk/ioclk[1]$u_ioclk_0  LOCATION = X0Y19Z0;"
RUN-1002 : start command "set_ipinst_assignment ddr2 ph1p_ddrmc_wrapper/ph1p_ddrmc_top/u_ddr_phy/u_ddrphy_top/u_ddrphy_clk/ioclk[1]$u_ioclk_1  LOCATION = X0Y19Z1;"
RUN-1002 : start command "set_ipinst_assignment ddr2 ph1p_ddrmc_wrapper/ph1p_ddrmc_top/u_ddr_phy/u_ddrphy_top/u_ddrphy/ac_byte[0]$ac_byte_used$u_ddrphy_ac_byte_wrapper/u_ddrphy_byte LOCATION = X0Y70Z0"
RUN-1002 : start command "set_ipinst_assignment ddr2 ph1p_ddrmc_wrapper/ph1p_ddrmc_top/u_ddr_phy/u_ddrphy_top/u_ddrphy/ac_byte[1]$ac_byte_used$u_ddrphy_ac_byte_wrapper/u_ddrphy_byte LOCATION = X0Y60Z0"
RUN-1002 : start command "set_ipinst_assignment ddr2 ph1p_ddrmc_wrapper/ph1p_ddrmc_top/u_ddr_phy/u_ddrphy_top/u_ddrphy/ac_byte[2]$ac_byte_used$u_ddrphy_ac_byte_wrapper/u_ddrphy_byte LOCATION = X0Y50Z0"
RUN-1002 : start command "set_ipinst_assignment ddr2 ph1p_ddrmc_wrapper/ph1p_ddrmc_top/u_ddr_phy/u_ddrphy_top/u_ddrphy/ac_byte[3]$ac_byte_used$u_ddrphy_ac_byte_wrapper/u_ddrphy_byte LOCATION = X0Y40Z0"
RUN-1002 : start command "set_ipinst_assignment ddr2 ph1p_ddrmc_wrapper/ph1p_ddrmc_top/u_ddr_phy/u_ddrphy_top/u_ddrphy/dx_byte[0]$dx_byte_used$u_ddrphy_dx_byte_wrapper/u_ddrphy_byte LOCATION = X0Y30Z0"
RUN-1002 : start command "set_ipinst_assignment ddr2 ph1p_ddrmc_wrapper/ph1p_ddrmc_top/u_ddr_phy/u_ddrphy_top/u_ddrphy/dx_byte[1]$dx_byte_used$u_ddrphy_dx_byte_wrapper/u_ddrphy_byte LOCATION = X0Y10Z0"
RUN-1002 : start command "set_ipinst_assignment ddr2 ph1p_ddrmc_wrapper/ph1p_ddrmc_top/u_ddr_phy/u_ddrphy_top/u_ddrphy/bkref[0]$u_ddrphy_bankref  LOCATION = X0Y19Z0;"
RUN-1002 : start command "set_ipinst_assignment ddr2 ph1p_ddrmc_wrapper/ph1p_ddrmc_top/u_ddr_phy/u_ddrphy_top/u_ddrphy/bkref[1]$u_ddrphy_bankref  LOCATION = X0Y59Z0;"
RUN-1001 : Starting of IO setups legality check.
RUN-1003 : finish command "read_ip_adc -ip ddr2 -file ../../../user_source/hdl_source/ph1p35_ddr/ddr2/src/adc/ddr2.adc" in  8.240286s wall, 7.921875s user + 0.125000s system = 8.046875s CPU (97.7%)

RUN-1004 : used memory is 619 MB, reserved memory is 600 MB, peak memory is 626 MB
RUN-1002 : start command "read_sdc ../../camera_to_dsi_display.sdc"
RUN-1002 : start command "read_sdc -ip RISCV_F6F1D1P0_0 ../../al_ip/RISCV_F6F1D1P0_0/RISCV_F6F1D1P0_0.tcl"
RUN-1002 : start command "read_sdc -ip ddr2 ../../../user_source/hdl_source/ph1p35_ddr/ddr2/src/sdc/ddr2.sdc"
RUN-1002 : start command "read_sdc -ip w128_d512_fifo ../../../user_source/ip_source/w128_d512_fifo/w128_d512_fifo.tcl"
RUN-1002 : start command "export_db camera_to_dsi_display_elaborate.db"
RUN-1001 : Exported flow parameters
RUN-1001 : Exported /
RUN-1001 : Exported libs
RUN-1001 : Exported entities
RUN-1001 : Exported ports
RUN-1001 : Exported pins
RUN-1001 : Exported instances
RUN-1001 : Exported nets
RUN-1001 : Exported buses
RUN-1001 : Exported models
RUN-1001 : Exported packer
RUN-1001 : Exported congestions
RUN-1001 : Exported violations
RUN-1001 : Exported ATMR Setting
RUN-1001 : Exported timing constraints
RUN-1001 : Exported IO constraints
RUN-1001 : Exported Inst constraints
RUN-1001 : Exported ChipWatcher
RUN-1002 : start command "commit_param -step rtl"
RUN-1001 : Print Global Property
RUN-1001 : -------------------------------------------------------------
RUN-1001 :     Parameters    |   Settings   |  Default Values  |  Note  
RUN-1001 : -------------------------------------------------------------
RUN-1001 :    enable_seed    |     off      |       off        |        
RUN-1001 :    hfn_to_clock   |  1000000000  |    1000000000    |        
RUN-1001 :      message      |   standard   |     standard     |        
RUN-1001 :    qor_monitor    |      on      |        on        |        
RUN-1001 :   speedup_effort  |      0       |        0         |        
RUN-1001 :    syn_ip_flow    |     off      |       off        |        
RUN-1001 :       thread      |     auto     |       auto       |        
RUN-1001 : -------------------------------------------------------------
RUN-1001 : Print Rtl Property
RUN-1001 : -------------------------------------------------------------------
RUN-1001 :         Parameters        |  Settings  |  Default Values  |  Note  
RUN-1001 : -------------------------------------------------------------------
RUN-1001 :        fix_undriven       |     0      |        0         |        
RUN-1001 :   gated_clock_conversion  |    off     |       off        |        
RUN-1001 :         infer_fsm         |    auto    |       auto       |        
RUN-1001 :         infer_rom         |     on     |        on        |        
RUN-1001 :       infer_shifter       |     on     |        on        |        
RUN-1001 :       keep_hierarchy      |    auto    |       auto       |        
RUN-1001 :        merge_equal        |     on     |        on        |        
RUN-1001 :      min_control_set      |     8      |        8         |        
RUN-1001 :       min_ripple_len      |    auto    |       auto       |        
RUN-1001 :          seq_syn          |     on     |        on        |        
RUN-1001 : -------------------------------------------------------------------
RUN-1002 : start command "insert_debugger ../../chip_debugger"
RUN-1002 : start command "optimize_rtl"
RUN-1001 : Open license file F:/AnlogicFpga/TD_6.2.1_Engineer_6.2.168.116/license/Anlogic.lic
SYN-1001 : Stage 1 | Optimize RTL
SYN-1001 : Stage 1.1 | Check Design Sanity
SYN-5065 WARNING: Register "genCA$op" in ../../../user_source/hdl_source/ph1p35_ddr/ddr2/src/rtl/mc/alc_mc_top_all.enc.sv(0) is described with both an asynchronous reset and an asynchronous set. It may have an uncertainty of the timing. Please conside rewriting code.
SYN-1001 : End Stage 1.1 | Check Design Sanity; Time: 0.039155s wall, 0.046875s user + 0.000000s system = 0.046875s CPU (119.7%); Memory(MB): used = 640, reserved = 737, peak = 640;

SYN-1079 : finish stage Check Design Sanity. Total instances: 65809, Total nets: 153583.

SYN-1001 : Stage 1.2 | Initialize Design
SYN-1001 : End Stage 1.2 | Initialize Design; Time: 4.322033s wall, 4.218750s user + 0.046875s system = 4.265625s CPU (98.7%); Memory(MB): used = 640, reserved = 737, peak = 640;

SYN-1079 : finish stage Initialize Design. Total instances: 21208, Total nets: 92021.

SYN-1001 : Stage 1.3 | Flatten Module
SYN-1011 : Flatten model design_top_wrapper
SYN-1050 : Instances selected by 'keep_hierarchy':
RUN-1001 : ------------------------------------------------------------------------------------------------------------
RUN-1001 :           instance           |  keep_hierarchy  |         down_module         |         file(line)          
RUN-1001 : ------------------------------------------------------------------------------------------------------------
RUN-1001 :  u_video_in/U_w128_d512_...  |       true       | soft_fifo_al_4057d6b76a...  | ../../../user_source/ip...  
RUN-1001 :  u_mc_to_user_interface/...  |       true       | soft_fifo_al_f58e8b3e1f...  | ../../../user_source/ip...  
RUN-1001 : ------------------------------------------------------------------------------------------------------------
SYN-1001 : End Stage 1.3 | Flatten Module; Time: 0.971680s wall, 0.968750s user + 0.000000s system = 0.968750s CPU (99.7%); Memory(MB): used = 642, reserved = 738, peak = 642;

SYN-1079 : finish stage Flatten Module. Total instances: 33916, Total nets: 92215.

SYN-1001 : Stage 1.4 | Uniform Instance
SYN-5013 WARNING: Undriven net: model "design_top_wrapper" / net "u_hdmi_tx/u_key_remove_shakes/I_rst_n" in ../../../user_source/hdl_source/key_remove_shakes.v(14)
		the net's pin: pin "I" in ../../../user_source/hdl_source/key_remove_shakes.v(46)
SYN-5013 WARNING: Undriven net: model "design_top_wrapper" / net "u_isp_top/O_tready" in ../../../user_source/hdl_source/isp/isp_top.v(11)
		the net's pin: pin "i" in ../../../user_source/hdl_source/isp/isp_top.v(32)
SYN-5013 WARNING: Undriven net: model "design_top_wrapper" / net "u_isp_top/u_awb/signal_delay_d/rd_en_syn_3" in ../../../user_source/hdl_source/signal_delay.v(34)
		the net's pin: pin "i" in ../../../user_source/hdl_source/signal_delay.v(34)
SYN-5013 WARNING: Undriven net: model "design_top_wrapper" / net "u_isp_top/u_awb/signal_delay_d/blk_mem_gen_awb_delay_signal_d/ram_f84573da5ab5_Inst/dib[95]" in ../../../user_source/ip_source/blk_mem_gen_awb_delay_signal/ram_f84573da5ab5.v(30)
		the net's pin: pin "dib[95]" in ../../../user_source/ip_source/blk_mem_gen_awb_delay_signal/ram_f84573da5ab5.v(60)
SYN-5013 WARNING: Undriven net: model "design_top_wrapper" / net "u_isp_top/u_awb/signal_delay_d/blk_mem_gen_awb_delay_signal_d/ram_f84573da5ab5_Inst/dib[94]" in ../../../user_source/ip_source/blk_mem_gen_awb_delay_signal/ram_f84573da5ab5.v(30)
		the net's pin: pin "dib[94]" in ../../../user_source/ip_source/blk_mem_gen_awb_delay_signal/ram_f84573da5ab5.v(60)
SYN-5013 WARNING: Undriven net: model "design_top_wrapper" / net "u_isp_top/u_awb/signal_delay_d/blk_mem_gen_awb_delay_signal_d/ram_f84573da5ab5_Inst/dib[93]" in ../../../user_source/ip_source/blk_mem_gen_awb_delay_signal/ram_f84573da5ab5.v(30)
		the net's pin: pin "dib[93]" in ../../../user_source/ip_source/blk_mem_gen_awb_delay_signal/ram_f84573da5ab5.v(60)
SYN-5013 WARNING: Undriven net: model "design_top_wrapper" / net "u_isp_top/u_awb/signal_delay_d/blk_mem_gen_awb_delay_signal_d/ram_f84573da5ab5_Inst/dib[92]" in ../../../user_source/ip_source/blk_mem_gen_awb_delay_signal/ram_f84573da5ab5.v(30)
		the net's pin: pin "dib[92]" in ../../../user_source/ip_source/blk_mem_gen_awb_delay_signal/ram_f84573da5ab5.v(60)
SYN-5013 WARNING: Undriven net: model "design_top_wrapper" / net "u_isp_top/u_awb/signal_delay_d/blk_mem_gen_awb_delay_signal_d/ram_f84573da5ab5_Inst/dib[91]" in ../../../user_source/ip_source/blk_mem_gen_awb_delay_signal/ram_f84573da5ab5.v(30)
		the net's pin: pin "dib[91]" in ../../../user_source/ip_source/blk_mem_gen_awb_delay_signal/ram_f84573da5ab5.v(60)
SYN-5013 WARNING: Undriven net: model "design_top_wrapper" / net "u_isp_top/u_awb/signal_delay_d/blk_mem_gen_awb_delay_signal_d/ram_f84573da5ab5_Inst/dib[90]" in ../../../user_source/ip_source/blk_mem_gen_awb_delay_signal/ram_f84573da5ab5.v(30)
		the net's pin: pin "dib[90]" in ../../../user_source/ip_source/blk_mem_gen_awb_delay_signal/ram_f84573da5ab5.v(60)
SYN-5013 WARNING: Undriven net: model "design_top_wrapper" / net "u_isp_top/u_awb/signal_delay_d/blk_mem_gen_awb_delay_signal_d/ram_f84573da5ab5_Inst/dib[89]" in ../../../user_source/ip_source/blk_mem_gen_awb_delay_signal/ram_f84573da5ab5.v(30)
		the net's pin: pin "dib[89]" in ../../../user_source/ip_source/blk_mem_gen_awb_delay_signal/ram_f84573da5ab5.v(60)
SYN-5013 Similar messages will be suppressed.
SYN-5025 WARNING: Using 0 for all undriven pins and nets
SYN-1001 : End Stage 1.4 | Uniform Instance; Time: 0.566223s wall, 0.562500s user + 0.000000s system = 0.562500s CPU (99.3%); Memory(MB): used = 555, reserved = 546, peak = 642;

SYN-1079 : finish stage Uniform Instance. Total instances: 31538, Total nets: 89035.

SYN-1001 : Stage 1.5 | Optimize Design
SYN-1066 : Inferred FSM for state register 'u_lens_i2c_ctrl/state_reg' in module 'design_top_wrapper'
--------------------------------------------
     Previous Encoding     New Encoding
--------------------------------------------
                   000            00001
                   001            00010
                   010            00100
                   011            01000
                   100            10000
--------------------------------------------
SYN-1067 : encoded FSM with state register 'u_lens_i2c_ctrl/state_reg' using encoding 'one_hot' in model 'design_top_wrapper'
SYN-1066 : Inferred FSM for state register 'u_mipi_dphy_rx_ph1p_mipiio_wrapper/u_ph1p_mipiio_rx_wrapper/u_lane0_hs_detect/S_lp_state_reg' in module 'design_top_wrapper'
--------------------------------------------
     Previous Encoding     New Encoding
--------------------------------------------
                   000            00001
                   001            00010
                   010            00100
                   011            01000
                   100            10000
--------------------------------------------
SYN-1067 : encoded FSM with state register 'u_mipi_dphy_rx_ph1p_mipiio_wrapper/u_ph1p_mipiio_rx_wrapper/u_lane0_hs_detect/S_lp_state_reg' using encoding 'one_hot' in model 'design_top_wrapper'
SYN-1066 : Inferred FSM for state register 'u_ph1p35_324_ddr_wrapper/u_ddr2/ph1p_ddrmc_wrapper/ph1p_ddrmc_top/u_alc_mc_top/page_ctrl[0]$u_page_ctrl/gr_cas_state_reg' in module 'design_top_wrapper'
--------------------------------------------
     Previous Encoding     New Encoding
--------------------------------------------
                    01               01
                    10               10
--------------------------------------------
SYN-1067 : encoded FSM with state register 'u_ph1p35_324_ddr_wrapper/u_ddr2/ph1p_ddrmc_wrapper/ph1p_ddrmc_top/u_alc_mc_top/page_ctrl[0]$u_page_ctrl/gr_cas_state_reg' using encoding 'one_hot' in model 'design_top_wrapper'
SYN-1066 : Inferred FSM for state register 'u_ph1p35_324_ddr_wrapper/u_ddr2/ph1p_ddrmc_wrapper/ph1p_ddrmc_top/u_alc_mc_top/page_ctrl[1]$u_page_ctrl/gr_cas_state_reg' in module 'design_top_wrapper'
--------------------------------------------
     Previous Encoding     New Encoding
--------------------------------------------
                    01               01
                    10               10
--------------------------------------------
SYN-1067 : encoded FSM with state register 'u_ph1p35_324_ddr_wrapper/u_ddr2/ph1p_ddrmc_wrapper/ph1p_ddrmc_top/u_alc_mc_top/page_ctrl[1]$u_page_ctrl/gr_cas_state_reg' using encoding 'one_hot' in model 'design_top_wrapper'
SYN-1066 : Inferred FSM for state register 'u_ph1p35_324_ddr_wrapper/u_ddr2/ph1p_ddrmc_wrapper/ph1p_ddrmc_top/u_alc_mc_top/page_ctrl[2]$u_page_ctrl/gr_cas_state_reg' in module 'design_top_wrapper'
--------------------------------------------
     Previous Encoding     New Encoding
--------------------------------------------
                    01               01
                    10               10
--------------------------------------------
SYN-1067 : encoded FSM with state register 'u_ph1p35_324_ddr_wrapper/u_ddr2/ph1p_ddrmc_wrapper/ph1p_ddrmc_top/u_alc_mc_top/page_ctrl[2]$u_page_ctrl/gr_cas_state_reg' using encoding 'one_hot' in model 'design_top_wrapper'
SYN-1066 : Inferred FSM for state register 'u_ph1p35_324_ddr_wrapper/u_ddr2/ph1p_ddrmc_wrapper/ph1p_ddrmc_top/u_alc_mc_top/page_ctrl[3]$u_page_ctrl/gr_cas_state_reg' in module 'design_top_wrapper'
--------------------------------------------
     Previous Encoding     New Encoding
--------------------------------------------
                    01               01
                    10               10
--------------------------------------------
SYN-1067 : encoded FSM with state register 'u_ph1p35_324_ddr_wrapper/u_ddr2/ph1p_ddrmc_wrapper/ph1p_ddrmc_top/u_alc_mc_top/page_ctrl[3]$u_page_ctrl/gr_cas_state_reg' using encoding 'one_hot' in model 'design_top_wrapper'
SYN-1066 : Inferred FSM for state register 'u_ph1p35_324_ddr_wrapper/u_ddr2/ph1p_ddrmc_wrapper/ph1p_ddrmc_top/u_alc_mc_top/u_ref_ctrl/ref_cst_reg' in module 'design_top_wrapper'
--------------------------------------------
     Previous Encoding     New Encoding
--------------------------------------------
             000000001        000000001
             000000010        000000010
             000000100        000000100
             000001000        000001000
             000010000        000010000
             000100000        000100000
             001000000        001000000
             010000000        010000000
             100000000        100000000
--------------------------------------------
SYN-1067 : encoded FSM with state register 'u_ph1p35_324_ddr_wrapper/u_ddr2/ph1p_ddrmc_wrapper/ph1p_ddrmc_top/u_alc_mc_top/u_ref_ctrl/ref_cst_reg' using encoding 'one_hot' in model 'design_top_wrapper'
SYN-1066 : Inferred FSM for state register 'u_ph1p35_324_ddr_wrapper/u_ddr2/ph1p_ddrmc_wrapper/ph1p_ddrmc_top/u_ddr_phy/u_ddrphy_top/u_ddrphy_mdl_cal_wrapper/mdl_cal[0]$u_ddrphy_mdl_cal/lcdl_cal_state_reg' in module 'design_top_wrapper'
--------------------------------------------
     Previous Encoding     New Encoding
--------------------------------------------
                  0000      00000000001
                  0001      00000000010
                  0010      00000000100
                  0011      00000001000
                  0100      00000010000
                  0101      00000100000
                  0110      00001000000
                  0111      00010000000
                  1000      00100000000
                  1010      01000000000
                  1001      10000000000
--------------------------------------------
SYN-1067 : encoded FSM with state register 'u_ph1p35_324_ddr_wrapper/u_ddr2/ph1p_ddrmc_wrapper/ph1p_ddrmc_top/u_ddr_phy/u_ddrphy_top/u_ddrphy_mdl_cal_wrapper/mdl_cal[0]$u_ddrphy_mdl_cal/lcdl_cal_state_reg' using encoding 'one_hot' in model 'design_top_wrapper'
SYN-1066 : Inferred FSM for state register 'u_ph1p35_324_ddr_wrapper/u_ddr2/ph1p_ddrmc_wrapper/ph1p_ddrmc_top/u_ddr_phy/u_ddrphy_top/u_ddrphy_mdl_cal_wrapper/mdl_cal[1]$u_ddrphy_mdl_cal/lcdl_cal_state_reg' in module 'design_top_wrapper'
--------------------------------------------
     Previous Encoding     New Encoding
--------------------------------------------
                  0000      00000000001
                  0001      00000000010
                  0010      00000000100
                  0011      00000001000
                  0100      00000010000
                  0101      00000100000
                  0110      00001000000
                  0111      00010000000
                  1000      00100000000
                  1010      01000000000
                  1001      10000000000
--------------------------------------------
SYN-1067 : encoded FSM with state register 'u_ph1p35_324_ddr_wrapper/u_ddr2/ph1p_ddrmc_wrapper/ph1p_ddrmc_top/u_ddr_phy/u_ddrphy_top/u_ddrphy_mdl_cal_wrapper/mdl_cal[1]$u_ddrphy_mdl_cal/lcdl_cal_state_reg' using encoding 'one_hot' in model 'design_top_wrapper'
SYN-1066 : Inferred FSM for state register 'u_uicfgcs500/TS_S_reg' in module 'design_top_wrapper'
--------------------------------------------
     Previous Encoding     New Encoding
--------------------------------------------
                    00             0001
                    01             0010
                    10             0100
                    11             1000
--------------------------------------------
SYN-1067 : encoded FSM with state register 'u_uicfgcs500/TS_S_reg' using encoding 'one_hot' in model 'design_top_wrapper'
SYN-1057 : Inferred 10 FSM(s)
SYN-1001 : Optimize 3 less-than instances
SYN-1001 : Optimize 4 less-than instances
SYN-1032 : 79249/2975 useful/useless nets, 30135/209 useful/useless insts
SYN-1001 : Bypass 1 mux instances
SYN-1021 : Optimized 21 onehot mux instances.
SYN-1068 : Optimized 34 binary mux instances.
SYN-1019 : Optimized 6 mux instances.
SYN-1021 : Optimized 4 onehot mux instances.
SYN-1021 : Optimized 4 onehot mux instances.
SYN-1021 : Optimized 27 onehot mux instances.
SYN-1016 : Merged 3205 instances.
8.888000
15.000000
15.000000
13.333000
SYN-1016 : Merged 2805 instances.
SYN-1001 : End Stage 1.5 | Optimize Design; Time: 9.201543s wall, 8.781250s user + 0.265625s system = 9.046875s CPU (98.3%); Memory(MB): used = 919, reserved = 901, peak = 919;

SYN-1079 : finish stage Optimize Design. Total instances: 51080, Total nets: 58776.

SYN-1001 : Stage 1.6 | Optimize Iteratively
SYN-1019 : Optimized 58 mux instances.
SYN-1021 : Optimized 264 onehot mux instances.
SYN-1014 : Optimize round 1
SYN-1044 : Optimized 220 inv instances.
SYN-1017 : Remove 105 const input seq instances
SYN-1018 : Transformed 4 mux instances.
SYN-1019 : Optimized 378 mux instances.
SYN-1020 : Optimized 1686 distributor mux.
SYN-1001 : Optimize 100 less-than instances
SYN-1019 : Optimized 100 mux instances.
SYN-2595 : bram inst: u_isp_top/u_awb/signal_delay_d/blk_mem_gen_awb_delay_signal_d/ram_f84573da5ab5_Inst/username_inst is set to PDPW/SP from DP for resource saving
SYN-2595 : bram inst: u_isp_top/u_demosaic/raw_matrix_3x3_buffer_d/two_line_buffer[1]$line_buffer_demosaic_r1/blk_mem_gen_demosaic_r0/ram_c36c2ca3b3a7_Inst/username_inst is set to PDPW/SP from DP for resource saving
SYN-2595 : bram inst: u_isp_top/u_demosaic/raw_matrix_3x3_buffer_d/two_line_buffer[2]$line_buffer_demosaic_r1/blk_mem_gen_demosaic_r0/ram_c36c2ca3b3a7_Inst/username_inst is set to PDPW/SP from DP for resource saving
SYN-2595 : bram inst: u_isp_top/u_demosaic/raw_matrix_3x3_buffer_d/zhenghe_d/blk_mem_gen_zhenghe_d1/ram_d32970204f32_Inst/username_inst is set to PDPW/SP from DP for resource saving
SYN-2593 : bram inst: u_isp_top/u_demosaic/raw_matrix_3x3_buffer_d/two_line_buffer[2]$line_buffer_demosaic_r1/blk_mem_gen_demosaic_r0/ram_c36c2ca3b3a7_Inst/username_inst will be optimized to a new one with A-width 32 due to unused data out
SYN-1016 : Merged 7358 instances.
SYN-1015 : Optimize round 1, 21808 better
SYN-1014 : Optimize round 2
SYN-1044 : Optimized 27 inv instances.
SYN-1017 : Remove 7 const input seq instances
SYN-1019 : Optimized 588 mux instances.
SYN-1020 : Optimized 77 distributor mux.
SYN-1019 : Optimized 136 mux instances.
SYN-1016 : Merged 147 instances.
SYN-1015 : Optimize round 2, 1155 better
SYN-5011 WARNING: Undriven pin: model "design_top_wrapper" / inst "u_isp_top/u_demosaic/raw_matrix_3x3_buffer_d/two_line_buffer[2]$line_buffer_demosaic_r1/blk_mem_gen_demosaic_r0/ram_c36c2ca3b3a7_Inst/username_inst" in ../../../user_source/hdl_source/isp/demosaic_4x_2_0/blk_mem_gen_demosaic/RTL/ram_c36c2ca3b3a7.v(91) / pin "bea[0]"
SYN-5011 WARNING: Undriven pin: model "design_top_wrapper" / inst "u_isp_top/u_demosaic/raw_matrix_3x3_buffer_d/two_line_buffer[2]$line_buffer_demosaic_r1/blk_mem_gen_demosaic_r0/ram_c36c2ca3b3a7_Inst/username_inst" in ../../../user_source/hdl_source/isp/demosaic_4x_2_0/blk_mem_gen_demosaic/RTL/ram_c36c2ca3b3a7.v(91) / pin "beb[0]"
SYN-5025 WARNING: Using 0 for all undriven pins and nets
SYN-3010 : Optimized 404 DFF(s)
SYN-1014 : Optimize round 1
SYN-1017 : Remove 29 const input seq instances
SYN-1019 : Optimized 8 mux instances.
SYN-1020 : Optimized 127 distributor mux.
SYN-1019 : Optimized 7 mux instances.
SYN-1016 : Merged 648 instances.
SYN-1015 : Optimize round 1, 919 better
SYN-1014 : Optimize round 2
SYN-1044 : Optimized 3 inv instances.
SYN-1017 : Remove 3 const input seq instances
SYN-1019 : Optimized 1 mux instances.
SYN-1020 : Optimized 9 distributor mux.
SYN-1016 : Merged 29 instances.
SYN-1015 : Optimize round 2, 52 better
SYN-1014 : Optimize round 3
SYN-1017 : Remove 3 const input seq instances
SYN-1015 : Optimize round 3, 6 better
SYN-1014 : Optimize round 4
SYN-1017 : Remove 15 const input seq instances
SYN-1019 : Optimized 84 mux instances.
SYN-1015 : Optimize round 4, 105 better
SYN-1014 : Optimize round 5
SYN-1017 : Remove 12 const input seq instances
SYN-1019 : Optimized 15 mux instances.
SYN-1015 : Optimize round 5, 33 better
SYN-1014 : Optimize round 6
SYN-1017 : Remove 12 const input seq instances
SYN-1019 : Optimized 9 mux instances.
SYN-1016 : Merged 2 instances.
SYN-1015 : Optimize round 6, 26 better
SYN-1014 : Optimize round 7
SYN-1017 : Remove 16 const input seq instances
SYN-1019 : Optimized 18 mux instances.
SYN-1016 : Merged 2 instances.
SYN-1015 : Optimize round 7, 36 better
SYN-1014 : Optimize round 8
SYN-1017 : Remove 1 const input seq instances
SYN-1015 : Optimize round 8, 1 better
SYN-1001 : End Stage 1.6 | Optimize Iteratively; Time: 57.984292s wall, 54.656250s user + 1.906250s system = 56.562500s CPU (97.5%); Memory(MB): used = 886, reserved = 875, peak = 941;

SYN-1079 : finish stage Optimize Iteratively. Total instances: 44925, Total nets: 52404.

SYN-1001 : Stage 1.7 | Check Design
SYN-1001 : End Stage 1.7 | Check Design; Time: 0.020673s wall, 0.015625s user + 0.000000s system = 0.015625s CPU (75.6%); Memory(MB): used = 886, reserved = 875, peak = 941;

SYN-1079 : finish stage Check Design. Total instances: 44925, Total nets: 52404.

SYN-1001 : End Stage 1 | Optimize RTL; Time: 73.110885s wall, 69.250000s user + 2.218750s system = 71.468750s CPU (97.8%); Memory(MB): used = 886, reserved = 875, peak = 941;

SYN-1079 : finish stage Optimize RTL. Total instances: 44925, Total nets: 52404.

RUN-1003 : finish command "optimize_rtl" in  73.128598s wall, 69.265625s user + 2.218750s system = 71.484375s CPU (97.8%)

RUN-1004 : used memory is 886 MB, reserved memory is 875 MB, peak memory is 941 MB
RUN-1002 : start command "report_area -file camera_to_dsi_display_rtl.area"
RUN-1001 : standard
***Report Model: design_top_wrapper Device: PH1P35MDG324***

IO Statistics
#IO                        80
  #input                    9
  #output                  35
  #inout                   36

Gate Statistics
#Basic gates            26305
  #and                   1099
  #nand                     0
  #or                     810
  #nor                      0
  #xor                     95
  #xnor                     0
  #buf                      0
  #not                    981
  #bufif1                   4
  #MX21                  5316
  #FADD                     0
  #DFF                  18000
  #LATCH                    0
#MACRO_ADD                533
#MACRO_EQ                 327
#MACRO_MULT                 8
#MACRO_MUX               7090
#MACRO_OTHERS              14

LUT Statistics
#Total_luts              4530
  #lut4                  2054
  #lut5                    44
  #lut6                   178
  #lut5_mx41                0
  #lut4_alu1b            2254

RUN-1002 : start command "export_db camera_to_dsi_display_rtl.db"
RUN-1001 : Exported flow parameters
RUN-1001 : Exported /
RUN-1001 : Exported libs
RUN-1001 : Exported entities
RUN-1001 : Exported ports
RUN-1001 : Exported pins
RUN-1001 : Exported instances
RUN-1001 : Exported nets
RUN-1001 : Exported buses
RUN-1001 : Exported models
RUN-1001 : Exported packer
RUN-1001 : Exported congestions
RUN-1001 : Exported violations
RUN-1001 : Exported ATMR Setting
RUN-1001 : Exported timing constraints
RUN-1001 : Exported IO constraints
RUN-1001 : Exported Inst constraints
RUN-1001 : Exported ChipWatcher
RUN-1003 : finish command "export_db camera_to_dsi_display_rtl.db" in  1.074032s wall, 1.359375s user + 0.062500s system = 1.421875s CPU (132.4%)

RUN-1004 : used memory is 927 MB, reserved memory is 1025 MB, peak memory is 941 MB
RUN-1002 : start command "commit_param -step gate"
RUN-1001 : Print Global Property
RUN-1001 : -------------------------------------------------------------
RUN-1001 :     Parameters    |   Settings   |  Default Values  |  Note  
RUN-1001 : -------------------------------------------------------------
RUN-1001 :    enable_seed    |     off      |       off        |        
RUN-1001 :    hfn_to_clock   |  1000000000  |    1000000000    |        
RUN-1001 :      message      |   standard   |     standard     |        
RUN-1001 :    qor_monitor    |      on      |        on        |        
RUN-1001 :   speedup_effort  |      0       |        0         |        
RUN-1001 :    syn_ip_flow    |     off      |       off        |        
RUN-1001 :       thread      |     auto     |       auto       |        
RUN-1001 : -------------------------------------------------------------
RUN-1001 : Print Gate Property
RUN-1001 : ----------------------------------------------------------------
RUN-1001 :       Parameters       |  Settings  |  Default Values  |  Note  
RUN-1001 : ----------------------------------------------------------------
RUN-1001 :   eram_cascade_height  |    auto    |       auto       |        
RUN-1001 :        map_mode        |    auto    |       auto       |        
RUN-1001 :      map_strategy      |     1      |        1         |        
RUN-1001 :       pack_effort      |   medium   |      medium      |        
RUN-1001 :     pack_seq_in_io     |    auto    |       auto       |        
RUN-1001 :         report         |  standard  |     standard     |        
RUN-1001 : ----------------------------------------------------------------
RUN-1002 : start command "optimize_gate -packarea camera_to_dsi_display_gate.area"
RUN-1001 : Open license file F:/AnlogicFpga/TD_6.2.1_Engineer_6.2.168.116/license/Anlogic.lic
SYN-1001 : Stage 2 | Optimize Gate
SYN-1001 : Stage 2.1 | Map Reg
SYN-1001 : End Stage 2.1 | Map Reg; Time: 2.120335s wall, 2.015625s user + 0.078125s system = 2.093750s CPU (98.7%); Memory(MB): used = 910, reserved = 1000, peak = 941;

SYN-1079 : finish stage Map Reg. Total instances: 44925, Total nets: 52404.

SYN-1001 : Stage 2.2 | Map IO
SYN-2001 : Map 80 IOs to PADs of model 'design_top_wrapper'
SYN-1001 : End Stage 2.2 | Map IO; Time: 1.286756s wall, 1.281250s user + 0.000000s system = 1.281250s CPU (99.6%); Memory(MB): used = 911, reserved = 1001, peak = 941;

SYN-1001 : Stage 2.3 | Map Macro
RUN-1002 : start command "update_pll_param -module design_top_wrapper"
SYN-2501 : Processed 0 LOGIC_BUF instances.
SYN-2501 : 3 BUFG to GCLK
SYN-2501 : 1 QSPI2MCU to CONFIG
SYN-2541 : Logic Ram FIFO "u_hdmi_tx/u_hdmi_1_4b_transmitter_core_wrapper/u_hdmi_tx_controller_wrapper/u_hdmi_island_data_gen/U_audio_sample_packet_2_channel/u_w96_d1024_fifo/u_logic_ramfifo"
SYN-2541 : Logic Ram FIFO "u_hdmi_tx/u_hdmi_1_4b_transmitter_core_wrapper/u_hdmi_tx_controller_wrapper/u_video_axi_stream_receiver/u_w24_d1024_fifo/u_logic_ramfifo"
SYN-5041 WARNING: Ram Inst: u_mc_to_user_interface/U_w155_d512_fifo/soft_fifo_al_f58e8b3e1f3d_Inst/ram_inst/ramread0_syn_22 has wrong RAM_STYLE/ROM_STYLE setting, AUTO is really used in ram inference
SYN-5041 WARNING: Ram Inst: u_video_in/U_w128_d512_fifo/soft_fifo_al_4057d6b76aa6_Inst/ram_inst/ramread0_syn_21 has wrong RAM_STYLE/ROM_STYLE setting, AUTO is really used in ram inference
SYN-5041 WARNING: Ram Inst: u_video_out/U_w128_d512_fifo/soft_fifo_al_4057d6b76aa6_Inst/ram_inst/ramread0_syn_21 has wrong RAM_STYLE/ROM_STYLE setting, AUTO is really used in ram inference
SYN-2571 : Map 8 macro multiplier
SYN-2571 : Optimize after map_dsp, round 1
SYN-1016 : Merged 34 instances.
SYN-2571 : Optimize after map_dsp, round 1, 34 better
SYN-2571 : Optimize after map_dsp, round 2
SYN-2571 : Optimize after map_dsp, round 2, 0 better
SYN-2601 : All the used dsp number is 8
SYN-1001 : Throwback 425 control mux instances
SYN-1001 : clone 1 adder instances
SYN-1001 : Generate 54 bigger adders
SYN-1001 : Convert 24 adder
8.888000
15.000000
15.000000
13.333000
SYN-1001 : Optimize 91 adders
SYN-1001 : Convert 6 adder
SYN-2501 : Optimize round 1
SYN-1016 : Merged 740 instances.
SYN-2501 : Optimize round 1, 2888 better
SYN-2501 : Optimize round 2
SYN-2501 : Optimize round 2, 12 better
SYN-2501 : Optimize round 1
SYN-2501 : Optimize round 1, 0 better
SYN-1030 : Map 12 macro adder
SYN-2501 : Map 446 macro adder(s)
SYN-1019 : Optimized 1028 mux instances.
SYN-1016 : Merged 2027 instances.
SYN-5011 WARNING: Undriven pin: model "design_top_wrapper" / inst "u_ph1p35_324_ddr_wrapper/u_ddr2/ph1p_ddrmc_wrapper/ph1p_ddrmc_top/u_ddr_phy/u_ddrphy_top/u_ddrphy_init/ramread0_syn_24" in ../../../user_source/hdl_source/ph1p35_ddr/ddr2/src/rtl/phy/ph1p_ddrphy_init.v(73) / pin "di[7]"
SYN-5011 WARNING: Undriven pin: model "design_top_wrapper" / inst "u_ph1p35_324_ddr_wrapper/u_ddr2/ph1p_ddrmc_wrapper/ph1p_ddrmc_top/u_ddr_phy/u_ddrphy_top/u_ddrphy_init/ramread0_syn_24" in ../../../user_source/hdl_source/ph1p35_ddr/ddr2/src/rtl/phy/ph1p_ddrphy_init.v(73) / pin "di[6]"
SYN-5011 WARNING: Undriven pin: model "design_top_wrapper" / inst "u_ph1p35_324_ddr_wrapper/u_ddr2/ph1p_ddrmc_wrapper/ph1p_ddrmc_top/u_ddr_phy/u_ddrphy_top/u_ddrphy_init/ramread0_syn_24" in ../../../user_source/hdl_source/ph1p35_ddr/ddr2/src/rtl/phy/ph1p_ddrphy_init.v(73) / pin "di[5]"
SYN-5011 WARNING: Undriven pin: model "design_top_wrapper" / inst "u_ph1p35_324_ddr_wrapper/u_ddr2/ph1p_ddrmc_wrapper/ph1p_ddrmc_top/u_ddr_phy/u_ddrphy_top/u_ddrphy_init/ramread0_syn_24" in ../../../user_source/hdl_source/ph1p35_ddr/ddr2/src/rtl/phy/ph1p_ddrphy_init.v(73) / pin "di[4]"
SYN-5011 WARNING: Undriven pin: model "design_top_wrapper" / inst "u_ph1p35_324_ddr_wrapper/u_ddr2/ph1p_ddrmc_wrapper/ph1p_ddrmc_top/u_ddr_phy/u_ddrphy_top/u_ddrphy_init/ramread0_syn_24" in ../../../user_source/hdl_source/ph1p35_ddr/ddr2/src/rtl/phy/ph1p_ddrphy_init.v(73) / pin "di[3]"
SYN-5011 WARNING: Undriven pin: model "design_top_wrapper" / inst "u_ph1p35_324_ddr_wrapper/u_ddr2/ph1p_ddrmc_wrapper/ph1p_ddrmc_top/u_ddr_phy/u_ddrphy_top/u_ddrphy_init/ramread0_syn_24" in ../../../user_source/hdl_source/ph1p35_ddr/ddr2/src/rtl/phy/ph1p_ddrphy_init.v(73) / pin "di[2]"
SYN-5011 WARNING: Undriven pin: model "design_top_wrapper" / inst "u_ph1p35_324_ddr_wrapper/u_ddr2/ph1p_ddrmc_wrapper/ph1p_ddrmc_top/u_ddr_phy/u_ddrphy_top/u_ddrphy_init/ramread0_syn_24" in ../../../user_source/hdl_source/ph1p35_ddr/ddr2/src/rtl/phy/ph1p_ddrphy_init.v(73) / pin "di[1]"
SYN-5011 WARNING: Undriven pin: model "design_top_wrapper" / inst "u_ph1p35_324_ddr_wrapper/u_ddr2/ph1p_ddrmc_wrapper/ph1p_ddrmc_top/u_ddr_phy/u_ddrphy_top/u_ddrphy_init/ramread0_syn_24" in ../../../user_source/hdl_source/ph1p35_ddr/ddr2/src/rtl/phy/ph1p_ddrphy_init.v(73) / pin "di[0]"
SYN-5011 WARNING: Undriven pin: model "design_top_wrapper" / inst "u_ph1p35_324_ddr_wrapper/u_ddr2/ph1p_ddrmc_wrapper/ph1p_ddrmc_top/u_ddr_phy/u_ddrphy_top/u_ddrphy_init/ramread0_syn_25" in ../../../user_source/hdl_source/ph1p35_ddr/ddr2/src/rtl/phy/ph1p_ddrphy_init.v(73) / pin "di[7]"
SYN-5011 WARNING: Undriven pin: model "design_top_wrapper" / inst "u_ph1p35_324_ddr_wrapper/u_ddr2/ph1p_ddrmc_wrapper/ph1p_ddrmc_top/u_ddr_phy/u_ddrphy_top/u_ddrphy_init/ramread0_syn_25" in ../../../user_source/hdl_source/ph1p35_ddr/ddr2/src/rtl/phy/ph1p_ddrphy_init.v(73) / pin "di[6]"
SYN-5011 Similar messages will be suppressed.
SYN-5025 WARNING: Using 0 for all undriven pins and nets
SYN-1001 : End Stage 2.3 | Map Macro; Time: 26.691132s wall, 24.937500s user + 1.515625s system = 26.453125s CPU (99.1%); Memory(MB): used = 986, reserved = 1040, peak = 986;

SYN-1079 : finish stage Map Macro. Total instances: 49873, Total nets: 57881.

SYN-1001 : Stage 2.4 | Map Gate
SYN-3001 : Collect 8826 PI 5861 PO (111 timing unconstrained) for mapping
SYN-2581 : Mapping with K=6, #lut = 9140 (3.97), #lev = 11 (2.80), #crit_level = 6
SYN-2551 : Post LUT mapping optimization.
SYN-2581 : Mapping with K=6, #lut = 8546 (3.89), #lev = 11 (2.91), #crit_level = 5
SYN-3001 : Logic optimization opt = 7.95 sec, map = 2.24 sec, post map opt = 7.65 sec.
SYN-1001 : End Stage 2.4 | Map Gate; Time: 34.579041s wall, 34.265625s user + 0.140625s system = 34.406250s CPU (99.5%); Memory(MB): used = 1022, reserved = 1040, peak = 1022;

SYN-1001 : Packing model "design_top_wrapper" ...
SYN-1001 : Stage 2.5 | Pack Gate
SYN-4010 : Pack lib has 43 rtl pack models with 26 top pack blocks
SYN-1014 : Optimize round 1
SYN-1015 : Optimize round 1, 0 better
SYN-4002 : Packing 14809 DFF/LATCH to SEQ ...
SYN-1001 : Remove 231 carry adders
RUN-1002 : start command "start_timer"
8.888000
15.000000
15.000000
13.333000
RUN-1003 : finish command "start_timer" in  3.076309s wall, 3.078125s user + 0.000000s system = 3.078125s CPU (100.1%)

RUN-1004 : used memory is 993 MB, reserved memory is 1010 MB, peak memory is 1022 MB
RUN-1002 : start command "end_timer"
SYN-4009 : Pack 190 carry chain into lslice
SYN-1001 : End Stage 2.5 | Pack Gate; Time: 14.098743s wall, 9.187500s user + 4.828125s system = 14.015625s CPU (99.4%); Memory(MB): used = 1016, reserved = 1032, peak = 1022;

RUN-1002 : start command "report_qor -step gate -file gate.qor"
RUN-1002 : start command "start_timer"
RUN-1003 : finish command "start_timer" in  3.444471s wall, 3.406250s user + 0.015625s system = 3.421875s CPU (99.3%)

RUN-1004 : used memory is 1016 MB, reserved memory is 1033 MB, peak memory is 1022 MB
-----------------------------------------------------------
| QoR metrics               |         value               |
-----------------------------------------------------------
| Timing                    |                             |
|     Setup WNS             |         -580                |
|     Setup TNS             |         -828                |
|     Num of violated S-EP  |            2                |
|     Hold WNS              |          114                |
|     Hold TNS              |            0                |
|     Num of violated H-EP  |            0                |
-----------------------------------------------------------
| Utilization               |                             |
|     #registers            |        14809                |
|     #luts                 |        10853                |
|     #lut1                 |          109                |
|     #lut1(~A)             |          109                |
|     #slices               |         3905                |
|     slices percentage     |       18.41%                |
|     #RAMs                 |           49                |
|     #DSPs                 |            8                |
|     #f7mux                |        0.00%                |
|     #MACROs               |          249                |
|     #insts in MACRO       |         3972                |
-----------------------------------------------------------
| kept_net                  |                             |
|     #syn_keep             |         2580                |
|     #keep_hier            |          844                |
|     #dont_touch           |            0                |
|     #mark_debug           |            0                |
|     #max_fanout_keep      |            0                |
|     #async_reg            |            6                |
-----------------------------------------------------------
| Top 10% datanet fanout#   |        32.67                |
| dff(single fanout)->dff   |         1050                |
| dff(single fanout)->dram  |          129                |
-----------------------------------------------------------
| Over-quota path num*      |                             |
|     Total                 |            0                |
-----------------------------------------------------------
| Rent**                    |                             |
-----------------------------------------------------------
Note*: Over-quota path shows the over-path-level-threshold path number of each clock.
       The clock will not be shown if no path is with path level over the threshold.
       The threshold is defined as worst path_margin / 800ps.
Note**: Rent shows the rent exponent value of the modules whose rent value exceeds the threshold.
        Only modules under top are reported, and the threshold is defined as 0.7.

Logic Level Distribution
---------------------------------------------------------------------------------------------------------------------------------------------------------------------------------------------------------------------------------
  Clock                                                                                               |  Period             |  0      |  1     |  2     |  3     |  4     |  5     |  6    |  7    |  8    |  9   |  10   |  11
---------------------------------------------------------------------------------------------------------------------------------------------------------------------------------------------------------------------------------
  HDMI_PIXEL_CLK                                                                                      |  13.333ns (75MHz)   |  1461   |  730   |  219   |  187   |  205   |  56    |  13   |  31   |  1    |  0   |  14   |  10
  HDMI_SERIAL_CLK                                                                                     |  2.666ns (375MHz)   |  20     |  41    |  0     |  0     |  0     |  0     |  0    |  0    |  0    |  0   |  0    |  0
  MIPI_RX_BYTE_CLK                                                                                    |  8.888ns (112MHz)   |  5793   |  2657  |  715   |  1567  |  963   |  570   |  20   |  36   |  41   |  3   |  0    |  0
  mipi_rx_ck_pad                                                                                      |  2.222ns (450MHz)   |  0      |  0     |  0     |  0     |  0     |  0     |  0    |  0    |  0    |  0   |  0    |  0
  pll_clk_100m                                                                                        |  10.000ns (100MHz)  |  5      |  3     |  2     |  0     |  0     |  0     |  0    |  0    |  0    |  0   |  0    |  0
  pll_clk_24m                                                                                         |  42.000ns (23MHz)   |  102    |  45    |  17    |  17    |  31    |  24    |  0    |  0    |  0    |  0   |  0    |  0
  sys_clk_50m                                                                                         |  20.000ns (50MHz)   |  131    |  2     |  0     |  106   |  0     |  0     |  0    |  0    |  0    |  0   |  0    |  0
  u_PLL/ph1p_phy_pll_wrapper_25a56e5ce2f9_Inst/u_PH1P_PHY_PLL.clkc[2]                                 |  20.000ns (50MHz)   |  101    |  107   |  54    |  249   |  80    |  29    |  50   |  11   |  36   |  2   |  17   |  15
  u_PLL/ph1p_phy_pll_wrapper_25a56e5ce2f9_Inst/u_PH1P_PHY_PLL.clkc[3]                                 |  3.333ns (300MHz)   |  0      |  0     |  0     |  0     |  0     |  0     |  0    |  0    |  0    |  0   |  0    |  0
  u_mcu/MCU_521bd43d073e_Inst/PH1P_PHY_MCU_Inst.core_clk                                              |  3.333ns (300MHz)   |  0      |  0     |  0     |  0     |  0     |  0     |  0    |  0    |  0    |  0   |  0    |  0
  u_mipi_dphy_rx_ph1p_mipiio_wrapper/u_ph1p_mipiio_rx_wrapper/u_PH1P_LOGIC_DPHY_MIPI_RX.io_clk_pad_p  |  2.222ns (450MHz)   |  0      |  0     |  0     |  0     |  0     |  0     |  0    |  0    |  0    |  0   |  0    |  0
  u_mipi_dphy_rx_ph1p_mipiio_wrapper/u_ph1p_mipiio_rx_wrapper/u_PH1P_LOGIC_DPHY_MIPI_RX.tif_c16_in    |  8.888ns (112MHz)   |  0      |  0     |  0     |  0     |  0     |  0     |  0    |  0    |  0    |  0   |  0    |  0
  u_ph1p35_324_ddr_wrapper/u_ddr2/ctl_clk                                                             |  15.000ns (66MHz)   |  0      |  0     |  0     |  0     |  0     |  0     |  0    |  0    |  0    |  0   |  0    |  0
  u_ph1p35_324_ddr_wrapper/u_ddr2/ddr_clk                                                             |  3.750ns (266MHz)   |  0      |  0     |  0     |  0     |  0     |  0     |  0    |  0    |  0    |  0   |  0    |  0
  u_ph1p35_324_ddr_wrapper/u_ddr2/mcu_clk                                                             |  39.374ns (25MHz)   |  56     |  15    |  244   |  15    |  2     |  4     |  1    |  2    |  0    |  0   |  0    |  0
  u_ph1p35_324_ddr_wrapper/u_ddr2/ref_clk                                                             |  15.000ns (66MHz)   |  0      |  0     |  0     |  0     |  0     |  0     |  0    |  0    |  0    |  0   |  0    |  0
  u_ph1p35_324_ddr_wrapper/u_ddr2/usr_clk                                                             |  15.000ns (66MHz)   |  2702   |  1640  |  749   |  956   |  681   |  456   |  274  |  54   |  198  |  35  |  103  |  0
  Total                                                                                               |  NA                 |  10371  |  5240  |  2000  |  3097  |  1962  |  1139  |  358  |  134  |  276  |  40  |  134  |  25
---------------------------------------------------------------------------------------------------------------------------------------------------------------------------------------------------------------------------------
Note: The table count the worst 100000 paths, each endpoint count only one time.(24776 paths analyzed)

Hierarchical Rent Exponent Report
+---------------------------------------------------------------------------------------------+
|Inst                       |Model                     |Rent     |Cell     |Pin     |Term     |
+---------------------------------------------------------------------------------------------+
|top                        |design_top_wrapper        |0.22     |35780    |144458  |40       |
|  u_hdmi_tx                |hdmi_tx_6                 |0.48     |2309     |8302    |145      |
|  u_ph1p35_324_ddr_wrapper |ph1p35_324_ddr_wrapper_14 |0.47     |9975     |44968   |332      |
|  u_isp_top                |isp_top_8                 |0.39     |16775    |66773   |181      |
+---------------------------------------------------------------------------------------------+
Note: Cell represents total number of cells inside module; Pin represents total number of pins
      which have net connection inside module; Term represents total number of PIs and POs of module.
      Rent represents the relationship between number of terms and number of cells in module.
      A module with higher rent corresponds to highly connected logic and strong connectivity with others.
Report gate stage QoR done.

SYN-1001 : The design has 690 dangling syn_keep insts.
RUN-1003 : finish command "report_qor -step gate -file gate.qor" in  11.854797s wall, 11.625000s user + 0.093750s system = 11.718750s CPU (98.9%)

RUN-1004 : used memory is 1122 MB, reserved memory is 1105 MB, peak memory is 1122 MB
RUN-1002 : start command "report_area -file camera_to_dsi_display_gate.area"
SYN-4034 : The count of slices with lut is 19.
SYN-4035 : The count of slices with lut+ripple is 3478.
RUN-1001 : standard
***Report Model: design_top_wrapper Device: PH1P35MDG324***

Design Statistics
#IO                        70   out of    160   43.75%
  #input                    9
  #output                  35
  #inout                   26
#lut                    14758
  #lut1                   109
  #lut2                  1811
  #lut3                  4129
  #lut4                  1477
  #lut5                  1190
  #lut6                  6042
#reg                    14809
  #slice reg            14809   out of  42432   34.90%
  #pad reg                  0

Utilization Statistics
#slice*                 12072   out of  21216   56.90%
  #used ram               408
    #dram lut             296
    #shifter lut          112
  #used logic           11664
    #with luts*          6884
    #with adder          3478
    #reg only*           1302
#f7mux                      0   out of  10608    0.00%
#f8mux                      0   out of   5304    0.00%
#eram                      49   out of    108   45.37%
  #eram20k                 49
  #fifo20k                  0
#dsp                        8   out of     40   20.00%
#mcu                        1   out of      1  100.00%
#ddr_byte                   6   out of     12   50.00%
#mipi_tx                    0   out of      2    0.00%
#mipi_rx                    1   out of      2   50.00%
#pad                       29   out of    160   18.12%
#pll                        3   out of      6   50.00%
#gclk                       3   out of     32    9.38%
#lclk                       0   out of     12    0.00%
#sclk                       0   out of     48    0.00%
#mlclk                      2   out of      6   33.33%
#ioclk                      4   out of     18   22.22%

* Note! The LUT and Slice count after Optimize-Gate is not the final value, Run Optimize-place for a more realistic count.

SYN-1001 : End Stage 2 | Optimize Gate; Time: 91.194653s wall, 83.875000s user + 6.671875s system = 90.546875s CPU (99.3%); Memory(MB): used = 1122, reserved = 1105, peak = 1122;

RUN-1003 : finish command "optimize_gate -packarea camera_to_dsi_display_gate.area" in  91.223115s wall, 83.890625s user + 6.687500s system = 90.578125s CPU (99.3%)

RUN-1004 : used memory is 1122 MB, reserved memory is 1105 MB, peak memory is 1122 MB
RUN-1002 : start command "legalize_phy_inst"
SYN-1001 : Stage 3 | Legalize Phy Inst
SYN-1011 : Flatten model design_top_wrapper
SYN-1001 : ADC: Instance "u_ph1p35_324_ddr_wrapper/u_ddr2/ph1p_ddrmc_wrapper/ph1p_ddrmc_top/u_ddr_phy/u_ddrphy_top/u_ddrphy/ac_byte[0]$ac_byte_used$u_ddrphy_ac_byte_wrapper/u_ddrphy_byte" LOCATION="X0Y70Z0"
SYN-1001 : ADC: Instance "u_ph1p35_324_ddr_wrapper/u_ddr2/ph1p_ddrmc_wrapper/ph1p_ddrmc_top/u_ddr_phy/u_ddrphy_top/u_ddrphy/ac_byte[1]$ac_byte_used$u_ddrphy_ac_byte_wrapper/u_ddrphy_byte" LOCATION="X0Y60Z0"
SYN-1001 : ADC: Instance "u_ph1p35_324_ddr_wrapper/u_ddr2/ph1p_ddrmc_wrapper/ph1p_ddrmc_top/u_ddr_phy/u_ddrphy_top/u_ddrphy/ac_byte[2]$ac_byte_used$u_ddrphy_ac_byte_wrapper/u_ddrphy_byte" LOCATION="X0Y50Z0"
SYN-1001 : ADC: Instance "u_ph1p35_324_ddr_wrapper/u_ddr2/ph1p_ddrmc_wrapper/ph1p_ddrmc_top/u_ddr_phy/u_ddrphy_top/u_ddrphy/ac_byte[3]$ac_byte_used$u_ddrphy_ac_byte_wrapper/u_ddrphy_byte" LOCATION="X0Y40Z0"
SYN-1001 : ADC: Instance "u_ph1p35_324_ddr_wrapper/u_ddr2/ph1p_ddrmc_wrapper/ph1p_ddrmc_top/u_ddr_phy/u_ddrphy_top/u_ddrphy/bkref[0]$u_ddrphy_bankref" LOCATION="X0Y19Z0"
SYN-1001 : ADC: Instance "u_ph1p35_324_ddr_wrapper/u_ddr2/ph1p_ddrmc_wrapper/ph1p_ddrmc_top/u_ddr_phy/u_ddrphy_top/u_ddrphy/bkref[1]$u_ddrphy_bankref" LOCATION="X0Y59Z0"
SYN-1001 : ADC: Instance "u_ph1p35_324_ddr_wrapper/u_ddr2/ph1p_ddrmc_wrapper/ph1p_ddrmc_top/u_ddr_phy/u_ddrphy_top/u_ddrphy/dx_byte[0]$dx_byte_used$u_ddrphy_dx_byte_wrapper/u_ddrphy_byte" LOCATION="X0Y30Z0"
SYN-1001 : ADC: Instance "u_ph1p35_324_ddr_wrapper/u_ddr2/ph1p_ddrmc_wrapper/ph1p_ddrmc_top/u_ddr_phy/u_ddrphy_top/u_ddrphy/dx_byte[1]$dx_byte_used$u_ddrphy_dx_byte_wrapper/u_ddrphy_byte" LOCATION="X0Y10Z0"
SYN-1001 : ADC: Instance "u_ph1p35_324_ddr_wrapper/u_ddr2/ph1p_ddrmc_wrapper/ph1p_ddrmc_top/u_ddr_phy/u_ddrphy_top/u_ddrphy_clk/ioclk[0]$u_ioclk_0" LOCATION="X0Y59Z0"
SYN-1001 : ADC: Instance "u_ph1p35_324_ddr_wrapper/u_ddr2/ph1p_ddrmc_wrapper/ph1p_ddrmc_top/u_ddr_phy/u_ddrphy_top/u_ddrphy_clk/ioclk[0]$u_ioclk_1" LOCATION="X0Y59Z1"
SYN-1001 : ADC: Instance "u_ph1p35_324_ddr_wrapper/u_ddr2/ph1p_ddrmc_wrapper/ph1p_ddrmc_top/u_ddr_phy/u_ddrphy_top/u_ddrphy_clk/ioclk[1]$u_ioclk_0" LOCATION="X0Y19Z0"
SYN-1001 : ADC: Instance "u_ph1p35_324_ddr_wrapper/u_ddr2/ph1p_ddrmc_wrapper/ph1p_ddrmc_top/u_ddr_phy/u_ddrphy_top/u_ddrphy_clk/ioclk[1]$u_ioclk_1" LOCATION="X0Y19Z1"
SYN-1001 : ADC: Instance "u_ph1p35_324_ddr_wrapper/u_ddr2/ph1p_ddrmc_wrapper/ph1p_ddrmc_top/u_ddr_phy/u_ddrphy_top/u_ddrphy_clk/u_mlclk_1" LOCATION="X0Y59Z0"
SYN-1001 : ADC: Instance "u_ph1p35_324_ddr_wrapper/u_ddr2/ph1p_ddrmc_wrapper/ph1p_ddrmc_top/u_ddr_phy/u_ddrphy_top/u_ddrphy_clk/u_mlclk_2" LOCATION="X0Y59Z1"
SYN-1001 : ADC: Instance "u_ph1p35_324_ddr_wrapper/u_ddr2/ph1p_ddrmc_wrapper/ph1p_ddrmc_top/u_ddr_phy/u_ddrphy_top/u_ddrphy_clk/u_pll0/u_pll_inst" LOCATION="X0Y40Z0"
SYN-1001 : ADC: Instance "u_ph1p35_324_ddr_wrapper/u_ddr2/ph1p_ddrmc_wrapper/ph1p_ddrmc_top/u_ddr_phy/u_ddrphy_top/u_ddrphy_clk/u_pll1/u_pll_inst" LOCATION="X0Y79Z0"
SYN-1001 : End Stage 3 | Legalize Phy Inst; Time: 0.323117s wall, 0.328125s user + 0.000000s system = 0.328125s CPU (101.6%); Memory(MB): used = 1122, reserved = 1105, peak = 1122;

RUN-1002 : start command "update_timing"
RUN-1002 : start command "start_timer"
RUN-1003 : finish command "start_timer" in  2.828418s wall, 2.828125s user + 0.000000s system = 2.828125s CPU (100.0%)

RUN-1004 : used memory is 1122 MB, reserved memory is 1105 MB, peak memory is 1122 MB
RUN-1003 : finish command "update_timing" in  5.062563s wall, 5.046875s user + 0.015625s system = 5.062500s CPU (100.0%)

RUN-1004 : used memory is 1122 MB, reserved memory is 1105 MB, peak memory is 1122 MB
RUN-1002 : start command "report_timing_status -file camera_to_dsi_display_gate.ts"
RUN-1002 : start command "report_timing_summary -file camera_to_dsi_display_gate.timing"
RUN-1002 : start command "flow_status -file flow.status"
Location         : D:\2026fpga\lab_hd_1_mipi_hdmi\td_project\camera_to_dsi_display_Runs\phy_1
Running with     : Tang Dynasty v6.2.168116
                   Copyright (c) 2012-2025 Anlogic Inc.
Top Model        : design_top_wrapper
Device           : PH1P35MDG324
Speed            : 3

Timing Mode      : basic
Setup            : WNS  -580ps  TNS     -828ps  NUM_FEPS     2
Hold             : WNS   114ps  TNS        0ps  NUM_FEPS     0

Flow Statistics  :
RUN-1001 : Flow Statistics:
RUN-1001 : ---------------------------------------------------------------------------------------------------
RUN-1001 :      command     |  #calls  |  wall time   |  cpu time(s)  |  used memory(mb)  |  peak memory(mb)  
RUN-1001 : ---------------------------------------------------------------------------------------------------
RUN-1001 :   optimize_gate  |    1     |  1m31s(54%)  |    89(54%)    |       1122        |       1122        
RUN-1001 :   optimize_rtl   |    1     |  1m13s(43%)  |    71(43%)    |        886        |        941        
RUN-1001 :   import_device  |    1     |    2s(1%)    |     2(1%)     |        334        |        334        
RUN-1001 :     read_adc     |    1     |    2s(1%)    |     1(0%)     |        625        |        626        
RUN-1001 :     read_sdc     |    4     |    0s(0%)    |     0(0%)     |        619        |        626        
RUN-1001 : ---------------------------------------------------------------------------------------------------
RUN-1001 :       total      |    8     |    2m48s     |      163      |       1122        |       1122        
RUN-1001 : ---------------------------------------------------------------------------------------------------
RUN-1002 : start command "export_db camera_to_dsi_display_gate.db"
RUN-1001 : Exported flow parameters
RUN-1001 : Exported /
RUN-1001 : Exported libs
RUN-1001 : Exported entities
RUN-1001 : Exported ports
RUN-1001 : Exported pins
RUN-1001 : Exported instances
RUN-1001 : Exported nets
RUN-1001 : Exported buses
RUN-1001 : Exported models
RUN-1001 : Exported packer
RUN-1001 : Exported congestions
RUN-1001 : Exported violations
RUN-1001 : Exported ATMR Setting
RUN-1001 : Exported timing constraints
RUN-1001 : Exported IO constraints
RUN-1001 : Exported Inst constraints
RUN-1001 : Exported ChipWatcher
RUN-1003 : finish command "export_db camera_to_dsi_display_gate.db" in  1.043016s wall, 1.453125s user + 0.000000s system = 1.453125s CPU (139.3%)

RUN-1004 : used memory is 1143 MB, reserved memory is 1241 MB, peak memory is 1143 MB
RUN-1002 : start command "commit_param -step place"
RUN-1001 : Print Global Property
RUN-1001 : -------------------------------------------------------------
RUN-1001 :     Parameters    |   Settings   |  Default Values  |  Note  
RUN-1001 : -------------------------------------------------------------
RUN-1001 :    enable_seed    |     off      |       off        |        
RUN-1001 :    hfn_to_clock   |  1000000000  |    1000000000    |        
RUN-1001 :      message      |   standard   |     standard     |        
RUN-1001 :    qor_monitor    |      on      |        on        |        
RUN-1001 :   speedup_effort  |      0       |        0         |        
RUN-1001 :    syn_ip_flow    |     off      |       off        |        
RUN-1001 :       thread      |     auto     |       auto       |        
RUN-1001 : -------------------------------------------------------------
RUN-1001 : Print Place Property
RUN-1001 : ---------------------------------------------------------------
RUN-1001 :       Parameters      |  Settings  |  Default Values  |  Note  
RUN-1001 : ---------------------------------------------------------------
RUN-1001 :         effort        |   medium   |      medium      |        
RUN-1001 :     hfn_opt_effort    |   medium   |      medium      |        
RUN-1001 :    logic_level_opt    |    off     |       off        |        
RUN-1001 :   macro_performance   |    auto    |       auto       |        
RUN-1001 :       max_fanout      |   999999   |      999999      |        
RUN-1001 :       opt_timing      |   medium   |      medium      |        
RUN-1001 :     post_place_opt    |    auto    |       auto       |        
RUN-1001 :      pr_strategy      |     1      |        1         |        
RUN-1001 :   preplace_floorplan  |    off     |       off        |        
RUN-1001 : ---------------------------------------------------------------
RUN-1002 : start command "insert_debugger ../../chip_debugger"
RUN-1002 : start command "config_chipwatcher ../../chip_debugger/user.cfg"
KIT-5603 WARNING: Net S_mcu_gpio0_out is invalid in chipwatcher, ignored.
KIT-5603 WARNING: Net S_mcu_gpio1_out is invalid in chipwatcher, ignored.
KIT-5603 WARNING: Net S_mcu_gpio3_out is invalid in chipwatcher, ignored.
KIT-5603 WARNING: Net S_mcu_gpio4_out is invalid in chipwatcher, ignored.
KIT-1004 : chipwatcher: sanity check successfully
KIT-1004 : Chipwatcher code = 0011110000000000
KIT-1004 : import watcher inst auto_created_cwc1 completed, there are 2 view node(s), 2 trigger net(s), 2 data net(s).
RUN-1002 : start command "compile_watcher"
KIT-1004 : Ooc flow for module top_debug_hub is running...
RUN-1002 : start command "import_db -mode ooc cw/debug_hub/top_debug_hub_ooc.db"
USR-1600 : Load OOC design OOC Model: top_debug_hub .
RUN-1001 : Import OOC design success TD_VERSION=6.2.168116 , DB_VERSION=46207
KIT-1004 : Ooc flow for module auto_created_cwc1 is running...
RUN-1002 : start command "import_db -mode ooc cw/auto_created_cwc1/auto_created_cwc1_ooc.db"
USR-1600 : Load OOC design OOC Model: auto_created_cwc1 .
RUN-1001 : Import OOC design success TD_VERSION=6.2.168116 , DB_VERSION=46207
RUN-1003 : finish command "compile_watcher" in  9.321083s wall, 0.406250s user + 0.078125s system = 0.484375s CPU (5.2%)

RUN-1004 : used memory is 1149 MB, reserved memory is 1242 MB, peak memory is 1149 MB
RUN-1002 : start command "pack -eco"
SYN-4002 : Packing 0 DFF/LATCH to SEQ ...
RUN-1002 : start command "legalize_phy_inst"
SYN-1001 : Stage 4 | Legalize Phy Inst
SYN-1011 : Flatten model design_top_wrapper
SYN-1001 : ADC: Instance "u_ph1p35_324_ddr_wrapper/u_ddr2/ph1p_ddrmc_wrapper/ph1p_ddrmc_top/u_ddr_phy/u_ddrphy_top/u_ddrphy/ac_byte[0]$ac_byte_used$u_ddrphy_ac_byte_wrapper/u_ddrphy_byte" LOCATION="X0Y70Z0"
SYN-1001 : ADC: Instance "u_ph1p35_324_ddr_wrapper/u_ddr2/ph1p_ddrmc_wrapper/ph1p_ddrmc_top/u_ddr_phy/u_ddrphy_top/u_ddrphy/ac_byte[1]$ac_byte_used$u_ddrphy_ac_byte_wrapper/u_ddrphy_byte" LOCATION="X0Y60Z0"
SYN-1001 : ADC: Instance "u_ph1p35_324_ddr_wrapper/u_ddr2/ph1p_ddrmc_wrapper/ph1p_ddrmc_top/u_ddr_phy/u_ddrphy_top/u_ddrphy/ac_byte[2]$ac_byte_used$u_ddrphy_ac_byte_wrapper/u_ddrphy_byte" LOCATION="X0Y50Z0"
SYN-1001 : ADC: Instance "u_ph1p35_324_ddr_wrapper/u_ddr2/ph1p_ddrmc_wrapper/ph1p_ddrmc_top/u_ddr_phy/u_ddrphy_top/u_ddrphy/ac_byte[3]$ac_byte_used$u_ddrphy_ac_byte_wrapper/u_ddrphy_byte" LOCATION="X0Y40Z0"
SYN-1001 : ADC: Instance "u_ph1p35_324_ddr_wrapper/u_ddr2/ph1p_ddrmc_wrapper/ph1p_ddrmc_top/u_ddr_phy/u_ddrphy_top/u_ddrphy/bkref[0]$u_ddrphy_bankref" LOCATION="X0Y19Z0"
SYN-1001 : ADC: Instance "u_ph1p35_324_ddr_wrapper/u_ddr2/ph1p_ddrmc_wrapper/ph1p_ddrmc_top/u_ddr_phy/u_ddrphy_top/u_ddrphy/bkref[1]$u_ddrphy_bankref" LOCATION="X0Y59Z0"
SYN-1001 : ADC: Instance "u_ph1p35_324_ddr_wrapper/u_ddr2/ph1p_ddrmc_wrapper/ph1p_ddrmc_top/u_ddr_phy/u_ddrphy_top/u_ddrphy/dx_byte[0]$dx_byte_used$u_ddrphy_dx_byte_wrapper/u_ddrphy_byte" LOCATION="X0Y30Z0"
SYN-1001 : ADC: Instance "u_ph1p35_324_ddr_wrapper/u_ddr2/ph1p_ddrmc_wrapper/ph1p_ddrmc_top/u_ddr_phy/u_ddrphy_top/u_ddrphy/dx_byte[1]$dx_byte_used$u_ddrphy_dx_byte_wrapper/u_ddrphy_byte" LOCATION="X0Y10Z0"
SYN-1001 : ADC: Instance "u_ph1p35_324_ddr_wrapper/u_ddr2/ph1p_ddrmc_wrapper/ph1p_ddrmc_top/u_ddr_phy/u_ddrphy_top/u_ddrphy_clk/ioclk[0]$u_ioclk_0" LOCATION="X0Y59Z0"
SYN-1001 : ADC: Instance "u_ph1p35_324_ddr_wrapper/u_ddr2/ph1p_ddrmc_wrapper/ph1p_ddrmc_top/u_ddr_phy/u_ddrphy_top/u_ddrphy_clk/ioclk[0]$u_ioclk_1" LOCATION="X0Y59Z1"
SYN-1001 : ADC: Instance "u_ph1p35_324_ddr_wrapper/u_ddr2/ph1p_ddrmc_wrapper/ph1p_ddrmc_top/u_ddr_phy/u_ddrphy_top/u_ddrphy_clk/ioclk[1]$u_ioclk_0" LOCATION="X0Y19Z0"
SYN-1001 : ADC: Instance "u_ph1p35_324_ddr_wrapper/u_ddr2/ph1p_ddrmc_wrapper/ph1p_ddrmc_top/u_ddr_phy/u_ddrphy_top/u_ddrphy_clk/ioclk[1]$u_ioclk_1" LOCATION="X0Y19Z1"
SYN-1001 : ADC: Instance "u_ph1p35_324_ddr_wrapper/u_ddr2/ph1p_ddrmc_wrapper/ph1p_ddrmc_top/u_ddr_phy/u_ddrphy_top/u_ddrphy_clk/u_mlclk_1" LOCATION="X0Y59Z0"
SYN-1001 : ADC: Instance "u_ph1p35_324_ddr_wrapper/u_ddr2/ph1p_ddrmc_wrapper/ph1p_ddrmc_top/u_ddr_phy/u_ddrphy_top/u_ddrphy_clk/u_mlclk_2" LOCATION="X0Y59Z1"
SYN-1001 : ADC: Instance "u_ph1p35_324_ddr_wrapper/u_ddr2/ph1p_ddrmc_wrapper/ph1p_ddrmc_top/u_ddr_phy/u_ddrphy_top/u_ddrphy_clk/u_pll0/u_pll_inst" LOCATION="X0Y40Z0"
SYN-1001 : ADC: Instance "u_ph1p35_324_ddr_wrapper/u_ddr2/ph1p_ddrmc_wrapper/ph1p_ddrmc_top/u_ddr_phy/u_ddrphy_top/u_ddrphy_clk/u_pll1/u_pll_inst" LOCATION="X0Y79Z0"
SYN-1001 : End Stage 4 | Legalize Phy Inst; Time: 0.302401s wall, 0.296875s user + 0.000000s system = 0.296875s CPU (98.2%); Memory(MB): used = 1149, reserved = 1242, peak = 1149;

RUN-1003 : finish command "insert_debugger ../../chip_debugger" in  9.653810s wall, 0.718750s user + 0.078125s system = 0.796875s CPU (8.3%)

RUN-1004 : used memory is 1149 MB, reserved memory is 1242 MB, peak memory is 1149 MB
RUN-1002 : start command "place"
RUN-1001 : Open license file F:/AnlogicFpga/TD_6.2.1_Engineer_6.2.168.116/license/Anlogic.lic
PHY-3001 : Placer runs in 32 thread(s).
PHY-1001 : Stage 1 | Initialize Design
PHY-1001 : Stage 1.1 | Build Design
PHY-1001 : 11046 luts, 15272 seqs, 408 mslices, 3497 lslices, 53 pads, 50 brams, 8 dsps
RUN-1002 : start command "legalize_phy_inst"
SYN-1011 : Flatten model design_top_wrapper
SYN-1001 : ADC: Instance "u_ph1p35_324_ddr_wrapper/u_ddr2/ph1p_ddrmc_wrapper/ph1p_ddrmc_top/u_ddr_phy/u_ddrphy_top/u_ddrphy/ac_byte[0]$ac_byte_used$u_ddrphy_ac_byte_wrapper/u_ddrphy_byte" LOCATION="X0Y70Z0"
SYN-1001 : ADC: Instance "u_ph1p35_324_ddr_wrapper/u_ddr2/ph1p_ddrmc_wrapper/ph1p_ddrmc_top/u_ddr_phy/u_ddrphy_top/u_ddrphy/ac_byte[1]$ac_byte_used$u_ddrphy_ac_byte_wrapper/u_ddrphy_byte" LOCATION="X0Y60Z0"
SYN-1001 : ADC: Instance "u_ph1p35_324_ddr_wrapper/u_ddr2/ph1p_ddrmc_wrapper/ph1p_ddrmc_top/u_ddr_phy/u_ddrphy_top/u_ddrphy/ac_byte[2]$ac_byte_used$u_ddrphy_ac_byte_wrapper/u_ddrphy_byte" LOCATION="X0Y50Z0"
SYN-1001 : ADC: Instance "u_ph1p35_324_ddr_wrapper/u_ddr2/ph1p_ddrmc_wrapper/ph1p_ddrmc_top/u_ddr_phy/u_ddrphy_top/u_ddrphy/ac_byte[3]$ac_byte_used$u_ddrphy_ac_byte_wrapper/u_ddrphy_byte" LOCATION="X0Y40Z0"
SYN-1001 : ADC: Instance "u_ph1p35_324_ddr_wrapper/u_ddr2/ph1p_ddrmc_wrapper/ph1p_ddrmc_top/u_ddr_phy/u_ddrphy_top/u_ddrphy/bkref[0]$u_ddrphy_bankref" LOCATION="X0Y19Z0"
SYN-1001 : ADC: Instance "u_ph1p35_324_ddr_wrapper/u_ddr2/ph1p_ddrmc_wrapper/ph1p_ddrmc_top/u_ddr_phy/u_ddrphy_top/u_ddrphy/bkref[1]$u_ddrphy_bankref" LOCATION="X0Y59Z0"
SYN-1001 : ADC: Instance "u_ph1p35_324_ddr_wrapper/u_ddr2/ph1p_ddrmc_wrapper/ph1p_ddrmc_top/u_ddr_phy/u_ddrphy_top/u_ddrphy/dx_byte[0]$dx_byte_used$u_ddrphy_dx_byte_wrapper/u_ddrphy_byte" LOCATION="X0Y30Z0"
SYN-1001 : ADC: Instance "u_ph1p35_324_ddr_wrapper/u_ddr2/ph1p_ddrmc_wrapper/ph1p_ddrmc_top/u_ddr_phy/u_ddrphy_top/u_ddrphy/dx_byte[1]$dx_byte_used$u_ddrphy_dx_byte_wrapper/u_ddrphy_byte" LOCATION="X0Y10Z0"
SYN-1001 : ADC: Instance "u_ph1p35_324_ddr_wrapper/u_ddr2/ph1p_ddrmc_wrapper/ph1p_ddrmc_top/u_ddr_phy/u_ddrphy_top/u_ddrphy_clk/ioclk[0]$u_ioclk_0" LOCATION="X0Y59Z0"
SYN-1001 : ADC: Instance "u_ph1p35_324_ddr_wrapper/u_ddr2/ph1p_ddrmc_wrapper/ph1p_ddrmc_top/u_ddr_phy/u_ddrphy_top/u_ddrphy_clk/ioclk[0]$u_ioclk_1" LOCATION="X0Y59Z1"
SYN-1001 : ADC: Instance "u_ph1p35_324_ddr_wrapper/u_ddr2/ph1p_ddrmc_wrapper/ph1p_ddrmc_top/u_ddr_phy/u_ddrphy_top/u_ddrphy_clk/ioclk[1]$u_ioclk_0" LOCATION="X0Y19Z0"
SYN-1001 : ADC: Instance "u_ph1p35_324_ddr_wrapper/u_ddr2/ph1p_ddrmc_wrapper/ph1p_ddrmc_top/u_ddr_phy/u_ddrphy_top/u_ddrphy_clk/ioclk[1]$u_ioclk_1" LOCATION="X0Y19Z1"
SYN-1001 : ADC: Instance "u_ph1p35_324_ddr_wrapper/u_ddr2/ph1p_ddrmc_wrapper/ph1p_ddrmc_top/u_ddr_phy/u_ddrphy_top/u_ddrphy_clk/u_mlclk_1" LOCATION="X0Y59Z0"
SYN-1001 : ADC: Instance "u_ph1p35_324_ddr_wrapper/u_ddr2/ph1p_ddrmc_wrapper/ph1p_ddrmc_top/u_ddr_phy/u_ddrphy_top/u_ddrphy_clk/u_mlclk_2" LOCATION="X0Y59Z1"
SYN-1001 : ADC: Instance "u_ph1p35_324_ddr_wrapper/u_ddr2/ph1p_ddrmc_wrapper/ph1p_ddrmc_top/u_ddr_phy/u_ddrphy_top/u_ddrphy_clk/u_pll0/u_pll_inst" LOCATION="X0Y40Z0"
SYN-1001 : ADC: Instance "u_ph1p35_324_ddr_wrapper/u_ddr2/ph1p_ddrmc_wrapper/ph1p_ddrmc_top/u_ddr_phy/u_ddrphy_top/u_ddrphy_clk/u_pll1/u_pll_inst" LOCATION="X0Y79Z0"
PHY-1001 : Remove keep and sweep redundant instances ...
PHY-1001 : 10743 luts, 14906 seqs, 408 mslices, 3466 lslices, 53 pads, 50 brams, 8 dsps
PHY-1001 : End Stage 1.1 | Build Design; Time: 0.884630s wall, 0.890625s user + 0.000000s system = 0.890625s CPU (100.7%); Memory(MB): used = 1149, reserved = 1242, peak = 1149;

PHY-1001 : Stage 1.2 | Optimize Design
OPT-1001 : Stage 1.2.1 | Simplify Lut
OPT-1001 : End Stage 1.2.1 | Simplify Lut; Time: 0.115063s wall, 0.109375s user + 0.000000s system = 0.109375s CPU (95.1%); Memory(MB): used = 1149, reserved = 1242, peak = 1149;

OPT-1001 : Stage 1.2.2 | Sweep
OPT-1001 : End Stage 1.2.2 | Sweep; Time: 0.051379s wall, 0.046875s user + 0.000000s system = 0.046875s CPU (91.2%); Memory(MB): used = 1149, reserved = 1242, peak = 1149;

OPT-1001 : Stage 1.2.3 | Merge Lut
OPT-1001 : Start remap optimization ...
RUN-1001 :   Added 0 lut1 for undup drivers
OPT-1001 : skip lut merge since lut number 10740 is similar to or less than reg number 14906
OPT-1001 : End Stage 1.2.3 | Merge Lut; Time: 0.085324s wall, 0.093750s user + 0.000000s system = 0.093750s CPU (109.9%); Memory(MB): used = 1149, reserved = 1242, peak = 1149;

OPT-1001 : Stage 1.2.4 | Synthesize High-fanout Net
OPT-1001 : Start high-fanout net optimization in pre-place flow with medium effort ...
RUN-1001 : HFN opt statistic
RUN-1001 : ------------------------------------------------------
RUN-1001 :   DriverCell type  |  HFN count  |  Duplicated count  
RUN-1001 : ------------------------------------------------------
RUN-1001 :       LSLICE       |      0      |         0          
RUN-1001 :       MSLICE       |      0      |         0          
RUN-1001 :        TOTAL       |      0      |         0          
RUN-1001 : ------------------------------------------------------
OPT-1001 : End high-fanout net optimization;  0.000174s wall, 0.000000s user + 0.000000s system = 0.000000s CPU (n/a%)

OPT-1001 : Current memory(MB): used = 1149, reserved = 1242, peak = 1149.
OPT-1001 : End Stage 1.2.4 | Synthesize High-fanout Net; Time: 0.000287s wall, 0.000000s user + 0.000000s system = 0.000000s CPU (n/a%); Memory(MB): used = 1149, reserved = 1242, peak = 1149;

OPT-1001 : End physical optimization;  0.252466s wall, 0.250000s user + 0.000000s system = 0.250000s CPU (99.0%)

PHY-1001 : End Stage 1.2 | Optimize Design; Time: 0.252575s wall, 0.250000s user + 0.000000s system = 0.250000s CPU (99.0%); Memory(MB): used = 1149, reserved = 1242, peak = 1149;

PHY-1001 : Stage 1.3 | Initialize Clock
PHY-1001 : Start to synthesize physical clock networks.
RUN-1002 : start command "start_timer"
RUN-1003 : finish command "start_timer" in  2.836267s wall, 2.812500s user + 0.000000s system = 2.812500s CPU (99.2%)

RUN-1004 : used memory is 1149 MB, reserved memory is 1242 MB, peak memory is 1149 MB
PHY-5060 CRITICAL-WARNING: Clock net candidate O_cam_24m_syn_3 has mixed fanouts of 150 clock pins; 1 data/ctrl pins. Please check connection of the net in design.
PHY-5060 CRITICAL-WARNING: Clock net candidate u_uicfgcs500/uii2c_inst/scl_clk has mixed fanouts of 1 clock pins; 2 data/ctrl pins. Please check connection of the net in design.
PHY-1001 : Populate physical database on model design_top_wrapper.
RUN-1001 : There are total 29749 instances
RUN-0007 : 10740 luts, 14906 seqs, 408 mslices, 3466 lslices, 53 pads, 50 brams, 8 dsps
RUN-1001 : There are total 40551 nets
RUN-1001 : 27689 nets have 2 pins
RUN-1001 : 10229 nets have [3 - 5] pins
RUN-1001 : 1822 nets have [6 - 10] pins
RUN-1001 : 450 nets have [11 - 20] pins
RUN-1001 : 313 nets have [21 - 99] pins
RUN-1001 : 48 nets have 100+ pins
PHY-1001 : Start to check user instance location assignments; please refer to ADC constraint.
PHY-1001 : End Stage 1.3 | Initialize Clock; Time: 5.488890s wall, 5.453125s user + 0.000000s system = 5.453125s CPU (99.3%); Memory(MB): used = 1149, reserved = 1242, peak = 1149;

PHY-1001 : End Stage 1 | Initialize Design; Time: 6.725815s wall, 6.687500s user + 0.000000s system = 6.687500s CPU (99.4%); Memory(MB): used = 1149, reserved = 1242, peak = 1149;

PHY-1001 : Stage 2 | Global Placement
RUN-1001 : Report Control nets information:
RUN-1001 : DFF Distribution
RUN-1001 : -------------------------------------
RUN-1001 :   CE   |  SSR  |  ASR  |  DFF Count  
RUN-1001 : -------------------------------------
RUN-1001 :   No   |  No   |  No   |    6792     
RUN-1001 :   No   |  No   |  Yes  |    4086     
RUN-1001 :   No   |  Yes  |  No   |     218     
RUN-1001 :   Yes  |  No   |  No   |     376     
RUN-1001 :   Yes  |  No   |  Yes  |    3512     
RUN-1001 :   Yes  |  Yes  |  No   |     146     
RUN-1001 : -------------------------------------
RUN-1001 : Control Group Statistic
RUN-1001 : -----------------------------
RUN-1001 :   #CLK  |  #CE  |  #SSR/ASR  
RUN-1001 : -----------------------------
RUN-1001 :    12   |  156  |     31     
RUN-1001 : -----------------------------
RUN-0007 : Control Set = 201
PHY-1001 : Stage 2.1 | Place Fixed Instances
PHY-1001 : Processing 2 clock pins of DDR instance u_ph1p35_324_ddr_wrapper/u_ddr2/ph1p_ddrmc_wrapper/ph1p_ddrmc_top/u_ddr_phy/u_ddrphy_top/u_ddrphy/ac_byte[0]$ac_byte_used$u_ddrphy_ac_byte_wrapper/u_ddrphy_byte, location = x0y70z0.
PHY-1001 :   User location X0Y59Z1 of ioclk instance u_ph1p35_324_ddr_wrapper/u_ddr2/ph1p_ddrmc_wrapper/ph1p_ddrmc_top/u_ddr_phy/u_ddrphy_top/u_ddrphy_clk/ioclk[0]$u_ioclk_1.
PHY-1001 :   Placement of ioclk instance u_ph1p35_324_ddr_wrapper/u_ddr2/ph1p_ddrmc_wrapper/ph1p_ddrmc_top/u_ddr_phy/u_ddrphy_top/u_ddrphy_clk/ioclk[0]$u_ioclk_1; location = x0y59z1.
PHY-1001 :   User location X0Y59Z0 of ioclk instance u_ph1p35_324_ddr_wrapper/u_ddr2/ph1p_ddrmc_wrapper/ph1p_ddrmc_top/u_ddr_phy/u_ddrphy_top/u_ddrphy_clk/ioclk[0]$u_ioclk_0.
PHY-1001 :   Placement of ioclk instance u_ph1p35_324_ddr_wrapper/u_ddr2/ph1p_ddrmc_wrapper/ph1p_ddrmc_top/u_ddr_phy/u_ddrphy_top/u_ddrphy_clk/ioclk[0]$u_ioclk_0; location = x0y59z0.
PHY-1001 : Processing 2 clock pins of DDR instance u_ph1p35_324_ddr_wrapper/u_ddr2/ph1p_ddrmc_wrapper/ph1p_ddrmc_top/u_ddr_phy/u_ddrphy_top/u_ddrphy/ac_byte[1]$ac_byte_used$u_ddrphy_ac_byte_wrapper/u_ddrphy_byte, location = x0y60z0.
PHY-1001 :   Placed ioclk instance u_ph1p35_324_ddr_wrapper/u_ddr2/ph1p_ddrmc_wrapper/ph1p_ddrmc_top/u_ddr_phy/u_ddrphy_top/u_ddrphy_clk/ioclk[0]$u_ioclk_1, location = x0y59z1.
PHY-1001 :   Placed ioclk instance u_ph1p35_324_ddr_wrapper/u_ddr2/ph1p_ddrmc_wrapper/ph1p_ddrmc_top/u_ddr_phy/u_ddrphy_top/u_ddrphy_clk/ioclk[0]$u_ioclk_0, location = x0y59z0.
PHY-1001 : Processing 2 clock pins of DDR instance u_ph1p35_324_ddr_wrapper/u_ddr2/ph1p_ddrmc_wrapper/ph1p_ddrmc_top/u_ddr_phy/u_ddrphy_top/u_ddrphy/ac_byte[2]$ac_byte_used$u_ddrphy_ac_byte_wrapper/u_ddrphy_byte, location = x0y50z0.
PHY-1001 :   Placed ioclk instance u_ph1p35_324_ddr_wrapper/u_ddr2/ph1p_ddrmc_wrapper/ph1p_ddrmc_top/u_ddr_phy/u_ddrphy_top/u_ddrphy_clk/ioclk[0]$u_ioclk_1, location = x0y59z1.
PHY-1001 :   Placed ioclk instance u_ph1p35_324_ddr_wrapper/u_ddr2/ph1p_ddrmc_wrapper/ph1p_ddrmc_top/u_ddr_phy/u_ddrphy_top/u_ddrphy_clk/ioclk[0]$u_ioclk_0, location = x0y59z0.
PHY-1001 : Processing 2 clock pins of DDR instance u_ph1p35_324_ddr_wrapper/u_ddr2/ph1p_ddrmc_wrapper/ph1p_ddrmc_top/u_ddr_phy/u_ddrphy_top/u_ddrphy/ac_byte[3]$ac_byte_used$u_ddrphy_ac_byte_wrapper/u_ddrphy_byte, location = x0y40z0.
PHY-1001 :   Placed ioclk instance u_ph1p35_324_ddr_wrapper/u_ddr2/ph1p_ddrmc_wrapper/ph1p_ddrmc_top/u_ddr_phy/u_ddrphy_top/u_ddrphy_clk/ioclk[0]$u_ioclk_1, location = x0y59z1.
PHY-1001 :   Placed ioclk instance u_ph1p35_324_ddr_wrapper/u_ddr2/ph1p_ddrmc_wrapper/ph1p_ddrmc_top/u_ddr_phy/u_ddrphy_top/u_ddrphy_clk/ioclk[0]$u_ioclk_0, location = x0y59z0.
PHY-1001 : Processing 2 clock pins of DDR instance u_ph1p35_324_ddr_wrapper/u_ddr2/ph1p_ddrmc_wrapper/ph1p_ddrmc_top/u_ddr_phy/u_ddrphy_top/u_ddrphy/dx_byte[0]$dx_byte_used$u_ddrphy_dx_byte_wrapper/u_ddrphy_byte, location = x0y30z0.
PHY-1001 :   User location X0Y19Z1 of ioclk instance u_ph1p35_324_ddr_wrapper/u_ddr2/ph1p_ddrmc_wrapper/ph1p_ddrmc_top/u_ddr_phy/u_ddrphy_top/u_ddrphy_clk/ioclk[1]$u_ioclk_1.
PHY-1001 :   Placement of ioclk instance u_ph1p35_324_ddr_wrapper/u_ddr2/ph1p_ddrmc_wrapper/ph1p_ddrmc_top/u_ddr_phy/u_ddrphy_top/u_ddrphy_clk/ioclk[1]$u_ioclk_1; location = x0y19z1.
PHY-1001 :   User location X0Y19Z0 of ioclk instance u_ph1p35_324_ddr_wrapper/u_ddr2/ph1p_ddrmc_wrapper/ph1p_ddrmc_top/u_ddr_phy/u_ddrphy_top/u_ddrphy_clk/ioclk[1]$u_ioclk_0.
PHY-1001 :   Placement of ioclk instance u_ph1p35_324_ddr_wrapper/u_ddr2/ph1p_ddrmc_wrapper/ph1p_ddrmc_top/u_ddr_phy/u_ddrphy_top/u_ddrphy_clk/ioclk[1]$u_ioclk_0; location = x0y19z0.
PHY-1001 : Processing 2 clock pins of DDR instance u_ph1p35_324_ddr_wrapper/u_ddr2/ph1p_ddrmc_wrapper/ph1p_ddrmc_top/u_ddr_phy/u_ddrphy_top/u_ddrphy/dx_byte[1]$dx_byte_used$u_ddrphy_dx_byte_wrapper/u_ddrphy_byte, location = x0y10z0.
PHY-1001 :   Placed ioclk instance u_ph1p35_324_ddr_wrapper/u_ddr2/ph1p_ddrmc_wrapper/ph1p_ddrmc_top/u_ddr_phy/u_ddrphy_top/u_ddrphy_clk/ioclk[1]$u_ioclk_1, location = x0y19z1.
PHY-1001 :   Placed ioclk instance u_ph1p35_324_ddr_wrapper/u_ddr2/ph1p_ddrmc_wrapper/ph1p_ddrmc_top/u_ddr_phy/u_ddrphy_top/u_ddrphy_clk/ioclk[1]$u_ioclk_0, location = x0y19z0.
PHY-1001 : DDR MLCLK topology u_ph1p35_324_ddr_wrapper/u_ddr2/ph1p_ddrmc_wrapper/ph1p_ddrmc_top/u_ddr_phy/u_ddrphy_top/u_ddrphy_clk/u_mlclk_1.
PHY-1001 :   Driver: PH1P_PHY_PLL_V2 u_ph1p35_324_ddr_wrapper/u_ddr2/ph1p_ddrmc_wrapper/ph1p_ddrmc_top/u_ddr_phy/u_ddrphy_top/u_ddrphy_clk/u_pll0/u_pll_inst.clkc[1], user location :X0Y40Z0.
PHY-1001 :   Sink: PH1P_PHY_IOCLK u_ph1p35_324_ddr_wrapper/u_ddr2/ph1p_ddrmc_wrapper/ph1p_ddrmc_top/u_ddr_phy/u_ddrphy_top/u_ddrphy_clk/ioclk[0]$u_ioclk_0, location = x0y59z0, sectorID = 1.
PHY-1001 :   Sink: PH1P_PHY_IOCLK u_ph1p35_324_ddr_wrapper/u_ddr2/ph1p_ddrmc_wrapper/ph1p_ddrmc_top/u_ddr_phy/u_ddrphy_top/u_ddrphy_clk/ioclk[1]$u_ioclk_0, location = x0y19z0, sectorID = 0.
PHY-1001 : Placement of MLCLK instance u_ph1p35_324_ddr_wrapper/u_ddr2/ph1p_ddrmc_wrapper/ph1p_ddrmc_top/u_ddr_phy/u_ddrphy_top/u_ddrphy_clk/u_mlclk_1; location = x0y59z0,  sectorID = 1.
PHY-1001 : DDR MLCLK topology u_ph1p35_324_ddr_wrapper/u_ddr2/ph1p_ddrmc_wrapper/ph1p_ddrmc_top/u_ddr_phy/u_ddrphy_top/u_ddrphy_clk/u_mlclk_2.
PHY-1001 :   Driver: PH1P_PHY_PLL_V2 u_ph1p35_324_ddr_wrapper/u_ddr2/ph1p_ddrmc_wrapper/ph1p_ddrmc_top/u_ddr_phy/u_ddrphy_top/u_ddrphy_clk/u_pll0/u_pll_inst.clkc[2], user location :X0Y40Z0.
PHY-1001 :   Sink: PH1P_PHY_IOCLK u_ph1p35_324_ddr_wrapper/u_ddr2/ph1p_ddrmc_wrapper/ph1p_ddrmc_top/u_ddr_phy/u_ddrphy_top/u_ddrphy_clk/ioclk[0]$u_ioclk_1, location = x0y59z1, sectorID = 1.
PHY-1001 :   Sink: PH1P_PHY_IOCLK u_ph1p35_324_ddr_wrapper/u_ddr2/ph1p_ddrmc_wrapper/ph1p_ddrmc_top/u_ddr_phy/u_ddrphy_top/u_ddrphy_clk/ioclk[1]$u_ioclk_1, location = x0y19z1, sectorID = 0.
PHY-1001 : Placement of MLCLK instance u_ph1p35_324_ddr_wrapper/u_ddr2/ph1p_ddrmc_wrapper/ph1p_ddrmc_top/u_ddr_phy/u_ddrphy_top/u_ddrphy_clk/u_mlclk_2; location = x0y59z1,  sectorID = 1.
PHY-5016 WARNING: PLL clkc is driving an IO without location.
PHY-5016 WARNING: PLL clkc is not driving a clock-capable IO.
PHY-5016 WARNING: PLL clkc is driving an IO without location.
PHY-5016 WARNING: PLL clkc is driving an IO without location.
PHY-5016 WARNING: PLL clkc is driving an IO without location.
PHY-5016 WARNING: PLL clkc is not driving a clock-capable IO.
PHY-1001 : End Stage 2.1 | Place Fixed Instances; Time: 0.168554s wall, 0.156250s user + 0.000000s system = 0.156250s CPU (92.7%); Memory(MB): used = 1149, reserved = 1242, peak = 1149;

PHY-1001 : Stage 2.2 | Pre-Place DRC Check
PHY-1001 : Stage 2.2.1 | Force Route Constraint Check
PHY-1001 : Check Pass.
PHY-1001 : End Stage 2.2.1 | Force Route Constraint Check; Time: 0.010742s wall, 0.015625s user + 0.000000s system = 0.015625s CPU (145.5%); Memory(MB): used = 1149, reserved = 1242, peak = 1149;

PHY-1001 : End Stage 2.2 | Pre-Place DRC Check; Time: 0.010831s wall, 0.015625s user + 0.000000s system = 0.015625s CPU (144.3%); Memory(MB): used = 1149, reserved = 1242, peak = 1149;

PHY-1001 : Clock GCLK Statistics:
RUN-1001 : GCLK Index: 
RUN-1001 : -------------------------------------------------------------------------------------------------------------------------------------------------------
RUN-1001 :   Index  |                                                          Clock GCLK                                                           |  Location   
RUN-1001 : -------------------------------------------------------------------------------------------------------------------------------------------------------
RUN-1001 :     1    |                           u_mipi_dphy_rx_ph1p_mipiio_wrapper/u_ph1p_mipiio_rx_wrapper/bufg_feedback                           |  x23y39z1   
RUN-1001 :     2    |   u_ph1p35_324_ddr_wrapper/u_ddr2/ph1p_ddrmc_wrapper/ph1p_ddrmc_top/u_ddr_phy/u_ddrphy_top/u_ddrphy_clk/u_pll1/u_bufg_fbclk   |  x23y39z16  
RUN-1001 :     3    |                                               S_hdmi_pixel_clk_created_gclkinst                                               |  x23y39z17  
RUN-1001 :     4    |                                          u_lens_i2c_ctrl/u_bus/clk_created_gclkinst                                           |  x23y39z18  
RUN-1001 :     5    |                                     u_mcu/MCU_521bd43d073e_Inst/core_clk_created_gclkinst                                     |  x23y39z19  
RUN-1001 :     6    |                                                   cwc_jtck_created_gclkinst                                                   |  x23y39z0   
RUN-1001 :     7    |                                               O_cam_24m_dup_1_created_gclkinst                                                |  x23y39z20  
RUN-1001 :     8    |                                               I_sys_clk_dup_6_created_gclkinst                                                |  x23y39z24  
RUN-1001 :     9    |                          u_hdmi_tx/u_hdmi2phy_wrapper/u0_lane_lvds_8_1/I_serial_clk_created_gclkinst                          |  x23y39z21  
RUN-1001 :    10    |  u_ph1p35_324_ddr_wrapper/u_ddr2/ph1p_ddrmc_wrapper/ph1p_ddrmc_top/u_ddr_phy/u_ddrphy_top/u_ddrphy/apb_pclk_created_gclkinst  |  x23y39z22  
RUN-1001 :    11    |                                       u_uicfgcs500/uii2c_inst/scl_clk_created_gclkinst                                        |  x23y39z2   
RUN-1001 :    12    |                                                      u_PLL/bufg_feedback                                                      |  x23y39z23  
RUN-1001 :    13    |                                                S_mcu_ahb_clk_created_gclkinst                                                 |  x23y39z3   
RUN-1001 : -------------------------------------------------------------------------------------------------------------------------------------------------------
RUN-1001 : Clock Nets Connect To GCLK Statistics: 
RUN-1001 : -----------------------------------------------------------------------------------------------------------------------------------------------------------------------------------------
RUN-1001 :   Index  |                        Leading Net                        |  CLK/DATA/IO/PLL Sink(s)  |                       Following Net                       |  CLK/DATA/IO/PLL Sink(s)  
RUN-1001 : -----------------------------------------------------------------------------------------------------------------------------------------------------------------------------------------
RUN-1001 :     1    | u_mipi_dphy_rx_ph1p_mipiio_wrapper/u_ph1p_mipiio_rx_w...  |          1/0/0/0          | u_isp_top/u_rgb96_downscale_crop/u_scale_line_buffer/...  |        8723/0/0/0         
RUN-1001 :     2    | u_ph1p35_324_ddr_wrapper/u_ddr2/ph1p_ddrmc_wrapper/ph...  |          1/0/0/0          | u_ph1p35_324_ddr_wrapper/u_ddr2/ph1p_ddrmc_wrapper/ph...  |        3545/0/0/0         
RUN-1001 :     3    |                     S_hdmi_pixel_clk                      |          1/0/0/0          |                 S_hdmi_pixel_clk_syn_652                  |        1582/0/0/0         
RUN-1001 :     4    |                 u_lens_i2c_ctrl/u_bus/clk                 |          1/0/0/0          |              u_lens_i2c_ctrl/u_bus/clk_syn_1              |         476/0/0/0         
RUN-1001 :     5    |           u_mcu/MCU_521bd43d073e_Inst/core_clk            |          1/0/0/0          |        u_mcu/MCU_521bd43d073e_Inst/core_clk_syn_1         |         252/0/0/0         
RUN-1001 :     6    |                         cwc_jtck                          |          1/0/0/0          |                      cwc_jtck_syn_1                       |         189/0/0/0         
RUN-1001 :     7    |                      O_cam_24m_dup_1                      |          1/0/0/0          |                      O_cam_24m_syn_3                      |         150/1/0/0         
RUN-1001 :     8    |                      I_sys_clk_dup_6                      |          3/0/0/0          |                      I_sys_clk_syn_8                      |         137/0/0/0         
RUN-1001 :     9    | u_hdmi_tx/u_hdmi2phy_wrapper/u0_lane_lvds_8_1/I_seria...  |          1/0/0/0          | u_hdmi_tx/u_hdmi2phy_wrapper/u0_lane_lvds_8_1/I_seria...  |         61/0/0/0          
RUN-1001 :    10    | u_ph1p35_324_ddr_wrapper/u_ddr2/ph1p_ddrmc_wrapper/ph...  |          1/0/0/0          | u_ph1p35_324_ddr_wrapper/u_ddr2/ph1p_ddrmc_wrapper/ph...  |         43/0/0/0          
RUN-1001 :    11    |              u_uicfgcs500/uii2c_inst/scl_clk              |          1/2/0/0          |           u_uicfgcs500/uii2c_inst/scl_clk_syn_9           |         24/0/0/0          
RUN-1001 :    12    |                      u_PLL/clk0_buf                       |          1/0/0/0          |         g_u4_key_debounce[0]$u_u4_key_test/I_clk          |         14/0/0/0          
RUN-1001 :    13    |                       S_mcu_ahb_clk                       |          1/0/0/0          |                    S_mcu_ahb_clk_syn_5                    |          1/0/0/0          
RUN-1001 : -----------------------------------------------------------------------------------------------------------------------------------------------------------------------------------------
PHY-1001 : Stage 2.3 | Global Placement Step 1
PHY-3001 : Target density is 60%
PHY-1001 : Stage 2.3.1 | Update Timing
RUN-1002 : start command "start_timer"
RUN-1003 : finish command "start_timer" in  2.823093s wall, 2.781250s user + 0.000000s system = 2.781250s CPU (98.5%)

RUN-1004 : used memory is 1155 MB, reserved memory is 1243 MB, peak memory is 1155 MB
PHY-1001 : SWNS: -575, STNS: -8539, FEP: 24
PHY-3001 : tot_pins 292780 tot_hfn_pins 22788 perc. 7 tot_hhfn_pins 6384 perc. 2
PHY-1001 : End Stage 2.3.1 | Update Timing; Time: 5.307533s wall, 5.250000s user + 0.000000s system = 5.250000s CPU (98.9%); Memory(MB): used = 1155, reserved = 1243, peak = 1155;

PHY-0007 : Cell area utilization is 53%
RUN-1001 : Huge Net Statistic
RUN-1001 : ----------------------------------------------------------------------------------------------------------------------------------------------------------------------------------------
RUN-1001 :   Fanout  |  Slack  |                                                                                Net                                                                                
RUN-1001 : ----------------------------------------------------------------------------------------------------------------------------------------------------------------------------------------
RUN-1001 :    3823   |   Inf   |                                u_ph1p35_324_ddr_wrapper/u_ddr2/ph1p_ddrmc_wrapper/ph1p_ddrmc_top/u_ddr_phy/u_ddrphy_top/sys_rst_n                                 
RUN-1001 :    1472   |  11982  |                                u_ph1p35_324_ddr_wrapper/u_ddr2/ph1p_ddrmc_wrapper/ph1p_ddrmc_top/u_alc_mc_top/u_rbuf_addr_fifo/rst                                
RUN-1001 :    1089   |   Inf   |  u_ph1p35_324_ddr_wrapper/u_ddr2/ph1p_ddrmc_wrapper/ph1p_ddrmc_top/u_ddr_phy/u_ddrphy_top/u_ddrphy/dx_byte[1]$dx_byte_used$u_ddrphy_dx_byte_wrapper/dx_phy_rst_n  
RUN-1001 : ----------------------------------------------------------------------------------------------------------------------------------------------------------------------------------------
PHY-3001 : Clustering ...
PHY-3001 : End clustering;  0.205456s wall, 0.468750s user + 0.437500s system = 0.906250s CPU (441.1%)

PHY-3001 : Target density is 60%
PHY-1001 : Stage 2.3.2 | GP Iteration
PHY-1001 : End Stage 2.3.2 | GP Iteration; Time: 3.700479s wall, 15.500000s user + 3.671875s system = 19.171875s CPU (518.1%); Memory(MB): used = 1160, reserved = 1243, peak = 1160;

PHY-3001 : Multithread accelerating rate: 5.08
RUN-1002 : start command "start_timer"
USR-1002 : Derived clock:  create_generated_clock -name {u_PLL/ph1p_phy_pll_wrapper_25a56e5ce2f9_Inst/u_PH1P_PHY_PLL.clkc[0]} -source [get_ports {I_sys_clk}] -master_clock {sys_clk_50m} -multiply_by 2.0000 -duty_cycle 50.0000 [get_pins {u_PLL/ph1p_phy_pll_wrapper_25a56e5ce2f9_Inst/u_PH1P_PHY_PLL.clkc[0]}]
USR-1002 : Derived clock:  create_generated_clock -name {u_PLL/ph1p_phy_pll_wrapper_25a56e5ce2f9_Inst/u_PH1P_PHY_PLL.clkc[1]} -source [get_ports {I_sys_clk}] -master_clock {sys_clk_50m} -divide_by 2.1000 -duty_cycle 50.0000 [get_pins {u_PLL/ph1p_phy_pll_wrapper_25a56e5ce2f9_Inst/u_PH1P_PHY_PLL.clkc[1]}]
USR-1002 : Derived clock:  create_generated_clock -name {u_PLL/ph1p_phy_pll_wrapper_25a56e5ce2f9_Inst/u_PH1P_PHY_PLL.clkc[2]} -source [get_ports {I_sys_clk}] -master_clock {sys_clk_50m} -multiply_by 1.0000 -duty_cycle 50.0000 [get_pins {u_PLL/ph1p_phy_pll_wrapper_25a56e5ce2f9_Inst/u_PH1P_PHY_PLL.clkc[2]}]
USR-1002 : Derived clock:  create_generated_clock -name {u_PLL/ph1p_phy_pll_wrapper_25a56e5ce2f9_Inst/u_PH1P_PHY_PLL.clkc[3]} -source [get_ports {I_sys_clk}] -master_clock {sys_clk_50m} -multiply_by 6.0000 -duty_cycle 50.0000 [get_pins {u_PLL/ph1p_phy_pll_wrapper_25a56e5ce2f9_Inst/u_PH1P_PHY_PLL.clkc[3]}]
USR-1002 : Derived clock:  create_generated_clock -name {u_PLL/ph1p_phy_pll_wrapper_25a56e5ce2f9_Inst/u_PH1P_PHY_PLL.clkc[4]} -source [get_ports {I_sys_clk}] -master_clock {sys_clk_50m} -multiply_by 1.5000 -duty_cycle 50.0000 [get_pins {u_PLL/ph1p_phy_pll_wrapper_25a56e5ce2f9_Inst/u_PH1P_PHY_PLL.clkc[4]}]
USR-1002 : Derived clock:  create_generated_clock -name {u_PLL/ph1p_phy_pll_wrapper_25a56e5ce2f9_Inst/u_PH1P_PHY_PLL.clkc[5]} -source [get_ports {I_sys_clk}] -master_clock {sys_clk_50m} -multiply_by 7.5000 -duty_cycle 50.0000 [get_pins {u_PLL/ph1p_phy_pll_wrapper_25a56e5ce2f9_Inst/u_PH1P_PHY_PLL.clkc[5]}]
USR-1002 : Derived clock:  create_generated_clock -name {u_ph1p35_324_ddr_wrapper/u_ddr2/ph1p_ddrmc_wrapper/ph1p_ddrmc_top/u_ddr_phy/u_ddrphy_top/u_ddrphy_clk/u_pll0/u_pll_inst.clkc[0]} -source [get_ports {I_sys_clk}] -master_clock {sys_clk_50m} -multiply_by 1.3333 -duty_cycle 50.0000 [get_pins {u_ph1p35_324_ddr_wrapper/u_ddr2/ph1p_ddrmc_wrapper/ph1p_ddrmc_top/u_ddr_phy/u_ddrphy_top/u_ddrphy_clk/u_pll0/u_pll_inst.clkc[0]}]
USR-1002 : Derived clock:  create_generated_clock -name {u_ph1p35_324_ddr_wrapper/u_ddr2/ph1p_ddrmc_wrapper/ph1p_ddrmc_top/u_ddr_phy/u_ddrphy_top/u_ddrphy_clk/u_pll0/u_pll_inst.clkc[1]} -source [get_ports {I_sys_clk}] -master_clock {sys_clk_50m} -multiply_by 1.3333 -duty_cycle 50.0000 [get_pins {u_ph1p35_324_ddr_wrapper/u_ddr2/ph1p_ddrmc_wrapper/ph1p_ddrmc_top/u_ddr_phy/u_ddrphy_top/u_ddrphy_clk/u_pll0/u_pll_inst.clkc[1]}]
USR-1002 : Derived clock:  create_generated_clock -name {u_ph1p35_324_ddr_wrapper/u_ddr2/ph1p_ddrmc_wrapper/ph1p_ddrmc_top/u_ddr_phy/u_ddrphy_top/u_ddrphy_clk/u_pll0/u_pll_inst.clkc[2]} -source [get_ports {I_sys_clk}] -master_clock {sys_clk_50m} -multiply_by 5.3333 -duty_cycle 50.0000 [get_pins {u_ph1p35_324_ddr_wrapper/u_ddr2/ph1p_ddrmc_wrapper/ph1p_ddrmc_top/u_ddr_phy/u_ddrphy_top/u_ddrphy_clk/u_pll0/u_pll_inst.clkc[2]}]
USR-1002 : Derived clock:  create_generated_clock -name {u_ph1p35_324_ddr_wrapper/u_ddr2/ph1p_ddrmc_wrapper/ph1p_ddrmc_top/u_ddr_phy/u_ddrphy_top/u_ddrphy_clk/u_pll0/u_pll_inst.clkc[3]} -source [get_ports {I_sys_clk}] -master_clock {sys_clk_50m} -divide_by 1.9687 -duty_cycle 50.0000 [get_pins {u_ph1p35_324_ddr_wrapper/u_ddr2/ph1p_ddrmc_wrapper/ph1p_ddrmc_top/u_ddr_phy/u_ddrphy_top/u_ddrphy_clk/u_pll0/u_pll_inst.clkc[3]}]
USR-1002 : Derived clock:  create_generated_clock -name {u_ph1p35_324_ddr_wrapper/u_ddr2/ph1p_ddrmc_wrapper/ph1p_ddrmc_top/u_ddr_phy/u_ddrphy_top/u_ddrphy_clk/u_pll1/u_pll_inst.clkc[0]} -source [get_pins {u_ph1p35_324_ddr_wrapper/u_ddr2/ph1p_ddrmc_wrapper/ph1p_ddrmc_top/u_ddr_phy/u_ddrphy_top/u_ddrphy_clk/u_pll0/u_pll_inst.clkc[0]}] -master_clock {u_ph1p35_324_ddr_wrapper/u_ddr2/ph1p_ddrmc_wrapper/ph1p_ddrmc_top/u_ddr_phy/u_ddrphy_top/u_ddrphy_clk/u_pll0/u_pll_inst.clkc[0]} -multiply_by 1.0000 -duty_cycle 50.0000 [get_pins {u_ph1p35_324_ddr_wrapper/u_ddr2/ph1p_ddrmc_wrapper/ph1p_ddrmc_top/u_ddr_phy/u_ddrphy_top/u_ddrphy_clk/u_pll1/u_pll_inst.clkc[0]}]
8.888000
15.000000
15.000000
13.333000
RUN-1003 : finish command "start_timer" in  4.533328s wall, 4.515625s user + 0.015625s system = 4.531250s CPU (100.0%)

RUN-1004 : used memory is 1158 MB, reserved memory is 1241 MB, peak memory is 1160 MB
TMR-2502 : Net delay update with mode: Placed
PHY-3001 : No need to merge 9x9 Dsps.
PHY-1001 : Populate physical database on model design_top_wrapper.
PHY-1001 : End Stage 2.3 | Global Placement Step 1; Time: 17.354550s wall, 29.343750s user + 4.125000s system = 33.468750s CPU (192.9%); Memory(MB): used = 1207, reserved = 1243, peak = 1207;

PHY-1001 : Stage 2.4 | RAM/DSP Legalization and Detailed Placement
PHY-1001 : Stage 2.4.1 | Legalization
PHY-3001 : Before Legalized: Len = 1.81836e+06
PHY-3001 : After Legalized: Len = 1.82578e+06, Over = 87.5312
PHY-1001 : End Stage 2.4.1 | Legalization; Time: 3.221085s wall, 3.203125s user + 0.015625s system = 3.218750s CPU (99.9%); Memory(MB): used = 1210, reserved = 1243, peak = 1210;

PHY-1001 : Stage 2.4.2 | Detailed Placement
PHY-1001 : Stage 2.4.2.1 | Simulated Annealing Based DP
PHY-0007 : Initial: WL Cost = 151332, TD Cost = 178150, SWNS = 356, STNS = 0, Nums per T = 580, Range Limit = 2x32
PHY-0007 : Finally: WL Cost = 149645, TD Cost = 177627, WL Ratio = 0.988857, TD Ratio = 0.997063, SWNS = 356, STNS = 0
RUN-1001 : Print Detailed placement's Summary information
RUN-1001 : -------------------------------------------------------------------------------------------------------------------------------
RUN-1001 :             |  Total  |  Accept  |  Reject by overFlow  |  Reject by worseCost  |  Failed by noTarget  |  Failed by gridCheck  
RUN-1001 : -------------------------------------------------------------------------------------------------------------------------------
RUN-1001 :   RAM/DSPs  |  2320   |    28    |          0           |         2292          |          0           |           0           
RUN-1001 :    Macros   |   338   |    3     |          0           |          335          |          0           |           0           
RUN-1001 : -------------------------------------------------------------------------------------------------------------------------------
PHY-1001 : End Stage 2.4.2.1 | Simulated Annealing Based DP; Time: 2.984263s wall, 3.406250s user + 0.125000s system = 3.531250s CPU (118.3%); Memory(MB): used = 1212, reserved = 1243, peak = 1212;

PHY-3001 : End Detailed Place; 
PHY-1001 : End Stage 2.4.2 | Detailed Placement; Time: 3.384161s wall, 3.796875s user + 0.125000s system = 3.921875s CPU (115.9%); Memory(MB): used = 1212, reserved = 1243, peak = 1212;

PHY-1001 : End Stage 2.4 | RAM/DSP Legalization and Detailed Placement; Time: 6.605902s wall, 7.000000s user + 0.140625s system = 7.140625s CPU (108.1%); Memory(MB): used = 1212, reserved = 1243, peak = 1212;

PHY-1001 : Stage 2.5 | Global Placement Step 2
PHY-3001 : Target density is 60%
PHY-1001 : Stage 2.5.1 | Update Timing
PHY-1001 : SWNS: 356, STNS: 0, FEP: 0
PHY-1001 : End Stage 2.5.1 | Update Timing; Time: 0.286487s wall, 0.281250s user + 0.000000s system = 0.281250s CPU (98.2%); Memory(MB): used = 1212, reserved = 1243, peak = 1212;

PHY-1001 : Stage 2.5.2 | Refresh Congestion
RUN-1001 : Generating global routing grids ...
RUN-1001 : Building simple global routing graph ...
PHY-1001 : Generate routing nets ...
PHY-1001 : Reuse net number 0/14103.
PHY-1001 : Global iterations in 32 thread ...
PHY-1002 : len = 1.8776e+06, over cnt = 2452(3%), over = 12455, worst = 55
PHY-1001 : End global iterations;  0.805473s wall, 1.671875s user + 0.015625s system = 1.687500s CPU (209.5%)

PHY-1001 : Congestion index:
PHY-1001 : top1  = 163.28(S 121.54, N 111.08, E 137.42, W 129.19, I 335.72, O 415.38)
PHY-1001 : top5  = 117.61(S 72.56, N 72.64, E 89.21, W 89.25, I 180.35, O 238.75)
PHY-1001 : top10 = 97.24(S 56.26, N 56.48, E 69.74, W 70.46, I 126.41, O 170.59)
PHY-1001 : top15 = 85.16(S 46.88, N 47.35, E 58.03, W 59.62, I 98.40, O 134.13)
PHY-1001 : End Stage 2.5.2 | Refresh Congestion; Time: 1.553568s wall, 2.406250s user + 0.046875s system = 2.453125s CPU (157.9%); Memory(MB): used = 1294, reserved = 1275, peak = 1294;

PHY-1001 : Stage 2.5.3 | GP Iteration
PHY-1001 : End Stage 2.5.3 | GP Iteration; Time: 2.890524s wall, 21.250000s user + 0.609375s system = 21.859375s CPU (756.2%); Memory(MB): used = 1299, reserved = 1282, peak = 1299;

PHY-3001 : Multithread accelerating rate: 7.46
PHY-1001 : End Stage 2.5 | Global Placement Step 2; Time: 7.932053s wall, 27.171875s user + 0.765625s system = 27.937500s CPU (352.2%); Memory(MB): used = 1303, reserved = 1285, peak = 1303;

PHY-1001 : Stage 2.6 | RAM/DSP Detailed Placement
PHY-1001 : Stage 2.6.1 | Detailed Placement
PHY-1001 : Stage 2.6.1.1 | Simulated Annealing Based DP
PHY-0007 : Initial: WL Cost = 121189, TD Cost = 160524, SWNS = 286, STNS = 0, Nums per T = 580, Range Limit = 2x32
PHY-0007 : Finally: WL Cost = 121181, TD Cost = 160526, WL Ratio = 0.999934, TD Ratio = 1.00002, SWNS = 286, STNS = 0
RUN-1001 : Print Detailed placement's Summary information
RUN-1001 : -------------------------------------------------------------------------------------------------------------------------------
RUN-1001 :             |  Total  |  Accept  |  Reject by overFlow  |  Reject by worseCost  |  Failed by noTarget  |  Failed by gridCheck  
RUN-1001 : -------------------------------------------------------------------------------------------------------------------------------
RUN-1001 :   RAM/DSPs  |   580   |    1     |          0           |          579          |          0           |           0           
RUN-1001 :    Macros   |   77    |    1     |          0           |          76           |          0           |           0           
RUN-1001 : -------------------------------------------------------------------------------------------------------------------------------
PHY-1001 : End Stage 2.6.1.1 | Simulated Annealing Based DP; Time: 0.246749s wall, 0.609375s user + 0.000000s system = 0.609375s CPU (247.0%); Memory(MB): used = 1303, reserved = 1285, peak = 1303;

PHY-3001 : End Detailed Place; 
PHY-1001 : End Stage 2.6.1 | Detailed Placement; Time: 0.644542s wall, 0.968750s user + 0.046875s system = 1.015625s CPU (157.6%); Memory(MB): used = 1303, reserved = 1285, peak = 1303;

PHY-1001 : Stage 2.6.2 | Spreading
OPT-1001 : Total overflow 586.47 peak overflow 4.62
PHY-3001 : Spreading for sector grids.
PHY-3001 : Iter 1, total overflow: 0
PHY-3001 : tot_capacity: 48, usage_cnt: 26, movable_cnt: 31
PHY-3001 : End spreading;  0.204764s wall, 0.484375s user + 0.000000s system = 0.484375s CPU (236.6%)

PHY-1001 : End Stage 2.6.2 | Spreading; Time: 0.204907s wall, 0.484375s user + 0.000000s system = 0.484375s CPU (236.4%); Memory(MB): used = 1303, reserved = 1285, peak = 1303;

PHY-1001 : End Stage 2.6 | RAM/DSP Detailed Placement; Time: 1.265902s wall, 1.859375s user + 0.046875s system = 1.906250s CPU (150.6%); Memory(MB): used = 1303, reserved = 1285, peak = 1303;

PHY-1001 : Stage 2.7 | Optimize Design
OPT-1001 : Start physical optimization ...
OPT-1001 : Total overflow 586.47 peak overflow 4.62
OPT-1001 : Stage 2.7.1 | Synthesize High-fanout Net
OPT-1001 : Start high-fanout net optimization in pre-pack flow with medium effort ...
OPT-1001 : Update timing in Manhattan mode
OPT-1001 : End timing update;  2.866142s wall, 2.875000s user + 0.000000s system = 2.875000s CPU (100.3%)

OPT-1001 : Start: SWNS 286 STNS 0 NUM_FEPS 0
OPT-1001 : Total overflow 586.47 peak overflow 4.62
PHY-1001 : Populate physical database on model design_top_wrapper.
OPT-1001 : 14 high-fanout net processed.
PHY-3001 : Start incremental placement ...
PHY-1001 : Populate physical database on model design_top_wrapper.
PHY-1001 : Processing 2 clock pins of DDR instance u_ph1p35_324_ddr_wrapper/u_ddr2/ph1p_ddrmc_wrapper/ph1p_ddrmc_top/u_ddr_phy/u_ddrphy_top/u_ddrphy/ac_byte[0]$ac_byte_used$u_ddrphy_ac_byte_wrapper/u_ddrphy_byte, location = x0y70z0.
PHY-1001 :   Placed ioclk instance u_ph1p35_324_ddr_wrapper/u_ddr2/ph1p_ddrmc_wrapper/ph1p_ddrmc_top/u_ddr_phy/u_ddrphy_top/u_ddrphy_clk/ioclk[0]$u_ioclk_1, location = x0y59z1.
PHY-1001 :   Placed ioclk instance u_ph1p35_324_ddr_wrapper/u_ddr2/ph1p_ddrmc_wrapper/ph1p_ddrmc_top/u_ddr_phy/u_ddrphy_top/u_ddrphy_clk/ioclk[0]$u_ioclk_0, location = x0y59z0.
PHY-1001 : Processing 2 clock pins of DDR instance u_ph1p35_324_ddr_wrapper/u_ddr2/ph1p_ddrmc_wrapper/ph1p_ddrmc_top/u_ddr_phy/u_ddrphy_top/u_ddrphy/ac_byte[1]$ac_byte_used$u_ddrphy_ac_byte_wrapper/u_ddrphy_byte, location = x0y60z0.
PHY-1001 :   Placed ioclk instance u_ph1p35_324_ddr_wrapper/u_ddr2/ph1p_ddrmc_wrapper/ph1p_ddrmc_top/u_ddr_phy/u_ddrphy_top/u_ddrphy_clk/ioclk[0]$u_ioclk_1, location = x0y59z1.
PHY-1001 :   Placed ioclk instance u_ph1p35_324_ddr_wrapper/u_ddr2/ph1p_ddrmc_wrapper/ph1p_ddrmc_top/u_ddr_phy/u_ddrphy_top/u_ddrphy_clk/ioclk[0]$u_ioclk_0, location = x0y59z0.
PHY-1001 : Processing 2 clock pins of DDR instance u_ph1p35_324_ddr_wrapper/u_ddr2/ph1p_ddrmc_wrapper/ph1p_ddrmc_top/u_ddr_phy/u_ddrphy_top/u_ddrphy/ac_byte[2]$ac_byte_used$u_ddrphy_ac_byte_wrapper/u_ddrphy_byte, location = x0y50z0.
PHY-1001 :   Placed ioclk instance u_ph1p35_324_ddr_wrapper/u_ddr2/ph1p_ddrmc_wrapper/ph1p_ddrmc_top/u_ddr_phy/u_ddrphy_top/u_ddrphy_clk/ioclk[0]$u_ioclk_1, location = x0y59z1.
PHY-1001 :   Placed ioclk instance u_ph1p35_324_ddr_wrapper/u_ddr2/ph1p_ddrmc_wrapper/ph1p_ddrmc_top/u_ddr_phy/u_ddrphy_top/u_ddrphy_clk/ioclk[0]$u_ioclk_0, location = x0y59z0.
PHY-1001 : Processing 2 clock pins of DDR instance u_ph1p35_324_ddr_wrapper/u_ddr2/ph1p_ddrmc_wrapper/ph1p_ddrmc_top/u_ddr_phy/u_ddrphy_top/u_ddrphy/ac_byte[3]$ac_byte_used$u_ddrphy_ac_byte_wrapper/u_ddrphy_byte, location = x0y40z0.
PHY-1001 :   Placed ioclk instance u_ph1p35_324_ddr_wrapper/u_ddr2/ph1p_ddrmc_wrapper/ph1p_ddrmc_top/u_ddr_phy/u_ddrphy_top/u_ddrphy_clk/ioclk[0]$u_ioclk_1, location = x0y59z1.
PHY-1001 :   Placed ioclk instance u_ph1p35_324_ddr_wrapper/u_ddr2/ph1p_ddrmc_wrapper/ph1p_ddrmc_top/u_ddr_phy/u_ddrphy_top/u_ddrphy_clk/ioclk[0]$u_ioclk_0, location = x0y59z0.
PHY-1001 : Processing 2 clock pins of DDR instance u_ph1p35_324_ddr_wrapper/u_ddr2/ph1p_ddrmc_wrapper/ph1p_ddrmc_top/u_ddr_phy/u_ddrphy_top/u_ddrphy/dx_byte[0]$dx_byte_used$u_ddrphy_dx_byte_wrapper/u_ddrphy_byte, location = x0y30z0.
PHY-1001 :   Placed ioclk instance u_ph1p35_324_ddr_wrapper/u_ddr2/ph1p_ddrmc_wrapper/ph1p_ddrmc_top/u_ddr_phy/u_ddrphy_top/u_ddrphy_clk/ioclk[1]$u_ioclk_1, location = x0y19z1.
PHY-1001 :   Placed ioclk instance u_ph1p35_324_ddr_wrapper/u_ddr2/ph1p_ddrmc_wrapper/ph1p_ddrmc_top/u_ddr_phy/u_ddrphy_top/u_ddrphy_clk/ioclk[1]$u_ioclk_0, location = x0y19z0.
PHY-1001 : Processing 2 clock pins of DDR instance u_ph1p35_324_ddr_wrapper/u_ddr2/ph1p_ddrmc_wrapper/ph1p_ddrmc_top/u_ddr_phy/u_ddrphy_top/u_ddrphy/dx_byte[1]$dx_byte_used$u_ddrphy_dx_byte_wrapper/u_ddrphy_byte, location = x0y10z0.
PHY-1001 :   Placed ioclk instance u_ph1p35_324_ddr_wrapper/u_ddr2/ph1p_ddrmc_wrapper/ph1p_ddrmc_top/u_ddr_phy/u_ddrphy_top/u_ddrphy_clk/ioclk[1]$u_ioclk_1, location = x0y19z1.
PHY-1001 :   Placed ioclk instance u_ph1p35_324_ddr_wrapper/u_ddr2/ph1p_ddrmc_wrapper/ph1p_ddrmc_top/u_ddr_phy/u_ddrphy_top/u_ddrphy_clk/ioclk[1]$u_ioclk_0, location = x0y19z0.
PHY-3001 : Target density is 60%
PHY-3001 : Target density is 60%
PHY-1001 : Stage 2.7.1.1 | Update Timing
PHY-1001 : SWNS: 286, STNS: 0, FEP: 0
PHY-1001 : End Stage 2.7.1.1 | Update Timing; Time: 2.930664s wall, 2.906250s user + 0.000000s system = 2.906250s CPU (99.2%); Memory(MB): used = 1310, reserved = 1292, peak = 1310;

PHY-1001 : Stage 2.7.1.2 | Refresh Congestion
RUN-1001 : Generating global routing grids ...
PHY-1001 : Generate routing nets ...
PHY-1001 : Reuse net number 346/24898.
PHY-1001 : Global iterations in 32 thread ...
PHY-1002 : len = 1.50486e+06, over cnt = 3028(4%), over = 15527, worst = 47
PHY-1001 : End global iterations;  1.439099s wall, 2.890625s user + 0.015625s system = 2.906250s CPU (201.9%)

PHY-1001 : Congestion index:
PHY-1001 : top1  = 154.61(S 115.12, N 108.63, E 121.53, W 137.01, I 189.94, O 204.61)
PHY-1001 : top5  = 115.44(S 79.19, N 78.50, E 83.59, W 92.51, I 110.18, O 132.86)
PHY-1001 : top10 = 98.55(S 63.01, N 62.41, E 67.83, W 73.80, I 83.76, O 104.61)
PHY-1001 : top15 = 88.70(S 53.38, N 52.94, E 58.47, W 63.41, I 69.98, O 89.04)
PHY-1001 : End Stage 2.7.1.2 | Refresh Congestion; Time: 1.825344s wall, 3.250000s user + 0.015625s system = 3.265625s CPU (178.9%); Memory(MB): used = 1311, reserved = 1294, peak = 1311;

PHY-1001 : Stage 2.7.1.3 | GP Iteration
PHY-1001 : End Stage 2.7.1.3 | GP Iteration; Time: 1.853730s wall, 13.484375s user + 0.312500s system = 13.796875s CPU (744.3%); Memory(MB): used = 1312, reserved = 1295, peak = 1312;

PHY-3001 : Multithread accelerating rate: 7.22
OPT-1001 : Total overflow 595.94 peak overflow 4.91
PHY-3001 : Spreading for sector grids.
PHY-3001 : Iter 1, total overflow: 0
PHY-3001 : tot_capacity: 48, usage_cnt: 26, movable_cnt: 34
PHY-3001 : End spreading;  0.200715s wall, 0.203125s user + 0.000000s system = 0.203125s CPU (101.2%)

PHY-3001 : Final: Len = 1.33924e+06, Over = 131.156
PHY-3001 : End incremental placement;  7.502254s wall, 20.812500s user + 0.359375s system = 21.171875s CPU (282.2%)

OPT-1001 : Total overflow 595.94 peak overflow 4.91
RUN-1001 : HFN opt statistic
RUN-1001 : ------------------------------------------------------
RUN-1001 :   DriverCell type  |  HFN count  |  Duplicated count  
RUN-1001 : ------------------------------------------------------
RUN-1001 :         REG        |      9      |         16         
RUN-1001 :        LUT6        |      1      |         5          
RUN-1001 :        LUT5        |      1      |         1          
RUN-1001 :        LUT4        |      0      |         0          
RUN-1001 :        LUT3        |      0      |         0          
RUN-1001 :        LUT2        |      3      |         5          
RUN-1001 :        TOTAL       |     14      |         27         
RUN-1001 : ------------------------------------------------------
OPT-1001 : End high-fanout net optimization;  11.703990s wall, 25.015625s user + 0.359375s system = 25.375000s CPU (216.8%)

OPT-1001 : Update timing in Manhattan mode
OPT-1001 : End timing update;  2.940460s wall, 2.953125s user + 0.000000s system = 2.953125s CPU (100.4%)

OPT-1001 : Current memory(MB): used = 1313, reserved = 1295, peak = 1313.
OPT-1001 : End Stage 2.7.1 | Synthesize High-fanout Net; Time: 14.993097s wall, 28.281250s user + 0.375000s system = 28.656250s CPU (191.1%); Memory(MB): used = 1313, reserved = 1295, peak = 1313;

OPT-1001 : Stage 2.7.2 | Global Optimization
OPT-1001 : Start global optimization ...
OPT-0007 : Start: SWNS 313 STNS 0 NUM_FEPS 0
OPT-1001 : Start congestion update ...
RUN-1001 : Generating global routing grids ...
PHY-1001 : Generate routing nets ...
PHY-1001 : Reuse net number 14321/24265.
PHY-1001 : Global iterations in 32 thread ...
PHY-1002 : len = 1.51568e+06, over cnt = 3010(4%), over = 11965, worst = 36
PHY-1002 : len = 1.66861e+06, over cnt = 2495(3%), over = 6464, worst = 33
PHY-1002 : len = 1.76483e+06, over cnt = 1194(1%), over = 2994, worst = 26
PHY-1002 : len = 1.85326e+06, over cnt = 176(0%), over = 373, worst = 12
PHY-1002 : len = 1.86437e+06, over cnt = 8(0%), over = 16, worst = 4
PHY-1001 : End global iterations;  3.210221s wall, 4.765625s user + 0.062500s system = 4.828125s CPU (150.4%)

PHY-1001 : Congestion index:
PHY-1001 : top1  = 84.99(S 72.96, N 69.02, E 77.46, W 80.84, I 183.00, O 199.67)
PHY-1001 : top5  = 73.64(S 60.41, N 57.83, E 62.07, W 67.58, I 109.72, O 132.68)
PHY-1001 : top10 = 67.64(S 52.65, N 51.03, E 53.88, W 59.99, I 83.59, O 105.05)
PHY-1001 : top15 = 63.61(S 47.39, N 46.28, E 48.59, W 54.56, I 70.01, O 89.47)
OPT-1001 : End congestion update;  3.836084s wall, 5.812500s user + 0.093750s system = 5.906250s CPU (154.0%)

OPT-0007 : Iter 1: improved SWNS 313 STNS 0 NUM_FEPS 0 with 30 cells processed and 1343 slack improved
OPT-0007 : Iter 2: improved SWNS 313 STNS 0 NUM_FEPS 0 with 5 cells processed and 80 slack improved
OPT-1001 : Overall commit ratio 0.65
OPT-1001 : End global optimization;  4.049454s wall, 6.031250s user + 0.093750s system = 6.125000s CPU (151.3%)

OPT-1001 : Current memory(MB): used = 1313, reserved = 1295, peak = 1313.
OPT-1001 : End Stage 2.7.2 | Global Optimization; Time: 5.196703s wall, 7.156250s user + 0.109375s system = 7.265625s CPU (139.8%); Memory(MB): used = 1313, reserved = 1295, peak = 1313;

OPT-0007 : End flow prepack: SWNS 313 STNS 0 NUM_FEPS 0
OPT-1001 : End physical optimization;  20.264628s wall, 35.515625s user + 0.484375s system = 36.000000s CPU (177.6%)

PHY-1001 : End Stage 2.7 | Optimize Design; Time: 20.268210s wall, 35.531250s user + 0.484375s system = 36.015625s CPU (177.7%); Memory(MB): used = 1313, reserved = 1295, peak = 1313;

PHY-1001 : Stage 2.8 | Pack and Legalization
PHY-1001 : Stage 2.8.1 | Direct Legalization
PHY-3001 : Start Direct Legalization ...
PHY-3001 : Get top1 grid util = 0.739720, top1_avg = 0.739720.
PHY-1001 : Populate physical database on model design_top_wrapper.
PHY-3001 : Target density is 60%
PHY-3001 : Before Legalization for Slice Macros, Len = 1.34145e+06.
RUN-1001 : Legalization top10 inst displacement:
RUN-1001 : ------------------------------------------------------------------------------------------------------------------------------------------------------------------------------------------------------------------------------------
RUN-1001 :   Index  |  Bounded  |  Height  |       Location       |  Disp. (slots)  |  Disp. (grids)  |                                                                  Name                                                                  
RUN-1001 : ------------------------------------------------------------------------------------------------------------------------------------------------------------------------------------------------------------------------------------
RUN-1001 :     1    |     N     |    8     |  x2y29z6 to x5y32z0  |       42        |        6        |         u_ph1p35_324_ddr_wrapper/u_ddr2/ph1p_ddrmc_wrapper/ph1p_ddrmc_top/u_ddr_phy/u_ddrphy_top/u_ddrphy_init/ramread0_syn_91         
RUN-1001 :     2    |     N     |    8     |  x2y29z1 to x5y27z0  |       41        |        5        |         u_ph1p35_324_ddr_wrapper/u_ddr2/ph1p_ddrmc_wrapper/ph1p_ddrmc_top/u_ddr_phy/u_ddrphy_top/u_ddrphy_init/ramread0_syn_31         
RUN-1001 :     3    |     N     |    8     |  x1y34z4 to x5y35z0  |       36        |        5        |        u_ph1p35_324_ddr_wrapper/u_ddr2/ph1p_ddrmc_wrapper/ph1p_ddrmc_top/u_ddr_phy/u_ddrphy_top/u_ddrphy_init/ramread0_syn_131         
RUN-1001 :     4    |     N     |    8     |  x2y30z3 to x5y31z0  |       29        |        4        |         u_ph1p35_324_ddr_wrapper/u_ddr2/ph1p_ddrmc_wrapper/ph1p_ddrmc_top/u_ddr_phy/u_ddrphy_top/u_ddrphy_init/ramread0_syn_71         
RUN-1001 :     5    |     N     |    8     |  x2y29z4 to x5y30z0  |       28        |        4        |         u_ph1p35_324_ddr_wrapper/u_ddr2/ph1p_ddrmc_wrapper/ph1p_ddrmc_top/u_ddr_phy/u_ddrphy_top/u_ddrphy_init/ramread0_syn_51         
RUN-1001 :     6    |     N     |    8     |  x2y29z3 to x5y29z0  |       27        |        3        |        u_ph1p35_324_ddr_wrapper/u_ddr2/ph1p_ddrmc_wrapper/ph1p_ddrmc_top/u_ddr_phy/u_ddrphy_top/u_ddrphy_init/ramread0_syn_111         
RUN-1001 :     7    |     N     |    8     |   x3y5z2 to x5y6z0   |       22        |        3        |       u_ph1p35_324_ddr_wrapper/u_ddr2/ph1p_ddrmc_wrapper/ph1p_ddrmc_top/u_phy2mc_fifo/byteIdx_1[1]$u_wfifo_sync/ramread0_syn_68        
RUN-1001 :     8    |     N     |    8     |   x5y5z2 to x5y8z0   |       22        |        3        |  u_ph1p35_324_ddr_wrapper/u_ddr2/ph1p_ddrmc_wrapper/ph1p_ddrmc_top/u_alc_mc_top/u_rd_data/rd_buffer[0]$u_rd_data_buf/ramread0_syn_112  
RUN-1001 :     9    |     N     |    8     |   x3y6z5 to x5y7z0   |       19        |        3        |       u_ph1p35_324_ddr_wrapper/u_ddr2/ph1p_ddrmc_wrapper/ph1p_ddrmc_top/u_phy2mc_fifo/byteIdx_1[1]$u_wfifo_sync/ramread0_syn_28        
RUN-1001 :    10    |     N     |    8     |  x7y9z5 to x5y10z0   |       19        |        3        |   u_ph1p35_324_ddr_wrapper/u_ddr2/ph1p_ddrmc_wrapper/ph1p_ddrmc_top/u_alc_mc_top/u_wr_data/wr_buffer[0]$u_wdata_ram/ramread0_syn_152   
RUN-1001 : ------------------------------------------------------------------------------------------------------------------------------------------------------------------------------------------------------------------------------------
PHY-3001 : After Legalization for Slice Macros, Len = 1.38213e+06.
RUN-1001 : Generating global routing grids ...
PHY-1001 : Generate routing nets ...
PHY-1001 : Reuse net number 21539/24284.
RUN-1002 : start command "update_timing -mode MANHATTAN"
RUN-1002 : start command "start_timer"
RUN-1003 : finish command "start_timer" in  2.938991s wall, 2.921875s user + 0.000000s system = 2.921875s CPU (99.4%)

RUN-1004 : used memory is 1346 MB, reserved memory is 1328 MB, peak memory is 1346 MB
RUN-1003 : finish command "update_timing -mode MANHATTAN" in  5.567781s wall, 5.515625s user + 0.000000s system = 5.515625s CPU (99.1%)

RUN-1004 : used memory is 1346 MB, reserved memory is 1328 MB, peak memory is 1346 MB
PHY-1001 : Global iterations in 32 thread ...
PHY-1002 : len = 1.85912e+06, over cnt = 888(1%), over = 1912, worst = 9
PHY-1002 : len = 1.87523e+06, over cnt = 663(0%), over = 1028, worst = 9
PHY-1002 : len = 1.89411e+06, over cnt = 210(0%), over = 281, worst = 6
PHY-1002 : len = 1.90054e+06, over cnt = 50(0%), over = 67, worst = 4
PHY-1002 : len = 1.90269e+06, over cnt = 0(0%), over = 0, worst = 0
PHY-1001 : End global iterations;  1.272670s wall, 1.656250s user + 0.000000s system = 1.656250s CPU (130.1%)

PHY-1001 : Congestion index:
PHY-1001 : top1  = 87.13(S 71.49, N 67.46, E 77.69, W 83.31, I 177.96, O 197.37)
PHY-1001 : top5  = 73.86(S 59.39, N 57.02, E 62.18, W 68.70, I 106.15, O 129.49)
PHY-1001 : top10 = 67.67(S 52.32, N 50.43, E 54.07, W 60.78, I 81.68, O 103.58)
PHY-1001 : top15 = 63.62(S 47.32, N 45.89, E 49.00, W 55.29, I 68.84, O 88.80)
PHY-3001 : Total Iter 126, legal = 25114 / 25114 (100.00%), avg_move = 29.71, max_move = 306.
PHY-3001 : There are no illegal insts.
PHY-1001 : Populate physical database on model design_top_wrapper.
PHY-3001 : End Direct Legalization;  38.486578s wall, 322.765625s user + 3.734375s system = 326.500000s CPU (848.3%)

RUN-1001 : Summary of LUT-FF Pairs
RUN-1001 : ---------------------------------------------------------------
RUN-1001 :   Num of Fanout Seqs  |   1x   |  2x  |  3~5  |  6~10  |  >10  
RUN-1001 : ---------------------------------------------------------------
RUN-1001 :         Total         |  7306  |  16  |  46   |   0    |  23   
RUN-1001 :          Grid         |  7296  |  16  |  39   |   0    |  23   
RUN-1001 :          Bank         |  7125  |  16  |  37   |   0    |  23   
RUN-1001 :         Paired        |  7109  |  16  |  35   |   0    |  23   
RUN-1001 : ---------------------------------------------------------------
RUN-1001 : Summary of LUT Pairs
RUN-1001 : ---------------------------------------------------------------------------------------------------------------------
RUN-1001 :            |           |           |           |           |           |  O5 + O6  |  Only O5  |  Only O6  |  Total  
RUN-1001 : ---------------------------------------------------------------------------------------------------------------------
RUN-1001 :   5 Share  |  4 Share  |  3 Share  |  2 Share  |  1 Share  |  0 Share  |           |           |           |         
RUN-1001 :     44     |    170    |    281    |    421    |   1803    |   3743    |   6462    |   2640    |   2119    |  11221  
RUN-1001 : ---------------------------------------------------------------------------------------------------------------------
PHY-1001 : End Stage 2.8.1 | Direct Legalization; Time: 38.582053s wall, 322.859375s user + 3.734375s system = 326.593750s CPU (846.5%); Memory(MB): used = 1437, reserved = 1419, peak = 1438;

PHY-3001 : Target density is 60%
PHY-3001 : After Direct Legalization, Len = 1.67384e+06.
PHY-1001 : End Stage 2.8 | Pack and Legalization; Time: 38.903485s wall, 323.171875s user + 3.734375s system = 326.906250s CPU (840.3%); Memory(MB): used = 1437, reserved = 1419, peak = 1438;

RUN-1002 : start command "start_timer"
RUN-1003 : finish command "start_timer" in  5.708831s wall, 5.703125s user + 0.000000s system = 5.703125s CPU (99.9%)

RUN-1004 : used memory is 1438 MB, reserved memory is 1419 MB, peak memory is 1438 MB
PHY-1001 : End Stage 2 | Global Placement; Time: 101.128294s wall, 432.796875s user + 9.312500s system = 442.109375s CPU (437.2%); Memory(MB): used = 1438, reserved = 1419, peak = 1438;

PHY-1001 : Stage 3 | Detailed Placement
PHY-1001 : Stage 3.1 | SLICE Detailed Placement
PHY-1001 : Stage 3.1.1 | Spreading
PHY-3001 : Design contains 158 ce signals.
PHY-3001 : Spreading for sector grids.
PHY-3001 : Iter 1, total overflow: 0
PHY-3001 : tot_capacity: 36, usage_cnt: 22, movable_cnt: 22
PHY-3001 : Spreading for clock grids.
PHY-3001 : clock grid count for 24 x 4 grids
PHY-3001 : Spreading for plb grids.
PHY-3001 : total displace: 0, max displace: 0.
PHY-3001 : End spreading;  0.580912s wall, 0.562500s user + 0.015625s system = 0.578125s CPU (99.5%)

PHY-1001 : End Stage 3.1.1 | Spreading; Time: 0.581090s wall, 0.562500s user + 0.015625s system = 0.578125s CPU (99.5%); Memory(MB): used = 1444, reserved = 1425, peak = 1444;

PHY-1001 : Stage 3.1.2 | Simulated Annealing Based DP
RUN-1001 : Generating global routing grids ...
PHY-1001 : Generate routing nets ...
PHY-1001 : Reuse net number 2329/18743.
PHY-1001 : Global iterations in 32 thread ...
PHY-1002 : len = 1.8176e+06, over cnt = 1437(2%), over = 2790, worst = 9
PHY-1002 : len = 1.84669e+06, over cnt = 923(1%), over = 1433, worst = 9
PHY-1002 : len = 1.86542e+06, over cnt = 388(0%), over = 599, worst = 9
PHY-1002 : len = 1.87958e+06, over cnt = 61(0%), over = 90, worst = 4
PHY-1002 : len = 1.88091e+06, over cnt = 0(0%), over = 0, worst = 0
PHY-1001 : End global iterations;  2.685149s wall, 4.046875s user + 0.062500s system = 4.109375s CPU (153.0%)

PHY-1001 : Congestion index:
PHY-1001 : top1  = 77.71(S 60.29, N 57.72, E 73.11, W 73.68, I 62.61, O 71.13)
PHY-1001 : top5  = 67.09(S 50.10, N 46.88, E 58.05, W 61.24, I 51.96, O 60.87)
PHY-1001 : top10 = 61.26(S 43.32, N 41.25, E 50.50, W 53.85, I 46.31, O 54.87)
PHY-1001 : top15 = 57.29(S 38.88, N 37.39, E 45.70, W 48.74, I 42.39, O 50.62)
PHY-0007 : Initial: WL Cost = 131080, TD Cost = 122702, SWNS = 157, STNS = 0, Nums per T = 104070, Range Limit = 4x8
PHY-0007 : Finally: WL Cost = 116043, TD Cost = 95645.5, WL Ratio = 0.885283, TD Ratio = 0.779494, SWNS = 213, STNS = 0
RUN-1001 : Print Detailed placement's Summary information
RUN-1001 : -------------------------------------------------------------------------------------------------------------------------------
RUN-1001 :           |   Total   |  Accept  |  Reject by overFlow  |  Reject by worseCost  |  Failed by noTarget  |  Failed by gridCheck  
RUN-1001 : -------------------------------------------------------------------------------------------------------------------------------
RUN-1001 :   Slices  |  1144770  |  29035   |         1430         |        1097735        |         518          |         16052         
RUN-1001 :   Macros  |   26274   |   157    |         227          |         25790         |          52          |          48           
RUN-1001 : -------------------------------------------------------------------------------------------------------------------------------
PHY-1001 : End Stage 3.1.2 | Simulated Annealing Based DP; Time: 39.225393s wall, 41.578125s user + 0.218750s system = 41.796875s CPU (106.6%); Memory(MB): used = 1454, reserved = 1434, peak = 1454;

PHY-3001 : End Detailed Place; 
PHY-3001 : Final: Len = 1.4587e+06, Over = 0
PHY-1001 : End Stage 3.1 | SLICE Detailed Placement; Time: 40.489897s wall, 42.828125s user + 0.234375s system = 43.062500s CPU (106.4%); Memory(MB): used = 1454, reserved = 1434, peak = 1454;

PHY-3001 : End Detailed Place; 
PHY-1001 : Stage 3.2 | Optimize Design
OPT-1001 : Start physical optimization ...
OPT-1001 : Total overflow 0.00 peak overflow 0.00
OPT-1001 : Stage 3.2.1 | Physical Optimization
OPT-1001 : Start high-fanout net optimization in optimize equivalent flow with medium effort ...
OPT-1001 : Clean unloaded insts before merging registers
PHY-1001 : Populate physical database on model design_top_wrapper.
PHY-1001 : Populate physical database on model design_top_wrapper.
OPT-1001 : Total overflow 0.00 peak overflow 0.00
OPT-1001 : End optimize duplicated nets. Total 12 instances are merged and 243 sinks are reconnected,  3.993160s wall, 3.968750s user + 0.015625s system = 3.984375s CPU (99.8%)

OPT-1001 : End high-fanout net optimization;  3.995935s wall, 3.968750s user + 0.015625s system = 3.984375s CPU (99.7%)

OPT-1001 : Update timing in Manhattan mode
RUN-1002 : start command "start_timer"
RUN-1003 : finish command "start_timer" in  4.456510s wall, 4.421875s user + 0.000000s system = 4.421875s CPU (99.2%)

RUN-1004 : used memory is 1454 MB, reserved memory is 1434 MB, peak memory is 1454 MB
OPT-1001 : End timing update;  7.134834s wall, 7.078125s user + 0.000000s system = 7.078125s CPU (99.2%)

OPT-1001 : Current memory(MB): used = 1454, reserved = 1434, peak = 1454.
OPT-1001 : End Stage 3.2.1 | Physical Optimization; Time: 11.430193s wall, 11.328125s user + 0.015625s system = 11.343750s CPU (99.2%); Memory(MB): used = 1454, reserved = 1434, peak = 1454;

OPT-1001 : Stage 3.2.2 | Synthesize High-fanout Net
OPT-1001 : Start high-fanout net optimization in post-pack flow with medium effort ...
OPT-1001 : Start: SWNS 213 STNS 0 NUM_FEPS 0
OPT-1001 : Total overflow 0.00 peak overflow 0.00
PHY-1001 : Populate physical database on model design_top_wrapper.
OPT-1001 : 20 high-fanout net processed.
OPT-1001 : Total overflow 0.00 peak overflow 0.00
RUN-1001 : HFN opt statistic
RUN-1001 : ------------------------------------------------------
RUN-1001 :   DriverCell type  |  HFN count  |  Duplicated count  
RUN-1001 : ------------------------------------------------------
RUN-1001 :       LSLICE       |      0      |         0          
RUN-1001 :       MSLICE       |      0      |         0          
RUN-1001 :        OTHER       |     20      |         17         
RUN-1001 :        TOTAL       |     20      |         17         
RUN-1001 : ------------------------------------------------------
OPT-1001 : End high-fanout net optimization;  1.787707s wall, 1.781250s user + 0.000000s system = 1.781250s CPU (99.6%)

OPT-1001 : Current memory(MB): used = 1454, reserved = 1434, peak = 1454.
OPT-1001 : End Stage 3.2.2 | Synthesize High-fanout Net; Time: 2.088306s wall, 2.093750s user + 0.000000s system = 2.093750s CPU (100.3%); Memory(MB): used = 1454, reserved = 1434, peak = 1454;

OPT-1001 : Stage 3.2.3 | Optimize Path
OPT-1001 : Start unpack path based optimization ...
OPT-0007 : Start: SWNS 213 STNS 0 NUM_FEPS 0 with mode 2
OPT-1001 : Start congestion update ...
RUN-1001 : Generating global routing grids ...
PHY-1001 : Generate routing nets ...
PHY-1001 : Reuse net number 5925/19539.
PHY-1001 : Global iterations in 32 thread ...
PHY-1002 : len = 1.6877e+06, over cnt = 1807(2%), over = 3646, worst = 9
PHY-1002 : len = 1.73325e+06, over cnt = 1031(1%), over = 1694, worst = 8
PHY-1002 : len = 1.76741e+06, over cnt = 311(0%), over = 486, worst = 7
PHY-1002 : len = 1.77568e+06, over cnt = 121(0%), over = 178, worst = 5
PHY-1002 : len = 1.78795e+06, over cnt = 0(0%), over = 0, worst = 0
PHY-1001 : End global iterations;  2.550737s wall, 3.890625s user + 0.125000s system = 4.015625s CPU (157.4%)

PHY-1001 : Congestion index:
PHY-1001 : top1  = 77.34(S 64.51, N 56.85, E 72.02, W 73.59, I 62.17, O 69.65)
PHY-1001 : top5  = 66.90(S 51.44, N 46.93, E 57.29, W 60.79, I 50.85, O 58.40)
PHY-1001 : top10 = 61.27(S 44.21, N 41.42, E 50.17, W 53.74, I 45.45, O 52.99)
PHY-1001 : top15 = 57.45(S 39.68, N 37.77, E 45.34, W 49.05, I 41.86, O 49.25)
OPT-1001 : End congestion update;  3.265878s wall, 4.609375s user + 0.125000s system = 4.734375s CPU (145.0%)

OPT-0007 : Iter 1: improved SWNS 307 STNS 0 NUM_FEPS 0 with 85(3112) cells and 1556(1556) paths processed with 10482 slack improved, crit_thod: 2501 ratio: 0.98(101/103) rt: 1.4s
OPT-0007 : Iter 2: improved SWNS 406 STNS 0 NUM_FEPS 0 with 30(3112) cells and 1556(1556) paths processed with 3381 slack improved, crit_thod: 2489 ratio: 0.88(36/41) rt: 1.0s
OPT-0007 : Iter 3: improved SWNS 406 STNS 0 NUM_FEPS 0 with 18(3134) cells and 1567(1567) paths processed with 1788 slack improved, crit_thod: 2499 ratio: 0.77(24/31) rt: 1.0s
OPT-0007 : Iter 4: improved SWNS 406 STNS 0 NUM_FEPS 0 with 3(3132) cells and 1566(1566) paths processed with 131 slack improved, crit_thod: 2499 ratio: 0.42(5/12) rt: 0.8s
OPT-1001 : End path based optimization;  7.600358s wall, 8.937500s user + 0.140625s system = 9.078125s CPU (119.4%)

OPT-1001 : Current memory(MB): used = 1454, reserved = 1434, peak = 1454.
OPT-1001 : End Stage 3.2.3 | Optimize Path; Time: 7.896489s wall, 9.218750s user + 0.140625s system = 9.359375s CPU (118.5%); Memory(MB): used = 1454, reserved = 1434, peak = 1454;

OPT-1001 : Stage 3.2.4 | Optimize Duplicated Nets
OPT-1001 : Start: WNS 406 TNS 0 NUM_FEPS 0
OPT-1001 : Clean unloaded insts before merging registers
PHY-1001 : Populate physical database on model design_top_wrapper.
PHY-1001 : Populate physical database on model design_top_wrapper.
OPT-1001 : Total overflow 0.00 peak overflow 0.00
OPT-1001 : End optimize duplicated nets. Total 0 instances are merged and 187 sinks are reconnected,  3.990691s wall, 3.921875s user + 0.031250s system = 3.953125s CPU (99.1%)

OPT-1001 : Update timing in Manhattan mode
RUN-1002 : start command "start_timer"
RUN-1003 : finish command "start_timer" in  4.485805s wall, 4.468750s user + 0.000000s system = 4.468750s CPU (99.6%)

RUN-1004 : used memory is 1454 MB, reserved memory is 1434 MB, peak memory is 1454 MB
OPT-1001 : End timing update;  7.161660s wall, 7.109375s user + 0.015625s system = 7.125000s CPU (99.5%)

OPT-1001 : Current memory(MB): used = 1454, reserved = 1434, peak = 1454.
OPT-1001 : End Stage 3.2.4 | Optimize Duplicated Nets; Time: 11.459687s wall, 11.343750s user + 0.046875s system = 11.390625s CPU (99.4%); Memory(MB): used = 1454, reserved = 1434, peak = 1454;

OPT-1001 : Stage 3.2.5 | Swap Pins
OPT-1001 : Start pin optimization...
OPT-1001 : Start: SWNS 406 STNS 0 NUM_FEPS 0
OPT-1001 : Successfully optimized 813 instances
OPT-1001 : Successfully optimized 202 instances
OPT-1001 : End pin optimization;  2.499772s wall, 2.437500s user + 0.015625s system = 2.453125s CPU (98.1%)

OPT-1001 : Current memory(MB): used = 1454, reserved = 1434, peak = 1454.
OPT-1001 : End Stage 3.2.5 | Swap Pins; Time: 2.804805s wall, 2.734375s user + 0.015625s system = 2.750000s CPU (98.0%); Memory(MB): used = 1454, reserved = 1434, peak = 1454;

OPT-1001 : Stage 3.2.6 | Optimize Beeline
OPT-1001 : Start beeline optimization...
OPT-1001 : Start: SWNS 406 STNS 0 NUM_FEPS 0
PHY-1001 : Beeline DP, 785 out of 5256 (14.94)%; hop = 1047.
PHY-1001 : Beeline DP, 245 out of 4534 (5.40)%; hop = 338.
PHY-1001 : Beeline DP, 134 out of 4372 (3.06)%; hop = 184.
PHY-1001 : Beeline DP, 106 out of 4364 (2.43)%; hop = 140.
PHY-1001 : Beeline DP, 96 out of 4327 (2.22)%; hop = 126.
PHY-1001 : Beeline optimization intraPLB, 2492 1-hop(39.34%), 2700 2-hop(42.62%), 449 3-hop( 7.09%), 694 others (10.96%)
PHY-1001 :  20.063502s wall, 19.750000s user + 0.171875s system = 19.921875s CPU (99.3%)

RUN-1001 : Beeline optimization outerPLB: 1-hop 2016, 2-hop 3604, 3-hop 2265, 4-hop 722, other 1921 
OPT-1001 : End beeline optimization;  21.203868s wall, 20.875000s user + 0.187500s system = 21.062500s CPU (99.3%)

OPT-1001 : Update timing in Manhattan mode
OPT-1001 : End timing update;  2.740752s wall, 2.671875s user + 0.031250s system = 2.703125s CPU (98.6%)

OPT-1001 : End Stage 3.2.6 | Optimize Beeline; Time: 24.463167s wall, 24.062500s user + 0.234375s system = 24.296875s CPU (99.3%); Memory(MB): used = 1454, reserved = 1434, peak = 1454;

OPT-0007 : End flow postpack: SWNS 406 STNS 0 NUM_FEPS 0
RUN-1001 : Generating global routing grids ...
PHY-1001 : Generate routing nets ...
PHY-1001 : Reuse net number 16978/18809.
PHY-1001 : Global iterations in 32 thread ...
PHY-1002 : len = 1.80134e+06, over cnt = 416(0%), over = 626, worst = 6
PHY-1002 : len = 1.80891e+06, over cnt = 216(0%), over = 269, worst = 6
PHY-1002 : len = 1.81288e+06, over cnt = 71(0%), over = 86, worst = 3
PHY-1002 : len = 1.8152e+06, over cnt = 15(0%), over = 15, worst = 1
PHY-1002 : len = 1.81554e+06, over cnt = 0(0%), over = 0, worst = 0
PHY-1001 : End global iterations;  0.916268s wall, 1.125000s user + 0.000000s system = 1.125000s CPU (122.8%)

PHY-1001 : Congestion index:
PHY-1001 : top1  = 77.18(S 64.14, N 56.93, E 72.10, W 72.92, I 62.03, O 70.07)
PHY-1001 : top5  = 66.61(S 51.52, N 46.87, E 57.40, W 60.52, I 50.61, O 58.40)
PHY-1001 : top10 = 61.18(S 44.31, N 41.41, E 49.97, W 53.66, I 45.38, O 53.08)
PHY-1001 : top15 = 57.33(S 39.85, N 37.78, E 45.19, W 48.96, I 41.80, O 49.35)
RUN-1001 : QoR Analysis:
OPT-0007 :   SWNS 406 STNS 0 NUM_FEPS 0
RUN-1001 :   No local congestion issue, and most congested 1% tile average routing util is 76.842105
RUN-1001 :   Top critical paths
RUN-1001 :       #1 path slack 406ps with logic level 1 
RUN-1001 :       #2 path slack 406ps with logic level 1 
RUN-1001 :       #3 path slack 411ps with logic level 1 
RUN-1001 :       #4 path slack 421ps with logic level 1 
RUN-1001 :       #5 path slack 430ps with logic level 1 
RUN-1001 :       #6 path slack 430ps with logic level 1 
RUN-1001 :       #7 path slack 439ps with logic level 1 
RUN-1001 :       #8 path slack 439ps with logic level 1 
RUN-1001 :       #9 path slack 439ps with logic level 1 
RUN-1001 :       #10 path slack 450ps with logic level 1 
OPT-1001 : End physical optimization;  62.073996s wall, 63.343750s user + 0.484375s system = 63.828125s CPU (102.8%)

PHY-1001 : End Stage 3.2 | Optimize Design; Time: 62.074382s wall, 63.343750s user + 0.484375s system = 63.828125s CPU (102.8%); Memory(MB): used = 1454, reserved = 1434, peak = 1454;

RUN-1001 : Report Control nets information:
RUN-1001 : DFF Distribution
RUN-1001 : -------------------------------------
RUN-1001 :   CE   |  SSR  |  ASR  |  DFF Count  
RUN-1001 : -------------------------------------
RUN-1001 :   No   |  No   |  No   |     224     
RUN-1001 :   No   |  No   |  Yes  |      0      
RUN-1001 :   No   |  Yes  |  No   |      0      
RUN-1001 :   Yes  |  No   |  No   |    6944     
RUN-1001 :   Yes  |  No   |  Yes  |    7618     
RUN-1001 :   Yes  |  Yes  |  No   |     364     
RUN-1001 : -------------------------------------
RUN-1001 : Control Group Statistic
RUN-1001 : -----------------------------
RUN-1001 :   #CLK  |  #CE  |  #SSR/ASR  
RUN-1001 : -----------------------------
RUN-1001 :    14   |  499  |     36     
RUN-1001 : -----------------------------
RUN-0007 : Control Set = 592
PHY-1001 : End Stage 3 | Detailed Placement; Time: 102.884771s wall, 106.468750s user + 0.734375s system = 107.203125s CPU (104.2%); Memory(MB): used = 1454, reserved = 1434, peak = 1454;

PHY-1001 : Populate physical database on model design_top_wrapper.
PHY-1001 : Stage 4 | Optimize Design
PHY-3001 : Start incremental legalization ...
PHY-1001 : Populate physical database on model design_top_wrapper.
PHY-1001 : Processing 2 clock pins of DDR instance u_ph1p35_324_ddr_wrapper/u_ddr2/ph1p_ddrmc_wrapper/ph1p_ddrmc_top/u_ddr_phy/u_ddrphy_top/u_ddrphy/ac_byte[0]$ac_byte_used$u_ddrphy_ac_byte_wrapper/u_ddrphy_byte, location = x0y70z0.
PHY-1001 :   Placed ioclk instance u_ph1p35_324_ddr_wrapper/u_ddr2/ph1p_ddrmc_wrapper/ph1p_ddrmc_top/u_ddr_phy/u_ddrphy_top/u_ddrphy_clk/ioclk[0]$u_ioclk_1, location = x0y59z1.
PHY-1001 :   Placed ioclk instance u_ph1p35_324_ddr_wrapper/u_ddr2/ph1p_ddrmc_wrapper/ph1p_ddrmc_top/u_ddr_phy/u_ddrphy_top/u_ddrphy_clk/ioclk[0]$u_ioclk_0, location = x0y59z0.
PHY-1001 : Processing 2 clock pins of DDR instance u_ph1p35_324_ddr_wrapper/u_ddr2/ph1p_ddrmc_wrapper/ph1p_ddrmc_top/u_ddr_phy/u_ddrphy_top/u_ddrphy/ac_byte[1]$ac_byte_used$u_ddrphy_ac_byte_wrapper/u_ddrphy_byte, location = x0y60z0.
PHY-1001 :   Placed ioclk instance u_ph1p35_324_ddr_wrapper/u_ddr2/ph1p_ddrmc_wrapper/ph1p_ddrmc_top/u_ddr_phy/u_ddrphy_top/u_ddrphy_clk/ioclk[0]$u_ioclk_1, location = x0y59z1.
PHY-1001 :   Placed ioclk instance u_ph1p35_324_ddr_wrapper/u_ddr2/ph1p_ddrmc_wrapper/ph1p_ddrmc_top/u_ddr_phy/u_ddrphy_top/u_ddrphy_clk/ioclk[0]$u_ioclk_0, location = x0y59z0.
PHY-1001 : Processing 2 clock pins of DDR instance u_ph1p35_324_ddr_wrapper/u_ddr2/ph1p_ddrmc_wrapper/ph1p_ddrmc_top/u_ddr_phy/u_ddrphy_top/u_ddrphy/ac_byte[2]$ac_byte_used$u_ddrphy_ac_byte_wrapper/u_ddrphy_byte, location = x0y50z0.
PHY-1001 :   Placed ioclk instance u_ph1p35_324_ddr_wrapper/u_ddr2/ph1p_ddrmc_wrapper/ph1p_ddrmc_top/u_ddr_phy/u_ddrphy_top/u_ddrphy_clk/ioclk[0]$u_ioclk_1, location = x0y59z1.
PHY-1001 :   Placed ioclk instance u_ph1p35_324_ddr_wrapper/u_ddr2/ph1p_ddrmc_wrapper/ph1p_ddrmc_top/u_ddr_phy/u_ddrphy_top/u_ddrphy_clk/ioclk[0]$u_ioclk_0, location = x0y59z0.
PHY-1001 : Processing 2 clock pins of DDR instance u_ph1p35_324_ddr_wrapper/u_ddr2/ph1p_ddrmc_wrapper/ph1p_ddrmc_top/u_ddr_phy/u_ddrphy_top/u_ddrphy/ac_byte[3]$ac_byte_used$u_ddrphy_ac_byte_wrapper/u_ddrphy_byte, location = x0y40z0.
PHY-1001 :   Placed ioclk instance u_ph1p35_324_ddr_wrapper/u_ddr2/ph1p_ddrmc_wrapper/ph1p_ddrmc_top/u_ddr_phy/u_ddrphy_top/u_ddrphy_clk/ioclk[0]$u_ioclk_1, location = x0y59z1.
PHY-1001 :   Placed ioclk instance u_ph1p35_324_ddr_wrapper/u_ddr2/ph1p_ddrmc_wrapper/ph1p_ddrmc_top/u_ddr_phy/u_ddrphy_top/u_ddrphy_clk/ioclk[0]$u_ioclk_0, location = x0y59z0.
PHY-1001 : Processing 2 clock pins of DDR instance u_ph1p35_324_ddr_wrapper/u_ddr2/ph1p_ddrmc_wrapper/ph1p_ddrmc_top/u_ddr_phy/u_ddrphy_top/u_ddrphy/dx_byte[0]$dx_byte_used$u_ddrphy_dx_byte_wrapper/u_ddrphy_byte, location = x0y30z0.
PHY-1001 :   Placed ioclk instance u_ph1p35_324_ddr_wrapper/u_ddr2/ph1p_ddrmc_wrapper/ph1p_ddrmc_top/u_ddr_phy/u_ddrphy_top/u_ddrphy_clk/ioclk[1]$u_ioclk_1, location = x0y19z1.
PHY-1001 :   Placed ioclk instance u_ph1p35_324_ddr_wrapper/u_ddr2/ph1p_ddrmc_wrapper/ph1p_ddrmc_top/u_ddr_phy/u_ddrphy_top/u_ddrphy_clk/ioclk[1]$u_ioclk_0, location = x0y19z0.
PHY-1001 : Processing 2 clock pins of DDR instance u_ph1p35_324_ddr_wrapper/u_ddr2/ph1p_ddrmc_wrapper/ph1p_ddrmc_top/u_ddr_phy/u_ddrphy_top/u_ddrphy/dx_byte[1]$dx_byte_used$u_ddrphy_dx_byte_wrapper/u_ddrphy_byte, location = x0y10z0.
PHY-1001 :   Placed ioclk instance u_ph1p35_324_ddr_wrapper/u_ddr2/ph1p_ddrmc_wrapper/ph1p_ddrmc_top/u_ddr_phy/u_ddrphy_top/u_ddrphy_clk/ioclk[1]$u_ioclk_1, location = x0y19z1.
PHY-1001 :   Placed ioclk instance u_ph1p35_324_ddr_wrapper/u_ddr2/ph1p_ddrmc_wrapper/ph1p_ddrmc_top/u_ddr_phy/u_ddrphy_top/u_ddrphy_clk/ioclk[1]$u_ioclk_0, location = x0y19z0.
PHY-3001 : Target density is 60%
PHY-3001 : Target density is 60%
PHY-3001 : Initial: Len = 1.48718e+06, Over = 0
PHY-1001 : Stage 4.1 | Spreading
PHY-3001 : Design contains 158 ce signals.
PHY-3001 : Spreading for sector grids.
PHY-3001 : Iter 1, total overflow: 0
PHY-3001 : tot_capacity: 36, usage_cnt: 22, movable_cnt: 24
PHY-3001 : Spreading for clock grids.
PHY-3001 : clock grid count for 24 x 4 grids
PHY-3001 : Spreading for plb grids.
PHY-3001 : total displace: 0, max displace: 0.
PHY-3001 : End spreading;  0.578611s wall, 0.578125s user + 0.000000s system = 0.578125s CPU (99.9%)

PHY-1001 : End Stage 4.1 | Spreading; Time: 0.578742s wall, 0.578125s user + 0.000000s system = 0.578125s CPU (99.9%); Memory(MB): used = 1454, reserved = 1434, peak = 1454;

PHY-3001 : Final: Len = 1.48718e+06, Over = 0
PHY-3001 : End incremental legalization;  1.106018s wall, 1.093750s user + 0.000000s system = 1.093750s CPU (98.9%)

RUN-1002 : start command "report_qor -step place -file place.qor"
RUN-1002 : start command "start_timer"
RUN-1003 : finish command "start_timer" in  3.309565s wall, 3.265625s user + 0.015625s system = 3.281250s CPU (99.1%)

RUN-1004 : used memory is 1454 MB, reserved memory is 1434 MB, peak memory is 1454 MB
RUN-1001 : Generating global routing grids ...
-----------------------------------------------------------
| QoR metrics               |         value               |
-----------------------------------------------------------
| Timing                    |                             |
|     Setup WNS             |          406                |
|     Setup TNS             |            0                |
|     Num of violated S-EP  |            0                |
|     FMAX                  |    10.041MHz                |
|     SWNS path clock period |     100000ps                |
|     Hold WNS              |         -268                |
|     Hold TNS              |       -54215                |
|     Num of violated H-EP  |          512                |
-----------------------------------------------------------
| Routing Resource          |                             |
|     Wire length           |      1482377                |
|     Route Net Num         |        24034                |
|     DontRoute Net Num     |         9686                |
|     RouteSinks Num        |        72698                |
-----------------------------------------------------------
| Utilization               |                             |
|     #slices               |        14094                |
|     slices percentage     |       66.43%                |
|     #RAMs                 |           50                |
|     #DSPs                 |            8                |
|     #DRAMHARDCON          |           37                |
-----------------------------------------------------------
| Congestion                |                             |
|     Top 1% tile util      |           71                |
|     Top 1% tile avg util  |       76.84%                |
|     Over 100% util #tile  |            0                |
-----------------------------------------------------------
Report place stage QoR done.

RUN-1003 : finish command "report_qor -step place -file place.qor" in  7.074954s wall, 6.968750s user + 0.031250s system = 7.000000s CPU (98.9%)

RUN-1004 : used memory is 1454 MB, reserved memory is 1434 MB, peak memory is 1454 MB
PHY-1001 : End Stage 4 | Optimize Design; Time: 8.217935s wall, 8.093750s user + 0.031250s system = 8.125000s CPU (98.9%); Memory(MB): used = 1454, reserved = 1434, peak = 1454;

PHY-1001 : Stage 5 | DRC Check
PHY-1001 : Stage 5.1 | Slice Attributes Check
PHY-1035 : Redundant attributes/nets in slice detected. You can use tcl "check_slice_attr -verbose" to get full message.
PHY-1039 : Found 112 mslices getting no used reg attributes, eg: u_hdmi_tx/u_hdmi_1_4b_transmitter_core_wrapper/u_hdmi_tx_controller_wrapper/u_hdmi_video_data_assemble/S_island_guard_band_1d_syn_10.
PHY-1039 : Found 112 mslices getting no used ce attributes, eg: u_hdmi_tx/u_hdmi_1_4b_transmitter_core_wrapper/u_hdmi_tx_controller_wrapper/u_hdmi_video_data_assemble/S_island_guard_band_1d_syn_10.
PHY-1001 : End Stage 5.1 | Slice Attributes Check; Time: 0.093287s wall, 0.093750s user + 0.000000s system = 0.093750s CPU (100.5%); Memory(MB): used = 1454, reserved = 1434, peak = 1454;

PHY-1001 : Stage 5.2 | Clock Bound Check
PHY-1001 : Check pass.
PHY-1001 : End Stage 5.2 | Clock Bound Check; Time: 0.004528s wall, 0.000000s user + 0.000000s system = 0.000000s CPU (n/a%); Memory(MB): used = 1454, reserved = 1434, peak = 1454;

PHY-1001 : Stage 5.3 | Force Route Constraint Check
PHY-1001 : Check Pass.
PHY-1001 : End Stage 5.3 | Force Route Constraint Check; Time: 0.007755s wall, 0.015625s user + 0.000000s system = 0.015625s CPU (201.5%); Memory(MB): used = 1454, reserved = 1434, peak = 1454;

PHY-1001 : Stage 5.4 | Sigmap Check
PHY-1001 : Check pass.
PHY-1001 : End Stage 5.4 | Sigmap Check; Time: 0.167443s wall, 0.171875s user + 0.000000s system = 0.171875s CPU (102.6%); Memory(MB): used = 1454, reserved = 1434, peak = 1454;

PHY-1001 : Stage 5.5 | Duplicated SelfDriven Check
PHY-1001 : Check pass.
PHY-1001 : End Stage 5.5 | Duplicated SelfDriven Check; Time: 0.691087s wall, 0.687500s user + 0.000000s system = 0.687500s CPU (99.5%); Memory(MB): used = 1454, reserved = 1434, peak = 1454;

PHY-1001 : Stage 5.6 | Clock Rule Check
PHY-5088 WARNING: Clock_Analyzer: Detected 1 buffer(s) clkin net because they drive non-clock sinks. Run "analyze_clock -detail" for more infomation.
PHY-5088 WARNING: Clock_Analyzer: Detected 1 buffer(s) clkout net because they drive non-clock sinks. Run "analyze_clock -detail" for more infomation.
PHY-5088 WARNING: Clock_Analyzer: 3 clock-net(s) because they drive other clock net, may cause clock skew. Run "analyze_clock -detail" for more infomation.
PHY-1001 : End Stage 5.6 | Clock Rule Check; Time: 0.147513s wall, 0.140625s user + 0.000000s system = 0.140625s CPU (95.3%); Memory(MB): used = 1454, reserved = 1434, peak = 1454;

PHY-1001 : End Stage 5 | DRC Check; Time: 1.218746s wall, 1.218750s user + 0.000000s system = 1.218750s CPU (100.0%); Memory(MB): used = 1454, reserved = 1434, peak = 1454;

OPT-1001 : QoR tracer report on placement steps:
    SWNS [   incr ]    STNS [   incr ]    FEPS [   incr ]    CRIT [   incr ]      CELL [     incr ]        WL [     incr ]    CONG [   incr ]    PDES [   incr ]   RT(s) [   incr ]   MEM(mb) [     incr ]
       0 [      0 ]       0 [      0 ]       0 [      0 ]       0 [      0 ]     29739 [        0 ]         0 [        0 ]    0.00 [   0.00 ]       0 [      0 ]       1 [      0 ]      1149 [        0 ] : preplace:simplify_lut
       0 [      0 ]       0 [      0 ]       0 [      0 ]       0 [      0 ]     29739 [        0 ]         0 [        0 ]    0.00 [   0.00 ]       0 [      0 ]       1 [      0 ]      1149 [        0 ] : preplace:sweep
       0 [      0 ]       0 [      0 ]       0 [      0 ]       0 [      0 ]     29739 [        0 ]         0 [        0 ]    0.00 [   0.00 ]       0 [      0 ]       1 [      0 ]      1149 [        0 ] : preplace:lut_merge
       0 [      0 ]       0 [      0 ]       0 [      0 ]       0 [      0 ]     29739 [        0 ]         0 [        0 ]    0.00 [   0.00 ]       0 [      0 ]       1 [      0 ]      1149 [        0 ] : preplace:hfn_opt
     356 [    356 ]       0 [      0 ]       0 [      0 ]    4435 [   4435 ]     31529 [     1790 ]   1811836 [  1811836 ]    0.00 [   0.00 ]       0 [      0 ]      24 [     23 ]      1204 [       55 ] : step1_gp
     356 [      0 ]       0 [      0 ]       0 [      0 ]    4461 [     26 ]     31529 [        0 ]   1819041 [     7205 ]    0.00 [   0.00 ]       0 [      0 ]      27 [      3 ]      1210 [        6 ] : step1_legal
     356 [      0 ]       0 [      0 ]       0 [      0 ]    4461 [      0 ]     31529 [        0 ]   1796059 [   -22982 ]    0.00 [   0.00 ]       0 [      0 ]      31 [      4 ]      1212 [        2 ] : step1_dp
     286 [    -70 ]       0 [      0 ]       0 [      0 ]    4590 [    129 ]     31529 [        0 ]   1382276 [  -413783 ]  162.87 [ 162.87 ]       0 [      0 ]      39 [      8 ]      1303 [       91 ] : step2_gp
     286 [      0 ]       0 [      0 ]       0 [      0 ]    4590 [      0 ]     31529 [        0 ]   1382148 [     -128 ]  162.87 [   0.00 ]       0 [      0 ]      39 [      0 ]      1303 [        0 ] : step2_dp
     286 [      0 ]       0 [      0 ]       0 [      0 ]    4590 [      0 ]     31529 [        0 ]   1382148 [        0 ]  162.87 [   0.00 ]       0 [      0 ]      40 [      1 ]      1303 [        0 ] : prepack_spreading
     313 [     27 ]       0 [      0 ]       0 [      0 ]    4624 [     34 ]     31556 [       27 ]   1332208 [   -49940 ]  154.16 [  -8.71 ]       0 [      0 ]      55 [     15 ]      1313 [       10 ] : prepack:hfn_opt
     313 [      0 ]       0 [      0 ]       0 [      0 ]    4624 [      0 ]     31556 [        0 ]   1333493 [     1285 ]   84.61 [ -69.55 ]       0 [      0 ]      60 [      5 ]      1313 [        0 ] : prepack:global_opt
     157 [   -156 ]       0 [      0 ]       0 [      0 ]    4898 [    274 ]     16051 [   -15505 ]   1669036 [   335543 ]   86.71 [   2.11 ]       0 [      0 ]     107 [     47 ]      1438 [      125 ] : direct_legalization
     157 [      0 ]       0 [      0 ]       0 [      0 ]    4898 [      0 ]     16051 [        0 ]   1669036 [        0 ]   86.71 [   0.00 ]       0 [      0 ]     108 [      1 ]      1445 [        7 ] : post_pack_spreading
     213 [     56 ]       0 [      0 ]       0 [      0 ]    5018 [    120 ]     16051 [        0 ]   1453904 [  -215132 ]   77.47 [  -9.24 ]       0 [      0 ]     148 [     40 ]      1454 [        9 ] : post_pack_dp
     213 [      0 ]       0 [      0 ]       0 [      0 ]    5019 [      1 ]     16049 [       -2 ]   1452136 [    -1768 ]   77.47 [   0.00 ]       0 [      0 ]     160 [     12 ]      1454 [        0 ] : postpack:optimize_equivalent_quick
     213 [      0 ]       0 [      0 ]       0 [      0 ]    5012 [     -7 ]     16066 [       17 ]   1455510 [     3374 ]   77.47 [   0.00 ]       0 [      0 ]     162 [      2 ]      1454 [        0 ] : postpack:hfn_opt
     406 [    193 ]       0 [      0 ]       0 [      0 ]    5012 [      0 ]     16106 [       40 ]   1461149 [     5639 ]   77.03 [  -0.45 ]       0 [      0 ]     170 [      8 ]      1454 [        0 ] : postpack:path_opt
     406 [      0 ]       0 [      0 ]       0 [      0 ]    5012 [      0 ]     16103 [       -3 ]   1460295 [     -854 ]   77.03 [   0.00 ]       0 [      0 ]     181 [     11 ]      1454 [        0 ] : postpack:optimize_equivalent
     406 [      0 ]       0 [      0 ]       0 [      0 ]    5262 [    250 ]     16103 [        0 ]   1460295 [        0 ]   77.03 [   0.00 ]       0 [      0 ]     184 [      3 ]      1454 [        0 ] : postpack:pin_opt
     406 [      0 ]       0 [      0 ]       0 [      0 ]    5228 [    -34 ]     16103 [        0 ]   1499944 [    39649 ]   77.03 [   0.00 ]       0 [      0 ]     208 [     24 ]      1454 [        0 ] : postpack:beeline_opt

RUN-1003 : finish command "place" in  220.495119s wall, 555.593750s user + 10.078125s system = 565.671875s CPU (256.5%)

RUN-1004 : used memory is 1454 MB, reserved memory is 1434 MB, peak memory is 1454 MB
RUN-1002 : start command "update_timing -mode manhattan"
RUN-1002 : start command "start_timer"
RUN-1003 : finish command "start_timer" in  3.282370s wall, 3.250000s user + 0.031250s system = 3.281250s CPU (100.0%)

RUN-1004 : used memory is 1454 MB, reserved memory is 1434 MB, peak memory is 1454 MB
RUN-1003 : finish command "update_timing -mode manhattan" in  5.734047s wall, 5.671875s user + 0.031250s system = 5.703125s CPU (99.5%)

RUN-1004 : used memory is 1454 MB, reserved memory is 1434 MB, peak memory is 1454 MB
RUN-1002 : start command "report_timing_summary -file camera_to_dsi_display_place.timing"
RUN-1002 : start command "report_area -io_info -file camera_to_dsi_display_phy.area"
SYN-4034 : The count of slices with lut is 7809.
SYN-4035 : The count of slices with lut+ripple is 3447.
RUN-1001 : standard
***Report Model: design_top_wrapper Device: PH1P35MDG324***

Design Statistics
#IO                        70   out of    160   43.75%
  #input                    9
  #output                  35
  #inout                   26
#lut6                   11664   out of  21216   54.98%
#reg                    14926
  #slice reg            14926   out of  42432   35.18%
  #pad reg                  0

Utilization Statistics
#slice                  14094   out of  21216   66.43%
  #used ram               408
    #dram lut             296
    #shifter lut          112
  #used logic           13686
    #with luts           7809
    #with adder          3447
    #reg only            2430
#f7mux                      0   out of  10608    0.00%
#f8mux                      0   out of   5304    0.00%
#eram                      50   out of    108   46.30%
  #eram20k                 50
  #fifo20k                  0
#dsp                        8   out of     40   20.00%
#mcu                        1   out of      1  100.00%
#ddr_byte                   6   out of     12   50.00%
#mipi_tx                    0   out of      2    0.00%
#mipi_rx                    1   out of      2   50.00%
#pad                       29   out of    160   18.12%
#pll                        3   out of      6   50.00%
#gclk                      13   out of     32   40.62%
#lclk                       0   out of     12    0.00%
#sclk                       0   out of     48    0.00%
#mlclk                      2   out of      6   33.33%
#ioclk                      4   out of     18   22.22%

RUN-1002 : start command "flow_status -file place_flow.status"
Location         : D:\2026fpga\lab_hd_1_mipi_hdmi\td_project\camera_to_dsi_display_Runs\phy_1
Running with     : Tang Dynasty v6.2.168116
                   Copyright (c) 2012-2025 Anlogic Inc.
Top Model        : design_top_wrapper
Device           : PH1P35MDG324
Speed            : 3

Timing Mode      : manhattan
Setup            : WNS   406ps  TNS        0ps  NUM_FEPS     0
Hold             : WNS  -268ps  TNS   -54215ps  NUM_FEPS   512

Flow Statistics  :
RUN-1001 : Flow Statistics:
RUN-1001 : ---------------------------------------------------------------------------------------------------
RUN-1001 :      command     |  #calls  |  wall time   |  cpu time(s)  |  used memory(mb)  |  peak memory(mb)  
RUN-1001 : ---------------------------------------------------------------------------------------------------
RUN-1001 :       place      |    1     |  3m40s(56%)  |   565(77%)    |       1454        |       1454        
RUN-1001 :   optimize_gate  |    1     |  1m31s(23%)  |    89(12%)    |       1122        |       1122        
RUN-1001 :   optimize_rtl   |    1     |  1m13s(18%)  |    71(9%)     |        886        |        941        
RUN-1001 :   import_device  |    1     |    2s(0%)    |     2(0%)     |        334        |        334        
RUN-1001 :     read_adc     |    1     |    2s(0%)    |     1(0%)     |        625        |        626        
RUN-1001 :     import_db    |    2     |    0s(0%)    |     0(0%)     |       1149        |       1149        
RUN-1001 :       pack       |    1     |    0s(0%)    |     0(0%)     |       1149        |       1149        
RUN-1001 :     read_sdc     |    4     |    0s(0%)    |     0(0%)     |        619        |        626        
RUN-1001 : ---------------------------------------------------------------------------------------------------
RUN-1001 :       total      |    12    |    6m28s     |      728      |       1454        |       1454        
RUN-1001 : ---------------------------------------------------------------------------------------------------
RUN-1002 : start command "report_clock_utilization -file place_clock_utilization.txt"
RUN-1002 : start command "export_db camera_to_dsi_display_place.db"
RUN-1001 : Exported flow parameters
RUN-1001 : Exported /
RUN-1001 : Exported libs
RUN-1001 : Exported entities
RUN-1001 : Exported ports
RUN-1001 : Exported pins
RUN-1001 : Exported instances
RUN-1001 : Exported nets
RUN-1001 : Exported buses
RUN-1001 : Exported models
RUN-1001 : Exported phy database
RUN-1001 : Exported packer
RUN-1001 : Exported congestions
RUN-1001 : Exported violations
RUN-1001 : Exported ATMR Setting
RUN-1001 : Exported timing constraints
RUN-1001 : Exported IO constraints
RUN-1001 : Exported Inst constraints
RUN-1001 : Exported ChipWatcher
RUN-1003 : finish command "export_db camera_to_dsi_display_place.db" in  1.699936s wall, 2.312500s user + 0.046875s system = 2.359375s CPU (138.8%)

RUN-1004 : used memory is 1476 MB, reserved memory is 1563 MB, peak memory is 1476 MB
RUN-1002 : start command "commit_param -step route"
RUN-1001 : Print Global Property
RUN-1001 : -------------------------------------------------------------
RUN-1001 :     Parameters    |   Settings   |  Default Values  |  Note  
RUN-1001 : -------------------------------------------------------------
RUN-1001 :    enable_seed    |     off      |       off        |        
RUN-1001 :    hfn_to_clock   |  1000000000  |    1000000000    |        
RUN-1001 :      message      |   standard   |     standard     |        
RUN-1001 :    qor_monitor    |      on      |        on        |        
RUN-1001 :   speedup_effort  |      0       |        0         |        
RUN-1001 :    syn_ip_flow    |     off      |       off        |        
RUN-1001 :       thread      |     auto     |       auto       |        
RUN-1001 : -------------------------------------------------------------
RUN-1001 : Print Route Property
RUN-1001 : ---------------------------------------------------------------
RUN-1001 :       Parameters      |  Settings  |  Default Values  |  Note  
RUN-1001 : ---------------------------------------------------------------
RUN-1001 :         effort        |   normal   |      normal      |        
RUN-1001 :        fix_hold       |     on     |        on        |        
RUN-1001 :   hold_fix_iteration  |     5      |        5         |        
RUN-1001 :     post_route_opt    |    auto    |       auto       |        
RUN-1001 :         timing        |     on     |        on        |        
RUN-1001 : ---------------------------------------------------------------
RUN-1002 : start command "route"
RUN-1001 : Open license file F:/AnlogicFpga/TD_6.2.1_Engineer_6.2.168.116/license/Anlogic.lic
PHY-1001 : Reconnected 30 VDD pins with routing demanding
PHY-1001 : Populate physical database on model design_top_wrapper.
RUN-1001 : Dedicate pll clock connection statistics:
RUN-1001 : Clock Region s_1_l [0,40][23,79]; Utilization: 1 out of 12
RUN-1001 : ----------------------------------------------------------------------------------------------------------------------------------------------------------------------------------------------------------------------------------
RUN-1001 :   Index  |                                    Leading Clock                                     |                                                          Special Sink                                                           
RUN-1001 : ----------------------------------------------------------------------------------------------------------------------------------------------------------------------------------------------------------------------------------
RUN-1001 :     1    |  u_ph1p35_324_ddr_wrapper/u_ddr2/ph1p_ddrmc_wrapper/ph1p_ddrmc_top/u_alc_mc_top/clk  |  u_ph1p35_324_ddr_wrapper/u_ddr2/ph1p_ddrmc_wrapper/ph1p_ddrmc_top/u_ddr_phy/u_ddrphy_top/u_ddrphy_clk/u_pll1/u_pll_inst.fbclk  
RUN-1001 : ----------------------------------------------------------------------------------------------------------------------------------------------------------------------------------------------------------------------------------
RUN-1001 : Clock Region s_1_r [24,40][43,79]; Utilization: 1 out of 12
RUN-1001 : ----------------------------------------------------------------------------------------------------------------------------
RUN-1001 :   Index  |               Leading Clock                |                            Special Sink                             
RUN-1001 : ----------------------------------------------------------------------------------------------------------------------------
RUN-1001 :     1    |  g_u4_key_debounce[0]$u_u4_key_test/I_clk  |  u_PLL/ph1p_phy_pll_wrapper_25a56e5ce2f9_Inst/u_PH1P_PHY_PLL.fbclk  
RUN-1001 : ----------------------------------------------------------------------------------------------------------------------------
PHY-1001 : Working orders of clock nets being processed in bank assignment:
PHY-1001 : u_ph1p35_324_ddr_wrapper/u_ddr2/ph1p_ddrmc_wrapper/ph1p_ddrmc_top/u_alc_mc_top/clk;
PHY-1001 : g_u4_key_debounce[0]$u_u4_key_test/I_clk;
PHY-1001 : u_isp_top/u_rgb96_downscale_crop/u_scale_line_buffer/ram_f84573da5ab5_Inst/clkb;
PHY-1001 : S_hdmi_pixel_clk_syn_652;
PHY-1001 : u_lens_i2c_ctrl/u_bus/clk_syn_1;
PHY-1001 : u_mcu/MCU_521bd43d073e_Inst/core_clk_syn_1;
PHY-1001 : cwc_jtck_syn_1;
PHY-1001 : O_cam_24m_syn_3;
PHY-1001 : I_sys_clk_syn_8;
PHY-1001 : u_hdmi_tx/u_hdmi2phy_wrapper/u0_lane_lvds_8_1/I_serial_clk_syn_1;
PHY-1001 : u_ph1p35_324_ddr_wrapper/u_ddr2/ph1p_ddrmc_wrapper/ph1p_ddrmc_top/u_ddr_phy/u_ddrphy_top/u_ddrphy/apb_pclk_syn_1;
PHY-1001 : u_uicfgcs500/uii2c_inst/scl_clk_syn_9;
PHY-1001 : S_mcu_ahb_clk_syn_5;
PHY-1001 : Internal bound Intnl_0_0_25_40 is being created by clock u_ph1p35_324_ddr_wrapper/u_ddr2/usr_clk through SCLK.
PHY-1001 : Internal bound Intnl_25_0_23_40 is being created by clock MIPI_RX_BYTE_CLK through SCLK.
PHY-1001 : Internal bound Intnl_0_40_25_40 is being created by clock u_ph1p35_324_ddr_wrapper/u_ddr2/usr_clk through SCLK.
PHY-1001 : Internal bound Intnl_25_40_19_40 is being created by clock MIPI_RX_BYTE_CLK through SCLK.
RUN-1001 : Clock region assignment statistics:
RUN-1001 : Clock Region s_0_l [0,0][23,39]; Utilization: 6 out of 12
RUN-1001 : ----------------------------------------------------------------------------------------------------------------------------------------------------------------------------------------------------------------------------------------------------------------------------------------------------------------------------------------
RUN-1001 :   Bank  |                                                   Leading Clock                                                    |       Type        |                                                                          Buffer                                                                           |  Regional Clock Fanouts  
RUN-1001 : ----------------------------------------------------------------------------------------------------------------------------------------------------------------------------------------------------------------------------------------------------------------------------------------------------------------------------------------
RUN-1001 :    1    |                 u_ph1p35_324_ddr_wrapper/u_ddr2/ph1p_ddrmc_wrapper/ph1p_ddrmc_top/u_alc_mc_top/clk                 |  (infered sclk)   |   u_ph1p35_324_ddr_wrapper/u_ddr2/ph1p_ddrmc_wrapper/ph1p_ddrmc_top/u_ddr_phy/u_ddrphy_top/u_ddrphy_clk/u_pll1/u_bufg_fbclk_auto_created_sclk_s_0_l_bk1   |           2075           
RUN-1001 :    2    |                  u_isp_top/u_rgb96_downscale_crop/u_scale_line_buffer/ram_f84573da5ab5_Inst/clkb                   |  (infered sclk)   |                           u_mipi_dphy_rx_ph1p_mipiio_wrapper/u_ph1p_mipiio_rx_wrapper/bufg_feedback_auto_created_sclk_s_0_l_bk2                           |           633            
RUN-1001 :    3    |                                              S_hdmi_pixel_clk_syn_652                                              |  (infered sclk)   |                                               S_hdmi_pixel_clk_created_gclkinst_auto_created_sclk_s_0_l_bk3                                               |            78            
RUN-1001 :    4    |                                                  I_sys_clk_syn_8                                                   |  (infered sclk)   |                                               I_sys_clk_dup_6_created_gclkinst_auto_created_sclk_s_0_l_bk4                                                |            76            
RUN-1001 :    5    |  u_ph1p35_324_ddr_wrapper/u_ddr2/ph1p_ddrmc_wrapper/ph1p_ddrmc_top/u_ddr_phy/u_ddrphy_top/u_ddrphy/apb_pclk_syn_1  |  (infered sclk)   |  u_ph1p35_324_ddr_wrapper/u_ddr2/ph1p_ddrmc_wrapper/ph1p_ddrmc_top/u_ddr_phy/u_ddrphy_top/u_ddrphy/apb_pclk_created_gclkinst_auto_created_sclk_s_0_l_bk5  |            23            
RUN-1001 :    6    |                                                  O_cam_24m_syn_3                                                   |  (infered sclk)   |                                               O_cam_24m_dup_1_created_gclkinst_auto_created_sclk_s_0_l_bk6                                                |            6             
RUN-1001 : ----------------------------------------------------------------------------------------------------------------------------------------------------------------------------------------------------------------------------------------------------------------------------------------------------------------------------------------
RUN-1001 : Clock Region s_0_r [24,0][47,39]; Utilization: 10 out of 12
RUN-1001 : --------------------------------------------------------------------------------------------------------------------------------------------------------------------------------------------------------------------------------------------------------------------------------------------------------
RUN-1001 :   Bank  |                                    Leading Clock                                     |       Type        |                                                                         Buffer                                                                          |  Regional Clock Fanouts  
RUN-1001 : --------------------------------------------------------------------------------------------------------------------------------------------------------------------------------------------------------------------------------------------------------------------------------------------------------
RUN-1001 :    1    |   u_isp_top/u_rgb96_downscale_crop/u_scale_line_buffer/ram_f84573da5ab5_Inst/clkb    |  (infered sclk)   |                          u_mipi_dphy_rx_ph1p_mipiio_wrapper/u_ph1p_mipiio_rx_wrapper/bufg_feedback_auto_created_sclk_s_0_r_bk1                          |           1378           
RUN-1001 :    2    |                               S_hdmi_pixel_clk_syn_652                               |  (infered sclk)   |                                              S_hdmi_pixel_clk_created_gclkinst_auto_created_sclk_s_0_r_bk2                                              |           280            
RUN-1001 :    3    |                           u_lens_i2c_ctrl/u_bus/clk_syn_1                            |  (infered sclk)   |                                         u_lens_i2c_ctrl/u_bus/clk_created_gclkinst_auto_created_sclk_s_0_r_bk3                                          |           277            
RUN-1001 :    4    |                      u_mcu/MCU_521bd43d073e_Inst/core_clk_syn_1                      |  (infered sclk)   |                                    u_mcu/MCU_521bd43d073e_Inst/core_clk_created_gclkinst_auto_created_sclk_s_0_r_bk4                                    |           154            
RUN-1001 :    5    |                                    cwc_jtck_syn_1                                    |  (infered sclk)   |                                                  cwc_jtck_created_gclkinst_auto_created_sclk_s_0_r_bk5                                                  |           118            
RUN-1001 :    6    |                                   O_cam_24m_syn_3                                    |  (infered sclk)   |                                              O_cam_24m_dup_1_created_gclkinst_auto_created_sclk_s_0_r_bk6                                               |            92            
RUN-1001 :    7    |  u_ph1p35_324_ddr_wrapper/u_ddr2/ph1p_ddrmc_wrapper/ph1p_ddrmc_top/u_alc_mc_top/clk  |  (infered sclk)   |  u_ph1p35_324_ddr_wrapper/u_ddr2/ph1p_ddrmc_wrapper/ph1p_ddrmc_top/u_ddr_phy/u_ddrphy_top/u_ddrphy_clk/u_pll1/u_bufg_fbclk_auto_created_sclk_s_0_r_bk7  |            32            
RUN-1001 :    8    |                        u_uicfgcs500/uii2c_inst/scl_clk_syn_9                         |  (infered sclk)   |                                      u_uicfgcs500/uii2c_inst/scl_clk_created_gclkinst_auto_created_sclk_s_0_r_bk8                                       |            18            
RUN-1001 :    9    |                       g_u4_key_debounce[0]$u_u4_key_test/I_clk                       |  (infered sclk)   |                                                     u_PLL/bufg_feedback_auto_created_sclk_s_0_r_bk9                                                     |            9             
RUN-1001 :    10   |                                 S_mcu_ahb_clk_syn_5                                  |  (infered sclk)   |                                               S_mcu_ahb_clk_created_gclkinst_auto_created_sclk_s_0_r_bk10                                               |            1             
RUN-1001 : --------------------------------------------------------------------------------------------------------------------------------------------------------------------------------------------------------------------------------------------------------------------------------------------------------
RUN-1001 : Clock Region s_1_l [0,40][23,79]; Utilization: 4 out of 12
RUN-1001 : ----------------------------------------------------------------------------------------------------------------------------------------------------------------------------------------------------------------------------------------------------------------------------------------------------------------------------------------
RUN-1001 :   Bank  |                                                   Leading Clock                                                    |       Type        |                                                                          Buffer                                                                           |  Regional Clock Fanouts  
RUN-1001 : ----------------------------------------------------------------------------------------------------------------------------------------------------------------------------------------------------------------------------------------------------------------------------------------------------------------------------------------
RUN-1001 :    1    |                 u_ph1p35_324_ddr_wrapper/u_ddr2/ph1p_ddrmc_wrapper/ph1p_ddrmc_top/u_alc_mc_top/clk                 |  (infered sclk)   |   u_ph1p35_324_ddr_wrapper/u_ddr2/ph1p_ddrmc_wrapper/ph1p_ddrmc_top/u_ddr_phy/u_ddrphy_top/u_ddrphy_clk/u_pll1/u_bufg_fbclk_auto_created_sclk_s_1_l_bk1   |            43            
RUN-1001 :    2    |                  u_isp_top/u_rgb96_downscale_crop/u_scale_line_buffer/ram_f84573da5ab5_Inst/clkb                   |  (infered sclk)   |                           u_mipi_dphy_rx_ph1p_mipiio_wrapper/u_ph1p_mipiio_rx_wrapper/bufg_feedback_auto_created_sclk_s_1_l_bk2                           |           1956           
RUN-1001 :    3    |                                              S_hdmi_pixel_clk_syn_652                                              |  (infered sclk)   |                                               S_hdmi_pixel_clk_created_gclkinst_auto_created_sclk_s_1_l_bk3                                               |            27            
RUN-1001 :    4    |  u_ph1p35_324_ddr_wrapper/u_ddr2/ph1p_ddrmc_wrapper/ph1p_ddrmc_top/u_ddr_phy/u_ddrphy_top/u_ddrphy/apb_pclk_syn_1  |  (infered sclk)   |  u_ph1p35_324_ddr_wrapper/u_ddr2/ph1p_ddrmc_wrapper/ph1p_ddrmc_top/u_ddr_phy/u_ddrphy_top/u_ddrphy/apb_pclk_created_gclkinst_auto_created_sclk_s_1_l_bk4  |            5             
RUN-1001 : ----------------------------------------------------------------------------------------------------------------------------------------------------------------------------------------------------------------------------------------------------------------------------------------------------------------------------------------
RUN-1001 : Clock Region s_1_r [24,40][43,79]; Utilization: 6 out of 12
RUN-1001 : --------------------------------------------------------------------------------------------------------------------------------------------------------------------------------------------------------------------------------------------------------------------------------------------------------
RUN-1001 :   Bank  |                                    Leading Clock                                     |       Type        |                                                                         Buffer                                                                          |  Regional Clock Fanouts  
RUN-1001 : --------------------------------------------------------------------------------------------------------------------------------------------------------------------------------------------------------------------------------------------------------------------------------------------------------
RUN-1001 :    1    |                       g_u4_key_debounce[0]$u_u4_key_test/I_clk                       |  (infered sclk)   |                                                     u_PLL/bufg_feedback_auto_created_sclk_s_1_r_bk1                                                     |            1             
RUN-1001 :    2    |   u_isp_top/u_rgb96_downscale_crop/u_scale_line_buffer/ram_f84573da5ab5_Inst/clkb    |  (infered sclk)   |                          u_mipi_dphy_rx_ph1p_mipiio_wrapper/u_ph1p_mipiio_rx_wrapper/bufg_feedback_auto_created_sclk_s_1_r_bk2                          |           1086           
RUN-1001 :    3    |                               S_hdmi_pixel_clk_syn_652                               |  (infered sclk)   |                                              S_hdmi_pixel_clk_created_gclkinst_auto_created_sclk_s_1_r_bk3                                              |           578            
RUN-1001 :    4    |           u_hdmi_tx/u_hdmi2phy_wrapper/u0_lane_lvds_8_1/I_serial_clk_syn_1           |  (infered sclk)   |                         u_hdmi_tx/u_hdmi2phy_wrapper/u0_lane_lvds_8_1/I_serial_clk_created_gclkinst_auto_created_sclk_s_1_r_bk4                         |            35            
RUN-1001 :    5    |  u_ph1p35_324_ddr_wrapper/u_ddr2/ph1p_ddrmc_wrapper/ph1p_ddrmc_top/u_alc_mc_top/clk  |  (infered sclk)   |  u_ph1p35_324_ddr_wrapper/u_ddr2/ph1p_ddrmc_wrapper/ph1p_ddrmc_top/u_ddr_phy/u_ddrphy_top/u_ddrphy_clk/u_pll1/u_bufg_fbclk_auto_created_sclk_s_1_r_bk5  |            19            
RUN-1001 :    6    |                           u_lens_i2c_ctrl/u_bus/clk_syn_1                            |  (infered sclk)   |                                         u_lens_i2c_ctrl/u_bus/clk_created_gclkinst_auto_created_sclk_s_1_r_bk6                                          |            18            
RUN-1001 : --------------------------------------------------------------------------------------------------------------------------------------------------------------------------------------------------------------------------------------------------------------------------------------------------------
PHY-1001 : Populate physical database on model design_top_wrapper.
PHY-1001 : Route runs in 32 thread(s)
RUN-1001 : There are total 14642 instances
RUN-1001 : 408 mslices, 13686 lslices, 53 pads, 50 brams, 8 dsps
RUN-1001 : There are total 34054 nets
RUN-1001 : 21767 nets have 2 pins
RUN-1001 : 9683 nets have [3 - 5] pins
RUN-1001 : 1780 nets have [6 - 10] pins
RUN-1001 : 547 nets have [11 - 20] pins
RUN-1001 : 239 nets have [21 - 99] pins
RUN-1001 : 38 nets have 100+ pins
RUN-1002 : start command "start_timer"
RUN-1003 : finish command "start_timer" in  5.654692s wall, 5.593750s user + 0.031250s system = 5.625000s CPU (99.5%)

RUN-1004 : used memory is 1476 MB, reserved memory is 1563 MB, peak memory is 1476 MB
PHY-1001 : 408 mslices, 13686 lslices, 53 pads, 50 brams, 8 dsps

PHY-1001 : Stage 1 | Global Routing
PHY-1001 : Start global routing, caller is route ...
RUN-1001 : Generating global routing grids ...
PHY-1001 : Generate routing nets ...
RUN-1001 : Generate nets statistics:
RUN-1001 : ----------------------------
RUN-1001 :        Type       |  Nets   
RUN-1001 : ----------------------------
RUN-1001 :   TotalRouteNets  |  24060  
RUN-1001 :   DontRouteNets   |  5251   
RUN-1001 :     RouteNets     |  18809  
RUN-1001 :     RouteSinks    |  35684  
RUN-1001 : ----------------------------
PHY-1001 : Global iterations in 32 thread ...
PHY-1002 : len = 1.65299e+06, over cnt = 1972(2%), over = 4222, worst = 9
PHY-1002 : len = 1.7024e+06, over cnt = 1355(1%), over = 2408, worst = 9
PHY-1002 : len = 1.74427e+06, over cnt = 435(0%), over = 797, worst = 8
PHY-1002 : len = 1.76677e+06, over cnt = 13(0%), over = 23, worst = 3
PHY-1002 : len = 1.7672e+06, over cnt = 0(0%), over = 0, worst = 0
PHY-1001 : End global iterations;  3.160747s wall, 4.843750s user + 0.156250s system = 5.000000s CPU (158.2%)

PHY-1001 : Congestion index:
PHY-1001 : top1  = 77.34(S 63.31, N 56.18, E 70.89, W 73.93, I 68.86, O 77.80)
PHY-1001 : top5  = 66.74(S 51.04, N 46.38, E 56.90, W 60.85, I 52.33, O 59.83)
PHY-1001 : top10 = 61.09(S 44.04, N 41.01, E 49.29, W 53.72, I 46.33, O 53.77)
PHY-1001 : top15 = 57.13(S 39.46, N 37.48, E 44.46, W 48.82, I 42.49, O 49.79)
PHY-1001 : End global routing;  3.826804s wall, 5.453125s user + 0.156250s system = 5.609375s CPU (146.6%)

PHY-1001 : End Stage 1 | Global Routing; Time: 3.826912s wall, 5.453125s user + 0.156250s system = 5.609375s CPU (146.6%); Memory(MB): used = 1500, reserved = 1563, peak = 1500;

PHY-1001 : Stage 2 | Detail Routing
PHY-1001 : Stage 2.1 | Build Routing Design
PHY-1001 : Routing in high effort: false
PHY-1001 : Routing Mode: normal
PHY-1001 : Generate detailed routing grids ...
RUN-1001 : Constructing routing connections ...
PHY-1001 : End build routing graph; 4.680517s wall, 27.578125s user + 0.312500s system = 27.890625s CPU (595.9%)

PHY-1001 : Generate nets ...
RUN-1001 : Generate nets statistics:
RUN-1001 : ------------------------------
RUN-1001 :         Type        |  Nets   
RUN-1001 : ------------------------------
RUN-1001 :        Route        |  24371  
RUN-1001 :      DontRoute      |  9683   
RUN-1001 :      RouteSinks     |  74694  
RUN-1001 :   RouteEntitySinks  |    0    
RUN-1001 :       Lut2Dff       |    0    
RUN-1001 :       Ram2Dff       |    0    
RUN-1001 :      Carry2Dff      |    0    
RUN-1001 : ------------------------------
RUN-1001 : DR clock net summary:
RUN-1001 : ---------------------------------------------------------------------------------------------------------------------------------------------------
RUN-1001 :   Net Idx  |                                                        Net Name                                                        |  Clock Type  
RUN-1001 : ---------------------------------------------------------------------------------------------------------------------------------------------------
RUN-1001 :      1     |                                                    I_sys_clk_dup_6                                                     |    Normal    
RUN-1001 :      2     |                                                    I_sys_clk_syn_8                                                     |    Normal    
RUN-1001 :      3     |                                                    O_cam_24m_dup_1                                                     |    Normal    
RUN-1001 :      4     |                                                    O_cam_24m_syn_3                                                     |    Normal    
RUN-1001 :      5     |                                                    S_hdmi_pixel_clk                                                    |    Normal    
RUN-1001 :      6     |                                                S_hdmi_pixel_clk_syn_652                                                |    Normal    
RUN-1001 :      7     |                                                     S_mcu_ahb_clk                                                      |    Normal    
RUN-1001 :      8     |                                                  S_mcu_ahb_clk_syn_5                                                   |    Normal    
RUN-1001 :      9     |                                                        cwc_jtck                                                        |    Normal    
RUN-1001 :     10     |                                                     cwc_jtck_syn_1                                                     |    Normal    
RUN-1001 :     11     |                                        g_u4_key_debounce[0]$u_u4_key_test/I_clk                                        |    Normal    
RUN-1001 :     12     |                                                     u_PLL/clk0_buf                                                     |    Normal    
RUN-1001 :     13     |                               u_hdmi_tx/u_hdmi2phy_wrapper/u0_lane_lvds_8_1/I_serial_clk                               |    Normal    
RUN-1001 :     14     |                            u_hdmi_tx/u_hdmi2phy_wrapper/u0_lane_lvds_8_1/I_serial_clk_syn_1                            |    Normal    
RUN-1001 :     15     |                    u_isp_top/u_rgb96_downscale_crop/u_scale_line_buffer/ram_f84573da5ab5_Inst/clkb                     |    Normal    
RUN-1001 :     16     |                                               u_lens_i2c_ctrl/u_bus/clk                                                |    Normal    
RUN-1001 :     17     |                                            u_lens_i2c_ctrl/u_bus/clk_syn_1                                             |    Normal    
RUN-1001 :     18     |                                          u_mcu/MCU_521bd43d073e_Inst/core_clk                                          |    Normal    
RUN-1001 :     19     |                                       u_mcu/MCU_521bd43d073e_Inst/core_clk_syn_1                                       |    Normal    
RUN-1001 :     20     |                     u_mipi_dphy_rx_ph1p_mipiio_wrapper/u_ph1p_mipiio_rx_wrapper/S_mipiio_hs_rx_clk                     |    Normal    
RUN-1001 :     21     |                   u_ph1p35_324_ddr_wrapper/u_ddr2/ph1p_ddrmc_wrapper/ph1p_ddrmc_top/u_alc_mc_top/clk                   |    Normal    
RUN-1001 :     22     |       u_ph1p35_324_ddr_wrapper/u_ddr2/ph1p_ddrmc_wrapper/ph1p_ddrmc_top/u_ddr_phy/u_ddrphy_top/u_ddrphy/apb_pclk       |    Normal    
RUN-1001 :     23     |    u_ph1p35_324_ddr_wrapper/u_ddr2/ph1p_ddrmc_wrapper/ph1p_ddrmc_top/u_ddr_phy/u_ddrphy_top/u_ddrphy/apb_pclk_syn_1    |    Normal    
RUN-1001 :     24     |      u_ph1p35_324_ddr_wrapper/u_ddr2/ph1p_ddrmc_wrapper/ph1p_ddrmc_top/u_ddr_phy/u_ddrphy_top/u_ddrphy/ctl_clk[0]      |    Normal    
RUN-1001 :     25     |      u_ph1p35_324_ddr_wrapper/u_ddr2/ph1p_ddrmc_wrapper/ph1p_ddrmc_top/u_ddr_phy/u_ddrphy_top/u_ddrphy/ctl_clk[1]      |    Normal    
RUN-1001 :     26     |      u_ph1p35_324_ddr_wrapper/u_ddr2/ph1p_ddrmc_wrapper/ph1p_ddrmc_top/u_ddr_phy/u_ddrphy_top/u_ddrphy/ddr_clk[0]      |    Normal    
RUN-1001 :     27     |      u_ph1p35_324_ddr_wrapper/u_ddr2/ph1p_ddrmc_wrapper/ph1p_ddrmc_top/u_ddr_phy/u_ddrphy_top/u_ddrphy/ddr_clk[1]      |    Normal    
RUN-1001 :     28     |    u_ph1p35_324_ddr_wrapper/u_ddr2/ph1p_ddrmc_wrapper/ph1p_ddrmc_top/u_ddr_phy/u_ddrphy_top/u_ddrphy_clk/pll0_clk_1    |    Normal    
RUN-1001 :     29     |    u_ph1p35_324_ddr_wrapper/u_ddr2/ph1p_ddrmc_wrapper/ph1p_ddrmc_top/u_ddr_phy/u_ddrphy_top/u_ddrphy_clk/pll0_clk_2    |    Normal    
RUN-1001 :     30     |   u_ph1p35_324_ddr_wrapper/u_ddr2/ph1p_ddrmc_wrapper/ph1p_ddrmc_top/u_ddr_phy/u_ddrphy_top/u_ddrphy_clk/pll0_mlclk_1   |    Normal    
RUN-1001 :     31     |   u_ph1p35_324_ddr_wrapper/u_ddr2/ph1p_ddrmc_wrapper/ph1p_ddrmc_top/u_ddr_phy/u_ddrphy_top/u_ddrphy_clk/pll0_mlclk_2   |    Normal    
RUN-1001 :     32     |  u_ph1p35_324_ddr_wrapper/u_ddr2/ph1p_ddrmc_wrapper/ph1p_ddrmc_top/u_ddr_phy/u_ddrphy_top/u_ddrphy_clk/u_pll1/clkc[0]  |    Normal    
RUN-1001 :     33     |  u_ph1p35_324_ddr_wrapper/u_ddr2/ph1p_ddrmc_wrapper/ph1p_ddrmc_top/u_ddr_phy/u_ddrphy_top/u_ddrphy_clk/u_pll1/refclk   |    Normal    
RUN-1001 :     34     |                                            u_uicfgcs500/uii2c_inst/scl_clk                                             |    Normal    
RUN-1001 :     35     |                                         u_uicfgcs500/uii2c_inst/scl_clk_syn_9                                          |    Normal    
RUN-1001 : ---------------------------------------------------------------------------------------------------------------------------------------------------
RUN-1001 : DR clock buffer summary:
RUN-1001 : -------------------------------------------------------------------------------------------------------------------------------------------------------------------
RUN-1001 :   Idx  |                                                                           Name                                                                            
RUN-1001 : -------------------------------------------------------------------------------------------------------------------------------------------------------------------
RUN-1001 :    1   |   u_ph1p35_324_ddr_wrapper/u_ddr2/ph1p_ddrmc_wrapper/ph1p_ddrmc_top/u_ddr_phy/u_ddrphy_top/u_ddrphy_clk/u_pll1/u_bufg_fbclk_auto_created_sclk_s_0_l_bk1   
RUN-1001 :    2   |                           u_mipi_dphy_rx_ph1p_mipiio_wrapper/u_ph1p_mipiio_rx_wrapper/bufg_feedback_auto_created_sclk_s_0_l_bk2                           
RUN-1001 :    3   |                                               S_hdmi_pixel_clk_created_gclkinst_auto_created_sclk_s_0_l_bk3                                               
RUN-1001 :    4   |                                               I_sys_clk_dup_6_created_gclkinst_auto_created_sclk_s_0_l_bk4                                                
RUN-1001 :    5   |  u_ph1p35_324_ddr_wrapper/u_ddr2/ph1p_ddrmc_wrapper/ph1p_ddrmc_top/u_ddr_phy/u_ddrphy_top/u_ddrphy/apb_pclk_created_gclkinst_auto_created_sclk_s_0_l_bk5  
RUN-1001 :    6   |                                               O_cam_24m_dup_1_created_gclkinst_auto_created_sclk_s_0_l_bk6                                                
RUN-1001 :    7   |                           u_mipi_dphy_rx_ph1p_mipiio_wrapper/u_ph1p_mipiio_rx_wrapper/bufg_feedback_auto_created_sclk_s_0_r_bk1                           
RUN-1001 :    8   |                                               S_hdmi_pixel_clk_created_gclkinst_auto_created_sclk_s_0_r_bk2                                               
RUN-1001 :    9   |                                          u_lens_i2c_ctrl/u_bus/clk_created_gclkinst_auto_created_sclk_s_0_r_bk3                                           
RUN-1001 :   10   |                                     u_mcu/MCU_521bd43d073e_Inst/core_clk_created_gclkinst_auto_created_sclk_s_0_r_bk4                                     
RUN-1001 :   11   |                                                   cwc_jtck_created_gclkinst_auto_created_sclk_s_0_r_bk5                                                   
RUN-1001 :   12   |                                               O_cam_24m_dup_1_created_gclkinst_auto_created_sclk_s_0_r_bk6                                                
RUN-1001 :   13   |   u_ph1p35_324_ddr_wrapper/u_ddr2/ph1p_ddrmc_wrapper/ph1p_ddrmc_top/u_ddr_phy/u_ddrphy_top/u_ddrphy_clk/u_pll1/u_bufg_fbclk_auto_created_sclk_s_0_r_bk7   
RUN-1001 :   14   |                                       u_uicfgcs500/uii2c_inst/scl_clk_created_gclkinst_auto_created_sclk_s_0_r_bk8                                        
RUN-1001 :   15   |                                                      u_PLL/bufg_feedback_auto_created_sclk_s_0_r_bk9                                                      
RUN-1001 :   16   |                                                S_mcu_ahb_clk_created_gclkinst_auto_created_sclk_s_0_r_bk10                                                
RUN-1001 :   17   |   u_ph1p35_324_ddr_wrapper/u_ddr2/ph1p_ddrmc_wrapper/ph1p_ddrmc_top/u_ddr_phy/u_ddrphy_top/u_ddrphy_clk/u_pll1/u_bufg_fbclk_auto_created_sclk_s_1_l_bk1   
RUN-1001 :   18   |                           u_mipi_dphy_rx_ph1p_mipiio_wrapper/u_ph1p_mipiio_rx_wrapper/bufg_feedback_auto_created_sclk_s_1_l_bk2                           
RUN-1001 :   19   |                                               S_hdmi_pixel_clk_created_gclkinst_auto_created_sclk_s_1_l_bk3                                               
RUN-1001 :   20   |  u_ph1p35_324_ddr_wrapper/u_ddr2/ph1p_ddrmc_wrapper/ph1p_ddrmc_top/u_ddr_phy/u_ddrphy_top/u_ddrphy/apb_pclk_created_gclkinst_auto_created_sclk_s_1_l_bk4  
RUN-1001 :   21   |                                                      u_PLL/bufg_feedback_auto_created_sclk_s_1_r_bk1                                                      
RUN-1001 :   22   |                           u_mipi_dphy_rx_ph1p_mipiio_wrapper/u_ph1p_mipiio_rx_wrapper/bufg_feedback_auto_created_sclk_s_1_r_bk2                           
RUN-1001 :   23   |                                               S_hdmi_pixel_clk_created_gclkinst_auto_created_sclk_s_1_r_bk3                                               
RUN-1001 :   24   |                          u_hdmi_tx/u_hdmi2phy_wrapper/u0_lane_lvds_8_1/I_serial_clk_created_gclkinst_auto_created_sclk_s_1_r_bk4                          
RUN-1001 :   25   |   u_ph1p35_324_ddr_wrapper/u_ddr2/ph1p_ddrmc_wrapper/ph1p_ddrmc_top/u_ddr_phy/u_ddrphy_top/u_ddrphy_clk/u_pll1/u_bufg_fbclk_auto_created_sclk_s_1_r_bk5   
RUN-1001 :   26   |                                          u_lens_i2c_ctrl/u_bus/clk_created_gclkinst_auto_created_sclk_s_1_r_bk6                                           
RUN-1001 : -------------------------------------------------------------------------------------------------------------------------------------------------------------------
PHY-1001 : End Stage 2.1 | Build Routing Design; Time: 5.621837s wall, 28.484375s user + 0.328125s system = 28.812500s CPU (512.5%); Memory(MB): used = 1815, reserved = 1795, peak = 1815;

RUN-1001 : Top Percentage Crit. Net Stat.
RUN-1001 : -------------------------------------------------------
RUN-1001 :   Top %  |  Net Count  |  Avg. Fanout  |  Avg. Slack   
RUN-1001 : -------------------------------------------------------
RUN-1001 :     1    |     340     |   3.088235    |  1452.205882  
RUN-1001 :     2    |     681     |   2.920705    |  2405.986784  
RUN-1001 :     3    |    1021     |   3.174339    |  3148.295788  
RUN-1001 :     4    |    1362     |   3.137298    |  3604.488987  
RUN-1001 :     5    |    1702     |   3.247356    |  3910.371915  
RUN-1001 :     6    |    2043     |   3.192854    |  4135.218306  
RUN-1001 :     7    |    2383     |   3.112463    |  4310.786404  
RUN-1001 :     8    |    2724     |   3.023128    |  4457.482012  
RUN-1001 :     9    |    3064     |   2.977154    |  4582.073760  
RUN-1001 :    10    |    3405     |   2.923642    |  4691.015272  
RUN-1001 : -------------------------------------------------------
PHY-1001 : Stage 2.2 | Tile Base Routing
PHY-1001 : 209 nets need to preroute.
PHY-1001 : len = 0, over cnt = 0(0%), over = 0, worst = 0, crit = 0
PHY-1001 : End Stage 2.2 | Tile Base Routing; Time: 0.399418s wall, 7.359375s user + 0.078125s system = 7.437500s CPU (1862.1%); Memory(MB): used = 1821, reserved = 1802, peak = 1821;

PHY-1001 : Stage 2.3 | Clock Nets Routing
PHY-1001 : Routed 0% nets.
PHY-1001 : len = 409584, over cnt = 0(0%), over = 0, worst = 0, crit = 0
PHY-1001 : End Stage 2.3 | Clock Nets Routing; Time: 3.872950s wall, 4.218750s user + 0.015625s system = 4.234375s CPU (109.3%); Memory(MB): used = 1864, reserved = 1845, peak = 1864;

PHY-1001 : Stage 2.4 | Routing Initialization
PHY-1001 : Mark 1% net(place mode slack < 2448ps) as critical nets.
PHY-1001 : Stage 2.4.1 | Normal Nets Routing
PHY-1001 : Routed 71% nets.
PHY-1001 : len = 2.8401e+06, over cnt = 13613(0%), over = 14501, worst = 4, crit = 0
PHY-1001 : End Stage 2.4.1 | Normal Nets Routing; Time: 17.121873s wall, 31.640625s user + 0.359375s system = 32.000000s CPU (186.9%); Memory(MB): used = 1901, reserved = 1883, peak = 1901;

PHY-1001 : Stage 2.4.2 | Update Timing
RUN-1002 : start command "start_timer"
USR-1002 : Derived clock:  create_generated_clock -name {u_PLL/ph1p_phy_pll_wrapper_25a56e5ce2f9_Inst/u_PH1P_PHY_PLL.clkc[0]} -source [get_ports {I_sys_clk}] -master_clock {sys_clk_50m} -multiply_by 2.0000 -duty_cycle 50.0000 [get_pins {u_PLL/ph1p_phy_pll_wrapper_25a56e5ce2f9_Inst/u_PH1P_PHY_PLL.clkc[0]}]
USR-1002 : Derived clock:  create_generated_clock -name {u_PLL/ph1p_phy_pll_wrapper_25a56e5ce2f9_Inst/u_PH1P_PHY_PLL.clkc[1]} -source [get_ports {I_sys_clk}] -master_clock {sys_clk_50m} -divide_by 2.1000 -duty_cycle 50.0000 [get_pins {u_PLL/ph1p_phy_pll_wrapper_25a56e5ce2f9_Inst/u_PH1P_PHY_PLL.clkc[1]}]
USR-1002 : Derived clock:  create_generated_clock -name {u_PLL/ph1p_phy_pll_wrapper_25a56e5ce2f9_Inst/u_PH1P_PHY_PLL.clkc[2]} -source [get_ports {I_sys_clk}] -master_clock {sys_clk_50m} -multiply_by 1.0000 -duty_cycle 50.0000 [get_pins {u_PLL/ph1p_phy_pll_wrapper_25a56e5ce2f9_Inst/u_PH1P_PHY_PLL.clkc[2]}]
USR-1002 : Derived clock:  create_generated_clock -name {u_PLL/ph1p_phy_pll_wrapper_25a56e5ce2f9_Inst/u_PH1P_PHY_PLL.clkc[3]} -source [get_ports {I_sys_clk}] -master_clock {sys_clk_50m} -multiply_by 6.0000 -duty_cycle 50.0000 [get_pins {u_PLL/ph1p_phy_pll_wrapper_25a56e5ce2f9_Inst/u_PH1P_PHY_PLL.clkc[3]}]
USR-1002 : Derived clock:  create_generated_clock -name {u_PLL/ph1p_phy_pll_wrapper_25a56e5ce2f9_Inst/u_PH1P_PHY_PLL.clkc[4]} -source [get_ports {I_sys_clk}] -master_clock {sys_clk_50m} -multiply_by 1.5000 -duty_cycle 50.0000 [get_pins {u_PLL/ph1p_phy_pll_wrapper_25a56e5ce2f9_Inst/u_PH1P_PHY_PLL.clkc[4]}]
USR-1002 : Derived clock:  create_generated_clock -name {u_PLL/ph1p_phy_pll_wrapper_25a56e5ce2f9_Inst/u_PH1P_PHY_PLL.clkc[5]} -source [get_ports {I_sys_clk}] -master_clock {sys_clk_50m} -multiply_by 7.5000 -duty_cycle 50.0000 [get_pins {u_PLL/ph1p_phy_pll_wrapper_25a56e5ce2f9_Inst/u_PH1P_PHY_PLL.clkc[5]}]
USR-1002 : Derived clock:  create_generated_clock -name {u_ph1p35_324_ddr_wrapper/u_ddr2/ph1p_ddrmc_wrapper/ph1p_ddrmc_top/u_ddr_phy/u_ddrphy_top/u_ddrphy_clk/u_pll0/u_pll_inst.clkc[0]} -source [get_ports {I_sys_clk}] -master_clock {sys_clk_50m} -multiply_by 1.3333 -duty_cycle 50.0000 [get_pins {u_ph1p35_324_ddr_wrapper/u_ddr2/ph1p_ddrmc_wrapper/ph1p_ddrmc_top/u_ddr_phy/u_ddrphy_top/u_ddrphy_clk/u_pll0/u_pll_inst.clkc[0]}]
USR-1002 : Derived clock:  create_generated_clock -name {u_ph1p35_324_ddr_wrapper/u_ddr2/ph1p_ddrmc_wrapper/ph1p_ddrmc_top/u_ddr_phy/u_ddrphy_top/u_ddrphy_clk/u_pll0/u_pll_inst.clkc[1]} -source [get_ports {I_sys_clk}] -master_clock {sys_clk_50m} -multiply_by 1.3333 -duty_cycle 50.0000 [get_pins {u_ph1p35_324_ddr_wrapper/u_ddr2/ph1p_ddrmc_wrapper/ph1p_ddrmc_top/u_ddr_phy/u_ddrphy_top/u_ddrphy_clk/u_pll0/u_pll_inst.clkc[1]}]
USR-1002 : Derived clock:  create_generated_clock -name {u_ph1p35_324_ddr_wrapper/u_ddr2/ph1p_ddrmc_wrapper/ph1p_ddrmc_top/u_ddr_phy/u_ddrphy_top/u_ddrphy_clk/u_pll0/u_pll_inst.clkc[2]} -source [get_ports {I_sys_clk}] -master_clock {sys_clk_50m} -multiply_by 5.3333 -duty_cycle 50.0000 [get_pins {u_ph1p35_324_ddr_wrapper/u_ddr2/ph1p_ddrmc_wrapper/ph1p_ddrmc_top/u_ddr_phy/u_ddrphy_top/u_ddrphy_clk/u_pll0/u_pll_inst.clkc[2]}]
USR-1002 : Derived clock:  create_generated_clock -name {u_ph1p35_324_ddr_wrapper/u_ddr2/ph1p_ddrmc_wrapper/ph1p_ddrmc_top/u_ddr_phy/u_ddrphy_top/u_ddrphy_clk/u_pll0/u_pll_inst.clkc[3]} -source [get_ports {I_sys_clk}] -master_clock {sys_clk_50m} -divide_by 1.9687 -duty_cycle 50.0000 [get_pins {u_ph1p35_324_ddr_wrapper/u_ddr2/ph1p_ddrmc_wrapper/ph1p_ddrmc_top/u_ddr_phy/u_ddrphy_top/u_ddrphy_clk/u_pll0/u_pll_inst.clkc[3]}]
USR-1002 : Derived clock:  create_generated_clock -name {u_ph1p35_324_ddr_wrapper/u_ddr2/ph1p_ddrmc_wrapper/ph1p_ddrmc_top/u_ddr_phy/u_ddrphy_top/u_ddrphy_clk/u_pll1/u_pll_inst.clkc[0]} -source [get_pins {u_ph1p35_324_ddr_wrapper/u_ddr2/ph1p_ddrmc_wrapper/ph1p_ddrmc_top/u_ddr_phy/u_ddrphy_top/u_ddrphy_clk/u_pll0/u_pll_inst.clkc[0]}] -master_clock {u_ph1p35_324_ddr_wrapper/u_ddr2/ph1p_ddrmc_wrapper/ph1p_ddrmc_top/u_ddr_phy/u_ddrphy_top/u_ddrphy_clk/u_pll0/u_pll_inst.clkc[0]} -multiply_by 1.0000 -duty_cycle 50.0000 [get_pins {u_ph1p35_324_ddr_wrapper/u_ddr2/ph1p_ddrmc_wrapper/ph1p_ddrmc_top/u_ddr_phy/u_ddrphy_top/u_ddrphy_clk/u_pll1/u_pll_inst.clkc[0]}]
8.888000
15.000000
15.000000
13.333000
RUN-1003 : finish command "start_timer" in  4.793596s wall, 4.718750s user + 0.062500s system = 4.781250s CPU (99.7%)

RUN-1004 : used memory is 1902 MB, reserved memory is 1883 MB, peak memory is 1902 MB
TMR-2502 : Net delay update with mode: Routed
PHY-1001 : 0/24060(0%) critical/total net(s).
PHY-1001 : Setup: WNS(ns) = 0.186, TNS(ns) = 0.000, FEP = 0 | Hold: WNS(ns) = -0.222, TNS(ns) = -12.476, FEP = 257.
PHY-1001 : End Stage 2.4.2 | Update Timing; Time: 11.675155s wall, 11.453125s user + 0.125000s system = 11.578125s CPU (99.2%); Memory(MB): used = 2017, reserved = 1998, peak = 2017;

PHY-1001 : Stage 2.4.3 | Deskew Clock Tree
RUN-1001 : Deskew Summary
RUN-1001 : ---------------------------------------------------------------------------------------------------------------------------------
RUN-1001 :                                                 Clock                                                 |  Pre-Skew  |  Post-Skew  
RUN-1001 : ---------------------------------------------------------------------------------------------------------------------------------
RUN-1001 :                                             mipi_rx_ck_pad                                            |     34     |     34      
RUN-1001 :   u_mipi_dphy_rx_ph1p_mipiio_wrapper/u_ph1p_mipiio_rx_wrapper/u_PH1P_LOGIC_DPHY_MIPI_RX.io_clk_pad_p  |     34     |     34      
RUN-1001 :                                            MIPI_RX_BYTE_CLK                                           |     34     |     34      
RUN-1001 :                                              pll_clk_100m                                             |     11     |     11      
RUN-1001 :                                             HDMI_PIXEL_CLK                                            |     15     |     15      
RUN-1001 :                                u_ph1p35_324_ddr_wrapper/u_ddr2/usr_clk                                |     15     |     15      
RUN-1001 :                  u_PLL/ph1p_phy_pll_wrapper_25a56e5ce2f9_Inst/u_PH1P_PHY_PLL.clkc[2]                  |     13     |     13      
RUN-1001 :                                u_ph1p35_324_ddr_wrapper/u_ddr2/mcu_clk                                |     9      |      9      
RUN-1001 :                                              pll_clk_24m                                              |     3      |      3      
RUN-1001 : ---------------------------------------------------------------------------------------------------------------------------------
PHY-1001 : 0/24060(0%) critical/total net(s).
PHY-1001 : Setup: WNS(ns) = 0.186, TNS(ns) = 0.000, FEP = 0 | Hold: WNS(ns) = -0.222, TNS(ns) = -12.476, FEP = 257.
PHY-1001 : End Stage 2.4.3 | Deskew Clock Tree; Time: 7.105710s wall, 7.000000s user + 0.078125s system = 7.078125s CPU (99.6%); Memory(MB): used = 2057, reserved = 2043, peak = 2057;

PHY-1001 : End Stage 2.4 | Routing Initialization; Time: 36.044812s wall, 50.250000s user + 0.562500s system = 50.812500s CPU (141.0%); Memory(MB): used = 2057, reserved = 2044, peak = 2057;

PHY-1001 : Stage 2.5 | Routing Optimization
PHY-1001 : Build lut bridge;  0.246012s wall, 0.250000s user + 0.000000s system = 0.250000s CPU (101.6%)

PHY-1001 : Stage 2.5.1 | Phase 1
PHY-1001 : Stage 2.5.1.1 | Hold TimeOptimization
PHY-1001 : Iter 0; Processed 340 pins with HWNS -0.222ns HTNS -1.739ns FEP 55 took 0.922366 seconds.
PHY-1001 : Iter 1; Processed 412 pins with HWNS 0.004ns HTNS 0.000ns FEP 0 took 0.87658 seconds.
PHY-1001 : len = 2.87454e+06, over cnt = 13561(0%), over = 14464, worst = 4, crit = 0
PHY-1001 : End Stage 2.5.1.1 | Hold TimeOptimization; Time: 1.933239s wall, 2.359375s user + 0.031250s system = 2.390625s CPU (123.7%); Memory(MB): used = 2059, reserved = 2046, peak = 2059;

PHY-1001 : Stage 2.5.1.2 | High Fanout Nets Optimization
PHY-1001 : High fanout net optimize summary:
PHY-1001 : Process 0 nets and 0 pins with SWNS 0.186ns STNS 0.000ns FEP 0.
PHY-1001 : len = 2.87454e+06, over cnt = 13561(0%), over = 14464, worst = 4, crit = 0
PHY-1001 : End Stage 2.5.1.2 | High Fanout Nets Optimization; Time: 0.394396s wall, 0.375000s user + 0.000000s system = 0.375000s CPU (95.1%); Memory(MB): used = 2059, reserved = 2046, peak = 2059;

PHY-1001 : Stage 2.5.1.3 | Setup TimeOptimization
PHY-1001 : len = 2.87454e+06, over cnt = 13561(0%), over = 14464, worst = 4, crit = 0
PHY-1001 : End Stage 2.5.1.3 | Setup TimeOptimization; Time: 0.396827s wall, 0.390625s user + 0.000000s system = 0.390625s CPU (98.4%); Memory(MB): used = 2059, reserved = 2046, peak = 2059;

PHY-1001 : Stage 2.5.1.4 | Rip-up And ReRoute
PHY-0007 : Congestion: {79.16, 70.19, 65.77, 62.83}; Timing: {0.186ns, 0.000ns, 0}
PHY-1001 : Iter 1: len = 2.9632e+06, over cnt = 6986(0%), over = 7275, worst = 4, crit = 0, time(s) = 7.31
PHY-1001 : Iter 2: len = 2.99642e+06, over cnt = 3862(0%), over = 3896, worst = 3, crit = 0, time(s) = 6.46
PHY-1001 : Iter 3: len = 3.00496e+06, over cnt = 2885(0%), over = 2896, worst = 2, crit = 0, time(s) = 3.95
PHY-1001 : Iter 4: len = 3.04558e+06, over cnt = 1489(0%), over = 1490, worst = 2, crit = 0, time(s) = 3.65
PHY-1001 : Iter 5: len = 3.06219e+06, over cnt = 979(0%), over = 979, worst = 1, crit = 0, time(s) = 1.69
PHY-1001 : Iter 6: len = 3.06699e+06, over cnt = 801(0%), over = 801, worst = 1, crit = 0, time(s) = 1.42
PHY-1001 : Iter 7: len = 3.0675e+06, over cnt = 782(0%), over = 782, worst = 1, crit = 0, time(s) = 1.13
PHY-1001 : Marking 13 (0.34%) hot zones with cutoff utilization 82.35.
PHY-1001 : Iter 8: len = 3.09896e+06, over cnt = 237(0%), over = 237, worst = 1, crit = 0, time(s) = 1.19
PHY-1001 : Iter 9: len = 3.10709e+06, over cnt = 105(0%), over = 105, worst = 1, crit = 0, time(s) = 0.44
PHY-1001 : Iter 10: len = 3.11467e+06, over cnt = 22(0%), over = 22, worst = 1, crit = 0, time(s) = 0.27
PHY-1001 : Iter 11: len = 3.1153e+06, over cnt = 13(0%), over = 13, worst = 1, crit = 0, time(s) = 0.08
PHY-1001 : Iter 12: len = 3.11624e+06, over cnt = 2(0%), over = 2, worst = 1, crit = 0, time(s) = 0.13
PHY-1001 : Marking 13 (0.34%) hot zones with cutoff utilization 82.35.
PHY-1001 : Iter 13: len = 3.1165e+06, over cnt = 0(0%), over = 0, worst = 0, crit = 0, time(s) = 0.07
PHY-1001 : Marking 13 (0.34%) hot zones with cutoff utilization 82.35.
PHY-1001 : Update congestion ...
PHY-1001 : Marking 13 (0.34%) hot zones with cutoff utilization 82.35.
PHY-1001 : Congestion index:
PHY-1001 : top1  = 84.42(S 67.56, N 65.47, E 77.32, W 82.71, I 68.86, O 77.80)
PHY-1001 : top5  = 75.68(S 59.10, N 57.21, E 66.01, W 73.02, I 52.33, O 59.83)
PHY-1001 : top10 = 70.97(S 54.01, N 52.48, E 59.79, W 67.31, I 46.33, O 53.77)
PHY-1001 : top15 = 67.67(S 50.64, N 49.25, E 55.54, W 63.15, I 42.49, O 49.79)
PHY-1001 : End update congestion; 0.033834s wall, 0.250000s user + 0.000000s system = 0.250000s CPU (738.9%)

PHY-1001 : End Stage 2.5.1.4 | Rip-up And ReRoute; Time: 28.043994s wall, 58.781250s user + 0.406250s system = 59.187500s CPU (211.1%); Memory(MB): used = 2059, reserved = 2046, peak = 2059;

PHY-1001 : Stage 2.5.1.5 | Update Timing
PHY-1001 : 0/24060(0%) critical/total net(s).
PHY-1001 : Setup: WNS(ns) = 0.065, TNS(ns) = 0.000, FEP = 0 | Hold: WNS(ns) = -0.155, TNS(ns) = -1.891, FEP = 47.
PHY-1001 : End Stage 2.5.1.5 | Update Timing; Time: 4.287453s wall, 4.218750s user + 0.031250s system = 4.250000s CPU (99.1%); Memory(MB): used = 2070, reserved = 2057, peak = 2070;

PHY-1001 : Stage 2.5.1.6 | Commit Data
PHY-1001 : Commit better result to database ...
PHY-1001 : End Stage 2.5.1.6 | Commit Data; Time: 0.200682s wall, 0.203125s user + 0.000000s system = 0.203125s CPU (101.2%); Memory(MB): used = 2087, reserved = 2074, peak = 2087;

PHY-1001 : End Stage 2.5.1 | Phase 1; Time: 36.056386s wall, 67.125000s user + 0.484375s system = 67.609375s CPU (187.5%); Memory(MB): used = 2087, reserved = 2074, peak = 2087;

PHY-1001 : Stage 2.5.2 | Phase 2
PHY-1001 : Stage 2.5.2.1 | Hold TimeOptimization
PHY-1001 : Iter 0; Processed 66 pins with HWNS -0.040ns HTNS -0.140ns FEP 6 took 1.50151 seconds.
PHY-1001 : Iter 1; Processed 75 pins with HWNS 0.020ns HTNS 0.000ns FEP 0 took 0.280469 seconds.
PHY-1001 : len = 3.12349e+06, over cnt = 33(0%), over = 49, worst = 3, crit = 0
PHY-1001 : End Stage 2.5.2.1 | Hold TimeOptimization; Time: 1.924473s wall, 2.328125s user + 0.015625s system = 2.343750s CPU (121.8%); Memory(MB): used = 2087, reserved = 2074, peak = 2087;

PHY-1001 : Stage 2.5.2.2 | High Fanout Nets Optimization
PHY-1001 : High fanout net optimize summary:
PHY-1001 : Process 0 nets and 0 pins with SWNS 0.065ns STNS 0.000ns FEP 0.
PHY-1001 : len = 3.12349e+06, over cnt = 33(0%), over = 49, worst = 3, crit = 0
PHY-1001 : End Stage 2.5.2.2 | High Fanout Nets Optimization; Time: 0.396717s wall, 0.406250s user + 0.000000s system = 0.406250s CPU (102.4%); Memory(MB): used = 2087, reserved = 2074, peak = 2087;

PHY-1001 : Stage 2.5.2.3 | Setup TimeOptimization
PHY-1001 : Start to optimize setup violation with net base ...
PHY-1001 : Iter 1; Processed 1 pins with SWNS 0.101ns STNS 0.000ns FEP 0 took 0.165735 seconds.
PHY-1001 : len = 3.12349e+06, over cnt = 35(0%), over = 51, worst = 3, crit = 0
PHY-1001 : End Stage 2.5.2.3 | Setup TimeOptimization; Time: 0.566685s wall, 0.562500s user + 0.000000s system = 0.562500s CPU (99.3%); Memory(MB): used = 2087, reserved = 2074, peak = 2087;

PHY-1001 : Stage 2.5.2.4 | Rip-up And ReRoute
PHY-1001 : Iter 1: len = 3.11965e+06, over cnt = 1(0%), over = 1, worst = 1, crit = 0, time(s) = 0.13
PHY-1001 : Iter 2: len = 3.11952e+06, over cnt = 0(0%), over = 0, worst = 0, crit = 0, time(s) = 0.05
PHY-1001 : Update congestion ...
PHY-1001 : Marking 45 (1.17%) hot zones with cutoff utilization 80.95.
PHY-1001 : Congestion index:
PHY-1001 : top1  = 84.58(S 67.69, N 65.47, E 77.15, W 82.99, I 68.86, O 77.80)
PHY-1001 : top5  = 75.85(S 59.16, N 57.27, E 65.95, W 73.19, I 52.33, O 59.83)
PHY-1001 : top10 = 71.05(S 54.08, N 52.55, E 59.73, W 67.34, I 46.33, O 53.77)
PHY-1001 : top15 = 67.70(S 50.70, N 49.32, E 55.52, W 63.19, I 42.49, O 49.79)
PHY-1001 : End update congestion; 0.036586s wall, 0.031250s user + 0.000000s system = 0.031250s CPU (85.4%)

PHY-1001 : End Stage 2.5.2.4 | Rip-up And ReRoute; Time: 0.277845s wall, 1.625000s user + 0.046875s system = 1.671875s CPU (601.7%); Memory(MB): used = 2087, reserved = 2074, peak = 2087;

PHY-1001 : Stage 2.5.2.5 | Update Timing
PHY-1001 : 0/24060(0%) critical/total net(s).
PHY-1001 : Setup: WNS(ns) = 0.101, TNS(ns) = 0.000, FEP = 0 | Hold: WNS(ns) = -0.155, TNS(ns) = -1.250, FEP = 28.
PHY-1001 : End Stage 2.5.2.5 | Update Timing; Time: 0.482452s wall, 0.484375s user + 0.000000s system = 0.484375s CPU (100.4%); Memory(MB): used = 2087, reserved = 2074, peak = 2087;

PHY-1001 : Stage 2.5.2.6 | Commit Data
PHY-1001 : Commit better result to database ...
PHY-1001 : End Stage 2.5.2.6 | Commit Data; Time: 0.067520s wall, 0.078125s user + 0.000000s system = 0.078125s CPU (115.7%); Memory(MB): used = 2087, reserved = 2074, peak = 2087;

PHY-1001 : End Stage 2.5.2 | Phase 2; Time: 4.269999s wall, 6.343750s user + 0.078125s system = 6.421875s CPU (150.4%); Memory(MB): used = 2087, reserved = 2074, peak = 2087;

PHY-1001 : End Stage 2.5 | Routing Optimization; Time: 47.736173s wall, 80.843750s user + 0.593750s system = 81.437500s CPU (170.6%); Memory(MB): used = 2087, reserved = 2074, peak = 2087;

PHY-1001 : Stage 2.6 | Multi-try route Optimization
PHY-1001 : End Stage 2.6 | Multi-try route Optimization; Time: 0.108974s wall, 0.109375s user + 0.000000s system = 0.109375s CPU (100.4%); Memory(MB): used = 2090, reserved = 2077, peak = 2090;

PHY-1003 : Routed, final wirelength = 3.11952e+06
RUN-1001 : Clock region assignment statistics:
RUN-1001 : Clock Region s_0_l [0,0][23,39]; Utilization: 6 out of 12
RUN-1001 : -----------------------------------------------------------------------------------------------------------------------------------------------------------------------------------------------------------------------------------------------------------------------------------------------------------------------------------------------------------------------------------------------------------------------------------------------------
RUN-1001 :   Bank  |                                                   Assigned Clock                                                   |                                                    Route Clock                                                     |  Marking  |                                                                          Buffer                                                                           |  Regional Clock Fanouts  
RUN-1001 : -----------------------------------------------------------------------------------------------------------------------------------------------------------------------------------------------------------------------------------------------------------------------------------------------------------------------------------------------------------------------------------------------------------------------------------------------------
RUN-1001 :    1    |                 u_ph1p35_324_ddr_wrapper/u_ddr2/ph1p_ddrmc_wrapper/ph1p_ddrmc_top/u_alc_mc_top/clk                 |                 u_ph1p35_324_ddr_wrapper/u_ddr2/ph1p_ddrmc_wrapper/ph1p_ddrmc_top/u_alc_mc_top/clk                 |           |   u_ph1p35_324_ddr_wrapper/u_ddr2/ph1p_ddrmc_wrapper/ph1p_ddrmc_top/u_ddr_phy/u_ddrphy_top/u_ddrphy_clk/u_pll1/u_bufg_fbclk_auto_created_sclk_s_0_l_bk1   |           2075           
RUN-1001 :    2    |                  u_isp_top/u_rgb96_downscale_crop/u_scale_line_buffer/ram_f84573da5ab5_Inst/clkb                   |                  u_isp_top/u_rgb96_downscale_crop/u_scale_line_buffer/ram_f84573da5ab5_Inst/clkb                   |           |                           u_mipi_dphy_rx_ph1p_mipiio_wrapper/u_ph1p_mipiio_rx_wrapper/bufg_feedback_auto_created_sclk_s_0_l_bk2                           |           633            
RUN-1001 :    3    |                                              S_hdmi_pixel_clk_syn_652                                              |                                              S_hdmi_pixel_clk_syn_652                                              |           |                                               S_hdmi_pixel_clk_created_gclkinst_auto_created_sclk_s_0_l_bk3                                               |            78            
RUN-1001 :    4    |                                                  I_sys_clk_syn_8                                                   |                                                  I_sys_clk_syn_8                                                   |           |                                               I_sys_clk_dup_6_created_gclkinst_auto_created_sclk_s_0_l_bk4                                                |            76            
RUN-1001 :    5    |  u_ph1p35_324_ddr_wrapper/u_ddr2/ph1p_ddrmc_wrapper/ph1p_ddrmc_top/u_ddr_phy/u_ddrphy_top/u_ddrphy/apb_pclk_syn_1  |  u_ph1p35_324_ddr_wrapper/u_ddr2/ph1p_ddrmc_wrapper/ph1p_ddrmc_top/u_ddr_phy/u_ddrphy_top/u_ddrphy/apb_pclk_syn_1  |           |  u_ph1p35_324_ddr_wrapper/u_ddr2/ph1p_ddrmc_wrapper/ph1p_ddrmc_top/u_ddr_phy/u_ddrphy_top/u_ddrphy/apb_pclk_created_gclkinst_auto_created_sclk_s_0_l_bk5  |            23            
RUN-1001 :    6    |                                                  O_cam_24m_syn_3                                                   |                                                  O_cam_24m_syn_3                                                   |           |                                               O_cam_24m_dup_1_created_gclkinst_auto_created_sclk_s_0_l_bk6                                                |            6             
RUN-1001 : -----------------------------------------------------------------------------------------------------------------------------------------------------------------------------------------------------------------------------------------------------------------------------------------------------------------------------------------------------------------------------------------------------------------------------------------------------
RUN-1001 : Clock Region s_0_r [24,0][47,39]; Utilization: 10 out of 12
RUN-1001 : ---------------------------------------------------------------------------------------------------------------------------------------------------------------------------------------------------------------------------------------------------------------------------------------------------------------------------------------------------------------------------------------
RUN-1001 :   Bank  |                                    Assigned Clock                                    |                                     Route Clock                                      |  Marking  |                                                                         Buffer                                                                          |  Regional Clock Fanouts  
RUN-1001 : ---------------------------------------------------------------------------------------------------------------------------------------------------------------------------------------------------------------------------------------------------------------------------------------------------------------------------------------------------------------------------------------
RUN-1001 :    1    |   u_isp_top/u_rgb96_downscale_crop/u_scale_line_buffer/ram_f84573da5ab5_Inst/clkb    |   u_isp_top/u_rgb96_downscale_crop/u_scale_line_buffer/ram_f84573da5ab5_Inst/clkb    |           |                          u_mipi_dphy_rx_ph1p_mipiio_wrapper/u_ph1p_mipiio_rx_wrapper/bufg_feedback_auto_created_sclk_s_0_r_bk1                          |           1378           
RUN-1001 :    2    |                               S_hdmi_pixel_clk_syn_652                               |                               S_hdmi_pixel_clk_syn_652                               |           |                                              S_hdmi_pixel_clk_created_gclkinst_auto_created_sclk_s_0_r_bk2                                              |           280            
RUN-1001 :    3    |                           u_lens_i2c_ctrl/u_bus/clk_syn_1                            |                           u_lens_i2c_ctrl/u_bus/clk_syn_1                            |           |                                         u_lens_i2c_ctrl/u_bus/clk_created_gclkinst_auto_created_sclk_s_0_r_bk3                                          |           277            
RUN-1001 :    4    |                      u_mcu/MCU_521bd43d073e_Inst/core_clk_syn_1                      |                      u_mcu/MCU_521bd43d073e_Inst/core_clk_syn_1                      |           |                                    u_mcu/MCU_521bd43d073e_Inst/core_clk_created_gclkinst_auto_created_sclk_s_0_r_bk4                                    |           154            
RUN-1001 :    5    |                                    cwc_jtck_syn_1                                    |                                    cwc_jtck_syn_1                                    |           |                                                  cwc_jtck_created_gclkinst_auto_created_sclk_s_0_r_bk5                                                  |           118            
RUN-1001 :    6    |                                   O_cam_24m_syn_3                                    |                                   O_cam_24m_syn_3                                    |           |                                              O_cam_24m_dup_1_created_gclkinst_auto_created_sclk_s_0_r_bk6                                               |            92            
RUN-1001 :    7    |  u_ph1p35_324_ddr_wrapper/u_ddr2/ph1p_ddrmc_wrapper/ph1p_ddrmc_top/u_alc_mc_top/clk  |  u_ph1p35_324_ddr_wrapper/u_ddr2/ph1p_ddrmc_wrapper/ph1p_ddrmc_top/u_alc_mc_top/clk  |           |  u_ph1p35_324_ddr_wrapper/u_ddr2/ph1p_ddrmc_wrapper/ph1p_ddrmc_top/u_ddr_phy/u_ddrphy_top/u_ddrphy_clk/u_pll1/u_bufg_fbclk_auto_created_sclk_s_0_r_bk7  |            32            
RUN-1001 :    8    |                        u_uicfgcs500/uii2c_inst/scl_clk_syn_9                         |                        u_uicfgcs500/uii2c_inst/scl_clk_syn_9                         |           |                                      u_uicfgcs500/uii2c_inst/scl_clk_created_gclkinst_auto_created_sclk_s_0_r_bk8                                       |            18            
RUN-1001 :    9    |                       g_u4_key_debounce[0]$u_u4_key_test/I_clk                       |                       g_u4_key_debounce[0]$u_u4_key_test/I_clk                       |           |                                                     u_PLL/bufg_feedback_auto_created_sclk_s_0_r_bk9                                                     |            9             
RUN-1001 :    10   |                                 S_mcu_ahb_clk_syn_5                                  |                                 S_mcu_ahb_clk_syn_5                                  |           |                                               S_mcu_ahb_clk_created_gclkinst_auto_created_sclk_s_0_r_bk10                                               |            1             
RUN-1001 : ---------------------------------------------------------------------------------------------------------------------------------------------------------------------------------------------------------------------------------------------------------------------------------------------------------------------------------------------------------------------------------------
RUN-1001 : Clock Region s_1_l [0,40][23,79]; Utilization: 4 out of 12
RUN-1001 : -----------------------------------------------------------------------------------------------------------------------------------------------------------------------------------------------------------------------------------------------------------------------------------------------------------------------------------------------------------------------------------------------------------------------------------------------------
RUN-1001 :   Bank  |                                                   Assigned Clock                                                   |                                                    Route Clock                                                     |  Marking  |                                                                          Buffer                                                                           |  Regional Clock Fanouts  
RUN-1001 : -----------------------------------------------------------------------------------------------------------------------------------------------------------------------------------------------------------------------------------------------------------------------------------------------------------------------------------------------------------------------------------------------------------------------------------------------------
RUN-1001 :    1    |                 u_ph1p35_324_ddr_wrapper/u_ddr2/ph1p_ddrmc_wrapper/ph1p_ddrmc_top/u_alc_mc_top/clk                 |                 u_ph1p35_324_ddr_wrapper/u_ddr2/ph1p_ddrmc_wrapper/ph1p_ddrmc_top/u_alc_mc_top/clk                 |           |   u_ph1p35_324_ddr_wrapper/u_ddr2/ph1p_ddrmc_wrapper/ph1p_ddrmc_top/u_ddr_phy/u_ddrphy_top/u_ddrphy_clk/u_pll1/u_bufg_fbclk_auto_created_sclk_s_1_l_bk1   |            43            
RUN-1001 :    2    |                  u_isp_top/u_rgb96_downscale_crop/u_scale_line_buffer/ram_f84573da5ab5_Inst/clkb                   |                  u_isp_top/u_rgb96_downscale_crop/u_scale_line_buffer/ram_f84573da5ab5_Inst/clkb                   |           |                           u_mipi_dphy_rx_ph1p_mipiio_wrapper/u_ph1p_mipiio_rx_wrapper/bufg_feedback_auto_created_sclk_s_1_l_bk2                           |           1956           
RUN-1001 :    3    |                                              S_hdmi_pixel_clk_syn_652                                              |                                              S_hdmi_pixel_clk_syn_652                                              |           |                                               S_hdmi_pixel_clk_created_gclkinst_auto_created_sclk_s_1_l_bk3                                               |            27            
RUN-1001 :    4    |  u_ph1p35_324_ddr_wrapper/u_ddr2/ph1p_ddrmc_wrapper/ph1p_ddrmc_top/u_ddr_phy/u_ddrphy_top/u_ddrphy/apb_pclk_syn_1  |  u_ph1p35_324_ddr_wrapper/u_ddr2/ph1p_ddrmc_wrapper/ph1p_ddrmc_top/u_ddr_phy/u_ddrphy_top/u_ddrphy/apb_pclk_syn_1  |           |  u_ph1p35_324_ddr_wrapper/u_ddr2/ph1p_ddrmc_wrapper/ph1p_ddrmc_top/u_ddr_phy/u_ddrphy_top/u_ddrphy/apb_pclk_created_gclkinst_auto_created_sclk_s_1_l_bk4  |            5             
RUN-1001 : -----------------------------------------------------------------------------------------------------------------------------------------------------------------------------------------------------------------------------------------------------------------------------------------------------------------------------------------------------------------------------------------------------------------------------------------------------
RUN-1001 : Clock Region s_1_r [24,40][43,79]; Utilization: 6 out of 12
RUN-1001 : ---------------------------------------------------------------------------------------------------------------------------------------------------------------------------------------------------------------------------------------------------------------------------------------------------------------------------------------------------------------------------------------
RUN-1001 :   Bank  |                                    Assigned Clock                                    |                                     Route Clock                                      |  Marking  |                                                                         Buffer                                                                          |  Regional Clock Fanouts  
RUN-1001 : ---------------------------------------------------------------------------------------------------------------------------------------------------------------------------------------------------------------------------------------------------------------------------------------------------------------------------------------------------------------------------------------
RUN-1001 :    1    |                       g_u4_key_debounce[0]$u_u4_key_test/I_clk                       |                       g_u4_key_debounce[0]$u_u4_key_test/I_clk                       |           |                                                     u_PLL/bufg_feedback_auto_created_sclk_s_1_r_bk1                                                     |            1             
RUN-1001 :    2    |   u_isp_top/u_rgb96_downscale_crop/u_scale_line_buffer/ram_f84573da5ab5_Inst/clkb    |   u_isp_top/u_rgb96_downscale_crop/u_scale_line_buffer/ram_f84573da5ab5_Inst/clkb    |           |                          u_mipi_dphy_rx_ph1p_mipiio_wrapper/u_ph1p_mipiio_rx_wrapper/bufg_feedback_auto_created_sclk_s_1_r_bk2                          |           1086           
RUN-1001 :    3    |                               S_hdmi_pixel_clk_syn_652                               |                               S_hdmi_pixel_clk_syn_652                               |           |                                              S_hdmi_pixel_clk_created_gclkinst_auto_created_sclk_s_1_r_bk3                                              |           578            
RUN-1001 :    4    |           u_hdmi_tx/u_hdmi2phy_wrapper/u0_lane_lvds_8_1/I_serial_clk_syn_1           |           u_hdmi_tx/u_hdmi2phy_wrapper/u0_lane_lvds_8_1/I_serial_clk_syn_1           |           |                         u_hdmi_tx/u_hdmi2phy_wrapper/u0_lane_lvds_8_1/I_serial_clk_created_gclkinst_auto_created_sclk_s_1_r_bk4                         |            35            
RUN-1001 :    5    |  u_ph1p35_324_ddr_wrapper/u_ddr2/ph1p_ddrmc_wrapper/ph1p_ddrmc_top/u_alc_mc_top/clk  |  u_ph1p35_324_ddr_wrapper/u_ddr2/ph1p_ddrmc_wrapper/ph1p_ddrmc_top/u_alc_mc_top/clk  |           |  u_ph1p35_324_ddr_wrapper/u_ddr2/ph1p_ddrmc_wrapper/ph1p_ddrmc_top/u_ddr_phy/u_ddrphy_top/u_ddrphy_clk/u_pll1/u_bufg_fbclk_auto_created_sclk_s_1_r_bk5  |            19            
RUN-1001 :    6    |                           u_lens_i2c_ctrl/u_bus/clk_syn_1                            |                           u_lens_i2c_ctrl/u_bus/clk_syn_1                            |           |                                         u_lens_i2c_ctrl/u_bus/clk_created_gclkinst_auto_created_sclk_s_1_r_bk6                                          |            18            
RUN-1001 : ---------------------------------------------------------------------------------------------------------------------------------------------------------------------------------------------------------------------------------------------------------------------------------------------------------------------------------------------------------------------------------------
RUN-1002 : start command "export_db camera_to_dsi_display_pr.db"
RUN-1001 : Exported flow parameters
RUN-1001 : Exported /
RUN-1001 : Exported libs
RUN-1001 : Exported entities
RUN-1001 : Exported ports
RUN-1001 : Exported pins
RUN-1001 : Exported instances
RUN-1001 : Exported nets
RUN-1001 : Exported buses
RUN-1001 : Exported models
RUN-1001 : Exported phy database
RUN-1001 : Exported packer
RUN-1001 : Exported congestions
RUN-1001 : Exported violations
RUN-1001 : Exported ATMR Setting
RUN-1001 : Exported timing constraints
RUN-1001 : Exported IO constraints
RUN-1001 : Exported Inst constraints
RUN-1001 : Exported ChipWatcher
RUN-1003 : finish command "export_db camera_to_dsi_display_pr.db" in  2.164410s wall, 2.953125s user + 0.062500s system = 3.015625s CPU (139.3%)

RUN-1004 : used memory is 2166 MB, reserved memory is 2268 MB, peak memory is 2166 MB
PHY-1001 : Current memory(MB): used = 2166, reserved = 2268, peak = 2166.
PHY-1001 : End export database. 2.279620s wall, 3.062500s user + 0.062500s system = 3.125000s CPU (137.1%)

PHY-1001 : End detail routing;  99.397723s wall, 177.640625s user + 1.656250s system = 179.296875s CPU (180.4%)

PHY-1001 : End Stage 2 | Detail Routing; Time: 99.397877s wall, 177.640625s user + 1.656250s system = 179.296875s CPU (180.4%); Memory(MB): used = 2165, reserved = 2267, peak = 2166;

RUN-1002 : start command "fix_hold"

PHY-1001 : Stage 3 | Hold Fix
PHY-1001 : Stage 3.1 | Load Design Data
PHY-1034 : Refresh detailed routing grids ...
PHY-1001 : Generate nets ...
PHY-1001 : eco open net = 0
PHY-1001 : End Stage 3.1 | Load Design Data; Time: 0.727423s wall, 0.734375s user + 0.000000s system = 0.734375s CPU (101.0%); Memory(MB): used = 2166, reserved = 2268, peak = 2166;

PHY-1001 : Stage 3.2 | Hold Fix Optimization
RUN-1002 : start command "start_timer"
RUN-1003 : finish command "start_timer" in  3.284773s wall, 3.250000s user + 0.000000s system = 3.250000s CPU (98.9%)

RUN-1004 : used memory is 2166 MB, reserved memory is 2268 MB, peak memory is 2166 MB
PHY-1001 : Timing info: SWNS 0.101ns | STNS 0.000ns | HWNS -0.155ns | HTNS -1.250ns.
PHY-1001 : Processing hold violation on 39 end-point, worst slack = -155ps, best slack = 17ps.
PHY-1001 : End timing refresh.  9.898844s wall, 9.781250s user + 0.015625s system = 9.796875s CPU (99.0%)

PHY-1001 : Stage 3.2.1 | Phase 1
PHY-1001 : Stage 3.2.1.1 | Hold Fix By LutBridge
PHY-1001 : len = 3.12181e+06, over cnt = 0(0%), over = 0, worst = 0, crit = 0
PHY-1001 : Bridge count = 13; unresolved count = 0.
PHY-1001 : 0 out of 39 ((0.00)%) EP fixed by LB.
PHY-1001 : End Stage 3.2.1.1 | Hold Fix By LutBridge; Time: 1.453969s wall, 1.843750s user + 0.015625s system = 1.859375s CPU (127.9%); Memory(MB): used = 2166, reserved = 2268, peak = 2166;

PHY-1001 : Timing info: SWNS 0.101ns | STNS 0.000ns | HWNS -0.048ns | HTNS -0.177ns.
PHY-1001 : Processing hold violation on 13 end-point, worst slack = -48ps, best slack = 17ps.
PHY-1001 : End timing refresh.  0.150699s wall, 0.140625s user + 0.000000s system = 0.140625s CPU (93.3%)

PHY-1001 : Stage 3.2.1.2 | Hold Fix By Pin
PHY-1001 : len = 3.12219e+06, over cnt = 0(0%), over = 0, worst = 0, crit = 0
PHY-1001 : 8 out of 13 ((61.54)%) EP fixed by pin delay.
PHY-1001 : End Stage 3.2.1.2 | Hold Fix By Pin; Time: 1.207860s wall, 1.656250s user + 0.031250s system = 1.687500s CPU (139.7%); Memory(MB): used = 2166, reserved = 2268, peak = 2166;

PHY-1001 : Timing info: SWNS 0.101ns | STNS 0.000ns | HWNS -0.019ns | HTNS -0.039ns.
PHY-1001 : Processing hold violation on 5 end-point, worst slack = -19ps, best slack = 15ps.
PHY-1001 : End timing refresh.  0.150166s wall, 0.140625s user + 0.000000s system = 0.140625s CPU (93.6%)

PHY-1001 : Stage 3.2.1.3 | Hold Fix By Net
PHY-1001 : len = 3.12283e+06, over cnt = 0(0%), over = 0, worst = 0, crit = 0
PHY-1001 : 5 out of 5 ((100.00)%) EP fixed by net delay.
PHY-1001 : End Stage 3.2.1.3 | Hold Fix By Net; Time: 0.371442s wall, 0.359375s user + 0.015625s system = 0.375000s CPU (101.0%); Memory(MB): used = 2166, reserved = 2268, peak = 2166;

PHY-1001 : Timing info: SWNS 0.101ns | STNS 0.000ns | HWNS 0.020ns | HTNS 0.000ns.
PHY-1001 : End timing refresh.  0.145011s wall, 0.156250s user + 0.000000s system = 0.156250s CPU (107.8%)

PHY-1001 : End Stage 3.2.1 | Phase 1; Time: 3.533487s wall, 4.359375s user + 0.062500s system = 4.421875s CPU (125.1%); Memory(MB): used = 2166, reserved = 2268, peak = 2166;

PHY-1001 : End Stage 3.2 | Hold Fix Optimization; Time: 13.433821s wall, 14.140625s user + 0.078125s system = 14.218750s CPU (105.8%); Memory(MB): used = 2166, reserved = 2268, peak = 2166;

PHY-1001 : End Stage 3 | Hold Fix; Time: 14.452948s wall, 15.140625s user + 0.078125s system = 15.218750s CPU (105.3%); Memory(MB): used = 2166, reserved = 2268, peak = 2166;

RUN-1003 : finish command "fix_hold" in  14.500606s wall, 15.187500s user + 0.078125s system = 15.265625s CPU (105.3%)

RUN-1004 : used memory is 2166 MB, reserved memory is 2268 MB, peak memory is 2166 MB
PHY-1001 : Stage 4 | Report Route Qor
RUN-1002 : start command "report_qor -step route -file route.qor"
RUN-1002 : start command "start_timer"
RUN-1003 : finish command "start_timer" in  3.314170s wall, 3.296875s user + 0.000000s system = 3.296875s CPU (99.5%)

RUN-1004 : used memory is 2166 MB, reserved memory is 2268 MB, peak memory is 2166 MB
-----------------------------------------------------------
| QoR metrics               |         value               |
-----------------------------------------------------------
| Timing                    |                             |
|     Setup WNS             |          101                |
|     Setup TNS             |            0                |
|     Num of violated S-EP  |            0                |
|     Hold WNS              |           20                |
|     Hold TNS              |            0                |
|     Num of violated H-EP  |            0                |
-----------------------------------------------------------
| Routing Resource          |                             |
|     Wire length           |      3122832                |
-----------------------------------------------------------
| Utilization               |                             |
|     #slices               |        14094                |
|     slices percentage     |       66.43%                |
|     #RAMs                 |           50                |
|     #DSPs                 |            8                |
|     #DRAMHARDCON          |           37                |
-----------------------------------------------------------
Report route stage QoR done.

RUN-1003 : finish command "report_qor -step route -file route.qor" in  9.938066s wall, 9.875000s user + 0.000000s system = 9.875000s CPU (99.4%)

RUN-1004 : used memory is 2166 MB, reserved memory is 2268 MB, peak memory is 2166 MB
RUN-1002 : start command "update_timing -mode final"
RUN-1002 : start command "start_timer"
RUN-1003 : finish command "start_timer" in  3.323175s wall, 3.312500s user + 0.015625s system = 3.328125s CPU (100.1%)

RUN-1004 : used memory is 2166 MB, reserved memory is 2268 MB, peak memory is 2166 MB
RUN-1003 : finish command "update_timing -mode final" in  9.808470s wall, 9.750000s user + 0.031250s system = 9.781250s CPU (99.7%)

RUN-1004 : used memory is 2166 MB, reserved memory is 2268 MB, peak memory is 2166 MB
RUN-1002 : start command "report_timing_summary -file final_timing.rpt"
OPT-1001 : QoR tracer report on route step:
    SWNS [   incr ]    STNS [   incr ]  S-FEPS [   incr ]    HWNS [   incr ]      HTNS [     incr ]    H-FEPS [     incr ]    CELL [   incr ]       WL [    incr ]   RT(s) [   incr ]   MEM(mb) [     incr ]
     186 [      0 ]       0 [      0 ]       0 [      0 ]    -222 [      0 ]    -12476 [        0 ]       257 [        0 ]   14642 [      0 ]  2840096 [       0 ]      61 [      0 ]      2057 [        0 ] : dr_initialization
     186 [      0 ]       0 [      0 ]       0 [      0 ]       4 [    226 ]         0 [    12476 ]         0 [     -257 ]   14642 [      0 ]  2874544 [   34448 ]      72 [     11 ]      2059 [        2 ] : dr_timing_opt_phase1
      65 [   -121 ]       0 [      0 ]       0 [      0 ]    -155 [   -159 ]     -1891 [    -1891 ]        47 [       47 ]   14642 [      0 ]  3116496 [  241952 ]     104 [     32 ]      2087 [       28 ] : dr_opt_phase1
     101 [     36 ]       0 [      0 ]       0 [      0 ]      20 [    175 ]         0 [     1891 ]         0 [      -47 ]   14642 [      0 ]  3123488 [    6992 ]     108 [      4 ]      2087 [        0 ] : dr_timing_opt_phase2
     101 [      0 ]       0 [      0 ]       0 [      0 ]    -155 [   -175 ]     -1250 [    -1250 ]        28 [       28 ]   14642 [      0 ]  3119520 [   -3968 ]     109 [      1 ]      2087 [        0 ] : dr_opt_phase2
     101 [      0 ]       0 [      0 ]       0 [      0 ]    -155 [      0 ]     -1250 [        0 ]        28 [        0 ]   14642 [      0 ]  3119520 [       0 ]     109 [      0 ]      2090 [        3 ] : multi_try_opt
     101 [      0 ]       0 [      0 ]       0 [      0 ]      20 [    175 ]         0 [     1250 ]         0 [      -28 ]   14642 [      0 ]  3122832 [    3312 ]     126 [     17 ]      2166 [       76 ] : fix_hold_opt

PHY-1001 : End Stage 4 | Report Route Qor; Time: 20.082406s wall, 19.937500s user + 0.046875s system = 19.984375s CPU (99.5%); Memory(MB): used = 2166, reserved = 2268, peak = 2166;

PHY-1001 : Stage 5 | Routing DRC
PHY-1001 : Stage 5.1 | Check And Add Lut-bridge
PHY-1001 : End Stage 5.1 | Check And Add Lut-bridge; Time: 0.170900s wall, 0.156250s user + 0.015625s system = 0.171875s CPU (100.6%); Memory(MB): used = 2166, reserved = 2268, peak = 2166;

PHY-1001 : Stage 5.2 | Lut Bridge Check
PHY-1001 : End Stage 5.2 | Lut Bridge Check; Time: 0.420682s wall, 0.406250s user + 0.015625s system = 0.421875s CPU (100.3%); Memory(MB): used = 2166, reserved = 2268, peak = 2166;

PHY-1001 : Stage 5.3 | Physical Net Status Check
PHY-1001 : End Stage 5.3 | Physical Net Status Check; Time: 0.097962s wall, 0.109375s user + 0.000000s system = 0.109375s CPU (111.6%); Memory(MB): used = 2167, reserved = 2268, peak = 2167;

PHY-1001 : Start multi-drive drc check......
PHY-1001 : No multi-drive.
PHY-1001 : Stage 5.4 | Clock Net Status Check
PHY-1001 : 3 clock net(s) utilize local routing resource.
PHY-5079 CRITICAL-WARNING: Marked 1 clock net(s) utilize the local routing resources. Please check log message and the sinks of clock nets.
RUN-1001 : CTS Local Wire Summary
RUN-1001 : ----------------------------------------------------------------------------------------------------------------------------------------------------------------------
RUN-1001 :         ClockName         |   DriverType    |  Clock/Fanout  |  LocalWireNum  |                                  NetName                                   |  Marked  
RUN-1001 : ----------------------------------------------------------------------------------------------------------------------------------------------------------------------
RUN-1001 :   config_inst.cwc_tck_o   |  AL_PHY_CONFIG  |      1/1       |       10       |                                  cwc_jtck                                  |    -     
RUN-1001 :             -             |  AL_PHY_LSLICE  |      1/3       |       18       |                      u_uicfgcs500/uii2c_inst/scl_clk                       |    -     
RUN-1001 :        pll_clk_24m        |   AL_PHY_SCLK   |      5/6       |       3        |  O_cam_24m_dup_1_created_gclkinst_auto_created_sclk_s_0_l_bk6_sclk_outnet  |   true   
RUN-1001 : ----------------------------------------------------------------------------------------------------------------------------------------------------------------------
PHY-5088 WARNING: Clock_Analyzer: Detected 1 buffer(s) clkin net because they drive non-clock sinks. Run "analyze_clock -detail" for more infomation.
PHY-5088 WARNING: Clock_Analyzer: Detected 1 buffer(s) clkout net because they drive non-clock sinks. Run "analyze_clock -detail" for more infomation.
PHY-5088 WARNING: Clock_Analyzer: 2 clock-net(s) because they drive other clock net, may cause clock skew. Run "analyze_clock -detail" for more infomation.
PHY-1001 : End Stage 5.4 | Clock Net Status Check; Time: 0.142686s wall, 0.156250s user + 0.000000s system = 0.156250s CPU (109.5%); Memory(MB): used = 2167, reserved = 2268, peak = 2167;

PHY-1001 : Stage 5.5 | Abnormal Timing Path check
PHY-1001 : No abnormal timing path.
PHY-1001 : End Stage 5.5 | Abnormal Timing Path check; Time: 0.412104s wall, 0.406250s user + 0.000000s system = 0.406250s CPU (98.6%); Memory(MB): used = 2167, reserved = 2268, peak = 2167;

PHY-1001 : Stage 5.6 | Bound Check
PHY-1001 : Check Pass.
PHY-1001 : End Stage 5.6 | Bound Check; Time: 0.005396s wall, 0.000000s user + 0.000000s system = 0.000000s CPU (n/a%); Memory(MB): used = 2167, reserved = 2268, peak = 2167;

PHY-1001 : End Stage 5 | Routing DRC; Time: 1.336963s wall, 1.312500s user + 0.031250s system = 1.343750s CPU (100.5%); Memory(MB): used = 2167, reserved = 2268, peak = 2167;

RUN-1003 : finish command "route" in  148.178910s wall, 228.421875s user + 2.015625s system = 230.437500s CPU (155.5%)

RUN-1004 : used memory is 2167 MB, reserved memory is 2268 MB, peak memory is 2167 MB
RUN-1002 : start command "report_area -io_info -file camera_to_dsi_display_phy.area"
SYN-4034 : The count of slices with lut is 7809.
SYN-4035 : The count of slices with lut+ripple is 3447.
RUN-1001 : standard
***Report Model: design_top_wrapper Device: PH1P35MDG324***

Design Statistics
#IO                        70   out of    160   43.75%
  #input                    9
  #output                  35
  #inout                   26
#lut6                   11664   out of  21216   54.98%
#reg                    14926
  #slice reg            14926   out of  42432   35.18%
  #pad reg                  0

Utilization Statistics
#slice                  14094   out of  21216   66.43%
  #used ram               408
    #dram lut             296
    #shifter lut          112
  #used logic           13686
    #with luts           7809
    #with adder          3447
    #reg only            2430
#feedthrough             2619
#f7mux                      0   out of  10608    0.00%
#f8mux                      0   out of   5304    0.00%
#eram                      50   out of    108   46.30%
  #eram20k                 50
  #fifo20k                  0
#dsp                        8   out of     40   20.00%
#mcu                        1   out of      1  100.00%
#ddr_byte                   6   out of     12   50.00%
#mipi_tx                    0   out of      2    0.00%
#mipi_rx                    1   out of      2   50.00%
#pad                       29   out of    160   18.12%
#pll                        3   out of      6   50.00%
#gclk                      13   out of     32   40.62%
#lclk                       0   out of     12    0.00%
#sclk                      26   out of     48   54.17%
#mlclk                      2   out of      6   33.33%
#ioclk                      4   out of     18   22.22%


DataNet Average Fanout:

   Index     Fanout     Nets   
    #1          1       21576  
    #2          2       7809   
    #3          3       1092   
    #4          4        687   
    #5        5-10      1768   
    #6        11-50      426   
    #7       51-100      45    
    #8       101-500     11    
  Average     2.04             

RUN-1002 : start command "update_timing -mode final"
RUN-1002 : start command "start_timer"
RUN-1003 : finish command "start_timer" in  3.274611s wall, 3.250000s user + 0.015625s system = 3.265625s CPU (99.7%)

RUN-1004 : used memory is 2167 MB, reserved memory is 2268 MB, peak memory is 2167 MB
RUN-1003 : finish command "update_timing -mode final" in  9.797514s wall, 9.687500s user + 0.078125s system = 9.765625s CPU (99.7%)

RUN-1004 : used memory is 2167 MB, reserved memory is 2268 MB, peak memory is 2167 MB
RUN-1002 : start command "report_timing_status -file camera_to_dsi_display_phy.ts"
RUN-1002 : start command "report_timing_summary -file camera_to_dsi_display_pr.timing"
RUN-1002 : start command "report_timing_exception -file camera_to_dsi_display_exception.timing"
RUN-1002 : start command "flow_status -file route_flow.status"
Location         : D:\2026fpga\lab_hd_1_mipi_hdmi\td_project\camera_to_dsi_display_Runs\phy_1
Running with     : Tang Dynasty v6.2.168116
                   Copyright (c) 2012-2025 Anlogic Inc.
Top Model        : design_top_wrapper
Device           : PH1P35MDG324
Speed            : 3

Timing Mode      : final
Setup            : WNS   101ps  TNS        0ps  NUM_FEPS     0
Hold             : WNS    20ps  TNS        0ps  NUM_FEPS     0

Flow Statistics  :
RUN-1001 : Flow Statistics:
RUN-1001 : ---------------------------------------------------------------------------------------------------
RUN-1001 :      command     |  #calls  |  wall time   |  cpu time(s)  |  used memory(mb)  |  peak memory(mb)  
RUN-1001 : ---------------------------------------------------------------------------------------------------
RUN-1001 :       place      |    1     |  3m40s(41%)  |   565(58%)    |       1454        |       1454        
RUN-1001 :       route      |    1     |  2m14s(25%)  |   215(22%)    |       2167        |       2167        
RUN-1001 :   optimize_gate  |    1     |  1m31s(16%)  |    89(9%)     |       1122        |       1122        
RUN-1001 :   optimize_rtl   |    1     |  1m13s(13%)  |    71(7%)     |        886        |        941        
RUN-1001 :     fix_hold     |    1     |   14s(2%)    |    15(1%)     |       2166        |       2166        
RUN-1001 :   import_device  |    1     |    2s(0%)    |     2(0%)     |        334        |        334        
RUN-1001 :     read_adc     |    1     |    2s(0%)    |     1(0%)     |        625        |        626        
RUN-1001 :     import_db    |    2     |    0s(0%)    |     0(0%)     |       1149        |       1149        
RUN-1001 :       pack       |    1     |    0s(0%)    |     0(0%)     |       1149        |       1149        
RUN-1001 :     read_sdc     |    4     |    0s(0%)    |     0(0%)     |        619        |        626        
RUN-1001 : ---------------------------------------------------------------------------------------------------
RUN-1001 :       total      |    14    |    8m56s     |      958      |       2167        |       2167        
RUN-1001 : ---------------------------------------------------------------------------------------------------
RUN-1002 : start command "report_clock_utilization -file route_clock_utilization.txt"
RUN-1002 : start command "export_db camera_to_dsi_display_pr.db"
RUN-1001 : Exported flow parameters
RUN-1001 : Exported /
RUN-1001 : Exported libs
RUN-1001 : Exported entities
RUN-1001 : Exported ports
RUN-1001 : Exported pins
RUN-1001 : Exported instances
RUN-1001 : Exported nets
RUN-1001 : Exported buses
RUN-1001 : Exported models
RUN-1001 : Exported phy database
RUN-1001 : Exported packer
RUN-1001 : Exported congestions
RUN-1001 : Exported violations
RUN-1001 : Exported ATMR Setting
RUN-1001 : Exported timing constraints
RUN-1001 : Exported IO constraints
RUN-1001 : Exported Inst constraints
RUN-1001 : Exported ChipWatcher
RUN-1003 : finish command "export_db camera_to_dsi_display_pr.db" in  2.103676s wall, 2.921875s user + 0.046875s system = 2.968750s CPU (141.1%)

RUN-1004 : used memory is 2167 MB, reserved memory is 2267 MB, peak memory is 2168 MB
RUN-1002 : start command "commit_param -step bitgen"
RUN-1001 : Print Global Property
RUN-1001 : -------------------------------------------------------------
RUN-1001 :     Parameters    |   Settings   |  Default Values  |  Note  
RUN-1001 : -------------------------------------------------------------
RUN-1001 :    enable_seed    |     off      |       off        |        
RUN-1001 :    hfn_to_clock   |  1000000000  |    1000000000    |        
RUN-1001 :      message      |   standard   |     standard     |        
RUN-1001 :    qor_monitor    |      on      |        on        |        
RUN-1001 :   speedup_effort  |      0       |        0         |        
RUN-1001 :    syn_ip_flow    |     off      |       off        |        
RUN-1001 :       thread      |     auto     |       auto       |        
RUN-1001 : -------------------------------------------------------------
RUN-1002 : start command "set_param bitgen compress on"
RUN-1001 : Print Bitgen Property
RUN-1001 : -------------------------------------------------------------
RUN-1001 :      Parameters     |  Settings  |  Default Values  |  Note  
RUN-1001 : -------------------------------------------------------------
RUN-1001 :         bin         |    off     |       off        |        
RUN-1001 :       compress      |     on     |       off        |   *    
RUN-1001 :       gen_mask      |    off     |       off        |        
RUN-1001 :      max_stream     |     on     |        on        |        
RUN-1001 :      time_info      |     on     |        on        |        
RUN-1001 :   unused_io_status  |   pullup   |      pullup      |        
RUN-1001 :       version       |    0x00    |       0x00       |        
RUN-1001 : -------------------------------------------------------------
RUN-1002 : start command "bitgen -bit camera_to_dsi_display.bit"
RUN-1002 : start command "export_bid camera_to_dsi_display_inst.bid"
BIT-1003 : Start to generate bitstream. 
BIT-1002 : Bitgen processed 3 pll_pd instances.
BIT-1002 : Init instances with 32 threads.
BIT-1002 : Init instances completely, inst num: 14640
BIT-1002 : Init pips with 32 threads.
BIT-1002 : Init pips completely, net num: 24371, pip num: 227588
BIT-1002 : Init feedthrough with 32 threads.
BIT-1002 : Init feedthrough completely, num: 2619
BIT-1003 : Multithreading accelaration with 32 threads.
BIT-1003 : Generate bitstream completely, there are 769502 bits set as '1'.
PRG-1501 : Bit compressed, frame number changed from 3481 to 3467, ratio 0.40%
BIT-1004 : Generate file camera_to_dsi_display_compress.bit.
BIT-1004 : Generate file camera_to_dsi_display.bit.
RUN-1003 : finish command "bitgen -bit camera_to_dsi_display.bit" in  6.110502s wall, 66.984375s user + 2.046875s system = 69.031250s CPU (1129.7%)

RUN-1004 : used memory is 2169 MB, reserved memory is 2268 MB, peak memory is 2169 MB
RUN-1002 : start command "setup_debugger ../../chip_debugger"
KIT-1004 : Update chipwatcher trigger condition
KIT-1004 : Generate chipwatcher configuration file: cw/compiled.cwc
KIT-1004 : Generate chipwatcher bit file: cw/compiled.bit
RUN-1002 : start command "export_bitgen_param -file .bitgen_param.f"
RUN-1002 : start command "export_flow_status -s read_design -e bitgen"
RUN-1002 : start command "flow_status"

Location         : D:\2026fpga\lab_hd_1_mipi_hdmi\td_project\camera_to_dsi_display_Runs\phy_1
Running with     : Tang Dynasty v6.2.168116
                   Copyright (c) 2012-2025 Anlogic Inc.
Top Model        : design_top_wrapper
Device           : PH1P35MDG324
Speed            : 3

Timing Mode      : final
Setup            : WNS   101ps  TNS        0ps  NUM_FEPS     0
Hold             : WNS    20ps  TNS        0ps  NUM_FEPS     0

RUN-1001 : Flow Statistics:
RUN-1001 : ---------------------------------------------------------------------------------------------------
RUN-1001 :      command     |  #calls  |  wall time   |  cpu time(s)  |  used memory(mb)  |  peak memory(mb)  
RUN-1001 : ---------------------------------------------------------------------------------------------------
RUN-1001 :       place      |    1     |  3m40s(40%)  |   565(55%)    |       1454        |       1454        
RUN-1001 :       route      |    1     |  2m14s(24%)  |   215(20%)    |       2167        |       2167        
RUN-1001 :   optimize_gate  |    1     |  1m31s(16%)  |    89(8%)     |       1122        |       1122        
RUN-1001 :   optimize_rtl   |    1     |  1m13s(13%)  |    71(6%)     |        886        |        941        
RUN-1001 :     fix_hold     |    1     |   14s(2%)    |    15(1%)     |       2166        |       2166        
RUN-1001 :      bitgen      |    1     |    6s(1%)    |    68(6%)     |       2169        |       2169        
RUN-1001 :   import_device  |    1     |    2s(0%)    |     2(0%)     |        334        |        334        
RUN-1001 :     read_adc     |    1     |    2s(0%)    |     1(0%)     |        625        |        626        
RUN-1001 :     import_db    |    2     |    0s(0%)    |     0(0%)     |       1149        |       1149        
RUN-1001 :       pack       |    1     |    0s(0%)    |     0(0%)     |       1149        |       1149        
RUN-1001 :     read_sdc     |    4     |    0s(0%)    |     0(0%)     |        619        |        626        
RUN-1001 : ---------------------------------------------------------------------------------------------------
RUN-1001 :       total      |    15    |     9m2s     |     1026      |       2169        |       2169        
RUN-1001 : ---------------------------------------------------------------------------------------------------

