============================================================
   Tang Dynasty, V6.2.168116
   Copyright (c) 2012-2025 Anlogic Inc.
   Executable = F:/AnlogicFpga/TD_6.2.1_Engineer_6.2.168.116/bin/td_commands_prompt.exe
   Built at =   16:32:07 Jun 12 2025
   Run by =     pc
   Run Date =   Mon Sep 28 21:27:01 2026

   Run on =     CIRBUG
============================================================
RUN-1002 : start command "import_device ph1_35p.db -package PH1P35MDG324 -speed 3"
ARC-1001 : Device Initialization.
ARC-1001 : ----------------------------------------------------------------
ARC-1001 :           OPTION          |          IO           |   SETTING   
ARC-1001 : ----------------------------------------------------------------
ARC-1001 :   non_jtag_persist(none)  |        35 IOs         |    gpio    
ARC-1001 :            jtag           |  P13/P15/L14/R13/T13  |  dedicate  
ARC-1001 : ----------------------------------------------------------------
RUN-1003 : finish command "import_device ph1_35p.db -package PH1P35MDG324 -speed 3" in  2.362879s wall, 2.109375s user + 0.093750s system = 2.203125s CPU (93.2%)

RUN-1004 : used memory is 341 MB, reserved memory is 321 MB, peak memory is 341 MB
RUN-1002 : start command "open_project camera_to_dsi_display.prj -noanalyze"
RUN-1002 : start command "import_db ../syn_1/camera_to_dsi_display_gate.db"
RUN-1001 : Importing database generated by Tang Dynasty, V6.2.168116.
RUN-1001 : Database version number 46207
RUN-1001 : Import flow parameters
RUN-1001 : Import netlist
RUN-1001 : Import timing constraints
RUN-1001 : Import IO constraints
RUN-1001 : Import Inst constraints
RUN-1001 : Import ChipWatcher
RUN-1001 : Import design success TD_VERSION=6.2.168116 , DB_VERSION=46207
RUN-1003 : finish command "import_db ../syn_1/camera_to_dsi_display_gate.db" in  1.168613s wall, 0.734375s user + 0.062500s system = 0.796875s CPU (68.2%)

RUN-1004 : used memory is 558 MB, reserved memory is 539 MB, peak memory is 558 MB
RUN-1002 : start command "commit_param -step place"
RUN-1001 : Print Global Property
RUN-1001 : -------------------------------------------------------------
RUN-1001 :     Parameters    |   Settings   |  Default Values  |  Note  
RUN-1001 : -------------------------------------------------------------
RUN-1001 :    enable_seed    |     off      |       off        |        
RUN-1001 :    hfn_to_clock   |  1000000000  |    1000000000    |        
RUN-1001 :      message      |   standard   |     standard     |        
RUN-1001 :    qor_monitor    |      on      |        on        |        
RUN-1001 :   speedup_effort  |      0       |        0         |        
RUN-1001 :    syn_ip_flow    |     off      |       off        |        
RUN-1001 :       thread      |      32      |       auto       |   *    
RUN-1001 : -------------------------------------------------------------
RUN-1001 : Print Place Property
RUN-1001 : ---------------------------------------------------------------
RUN-1001 :       Parameters      |  Settings  |  Default Values  |  Note  
RUN-1001 : ---------------------------------------------------------------
RUN-1001 :         effort        |   medium   |      medium      |        
RUN-1001 :     hfn_opt_effort    |   medium   |      medium      |        
RUN-1001 :    logic_level_opt    |    off     |       off        |        
RUN-1001 :   macro_performance   |    auto    |       auto       |        
RUN-1001 :       max_fanout      |   999999   |      999999      |        
RUN-1001 :       opt_timing      |   medium   |      medium      |        
RUN-1001 :     post_place_opt    |    auto    |       auto       |        
RUN-1001 :      pr_strategy      |     1      |        1         |        
RUN-1001 :   preplace_floorplan  |    off     |       off        |        
RUN-1001 : ---------------------------------------------------------------
RUN-1002 : start command "insert_debugger ../../chip_debugger"
RUN-1002 : start command "config_chipwatcher ../../chip_debugger/user.cfg"
RUN-1002 : start command "update_timing"
RUN-1002 : start command "start_timer"
USR-1002 : Derived clock:  create_generated_clock -name {u_PLL/ph1p_phy_pll_wrapper_25a56e5ce2f9_Inst/u_PH1P_PHY_PLL.clkc[0]} -source [get_ports {I_sys_clk}] -master_clock {sys_clk_50m} -multiply_by 2.0000 -duty_cycle 50.0000 [get_pins {u_PLL/ph1p_phy_pll_wrapper_25a56e5ce2f9_Inst/u_PH1P_PHY_PLL.clkc[0]}]
USR-1002 : Derived clock:  create_generated_clock -name {u_PLL/ph1p_phy_pll_wrapper_25a56e5ce2f9_Inst/u_PH1P_PHY_PLL.clkc[1]} -source [get_ports {I_sys_clk}] -master_clock {sys_clk_50m} -divide_by 2.1000 -duty_cycle 50.0000 [get_pins {u_PLL/ph1p_phy_pll_wrapper_25a56e5ce2f9_Inst/u_PH1P_PHY_PLL.clkc[1]}]
USR-1002 : Derived clock:  create_generated_clock -name {u_PLL/ph1p_phy_pll_wrapper_25a56e5ce2f9_Inst/u_PH1P_PHY_PLL.clkc[2]} -source [get_ports {I_sys_clk}] -master_clock {sys_clk_50m} -multiply_by 1.0000 -duty_cycle 50.0000 [get_pins {u_PLL/ph1p_phy_pll_wrapper_25a56e5ce2f9_Inst/u_PH1P_PHY_PLL.clkc[2]}]
USR-1002 : Derived clock:  create_generated_clock -name {u_PLL/ph1p_phy_pll_wrapper_25a56e5ce2f9_Inst/u_PH1P_PHY_PLL.clkc[3]} -source [get_ports {I_sys_clk}] -master_clock {sys_clk_50m} -multiply_by 6.0000 -duty_cycle 50.0000 [get_pins {u_PLL/ph1p_phy_pll_wrapper_25a56e5ce2f9_Inst/u_PH1P_PHY_PLL.clkc[3]}]
USR-1002 : Derived clock:  create_generated_clock -name {u_PLL/ph1p_phy_pll_wrapper_25a56e5ce2f9_Inst/u_PH1P_PHY_PLL.clkc[4]} -source [get_ports {I_sys_clk}] -master_clock {sys_clk_50m} -multiply_by 1.5000 -duty_cycle 50.0000 [get_pins {u_PLL/ph1p_phy_pll_wrapper_25a56e5ce2f9_Inst/u_PH1P_PHY_PLL.clkc[4]}]
USR-1002 : Derived clock:  create_generated_clock -name {u_PLL/ph1p_phy_pll_wrapper_25a56e5ce2f9_Inst/u_PH1P_PHY_PLL.clkc[5]} -source [get_ports {I_sys_clk}] -master_clock {sys_clk_50m} -multiply_by 7.5000 -duty_cycle 50.0000 [get_pins {u_PLL/ph1p_phy_pll_wrapper_25a56e5ce2f9_Inst/u_PH1P_PHY_PLL.clkc[5]}]
USR-1002 : Derived clock:  create_generated_clock -name {u_ph1p35_324_ddr_wrapper/u_ddr2/ph1p_ddrmc_wrapper/ph1p_ddrmc_top/u_ddr_phy/u_ddrphy_top/u_ddrphy_clk/u_pll0/u_pll_inst.clkc[0]} -source [get_ports {I_sys_clk}] -master_clock {sys_clk_50m} -multiply_by 1.3333 -duty_cycle 50.0000 [get_pins {u_ph1p35_324_ddr_wrapper/u_ddr2/ph1p_ddrmc_wrapper/ph1p_ddrmc_top/u_ddr_phy/u_ddrphy_top/u_ddrphy_clk/u_pll0/u_pll_inst.clkc[0]}]
USR-1002 : Derived clock:  create_generated_clock -name {u_ph1p35_324_ddr_wrapper/u_ddr2/ph1p_ddrmc_wrapper/ph1p_ddrmc_top/u_ddr_phy/u_ddrphy_top/u_ddrphy_clk/u_pll0/u_pll_inst.clkc[1]} -source [get_ports {I_sys_clk}] -master_clock {sys_clk_50m} -multiply_by 1.3333 -duty_cycle 50.0000 [get_pins {u_ph1p35_324_ddr_wrapper/u_ddr2/ph1p_ddrmc_wrapper/ph1p_ddrmc_top/u_ddr_phy/u_ddrphy_top/u_ddrphy_clk/u_pll0/u_pll_inst.clkc[1]}]
USR-1002 : Derived clock:  create_generated_clock -name {u_ph1p35_324_ddr_wrapper/u_ddr2/ph1p_ddrmc_wrapper/ph1p_ddrmc_top/u_ddr_phy/u_ddrphy_top/u_ddrphy_clk/u_pll0/u_pll_inst.clkc[2]} -source [get_ports {I_sys_clk}] -master_clock {sys_clk_50m} -multiply_by 5.3333 -duty_cycle 50.0000 [get_pins {u_ph1p35_324_ddr_wrapper/u_ddr2/ph1p_ddrmc_wrapper/ph1p_ddrmc_top/u_ddr_phy/u_ddrphy_top/u_ddrphy_clk/u_pll0/u_pll_inst.clkc[2]}]
USR-1002 : Derived clock:  create_generated_clock -name {u_ph1p35_324_ddr_wrapper/u_ddr2/ph1p_ddrmc_wrapper/ph1p_ddrmc_top/u_ddr_phy/u_ddrphy_top/u_ddrphy_clk/u_pll0/u_pll_inst.clkc[3]} -source [get_ports {I_sys_clk}] -master_clock {sys_clk_50m} -divide_by 1.9687 -duty_cycle 50.0000 [get_pins {u_ph1p35_324_ddr_wrapper/u_ddr2/ph1p_ddrmc_wrapper/ph1p_ddrmc_top/u_ddr_phy/u_ddrphy_top/u_ddrphy_clk/u_pll0/u_pll_inst.clkc[3]}]
USR-1002 : Derived clock:  create_generated_clock -name {u_ph1p35_324_ddr_wrapper/u_ddr2/ph1p_ddrmc_wrapper/ph1p_ddrmc_top/u_ddr_phy/u_ddrphy_top/u_ddrphy_clk/u_pll1/u_pll_inst.clkc[0]} -source [get_pins {u_ph1p35_324_ddr_wrapper/u_ddr2/ph1p_ddrmc_wrapper/ph1p_ddrmc_top/u_ddr_phy/u_ddrphy_top/u_ddrphy_clk/u_pll0/u_pll_inst.clkc[0]}] -master_clock {u_ph1p35_324_ddr_wrapper/u_ddr2/ph1p_ddrmc_wrapper/ph1p_ddrmc_top/u_ddr_phy/u_ddrphy_top/u_ddrphy_clk/u_pll0/u_pll_inst.clkc[0]} -multiply_by 1.0000 -duty_cycle 50.0000 [get_pins {u_ph1p35_324_ddr_wrapper/u_ddr2/ph1p_ddrmc_wrapper/ph1p_ddrmc_top/u_ddr_phy/u_ddrphy_top/u_ddrphy_clk/u_pll1/u_pll_inst.clkc[0]}]
8.888000
15.000000
15.000000
13.333000
RUN-1003 : finish command "start_timer" in  2.239095s wall, 2.078125s user + 0.140625s system = 2.218750s CPU (99.1%)

RUN-1004 : used memory is 725 MB, reserved memory is 705 MB, peak memory is 725 MB
TMR-2502 : Net delay update with mode: Synthesized
RUN-1003 : finish command "update_timing" in  3.518747s wall, 3.296875s user + 0.187500s system = 3.484375s CPU (99.0%)

RUN-1004 : used memory is 815 MB, reserved memory is 794 MB, peak memory is 815 MB
KIT-5603 WARNING: Net S_mcu_gpio0_out is invalid in chipwatcher, ignored.
KIT-5603 WARNING: Net S_mcu_gpio1_out is invalid in chipwatcher, ignored.
KIT-5603 WARNING: Net S_mcu_gpio3_out is invalid in chipwatcher, ignored.
KIT-5603 WARNING: Net S_mcu_gpio4_out is invalid in chipwatcher, ignored.
KIT-1004 : chipwatcher: sanity check successfully
KIT-1004 : Chipwatcher code = 0011110000000000
KIT-1004 : import watcher inst auto_created_cwc1 completed, there are 2 view node(s), 2 trigger net(s), 2 data net(s).
RUN-1003 : finish command "config_chipwatcher ../../chip_debugger/user.cfg" in  3.523468s wall, 3.296875s user + 0.187500s system = 3.484375s CPU (98.9%)

RUN-1004 : used memory is 815 MB, reserved memory is 795 MB, peak memory is 815 MB
RUN-1002 : start command "compile_watcher"
KIT-1004 : Ooc flow for module top_debug_hub is running...
RUN-1002 : start command "import_db -mode ooc cw/debug_hub/top_debug_hub_ooc.db"
USR-1600 : Load OOC design OOC Model: top_debug_hub .
RUN-1001 : Import OOC design success TD_VERSION=6.2.168116 , DB_VERSION=46207
KIT-1004 : Ooc flow for module auto_created_cwc1 is running...
RUN-1002 : start command "import_db -mode ooc cw/auto_created_cwc1/auto_created_cwc1_ooc.db"
USR-1600 : Load OOC design OOC Model: auto_created_cwc1 .
RUN-1001 : Import OOC design success TD_VERSION=6.2.168116 , DB_VERSION=46207
RUN-1003 : finish command "compile_watcher" in  8.391073s wall, 0.265625s user + 0.031250s system = 0.296875s CPU (3.5%)

RUN-1004 : used memory is 829 MB, reserved memory is 834 MB, peak memory is 829 MB
RUN-1002 : start command "pack -eco"
SYN-4002 : Packing 0 DFF/LATCH to SEQ ...
RUN-1002 : start command "legalize_phy_inst"
SYN-1001 : Stage 1 | Legalize Phy Inst
SYN-1011 : Flatten model design_top_wrapper
SYN-1001 : ADC: Instance "u_ph1p35_324_ddr_wrapper/u_ddr2/ph1p_ddrmc_wrapper/ph1p_ddrmc_top/u_ddr_phy/u_ddrphy_top/u_ddrphy/ac_byte[0]$ac_byte_used$u_ddrphy_ac_byte_wrapper/u_ddrphy_byte" LOCATION="X0Y70Z0"
SYN-1001 : ADC: Instance "u_ph1p35_324_ddr_wrapper/u_ddr2/ph1p_ddrmc_wrapper/ph1p_ddrmc_top/u_ddr_phy/u_ddrphy_top/u_ddrphy/ac_byte[1]$ac_byte_used$u_ddrphy_ac_byte_wrapper/u_ddrphy_byte" LOCATION="X0Y60Z0"
SYN-1001 : ADC: Instance "u_ph1p35_324_ddr_wrapper/u_ddr2/ph1p_ddrmc_wrapper/ph1p_ddrmc_top/u_ddr_phy/u_ddrphy_top/u_ddrphy/ac_byte[2]$ac_byte_used$u_ddrphy_ac_byte_wrapper/u_ddrphy_byte" LOCATION="X0Y50Z0"
SYN-1001 : ADC: Instance "u_ph1p35_324_ddr_wrapper/u_ddr2/ph1p_ddrmc_wrapper/ph1p_ddrmc_top/u_ddr_phy/u_ddrphy_top/u_ddrphy/ac_byte[3]$ac_byte_used$u_ddrphy_ac_byte_wrapper/u_ddrphy_byte" LOCATION="X0Y40Z0"
SYN-1001 : ADC: Instance "u_ph1p35_324_ddr_wrapper/u_ddr2/ph1p_ddrmc_wrapper/ph1p_ddrmc_top/u_ddr_phy/u_ddrphy_top/u_ddrphy/bkref[0]$u_ddrphy_bankref" LOCATION="X0Y19Z0"
SYN-1001 : ADC: Instance "u_ph1p35_324_ddr_wrapper/u_ddr2/ph1p_ddrmc_wrapper/ph1p_ddrmc_top/u_ddr_phy/u_ddrphy_top/u_ddrphy/bkref[1]$u_ddrphy_bankref" LOCATION="X0Y59Z0"
SYN-1001 : ADC: Instance "u_ph1p35_324_ddr_wrapper/u_ddr2/ph1p_ddrmc_wrapper/ph1p_ddrmc_top/u_ddr_phy/u_ddrphy_top/u_ddrphy/dx_byte[0]$dx_byte_used$u_ddrphy_dx_byte_wrapper/u_ddrphy_byte" LOCATION="X0Y30Z0"
SYN-1001 : ADC: Instance "u_ph1p35_324_ddr_wrapper/u_ddr2/ph1p_ddrmc_wrapper/ph1p_ddrmc_top/u_ddr_phy/u_ddrphy_top/u_ddrphy/dx_byte[1]$dx_byte_used$u_ddrphy_dx_byte_wrapper/u_ddrphy_byte" LOCATION="X0Y10Z0"
SYN-1001 : ADC: Instance "u_ph1p35_324_ddr_wrapper/u_ddr2/ph1p_ddrmc_wrapper/ph1p_ddrmc_top/u_ddr_phy/u_ddrphy_top/u_ddrphy_clk/ioclk[0]$u_ioclk_0" LOCATION="X0Y59Z0"
SYN-1001 : ADC: Instance "u_ph1p35_324_ddr_wrapper/u_ddr2/ph1p_ddrmc_wrapper/ph1p_ddrmc_top/u_ddr_phy/u_ddrphy_top/u_ddrphy_clk/ioclk[0]$u_ioclk_1" LOCATION="X0Y59Z1"
SYN-1001 : ADC: Instance "u_ph1p35_324_ddr_wrapper/u_ddr2/ph1p_ddrmc_wrapper/ph1p_ddrmc_top/u_ddr_phy/u_ddrphy_top/u_ddrphy_clk/ioclk[1]$u_ioclk_0" LOCATION="X0Y19Z0"
SYN-1001 : ADC: Instance "u_ph1p35_324_ddr_wrapper/u_ddr2/ph1p_ddrmc_wrapper/ph1p_ddrmc_top/u_ddr_phy/u_ddrphy_top/u_ddrphy_clk/ioclk[1]$u_ioclk_1" LOCATION="X0Y19Z1"
SYN-1001 : ADC: Instance "u_ph1p35_324_ddr_wrapper/u_ddr2/ph1p_ddrmc_wrapper/ph1p_ddrmc_top/u_ddr_phy/u_ddrphy_top/u_ddrphy_clk/u_mlclk_1" LOCATION="X0Y59Z0"
SYN-1001 : ADC: Instance "u_ph1p35_324_ddr_wrapper/u_ddr2/ph1p_ddrmc_wrapper/ph1p_ddrmc_top/u_ddr_phy/u_ddrphy_top/u_ddrphy_clk/u_mlclk_2" LOCATION="X0Y59Z1"
SYN-1001 : ADC: Instance "u_ph1p35_324_ddr_wrapper/u_ddr2/ph1p_ddrmc_wrapper/ph1p_ddrmc_top/u_ddr_phy/u_ddrphy_top/u_ddrphy_clk/u_pll0/u_pll_inst" LOCATION="X0Y40Z0"
SYN-1001 : ADC: Instance "u_ph1p35_324_ddr_wrapper/u_ddr2/ph1p_ddrmc_wrapper/ph1p_ddrmc_top/u_ddr_phy/u_ddrphy_top/u_ddrphy_clk/u_pll1/u_pll_inst" LOCATION="X0Y79Z0"
SYN-1001 : End Stage 1 | Legalize Phy Inst; Time: 0.142713s wall, 0.125000s user + 0.000000s system = 0.125000s CPU (87.6%); Memory(MB): used = 830, reserved = 834, peak = 830;

RUN-1003 : finish command "insert_debugger ../../chip_debugger" in  12.072361s wall, 3.703125s user + 0.234375s system = 3.937500s CPU (32.6%)

RUN-1004 : used memory is 830 MB, reserved memory is 834 MB, peak memory is 830 MB
RUN-1002 : start command "place"
RUN-1001 : Open license file F:/AnlogicFpga/TD_6.2.1_Engineer_6.2.168.116/license/Anlogic.lic
PHY-3001 : Placer runs in 32 thread(s).
PHY-1001 : Stage 1 | Initialize Design
PHY-1001 : Stage 1.1 | Build Design
PHY-1001 : 11014 luts, 15272 seqs, 408 mslices, 3497 lslices, 53 pads, 50 brams, 8 dsps
RUN-1002 : start command "legalize_phy_inst"
SYN-1011 : Flatten model design_top_wrapper
SYN-1001 : ADC: Instance "u_ph1p35_324_ddr_wrapper/u_ddr2/ph1p_ddrmc_wrapper/ph1p_ddrmc_top/u_ddr_phy/u_ddrphy_top/u_ddrphy/ac_byte[0]$ac_byte_used$u_ddrphy_ac_byte_wrapper/u_ddrphy_byte" LOCATION="X0Y70Z0"
SYN-1001 : ADC: Instance "u_ph1p35_324_ddr_wrapper/u_ddr2/ph1p_ddrmc_wrapper/ph1p_ddrmc_top/u_ddr_phy/u_ddrphy_top/u_ddrphy/ac_byte[1]$ac_byte_used$u_ddrphy_ac_byte_wrapper/u_ddrphy_byte" LOCATION="X0Y60Z0"
SYN-1001 : ADC: Instance "u_ph1p35_324_ddr_wrapper/u_ddr2/ph1p_ddrmc_wrapper/ph1p_ddrmc_top/u_ddr_phy/u_ddrphy_top/u_ddrphy/ac_byte[2]$ac_byte_used$u_ddrphy_ac_byte_wrapper/u_ddrphy_byte" LOCATION="X0Y50Z0"
SYN-1001 : ADC: Instance "u_ph1p35_324_ddr_wrapper/u_ddr2/ph1p_ddrmc_wrapper/ph1p_ddrmc_top/u_ddr_phy/u_ddrphy_top/u_ddrphy/ac_byte[3]$ac_byte_used$u_ddrphy_ac_byte_wrapper/u_ddrphy_byte" LOCATION="X0Y40Z0"
SYN-1001 : ADC: Instance "u_ph1p35_324_ddr_wrapper/u_ddr2/ph1p_ddrmc_wrapper/ph1p_ddrmc_top/u_ddr_phy/u_ddrphy_top/u_ddrphy/bkref[0]$u_ddrphy_bankref" LOCATION="X0Y19Z0"
SYN-1001 : ADC: Instance "u_ph1p35_324_ddr_wrapper/u_ddr2/ph1p_ddrmc_wrapper/ph1p_ddrmc_top/u_ddr_phy/u_ddrphy_top/u_ddrphy/bkref[1]$u_ddrphy_bankref" LOCATION="X0Y59Z0"
SYN-1001 : ADC: Instance "u_ph1p35_324_ddr_wrapper/u_ddr2/ph1p_ddrmc_wrapper/ph1p_ddrmc_top/u_ddr_phy/u_ddrphy_top/u_ddrphy/dx_byte[0]$dx_byte_used$u_ddrphy_dx_byte_wrapper/u_ddrphy_byte" LOCATION="X0Y30Z0"
SYN-1001 : ADC: Instance "u_ph1p35_324_ddr_wrapper/u_ddr2/ph1p_ddrmc_wrapper/ph1p_ddrmc_top/u_ddr_phy/u_ddrphy_top/u_ddrphy/dx_byte[1]$dx_byte_used$u_ddrphy_dx_byte_wrapper/u_ddrphy_byte" LOCATION="X0Y10Z0"
SYN-1001 : ADC: Instance "u_ph1p35_324_ddr_wrapper/u_ddr2/ph1p_ddrmc_wrapper/ph1p_ddrmc_top/u_ddr_phy/u_ddrphy_top/u_ddrphy_clk/ioclk[0]$u_ioclk_0" LOCATION="X0Y59Z0"
SYN-1001 : ADC: Instance "u_ph1p35_324_ddr_wrapper/u_ddr2/ph1p_ddrmc_wrapper/ph1p_ddrmc_top/u_ddr_phy/u_ddrphy_top/u_ddrphy_clk/ioclk[0]$u_ioclk_1" LOCATION="X0Y59Z1"
SYN-1001 : ADC: Instance "u_ph1p35_324_ddr_wrapper/u_ddr2/ph1p_ddrmc_wrapper/ph1p_ddrmc_top/u_ddr_phy/u_ddrphy_top/u_ddrphy_clk/ioclk[1]$u_ioclk_0" LOCATION="X0Y19Z0"
SYN-1001 : ADC: Instance "u_ph1p35_324_ddr_wrapper/u_ddr2/ph1p_ddrmc_wrapper/ph1p_ddrmc_top/u_ddr_phy/u_ddrphy_top/u_ddrphy_clk/ioclk[1]$u_ioclk_1" LOCATION="X0Y19Z1"
SYN-1001 : ADC: Instance "u_ph1p35_324_ddr_wrapper/u_ddr2/ph1p_ddrmc_wrapper/ph1p_ddrmc_top/u_ddr_phy/u_ddrphy_top/u_ddrphy_clk/u_mlclk_1" LOCATION="X0Y59Z0"
SYN-1001 : ADC: Instance "u_ph1p35_324_ddr_wrapper/u_ddr2/ph1p_ddrmc_wrapper/ph1p_ddrmc_top/u_ddr_phy/u_ddrphy_top/u_ddrphy_clk/u_mlclk_2" LOCATION="X0Y59Z1"
SYN-1001 : ADC: Instance "u_ph1p35_324_ddr_wrapper/u_ddr2/ph1p_ddrmc_wrapper/ph1p_ddrmc_top/u_ddr_phy/u_ddrphy_top/u_ddrphy_clk/u_pll0/u_pll_inst" LOCATION="X0Y40Z0"
SYN-1001 : ADC: Instance "u_ph1p35_324_ddr_wrapper/u_ddr2/ph1p_ddrmc_wrapper/ph1p_ddrmc_top/u_ddr_phy/u_ddrphy_top/u_ddrphy_clk/u_pll1/u_pll_inst" LOCATION="X0Y79Z0"
PHY-1001 : Remove keep and sweep redundant instances ...
PHY-1001 : 10703 luts, 14906 seqs, 408 mslices, 3466 lslices, 53 pads, 50 brams, 8 dsps
PHY-1001 : End Stage 1.1 | Build Design; Time: 0.505121s wall, 0.515625s user + 0.000000s system = 0.515625s CPU (102.1%); Memory(MB): used = 830, reserved = 834, peak = 830;

PHY-1001 : Stage 1.2 | Optimize Design
OPT-1001 : Stage 1.2.1 | Simplify Lut
OPT-1001 : End Stage 1.2.1 | Simplify Lut; Time: 0.072106s wall, 0.078125s user + 0.000000s system = 0.078125s CPU (108.3%); Memory(MB): used = 832, reserved = 834, peak = 832;

OPT-1001 : Stage 1.2.2 | Sweep
OPT-1001 : End Stage 1.2.2 | Sweep; Time: 0.025470s wall, 0.015625s user + 0.000000s system = 0.015625s CPU (61.3%); Memory(MB): used = 832, reserved = 834, peak = 832;

OPT-1001 : Stage 1.2.3 | Merge Lut
OPT-1001 : Start remap optimization ...
RUN-1001 :   Added 0 lut1 for undup drivers
OPT-1001 : skip lut merge since lut number 10700 is similar to or less than reg number 14906
OPT-1001 : End Stage 1.2.3 | Merge Lut; Time: 0.042144s wall, 0.031250s user + 0.000000s system = 0.031250s CPU (74.2%); Memory(MB): used = 832, reserved = 834, peak = 832;

OPT-1001 : Stage 1.2.4 | Synthesize High-fanout Net
OPT-1001 : Start high-fanout net optimization in pre-place flow with medium effort ...
RUN-1001 : HFN opt statistic
RUN-1001 : ------------------------------------------------------
RUN-1001 :   DriverCell type  |  HFN count  |  Duplicated count  
RUN-1001 : ------------------------------------------------------
RUN-1001 :       LSLICE       |      0      |         0          
RUN-1001 :       MSLICE       |      0      |         0          
RUN-1001 :        TOTAL       |      0      |         0          
RUN-1001 : ------------------------------------------------------
OPT-1001 : End high-fanout net optimization;  0.001765s wall, 0.015625s user + 0.000000s system = 0.015625s CPU (885.2%)

OPT-1001 : Current memory(MB): used = 832, reserved = 834, peak = 832.
OPT-1001 : End Stage 1.2.4 | Synthesize High-fanout Net; Time: 0.003949s wall, 0.015625s user + 0.000000s system = 0.015625s CPU (395.7%); Memory(MB): used = 832, reserved = 834, peak = 832;

OPT-1001 : End physical optimization;  0.146215s wall, 0.156250s user + 0.000000s system = 0.156250s CPU (106.9%)

PHY-1001 : End Stage 1.2 | Optimize Design; Time: 0.153715s wall, 0.156250s user + 0.000000s system = 0.156250s CPU (101.6%); Memory(MB): used = 832, reserved = 834, peak = 832;

PHY-1001 : Stage 1.3 | Initialize Clock
PHY-1001 : Start to synthesize physical clock networks.
RUN-1002 : start command "start_timer"
RUN-1003 : finish command "start_timer" in  1.639135s wall, 1.546875s user + 0.046875s system = 1.593750s CPU (97.2%)

RUN-1004 : used memory is 863 MB, reserved memory is 843 MB, peak memory is 863 MB
PHY-5060 CRITICAL-WARNING: Clock net candidate u_uicfgcs500/uii2c_inst/scl_clk has mixed fanouts of 1 clock pins; 2 data/ctrl pins. Please check connection of the net in design.
PHY-5060 CRITICAL-WARNING: Clock net candidate O_cam_24m_syn_3 has mixed fanouts of 150 clock pins; 1 data/ctrl pins. Please check connection of the net in design.
PHY-1001 : Populate physical database on model design_top_wrapper.
RUN-1001 : There are total 29709 instances
RUN-0007 : 10700 luts, 14906 seqs, 408 mslices, 3466 lslices, 53 pads, 50 brams, 8 dsps
RUN-1001 : There are total 40513 nets
RUN-1001 : 27663 nets have 2 pins
RUN-1001 : 10207 nets have [3 - 5] pins
RUN-1001 : 1841 nets have [6 - 10] pins
RUN-1001 : 445 nets have [11 - 20] pins
RUN-1001 : 309 nets have [21 - 99] pins
RUN-1001 : 48 nets have 100+ pins
PHY-1001 : Start to check user instance location assignments; please refer to ADC constraint.
PHY-1001 : End Stage 1.3 | Initialize Clock; Time: 3.213109s wall, 3.046875s user + 0.062500s system = 3.109375s CPU (96.8%); Memory(MB): used = 872, reserved = 852, peak = 872;

PHY-1001 : End Stage 1 | Initialize Design; Time: 3.927373s wall, 3.765625s user + 0.062500s system = 3.828125s CPU (97.5%); Memory(MB): used = 872, reserved = 852, peak = 872;

PHY-1001 : Stage 2 | Global Placement
RUN-1001 : Report Control nets information:
RUN-1001 : DFF Distribution
RUN-1001 : -------------------------------------
RUN-1001 :   CE   |  SSR  |  ASR  |  DFF Count  
RUN-1001 : -------------------------------------
RUN-1001 :   No   |  No   |  No   |    6792     
RUN-1001 :   No   |  No   |  Yes  |    4086     
RUN-1001 :   No   |  Yes  |  No   |     218     
RUN-1001 :   Yes  |  No   |  No   |     376     
RUN-1001 :   Yes  |  No   |  Yes  |    3512     
RUN-1001 :   Yes  |  Yes  |  No   |     146     
RUN-1001 : -------------------------------------
RUN-1001 : Control Group Statistic
RUN-1001 : -----------------------------
RUN-1001 :   #CLK  |  #CE  |  #SSR/ASR  
RUN-1001 : -----------------------------
RUN-1001 :    12   |  156  |     31     
RUN-1001 : -----------------------------
RUN-0007 : Control Set = 201
PHY-1001 : Stage 2.1 | Place Fixed Instances
PHY-1001 : Processing 2 clock pins of DDR instance u_ph1p35_324_ddr_wrapper/u_ddr2/ph1p_ddrmc_wrapper/ph1p_ddrmc_top/u_ddr_phy/u_ddrphy_top/u_ddrphy/ac_byte[0]$ac_byte_used$u_ddrphy_ac_byte_wrapper/u_ddrphy_byte, location = x0y70z0.
PHY-1001 :   User location X0Y59Z1 of ioclk instance u_ph1p35_324_ddr_wrapper/u_ddr2/ph1p_ddrmc_wrapper/ph1p_ddrmc_top/u_ddr_phy/u_ddrphy_top/u_ddrphy_clk/ioclk[0]$u_ioclk_1.
PHY-1001 :   Placement of ioclk instance u_ph1p35_324_ddr_wrapper/u_ddr2/ph1p_ddrmc_wrapper/ph1p_ddrmc_top/u_ddr_phy/u_ddrphy_top/u_ddrphy_clk/ioclk[0]$u_ioclk_1; location = x0y59z1.
PHY-1001 :   User location X0Y59Z0 of ioclk instance u_ph1p35_324_ddr_wrapper/u_ddr2/ph1p_ddrmc_wrapper/ph1p_ddrmc_top/u_ddr_phy/u_ddrphy_top/u_ddrphy_clk/ioclk[0]$u_ioclk_0.
PHY-1001 :   Placement of ioclk instance u_ph1p35_324_ddr_wrapper/u_ddr2/ph1p_ddrmc_wrapper/ph1p_ddrmc_top/u_ddr_phy/u_ddrphy_top/u_ddrphy_clk/ioclk[0]$u_ioclk_0; location = x0y59z0.
PHY-1001 : Processing 2 clock pins of DDR instance u_ph1p35_324_ddr_wrapper/u_ddr2/ph1p_ddrmc_wrapper/ph1p_ddrmc_top/u_ddr_phy/u_ddrphy_top/u_ddrphy/ac_byte[1]$ac_byte_used$u_ddrphy_ac_byte_wrapper/u_ddrphy_byte, location = x0y60z0.
PHY-1001 :   Placed ioclk instance u_ph1p35_324_ddr_wrapper/u_ddr2/ph1p_ddrmc_wrapper/ph1p_ddrmc_top/u_ddr_phy/u_ddrphy_top/u_ddrphy_clk/ioclk[0]$u_ioclk_1, location = x0y59z1.
PHY-1001 :   Placed ioclk instance u_ph1p35_324_ddr_wrapper/u_ddr2/ph1p_ddrmc_wrapper/ph1p_ddrmc_top/u_ddr_phy/u_ddrphy_top/u_ddrphy_clk/ioclk[0]$u_ioclk_0, location = x0y59z0.
PHY-1001 : Processing 2 clock pins of DDR instance u_ph1p35_324_ddr_wrapper/u_ddr2/ph1p_ddrmc_wrapper/ph1p_ddrmc_top/u_ddr_phy/u_ddrphy_top/u_ddrphy/ac_byte[2]$ac_byte_used$u_ddrphy_ac_byte_wrapper/u_ddrphy_byte, location = x0y50z0.
PHY-1001 :   Placed ioclk instance u_ph1p35_324_ddr_wrapper/u_ddr2/ph1p_ddrmc_wrapper/ph1p_ddrmc_top/u_ddr_phy/u_ddrphy_top/u_ddrphy_clk/ioclk[0]$u_ioclk_1, location = x0y59z1.
PHY-1001 :   Placed ioclk instance u_ph1p35_324_ddr_wrapper/u_ddr2/ph1p_ddrmc_wrapper/ph1p_ddrmc_top/u_ddr_phy/u_ddrphy_top/u_ddrphy_clk/ioclk[0]$u_ioclk_0, location = x0y59z0.
PHY-1001 : Processing 2 clock pins of DDR instance u_ph1p35_324_ddr_wrapper/u_ddr2/ph1p_ddrmc_wrapper/ph1p_ddrmc_top/u_ddr_phy/u_ddrphy_top/u_ddrphy/ac_byte[3]$ac_byte_used$u_ddrphy_ac_byte_wrapper/u_ddrphy_byte, location = x0y40z0.
PHY-1001 :   Placed ioclk instance u_ph1p35_324_ddr_wrapper/u_ddr2/ph1p_ddrmc_wrapper/ph1p_ddrmc_top/u_ddr_phy/u_ddrphy_top/u_ddrphy_clk/ioclk[0]$u_ioclk_1, location = x0y59z1.
PHY-1001 :   Placed ioclk instance u_ph1p35_324_ddr_wrapper/u_ddr2/ph1p_ddrmc_wrapper/ph1p_ddrmc_top/u_ddr_phy/u_ddrphy_top/u_ddrphy_clk/ioclk[0]$u_ioclk_0, location = x0y59z0.
PHY-1001 : Processing 2 clock pins of DDR instance u_ph1p35_324_ddr_wrapper/u_ddr2/ph1p_ddrmc_wrapper/ph1p_ddrmc_top/u_ddr_phy/u_ddrphy_top/u_ddrphy/dx_byte[0]$dx_byte_used$u_ddrphy_dx_byte_wrapper/u_ddrphy_byte, location = x0y30z0.
PHY-1001 :   User location X0Y19Z1 of ioclk instance u_ph1p35_324_ddr_wrapper/u_ddr2/ph1p_ddrmc_wrapper/ph1p_ddrmc_top/u_ddr_phy/u_ddrphy_top/u_ddrphy_clk/ioclk[1]$u_ioclk_1.
PHY-1001 :   Placement of ioclk instance u_ph1p35_324_ddr_wrapper/u_ddr2/ph1p_ddrmc_wrapper/ph1p_ddrmc_top/u_ddr_phy/u_ddrphy_top/u_ddrphy_clk/ioclk[1]$u_ioclk_1; location = x0y19z1.
PHY-1001 :   User location X0Y19Z0 of ioclk instance u_ph1p35_324_ddr_wrapper/u_ddr2/ph1p_ddrmc_wrapper/ph1p_ddrmc_top/u_ddr_phy/u_ddrphy_top/u_ddrphy_clk/ioclk[1]$u_ioclk_0.
PHY-1001 :   Placement of ioclk instance u_ph1p35_324_ddr_wrapper/u_ddr2/ph1p_ddrmc_wrapper/ph1p_ddrmc_top/u_ddr_phy/u_ddrphy_top/u_ddrphy_clk/ioclk[1]$u_ioclk_0; location = x0y19z0.
PHY-1001 : Processing 2 clock pins of DDR instance u_ph1p35_324_ddr_wrapper/u_ddr2/ph1p_ddrmc_wrapper/ph1p_ddrmc_top/u_ddr_phy/u_ddrphy_top/u_ddrphy/dx_byte[1]$dx_byte_used$u_ddrphy_dx_byte_wrapper/u_ddrphy_byte, location = x0y10z0.
PHY-1001 :   Placed ioclk instance u_ph1p35_324_ddr_wrapper/u_ddr2/ph1p_ddrmc_wrapper/ph1p_ddrmc_top/u_ddr_phy/u_ddrphy_top/u_ddrphy_clk/ioclk[1]$u_ioclk_1, location = x0y19z1.
PHY-1001 :   Placed ioclk instance u_ph1p35_324_ddr_wrapper/u_ddr2/ph1p_ddrmc_wrapper/ph1p_ddrmc_top/u_ddr_phy/u_ddrphy_top/u_ddrphy_clk/ioclk[1]$u_ioclk_0, location = x0y19z0.
PHY-1001 : DDR MLCLK topology u_ph1p35_324_ddr_wrapper/u_ddr2/ph1p_ddrmc_wrapper/ph1p_ddrmc_top/u_ddr_phy/u_ddrphy_top/u_ddrphy_clk/u_mlclk_1.
PHY-1001 :   Driver: PH1P_PHY_PLL_V2 u_ph1p35_324_ddr_wrapper/u_ddr2/ph1p_ddrmc_wrapper/ph1p_ddrmc_top/u_ddr_phy/u_ddrphy_top/u_ddrphy_clk/u_pll0/u_pll_inst.clkc[1], user location :X0Y40Z0.
PHY-1001 :   Sink: PH1P_PHY_IOCLK u_ph1p35_324_ddr_wrapper/u_ddr2/ph1p_ddrmc_wrapper/ph1p_ddrmc_top/u_ddr_phy/u_ddrphy_top/u_ddrphy_clk/ioclk[0]$u_ioclk_0, location = x0y59z0, sectorID = 1.
PHY-1001 :   Sink: PH1P_PHY_IOCLK u_ph1p35_324_ddr_wrapper/u_ddr2/ph1p_ddrmc_wrapper/ph1p_ddrmc_top/u_ddr_phy/u_ddrphy_top/u_ddrphy_clk/ioclk[1]$u_ioclk_0, location = x0y19z0, sectorID = 0.
PHY-1001 : Placement of MLCLK instance u_ph1p35_324_ddr_wrapper/u_ddr2/ph1p_ddrmc_wrapper/ph1p_ddrmc_top/u_ddr_phy/u_ddrphy_top/u_ddrphy_clk/u_mlclk_1; location = x0y59z0,  sectorID = 1.
PHY-1001 : DDR MLCLK topology u_ph1p35_324_ddr_wrapper/u_ddr2/ph1p_ddrmc_wrapper/ph1p_ddrmc_top/u_ddr_phy/u_ddrphy_top/u_ddrphy_clk/u_mlclk_2.
PHY-1001 :   Driver: PH1P_PHY_PLL_V2 u_ph1p35_324_ddr_wrapper/u_ddr2/ph1p_ddrmc_wrapper/ph1p_ddrmc_top/u_ddr_phy/u_ddrphy_top/u_ddrphy_clk/u_pll0/u_pll_inst.clkc[2], user location :X0Y40Z0.
PHY-1001 :   Sink: PH1P_PHY_IOCLK u_ph1p35_324_ddr_wrapper/u_ddr2/ph1p_ddrmc_wrapper/ph1p_ddrmc_top/u_ddr_phy/u_ddrphy_top/u_ddrphy_clk/ioclk[0]$u_ioclk_1, location = x0y59z1, sectorID = 1.
PHY-1001 :   Sink: PH1P_PHY_IOCLK u_ph1p35_324_ddr_wrapper/u_ddr2/ph1p_ddrmc_wrapper/ph1p_ddrmc_top/u_ddr_phy/u_ddrphy_top/u_ddrphy_clk/ioclk[1]$u_ioclk_1, location = x0y19z1, sectorID = 0.
PHY-1001 : Placement of MLCLK instance u_ph1p35_324_ddr_wrapper/u_ddr2/ph1p_ddrmc_wrapper/ph1p_ddrmc_top/u_ddr_phy/u_ddrphy_top/u_ddrphy_clk/u_mlclk_2; location = x0y59z1,  sectorID = 1.
PHY-5016 WARNING: PLL clkc is driving an IO without location.
PHY-5016 WARNING: PLL clkc is not driving a clock-capable IO.
PHY-5016 WARNING: PLL clkc is driving an IO without location.
PHY-5016 WARNING: PLL clkc is driving an IO without location.
PHY-5016 WARNING: PLL clkc is driving an IO without location.
PHY-5016 WARNING: PLL clkc is not driving a clock-capable IO.
PHY-1001 : End Stage 2.1 | Place Fixed Instances; Time: 0.101642s wall, 0.093750s user + 0.000000s system = 0.093750s CPU (92.2%); Memory(MB): used = 899, reserved = 878, peak = 899;

PHY-1001 : Stage 2.2 | Pre-Place DRC Check
PHY-1001 : Stage 2.2.1 | Force Route Constraint Check
PHY-1001 : Check Pass.
PHY-1001 : End Stage 2.2.1 | Force Route Constraint Check; Time: 0.004083s wall, 0.000000s user + 0.000000s system = 0.000000s CPU (n/a%); Memory(MB): used = 899, reserved = 878, peak = 899;

PHY-1001 : End Stage 2.2 | Pre-Place DRC Check; Time: 0.004880s wall, 0.000000s user + 0.000000s system = 0.000000s CPU (n/a%); Memory(MB): used = 899, reserved = 878, peak = 899;

PHY-1001 : Clock GCLK Statistics:
RUN-1001 : GCLK Index: 
RUN-1001 : -------------------------------------------------------------------------------------------------------------------------------------------------------
RUN-1001 :   Index  |                                                          Clock GCLK                                                           |  Location   
RUN-1001 : -------------------------------------------------------------------------------------------------------------------------------------------------------
RUN-1001 :     1    |                           u_mipi_dphy_rx_ph1p_mipiio_wrapper/u_ph1p_mipiio_rx_wrapper/bufg_feedback                           |  x23y39z1   
RUN-1001 :     2    |   u_ph1p35_324_ddr_wrapper/u_ddr2/ph1p_ddrmc_wrapper/ph1p_ddrmc_top/u_ddr_phy/u_ddrphy_top/u_ddrphy_clk/u_pll1/u_bufg_fbclk   |  x23y39z16  
RUN-1001 :     3    |                                               S_hdmi_pixel_clk_created_gclkinst                                               |  x23y39z17  
RUN-1001 :     4    |                                          u_lens_i2c_ctrl/u_bus/clk_created_gclkinst                                           |  x23y39z18  
RUN-1001 :     5    |                                     u_mcu/MCU_521bd43d073e_Inst/core_clk_created_gclkinst                                     |  x23y39z19  
RUN-1001 :     6    |                                                   cwc_jtck_created_gclkinst                                                   |  x23y39z0   
RUN-1001 :     7    |                                               O_cam_24m_dup_1_created_gclkinst                                                |  x23y39z20  
RUN-1001 :     8    |                                               I_sys_clk_dup_6_created_gclkinst                                                |  x23y39z24  
RUN-1001 :     9    |                          u_hdmi_tx/u_hdmi2phy_wrapper/u0_lane_lvds_8_1/I_serial_clk_created_gclkinst                          |  x23y39z21  
RUN-1001 :    10    |  u_ph1p35_324_ddr_wrapper/u_ddr2/ph1p_ddrmc_wrapper/ph1p_ddrmc_top/u_ddr_phy/u_ddrphy_top/u_ddrphy/apb_pclk_created_gclkinst  |  x23y39z22  
RUN-1001 :    11    |                                       u_uicfgcs500/uii2c_inst/scl_clk_created_gclkinst                                        |  x23y39z2   
RUN-1001 :    12    |                                                      u_PLL/bufg_feedback                                                      |  x23y39z23  
RUN-1001 :    13    |                                                S_mcu_ahb_clk_created_gclkinst                                                 |  x23y39z3   
RUN-1001 : -------------------------------------------------------------------------------------------------------------------------------------------------------
RUN-1001 : Clock Nets Connect To GCLK Statistics: 
RUN-1001 : -----------------------------------------------------------------------------------------------------------------------------------------------------------------------------------------
RUN-1001 :   Index  |                        Leading Net                        |  CLK/DATA/IO/PLL Sink(s)  |                       Following Net                       |  CLK/DATA/IO/PLL Sink(s)  
RUN-1001 : -----------------------------------------------------------------------------------------------------------------------------------------------------------------------------------------
RUN-1001 :     1    | u_mipi_dphy_rx_ph1p_mipiio_wrapper/u_ph1p_mipiio_rx_w...  |          1/0/0/0          | u_isp_top/u_rgb96_downscale_crop/u_scale_line_buffer/...  |        8723/0/0/0         
RUN-1001 :     2    | u_ph1p35_324_ddr_wrapper/u_ddr2/ph1p_ddrmc_wrapper/ph...  |          1/0/0/0          | u_ph1p35_324_ddr_wrapper/u_ddr2/ph1p_ddrmc_wrapper/ph...  |        3545/0/0/0         
RUN-1001 :     3    |                     S_hdmi_pixel_clk                      |          1/0/0/0          |                 S_hdmi_pixel_clk_syn_654                  |        1582/0/0/0         
RUN-1001 :     4    |                 u_lens_i2c_ctrl/u_bus/clk                 |          1/0/0/0          |              u_lens_i2c_ctrl/u_bus/clk_syn_1              |         476/0/0/0         
RUN-1001 :     5    |           u_mcu/MCU_521bd43d073e_Inst/core_clk            |          1/0/0/0          |        u_mcu/MCU_521bd43d073e_Inst/core_clk_syn_1         |         252/0/0/0         
RUN-1001 :     6    |                         cwc_jtck                          |          1/0/0/0          |                      cwc_jtck_syn_1                       |         189/0/0/0         
RUN-1001 :     7    |                      O_cam_24m_dup_1                      |          1/0/0/0          |                      O_cam_24m_syn_3                      |         150/1/0/0         
RUN-1001 :     8    |                      I_sys_clk_dup_6                      |          3/0/0/0          |                      I_sys_clk_syn_8                      |         137/0/0/0         
RUN-1001 :     9    | u_hdmi_tx/u_hdmi2phy_wrapper/u0_lane_lvds_8_1/I_seria...  |          1/0/0/0          | u_hdmi_tx/u_hdmi2phy_wrapper/u0_lane_lvds_8_1/I_seria...  |         61/0/0/0          
RUN-1001 :    10    | u_ph1p35_324_ddr_wrapper/u_ddr2/ph1p_ddrmc_wrapper/ph...  |          1/0/0/0          | u_ph1p35_324_ddr_wrapper/u_ddr2/ph1p_ddrmc_wrapper/ph...  |         43/0/0/0          
RUN-1001 :    11    |              u_uicfgcs500/uii2c_inst/scl_clk              |          1/2/0/0          |           u_uicfgcs500/uii2c_inst/scl_clk_syn_9           |         24/0/0/0          
RUN-1001 :    12    |                      u_PLL/clk0_buf                       |          1/0/0/0          |         g_u4_key_debounce[0]$u_u4_key_test/I_clk          |         14/0/0/0          
RUN-1001 :    13    |                       S_mcu_ahb_clk                       |          1/0/0/0          |                    S_mcu_ahb_clk_syn_5                    |          1/0/0/0          
RUN-1001 : -----------------------------------------------------------------------------------------------------------------------------------------------------------------------------------------
PHY-1001 : Stage 2.3 | Global Placement Step 1
PHY-3001 : Target density is 60%
PHY-1001 : Stage 2.3.1 | Update Timing
RUN-1002 : start command "start_timer"
RUN-1003 : finish command "start_timer" in  1.692104s wall, 1.687500s user + 0.000000s system = 1.687500s CPU (99.7%)

RUN-1004 : used memory is 937 MB, reserved memory is 917 MB, peak memory is 937 MB
PHY-1001 : SWNS: -616, STNS: -10811, FEP: 29
PHY-3001 : tot_pins 293140 tot_hfn_pins 22832 perc. 7 tot_hhfn_pins 6386 perc. 2
PHY-1001 : End Stage 2.3.1 | Update Timing; Time: 3.202001s wall, 3.171875s user + 0.015625s system = 3.187500s CPU (99.5%); Memory(MB): used = 938, reserved = 917, peak = 938;

PHY-0007 : Cell area utilization is 53%
RUN-1001 : Huge Net Statistic
RUN-1001 : ----------------------------------------------------------------------------------------------------------------------------------------------------------------------------------------
RUN-1001 :   Fanout  |  Slack  |                                                                                Net                                                                                
RUN-1001 : ----------------------------------------------------------------------------------------------------------------------------------------------------------------------------------------
RUN-1001 :    3825   |   Inf   |                                u_ph1p35_324_ddr_wrapper/u_ddr2/ph1p_ddrmc_wrapper/ph1p_ddrmc_top/u_ddr_phy/u_ddrphy_top/sys_rst_n                                 
RUN-1001 :    1472   |  11982  |                                u_ph1p35_324_ddr_wrapper/u_ddr2/ph1p_ddrmc_wrapper/ph1p_ddrmc_top/u_alc_mc_top/u_rbuf_addr_fifo/rst                                
RUN-1001 :    1089   |   Inf   |  u_ph1p35_324_ddr_wrapper/u_ddr2/ph1p_ddrmc_wrapper/ph1p_ddrmc_top/u_ddr_phy/u_ddrphy_top/u_ddrphy/dx_byte[1]$dx_byte_used$u_ddrphy_dx_byte_wrapper/dx_phy_rst_n  
RUN-1001 : ----------------------------------------------------------------------------------------------------------------------------------------------------------------------------------------
PHY-3001 : Clustering ...
PHY-3001 : End clustering;  0.165298s wall, 0.468750s user + 0.546875s system = 1.015625s CPU (614.4%)

PHY-3001 : Target density is 60%
PHY-1001 : Stage 2.3.2 | GP Iteration
PHY-1001 : End Stage 2.3.2 | GP Iteration; Time: 2.477225s wall, 10.906250s user + 3.578125s system = 14.484375s CPU (584.7%); Memory(MB): used = 949, reserved = 928, peak = 949;

PHY-3001 : Multithread accelerating rate: 5.78
RUN-1002 : start command "start_timer"
USR-1002 : Derived clock:  create_generated_clock -name {u_PLL/ph1p_phy_pll_wrapper_25a56e5ce2f9_Inst/u_PH1P_PHY_PLL.clkc[0]} -source [get_ports {I_sys_clk}] -master_clock {sys_clk_50m} -multiply_by 2.0000 -duty_cycle 50.0000 [get_pins {u_PLL/ph1p_phy_pll_wrapper_25a56e5ce2f9_Inst/u_PH1P_PHY_PLL.clkc[0]}]
USR-1002 : Derived clock:  create_generated_clock -name {u_PLL/ph1p_phy_pll_wrapper_25a56e5ce2f9_Inst/u_PH1P_PHY_PLL.clkc[1]} -source [get_ports {I_sys_clk}] -master_clock {sys_clk_50m} -divide_by 2.1000 -duty_cycle 50.0000 [get_pins {u_PLL/ph1p_phy_pll_wrapper_25a56e5ce2f9_Inst/u_PH1P_PHY_PLL.clkc[1]}]
USR-1002 : Derived clock:  create_generated_clock -name {u_PLL/ph1p_phy_pll_wrapper_25a56e5ce2f9_Inst/u_PH1P_PHY_PLL.clkc[2]} -source [get_ports {I_sys_clk}] -master_clock {sys_clk_50m} -multiply_by 1.0000 -duty_cycle 50.0000 [get_pins {u_PLL/ph1p_phy_pll_wrapper_25a56e5ce2f9_Inst/u_PH1P_PHY_PLL.clkc[2]}]
USR-1002 : Derived clock:  create_generated_clock -name {u_PLL/ph1p_phy_pll_wrapper_25a56e5ce2f9_Inst/u_PH1P_PHY_PLL.clkc[3]} -source [get_ports {I_sys_clk}] -master_clock {sys_clk_50m} -multiply_by 6.0000 -duty_cycle 50.0000 [get_pins {u_PLL/ph1p_phy_pll_wrapper_25a56e5ce2f9_Inst/u_PH1P_PHY_PLL.clkc[3]}]
USR-1002 : Derived clock:  create_generated_clock -name {u_PLL/ph1p_phy_pll_wrapper_25a56e5ce2f9_Inst/u_PH1P_PHY_PLL.clkc[4]} -source [get_ports {I_sys_clk}] -master_clock {sys_clk_50m} -multiply_by 1.5000 -duty_cycle 50.0000 [get_pins {u_PLL/ph1p_phy_pll_wrapper_25a56e5ce2f9_Inst/u_PH1P_PHY_PLL.clkc[4]}]
USR-1002 : Derived clock:  create_generated_clock -name {u_PLL/ph1p_phy_pll_wrapper_25a56e5ce2f9_Inst/u_PH1P_PHY_PLL.clkc[5]} -source [get_ports {I_sys_clk}] -master_clock {sys_clk_50m} -multiply_by 7.5000 -duty_cycle 50.0000 [get_pins {u_PLL/ph1p_phy_pll_wrapper_25a56e5ce2f9_Inst/u_PH1P_PHY_PLL.clkc[5]}]
USR-1002 : Derived clock:  create_generated_clock -name {u_ph1p35_324_ddr_wrapper/u_ddr2/ph1p_ddrmc_wrapper/ph1p_ddrmc_top/u_ddr_phy/u_ddrphy_top/u_ddrphy_clk/u_pll0/u_pll_inst.clkc[0]} -source [get_ports {I_sys_clk}] -master_clock {sys_clk_50m} -multiply_by 1.3333 -duty_cycle 50.0000 [get_pins {u_ph1p35_324_ddr_wrapper/u_ddr2/ph1p_ddrmc_wrapper/ph1p_ddrmc_top/u_ddr_phy/u_ddrphy_top/u_ddrphy_clk/u_pll0/u_pll_inst.clkc[0]}]
USR-1002 : Derived clock:  create_generated_clock -name {u_ph1p35_324_ddr_wrapper/u_ddr2/ph1p_ddrmc_wrapper/ph1p_ddrmc_top/u_ddr_phy/u_ddrphy_top/u_ddrphy_clk/u_pll0/u_pll_inst.clkc[1]} -source [get_ports {I_sys_clk}] -master_clock {sys_clk_50m} -multiply_by 1.3333 -duty_cycle 50.0000 [get_pins {u_ph1p35_324_ddr_wrapper/u_ddr2/ph1p_ddrmc_wrapper/ph1p_ddrmc_top/u_ddr_phy/u_ddrphy_top/u_ddrphy_clk/u_pll0/u_pll_inst.clkc[1]}]
USR-1002 : Derived clock:  create_generated_clock -name {u_ph1p35_324_ddr_wrapper/u_ddr2/ph1p_ddrmc_wrapper/ph1p_ddrmc_top/u_ddr_phy/u_ddrphy_top/u_ddrphy_clk/u_pll0/u_pll_inst.clkc[2]} -source [get_ports {I_sys_clk}] -master_clock {sys_clk_50m} -multiply_by 5.3333 -duty_cycle 50.0000 [get_pins {u_ph1p35_324_ddr_wrapper/u_ddr2/ph1p_ddrmc_wrapper/ph1p_ddrmc_top/u_ddr_phy/u_ddrphy_top/u_ddrphy_clk/u_pll0/u_pll_inst.clkc[2]}]
USR-1002 : Derived clock:  create_generated_clock -name {u_ph1p35_324_ddr_wrapper/u_ddr2/ph1p_ddrmc_wrapper/ph1p_ddrmc_top/u_ddr_phy/u_ddrphy_top/u_ddrphy_clk/u_pll0/u_pll_inst.clkc[3]} -source [get_ports {I_sys_clk}] -master_clock {sys_clk_50m} -divide_by 1.9687 -duty_cycle 50.0000 [get_pins {u_ph1p35_324_ddr_wrapper/u_ddr2/ph1p_ddrmc_wrapper/ph1p_ddrmc_top/u_ddr_phy/u_ddrphy_top/u_ddrphy_clk/u_pll0/u_pll_inst.clkc[3]}]
USR-1002 : Derived clock:  create_generated_clock -name {u_ph1p35_324_ddr_wrapper/u_ddr2/ph1p_ddrmc_wrapper/ph1p_ddrmc_top/u_ddr_phy/u_ddrphy_top/u_ddrphy_clk/u_pll1/u_pll_inst.clkc[0]} -source [get_pins {u_ph1p35_324_ddr_wrapper/u_ddr2/ph1p_ddrmc_wrapper/ph1p_ddrmc_top/u_ddr_phy/u_ddrphy_top/u_ddrphy_clk/u_pll0/u_pll_inst.clkc[0]}] -master_clock {u_ph1p35_324_ddr_wrapper/u_ddr2/ph1p_ddrmc_wrapper/ph1p_ddrmc_top/u_ddr_phy/u_ddrphy_top/u_ddrphy_clk/u_pll0/u_pll_inst.clkc[0]} -multiply_by 1.0000 -duty_cycle 50.0000 [get_pins {u_ph1p35_324_ddr_wrapper/u_ddr2/ph1p_ddrmc_wrapper/ph1p_ddrmc_top/u_ddr_phy/u_ddrphy_top/u_ddrphy_clk/u_pll1/u_pll_inst.clkc[0]}]
8.888000
15.000000
15.000000
13.333000
RUN-1003 : finish command "start_timer" in  2.656500s wall, 2.625000s user + 0.000000s system = 2.625000s CPU (98.8%)

RUN-1004 : used memory is 949 MB, reserved memory is 928 MB, peak memory is 949 MB
TMR-2502 : Net delay update with mode: Placed
PHY-3001 : No need to merge 9x9 Dsps.
PHY-1001 : Populate physical database on model design_top_wrapper.
PHY-1001 : End Stage 2.3 | Global Placement Step 1; Time: 10.604785s wall, 19.218750s user + 4.171875s system = 23.390625s CPU (220.6%); Memory(MB): used = 1008, reserved = 987, peak = 1008;

PHY-1001 : Stage 2.4 | RAM/DSP Legalization and Detailed Placement
PHY-1001 : Stage 2.4.1 | Legalization
PHY-3001 : Before Legalized: Len = 1.87878e+06
PHY-3001 : After Legalized: Len = 1.91488e+06, Over = 80.3438
PHY-1001 : End Stage 2.4.1 | Legalization; Time: 1.860065s wall, 1.828125s user + 0.000000s system = 1.828125s CPU (98.3%); Memory(MB): used = 1011, reserved = 989, peak = 1011;

PHY-1001 : Stage 2.4.2 | Detailed Placement
PHY-1001 : Stage 2.4.2.1 | Simulated Annealing Based DP
PHY-0007 : Initial: WL Cost = 159477, TD Cost = 225331, SWNS = 301, STNS = 0, Nums per T = 580, Range Limit = 2x32
PHY-0007 : Finally: WL Cost = 154837, TD Cost = 223653, WL Ratio = 0.970902, TD Ratio = 0.992556, SWNS = 301, STNS = 0
RUN-1001 : Print Detailed placement's Summary information
RUN-1001 : -------------------------------------------------------------------------------------------------------------------------------
RUN-1001 :             |  Total  |  Accept  |  Reject by overFlow  |  Reject by worseCost  |  Failed by noTarget  |  Failed by gridCheck  
RUN-1001 : -------------------------------------------------------------------------------------------------------------------------------
RUN-1001 :   RAM/DSPs  |  2900   |    70    |          0           |         2830          |          0           |           0           
RUN-1001 :    Macros   |   408   |    6     |          0           |          402          |          0           |           0           
RUN-1001 : -------------------------------------------------------------------------------------------------------------------------------
PHY-1001 : End Stage 2.4.2.1 | Simulated Annealing Based DP; Time: 2.140361s wall, 3.265625s user + 0.171875s system = 3.437500s CPU (160.6%); Memory(MB): used = 1009, reserved = 987, peak = 1013;

PHY-3001 : End Detailed Place; 
PHY-1001 : End Stage 2.4.2 | Detailed Placement; Time: 2.355847s wall, 3.484375s user + 0.171875s system = 3.656250s CPU (155.2%); Memory(MB): used = 1010, reserved = 988, peak = 1013;

PHY-1001 : End Stage 2.4 | RAM/DSP Legalization and Detailed Placement; Time: 4.216937s wall, 5.312500s user + 0.171875s system = 5.484375s CPU (130.1%); Memory(MB): used = 1010, reserved = 988, peak = 1013;

PHY-1001 : Stage 2.5 | Global Placement Step 2
PHY-3001 : Target density is 60%
PHY-1001 : Stage 2.5.1 | Update Timing
PHY-1001 : SWNS: 301, STNS: 0, FEP: 0
PHY-1001 : End Stage 2.5.1 | Update Timing; Time: 0.177573s wall, 0.171875s user + 0.000000s system = 0.171875s CPU (96.8%); Memory(MB): used = 1010, reserved = 988, peak = 1013;

PHY-1001 : Stage 2.5.2 | Refresh Congestion
RUN-1001 : Generating global routing grids ...
RUN-1001 : Building simple global routing graph ...
PHY-1001 : Generate routing nets ...
PHY-1001 : Reuse net number 0/14068.
PHY-1001 : Global iterations in 32 thread ...
PHY-1002 : len = 1.92254e+06, over cnt = 2484(3%), over = 12528, worst = 50
PHY-1001 : End global iterations;  0.570683s wall, 1.125000s user + 0.015625s system = 1.140625s CPU (199.9%)

PHY-1001 : Congestion index:
PHY-1001 : top1  = 175.63(S 118.87, N 115.83, E 147.13, W 136.27, I 377.41, O 435.77)
PHY-1001 : top5  = 121.65(S 74.86, N 74.09, E 90.08, W 89.78, I 184.13, O 238.96)
PHY-1001 : top10 = 99.30(S 57.27, N 58.44, E 68.64, W 71.37, I 126.77, O 169.86)
PHY-1001 : top15 = 86.55(S 47.40, N 49.55, E 56.87, W 59.97, I 98.28, O 133.87)
PHY-1001 : End Stage 2.5.2 | Refresh Congestion; Time: 1.098357s wall, 1.625000s user + 0.015625s system = 1.640625s CPU (149.4%); Memory(MB): used = 1098, reserved = 1082, peak = 1098;

PHY-1001 : Stage 2.5.3 | GP Iteration
PHY-1001 : End Stage 2.5.3 | GP Iteration; Time: 4.583893s wall, 40.937500s user + 1.968750s system = 42.906250s CPU (936.0%); Memory(MB): used = 1104, reserved = 1089, peak = 1104;

PHY-3001 : Multithread accelerating rate: 9.29
PHY-1001 : End Stage 2.5 | Global Placement Step 2; Time: 7.736784s wall, 44.578125s user + 2.015625s system = 46.593750s CPU (602.2%); Memory(MB): used = 1107, reserved = 1091, peak = 1107;

PHY-1001 : Stage 2.6 | RAM/DSP Detailed Placement
PHY-1001 : Stage 2.6.1 | Detailed Placement
PHY-1001 : Stage 2.6.1.1 | Simulated Annealing Based DP
PHY-0007 : Initial: WL Cost = 141988, TD Cost = 190785, SWNS = 376, STNS = 0, Nums per T = 580, Range Limit = 2x32
PHY-0007 : Finally: WL Cost = 141751, TD Cost = 190386, WL Ratio = 0.99833, TD Ratio = 0.997907, SWNS = 376, STNS = 0
RUN-1001 : Print Detailed placement's Summary information
RUN-1001 : -------------------------------------------------------------------------------------------------------------------------------
RUN-1001 :             |  Total  |  Accept  |  Reject by overFlow  |  Reject by worseCost  |  Failed by noTarget  |  Failed by gridCheck  
RUN-1001 : -------------------------------------------------------------------------------------------------------------------------------
RUN-1001 :   RAM/DSPs  |  1740   |    11    |          0           |         1729          |          0           |           0           
RUN-1001 :    Macros   |   246   |    4     |          0           |          242          |          0           |           0           
RUN-1001 : -------------------------------------------------------------------------------------------------------------------------------
PHY-1001 : End Stage 2.6.1.1 | Simulated Annealing Based DP; Time: 1.853346s wall, 2.296875s user + 0.015625s system = 2.312500s CPU (124.8%); Memory(MB): used = 1109, reserved = 1094, peak = 1109;

PHY-3001 : End Detailed Place; 
PHY-1001 : End Stage 2.6.1 | Detailed Placement; Time: 2.064635s wall, 2.515625s user + 0.015625s system = 2.531250s CPU (122.6%); Memory(MB): used = 1109, reserved = 1094, peak = 1109;

PHY-1001 : Stage 2.6.2 | Spreading
OPT-1001 : Total overflow 613.41 peak overflow 4.88
PHY-3001 : Spreading for sector grids.
PHY-3001 : Iter 1, total overflow: 0
PHY-3001 : tot_capacity: 36, usage_cnt: 23, movable_cnt: 20
PHY-3001 : End spreading;  0.114925s wall, 0.593750s user + 0.000000s system = 0.593750s CPU (516.6%)

PHY-1001 : End Stage 2.6.2 | Spreading; Time: 0.115257s wall, 0.593750s user + 0.000000s system = 0.593750s CPU (515.2%); Memory(MB): used = 1110, reserved = 1094, peak = 1110;

PHY-1001 : End Stage 2.6 | RAM/DSP Detailed Placement; Time: 2.416850s wall, 3.328125s user + 0.015625s system = 3.343750s CPU (138.4%); Memory(MB): used = 1110, reserved = 1094, peak = 1110;

PHY-1001 : Stage 2.7 | Optimize Design
OPT-1001 : Start physical optimization ...
OPT-1001 : Total overflow 613.41 peak overflow 4.88
OPT-1001 : Stage 2.7.1 | Synthesize High-fanout Net
OPT-1001 : Start high-fanout net optimization in pre-pack flow with medium effort ...
OPT-1001 : Update timing in Manhattan mode
OPT-1001 : End timing update;  1.749095s wall, 1.718750s user + 0.000000s system = 1.718750s CPU (98.3%)

OPT-1001 : Start: SWNS 376 STNS 0 NUM_FEPS 0
OPT-1001 : Total overflow 613.41 peak overflow 4.88
PHY-1001 : Populate physical database on model design_top_wrapper.
OPT-1001 : 15 high-fanout net processed.
PHY-3001 : Start incremental placement ...
PHY-1001 : Populate physical database on model design_top_wrapper.
PHY-1001 : Processing 2 clock pins of DDR instance u_ph1p35_324_ddr_wrapper/u_ddr2/ph1p_ddrmc_wrapper/ph1p_ddrmc_top/u_ddr_phy/u_ddrphy_top/u_ddrphy/ac_byte[0]$ac_byte_used$u_ddrphy_ac_byte_wrapper/u_ddrphy_byte, location = x0y70z0.
PHY-1001 :   Placed ioclk instance u_ph1p35_324_ddr_wrapper/u_ddr2/ph1p_ddrmc_wrapper/ph1p_ddrmc_top/u_ddr_phy/u_ddrphy_top/u_ddrphy_clk/ioclk[0]$u_ioclk_1, location = x0y59z1.
PHY-1001 :   Placed ioclk instance u_ph1p35_324_ddr_wrapper/u_ddr2/ph1p_ddrmc_wrapper/ph1p_ddrmc_top/u_ddr_phy/u_ddrphy_top/u_ddrphy_clk/ioclk[0]$u_ioclk_0, location = x0y59z0.
PHY-1001 : Processing 2 clock pins of DDR instance u_ph1p35_324_ddr_wrapper/u_ddr2/ph1p_ddrmc_wrapper/ph1p_ddrmc_top/u_ddr_phy/u_ddrphy_top/u_ddrphy/ac_byte[1]$ac_byte_used$u_ddrphy_ac_byte_wrapper/u_ddrphy_byte, location = x0y60z0.
PHY-1001 :   Placed ioclk instance u_ph1p35_324_ddr_wrapper/u_ddr2/ph1p_ddrmc_wrapper/ph1p_ddrmc_top/u_ddr_phy/u_ddrphy_top/u_ddrphy_clk/ioclk[0]$u_ioclk_1, location = x0y59z1.
PHY-1001 :   Placed ioclk instance u_ph1p35_324_ddr_wrapper/u_ddr2/ph1p_ddrmc_wrapper/ph1p_ddrmc_top/u_ddr_phy/u_ddrphy_top/u_ddrphy_clk/ioclk[0]$u_ioclk_0, location = x0y59z0.
PHY-1001 : Processing 2 clock pins of DDR instance u_ph1p35_324_ddr_wrapper/u_ddr2/ph1p_ddrmc_wrapper/ph1p_ddrmc_top/u_ddr_phy/u_ddrphy_top/u_ddrphy/ac_byte[2]$ac_byte_used$u_ddrphy_ac_byte_wrapper/u_ddrphy_byte, location = x0y50z0.
PHY-1001 :   Placed ioclk instance u_ph1p35_324_ddr_wrapper/u_ddr2/ph1p_ddrmc_wrapper/ph1p_ddrmc_top/u_ddr_phy/u_ddrphy_top/u_ddrphy_clk/ioclk[0]$u_ioclk_1, location = x0y59z1.
PHY-1001 :   Placed ioclk instance u_ph1p35_324_ddr_wrapper/u_ddr2/ph1p_ddrmc_wrapper/ph1p_ddrmc_top/u_ddr_phy/u_ddrphy_top/u_ddrphy_clk/ioclk[0]$u_ioclk_0, location = x0y59z0.
PHY-1001 : Processing 2 clock pins of DDR instance u_ph1p35_324_ddr_wrapper/u_ddr2/ph1p_ddrmc_wrapper/ph1p_ddrmc_top/u_ddr_phy/u_ddrphy_top/u_ddrphy/ac_byte[3]$ac_byte_used$u_ddrphy_ac_byte_wrapper/u_ddrphy_byte, location = x0y40z0.
PHY-1001 :   Placed ioclk instance u_ph1p35_324_ddr_wrapper/u_ddr2/ph1p_ddrmc_wrapper/ph1p_ddrmc_top/u_ddr_phy/u_ddrphy_top/u_ddrphy_clk/ioclk[0]$u_ioclk_1, location = x0y59z1.
PHY-1001 :   Placed ioclk instance u_ph1p35_324_ddr_wrapper/u_ddr2/ph1p_ddrmc_wrapper/ph1p_ddrmc_top/u_ddr_phy/u_ddrphy_top/u_ddrphy_clk/ioclk[0]$u_ioclk_0, location = x0y59z0.
PHY-1001 : Processing 2 clock pins of DDR instance u_ph1p35_324_ddr_wrapper/u_ddr2/ph1p_ddrmc_wrapper/ph1p_ddrmc_top/u_ddr_phy/u_ddrphy_top/u_ddrphy/dx_byte[0]$dx_byte_used$u_ddrphy_dx_byte_wrapper/u_ddrphy_byte, location = x0y30z0.
PHY-1001 :   Placed ioclk instance u_ph1p35_324_ddr_wrapper/u_ddr2/ph1p_ddrmc_wrapper/ph1p_ddrmc_top/u_ddr_phy/u_ddrphy_top/u_ddrphy_clk/ioclk[1]$u_ioclk_1, location = x0y19z1.
PHY-1001 :   Placed ioclk instance u_ph1p35_324_ddr_wrapper/u_ddr2/ph1p_ddrmc_wrapper/ph1p_ddrmc_top/u_ddr_phy/u_ddrphy_top/u_ddrphy_clk/ioclk[1]$u_ioclk_0, location = x0y19z0.
PHY-1001 : Processing 2 clock pins of DDR instance u_ph1p35_324_ddr_wrapper/u_ddr2/ph1p_ddrmc_wrapper/ph1p_ddrmc_top/u_ddr_phy/u_ddrphy_top/u_ddrphy/dx_byte[1]$dx_byte_used$u_ddrphy_dx_byte_wrapper/u_ddrphy_byte, location = x0y10z0.
PHY-1001 :   Placed ioclk instance u_ph1p35_324_ddr_wrapper/u_ddr2/ph1p_ddrmc_wrapper/ph1p_ddrmc_top/u_ddr_phy/u_ddrphy_top/u_ddrphy_clk/ioclk[1]$u_ioclk_1, location = x0y19z1.
PHY-1001 :   Placed ioclk instance u_ph1p35_324_ddr_wrapper/u_ddr2/ph1p_ddrmc_wrapper/ph1p_ddrmc_top/u_ddr_phy/u_ddrphy_top/u_ddrphy_clk/ioclk[1]$u_ioclk_0, location = x0y19z0.
PHY-3001 : Target density is 60%
PHY-3001 : Target density is 60%
PHY-1001 : Stage 2.7.1.1 | Update Timing
PHY-1001 : SWNS: 207, STNS: 0, FEP: 0
PHY-1001 : End Stage 2.7.1.1 | Update Timing; Time: 0.180309s wall, 0.171875s user + 0.000000s system = 0.171875s CPU (95.3%); Memory(MB): used = 1111, reserved = 1094, peak = 1111;

PHY-1001 : Stage 2.7.1.2 | Refresh Congestion
RUN-1001 : Generating global routing grids ...
PHY-1001 : Generate routing nets ...
PHY-1001 : Reuse net number 208/26123.
PHY-1001 : Global iterations in 32 thread ...
PHY-1002 : len = 1.77864e+06, over cnt = 3295(4%), over = 17562, worst = 60
PHY-1001 : End global iterations;  1.094434s wall, 2.218750s user + 0.093750s system = 2.312500s CPU (211.3%)

PHY-1001 : Congestion index:
PHY-1001 : top1  = 178.25(S 117.62, N 155.35, E 140.36, W 123.80, I 197.53, O 227.55)
PHY-1001 : top5  = 127.86(S 80.13, N 99.99, E 94.44, W 85.53, I 119.59, O 149.30)
PHY-1001 : top10 = 108.15(S 63.25, N 78.10, E 75.70, W 68.92, I 89.63, O 115.14)
PHY-1001 : top15 = 95.79(S 53.63, N 65.83, E 64.98, W 59.60, I 73.42, O 95.74)
PHY-1001 : End Stage 2.7.1.2 | Refresh Congestion; Time: 1.378878s wall, 2.468750s user + 0.109375s system = 2.578125s CPU (187.0%); Memory(MB): used = 1117, reserved = 1101, peak = 1117;

PHY-1001 : Stage 2.7.1.3 | GP Iteration
PHY-1001 : End Stage 2.7.1.3 | GP Iteration; Time: 1.442156s wall, 10.109375s user + 0.484375s system = 10.593750s CPU (734.6%); Memory(MB): used = 1120, reserved = 1103, peak = 1120;

PHY-3001 : Multithread accelerating rate: 7.42
OPT-1001 : Total overflow 591.06 peak overflow 5.03
PHY-3001 : Spreading for sector grids.
PHY-3001 : Iter 1, total overflow: 0
PHY-3001 : tot_capacity: 36, usage_cnt: 23, movable_cnt: 22
PHY-3001 : End spreading;  0.113220s wall, 0.109375s user + 0.000000s system = 0.109375s CPU (96.6%)

PHY-3001 : Final: Len = 1.33627e+06, Over = 131.938
PHY-3001 : End incremental placement;  3.503046s wall, 13.562500s user + 0.609375s system = 14.171875s CPU (404.6%)

OPT-1001 : Total overflow 591.06 peak overflow 5.03
RUN-1001 : HFN opt statistic
RUN-1001 : ------------------------------------------------------
RUN-1001 :   DriverCell type  |  HFN count  |  Duplicated count  
RUN-1001 : ------------------------------------------------------
RUN-1001 :         REG        |      9      |         12         
RUN-1001 :        LUT6        |      2      |         8          
RUN-1001 :        LUT5        |      1      |         2          
RUN-1001 :        LUT4        |      0      |         0          
RUN-1001 :        LUT3        |      0      |         0          
RUN-1001 :        LUT2        |      3      |         10         
RUN-1001 :        TOTAL       |     15      |         32         
RUN-1001 : ------------------------------------------------------
OPT-1001 : End high-fanout net optimization;  6.094714s wall, 16.109375s user + 0.625000s system = 16.734375s CPU (274.6%)

OPT-1001 : Update timing in Manhattan mode
OPT-1001 : End timing update;  1.811228s wall, 1.734375s user + 0.062500s system = 1.796875s CPU (99.2%)

OPT-1001 : Current memory(MB): used = 1120, reserved = 1104, peak = 1120.
OPT-1001 : End Stage 2.7.1 | Synthesize High-fanout Net; Time: 8.115554s wall, 18.046875s user + 0.687500s system = 18.734375s CPU (230.8%); Memory(MB): used = 1120, reserved = 1104, peak = 1120;

OPT-1001 : Stage 2.7.2 | Global Optimization
OPT-1001 : Start global optimization ...
OPT-0007 : Start: SWNS 360 STNS 0 NUM_FEPS 0
OPT-1001 : Start congestion update ...
RUN-1001 : Generating global routing grids ...
PHY-1001 : Generate routing nets ...
PHY-1001 : Reuse net number 2067/24180.
PHY-1001 : Global iterations in 32 thread ...
PHY-1002 : len = 1.53002e+06, over cnt = 2872(4%), over = 9062, worst = 20
PHY-1002 : len = 1.6656e+06, over cnt = 2197(3%), over = 4463, worst = 16
PHY-1002 : len = 1.74411e+06, over cnt = 1169(1%), over = 2188, worst = 11
PHY-1002 : len = 1.7883e+06, over cnt = 516(0%), over = 811, worst = 9
PHY-1002 : len = 1.81315e+06, over cnt = 27(0%), over = 32, worst = 2
PHY-1001 : End global iterations;  2.627330s wall, 3.921875s user + 0.062500s system = 3.984375s CPU (151.7%)

PHY-1001 : Congestion index:
PHY-1001 : top1  = 88.36(S 70.96, N 68.90, E 82.51, W 81.00, I 195.34, O 207.89)
PHY-1001 : top5  = 74.18(S 57.52, N 57.59, E 65.84, W 64.66, I 111.02, O 133.89)
PHY-1001 : top10 = 67.73(S 49.60, N 50.97, E 56.86, W 56.21, I 83.03, O 104.48)
PHY-1001 : top15 = 63.38(S 44.39, N 46.51, E 50.97, W 50.56, I 69.02, O 88.44)
OPT-1001 : End congestion update;  3.062500s wall, 4.281250s user + 0.078125s system = 4.359375s CPU (142.3%)

OPT-0007 : Iter 1: improved SWNS 360 STNS 0 NUM_FEPS 0 with 16 cells processed and 729 slack improved
OPT-0007 : Iter 2: improved SWNS 360 STNS 0 NUM_FEPS 0 with 0 cells processed and 0 slack improved
OPT-1001 : Overall commit ratio 0.38
OPT-1001 : End global optimization;  3.202517s wall, 4.421875s user + 0.078125s system = 4.500000s CPU (140.5%)

OPT-1001 : Current memory(MB): used = 1120, reserved = 1104, peak = 1120.
OPT-1001 : End Stage 2.7.2 | Global Optimization; Time: 3.711333s wall, 4.906250s user + 0.093750s system = 5.000000s CPU (134.7%); Memory(MB): used = 1120, reserved = 1104, peak = 1120;

OPT-0007 : End flow prepack: SWNS 360 STNS 0 NUM_FEPS 0
OPT-1001 : End physical optimization;  11.885508s wall, 23.359375s user + 0.796875s system = 24.156250s CPU (203.2%)

PHY-1001 : End Stage 2.7 | Optimize Design; Time: 11.889351s wall, 23.359375s user + 0.796875s system = 24.156250s CPU (203.2%); Memory(MB): used = 1120, reserved = 1104, peak = 1120;

PHY-1001 : Stage 2.8 | Pack and Legalization
PHY-1001 : Stage 2.8.1 | Direct Legalization
PHY-3001 : Start Direct Legalization ...
PHY-3001 : Get top1 grid util = 0.724918, top1_avg = 0.724918.
PHY-1001 : Populate physical database on model design_top_wrapper.
PHY-3001 : Target density is 60%
PHY-3001 : Before Legalization for Slice Macros, Len = 1.33915e+06.
RUN-1001 : Legalization top10 inst displacement:
RUN-1001 : ------------------------------------------------------------------------------------------------------------------------------------------------------------------------------------------------------------------------------------
RUN-1001 :   Index  |  Bounded  |  Height  |       Location       |  Disp. (slots)  |  Disp. (grids)  |                                                                  Name                                                                  
RUN-1001 : ------------------------------------------------------------------------------------------------------------------------------------------------------------------------------------------------------------------------------------
RUN-1001 :     1    |     N     |    8     |  x1y26z1 to x5y28z0  |       47        |        6        |         u_ph1p35_324_ddr_wrapper/u_ddr2/ph1p_ddrmc_wrapper/ph1p_ddrmc_top/u_ddr_phy/u_ddrphy_top/u_ddrphy_init/ramread0_syn_71         
RUN-1001 :     2    |     N     |    8     |  x2y25z5 to x5y23z0  |       45        |        5        |         u_ph1p35_324_ddr_wrapper/u_ddr2/ph1p_ddrmc_wrapper/ph1p_ddrmc_top/u_ddr_phy/u_ddrphy_top/u_ddrphy_init/ramread0_syn_31         
RUN-1001 :     3    |     N     |    8     |   x4y4z5 to x9y5z0   |       43        |        6        |  u_ph1p35_324_ddr_wrapper/u_ddr2/ph1p_ddrmc_wrapper/ph1p_ddrmc_top/u_alc_mc_top/u_rd_data/rd_buffer[0]$u_rd_data_buf/ramread0_syn_112  
RUN-1001 :     4    |     N     |    8     |   x4y1z5 to x9y2z0   |       43        |        6        |  u_ph1p35_324_ddr_wrapper/u_ddr2/ph1p_ddrmc_wrapper/ph1p_ddrmc_top/u_alc_mc_top/u_rd_data/rd_buffer[0]$u_rd_data_buf/ramread0_syn_132  
RUN-1001 :     5    |     N     |    8     |  x1y30z2 to x5y30z0  |       34        |        4        |        u_ph1p35_324_ddr_wrapper/u_ddr2/ph1p_ddrmc_wrapper/ph1p_ddrmc_top/u_ddr_phy/u_ddrphy_top/u_ddrphy_init/ramread0_syn_131         
RUN-1001 :     6    |     N     |    8     |  x1y26z0 to x5y26z0  |       32        |        4        |         u_ph1p35_324_ddr_wrapper/u_ddr2/ph1p_ddrmc_wrapper/ph1p_ddrmc_top/u_ddr_phy/u_ddrphy_top/u_ddrphy_init/ramread0_syn_51         
RUN-1001 :     7    |     N     |    8     |   x2y4z0 to x5y3z0   |       32        |        4        |       u_ph1p35_324_ddr_wrapper/u_ddr2/ph1p_ddrmc_wrapper/ph1p_ddrmc_top/u_phy2mc_fifo/byteIdx_1[1]$u_wfifo_sync/ramread0_syn_88        
RUN-1001 :     8    |     N     |    8     |  x2y26z1 to x5y27z0  |       31        |        4        |         u_ph1p35_324_ddr_wrapper/u_ddr2/ph1p_ddrmc_wrapper/ph1p_ddrmc_top/u_ddr_phy/u_ddrphy_top/u_ddrphy_init/ramread0_syn_91         
RUN-1001 :     9    |     N     |    8     |  x2y25z6 to x5y25z0  |       30        |        3        |        u_ph1p35_324_ddr_wrapper/u_ddr2/ph1p_ddrmc_wrapper/ph1p_ddrmc_top/u_ddr_phy/u_ddrphy_top/u_ddrphy_init/ramread0_syn_111         
RUN-1001 :    10    |     N     |    8     |   x2y6z2 to x5y6z0   |       26        |        3        |       u_ph1p35_324_ddr_wrapper/u_ddr2/ph1p_ddrmc_wrapper/ph1p_ddrmc_top/u_phy2mc_fifo/byteIdx_1[1]$u_wfifo_sync/ramread0_syn_28        
RUN-1001 : ------------------------------------------------------------------------------------------------------------------------------------------------------------------------------------------------------------------------------------
PHY-3001 : After Legalization for Slice Macros, Len = 1.38028e+06.
RUN-1001 : Generating global routing grids ...
PHY-1001 : Generate routing nets ...
PHY-1001 : Reuse net number 21444/24159.
RUN-1002 : start command "update_timing -mode MANHATTAN"
RUN-1002 : start command "start_timer"
RUN-1003 : finish command "start_timer" in  1.854141s wall, 1.828125s user + 0.000000s system = 1.828125s CPU (98.6%)

RUN-1004 : used memory is 1160 MB, reserved memory is 1143 MB, peak memory is 1160 MB
RUN-1003 : finish command "update_timing -mode MANHATTAN" in  3.509511s wall, 3.453125s user + 0.000000s system = 3.453125s CPU (98.4%)

RUN-1004 : used memory is 1160 MB, reserved memory is 1143 MB, peak memory is 1160 MB
PHY-1001 : Global iterations in 32 thread ...
PHY-1002 : len = 1.82293e+06, over cnt = 875(1%), over = 1939, worst = 10
PHY-1002 : len = 1.84008e+06, over cnt = 703(0%), over = 1195, worst = 9
PHY-1002 : len = 1.86291e+06, over cnt = 253(0%), over = 423, worst = 9
PHY-1002 : len = 1.87134e+06, over cnt = 102(0%), over = 152, worst = 6
PHY-1002 : len = 1.87506e+06, over cnt = 26(0%), over = 31, worst = 2
PHY-1001 : End global iterations;  1.063158s wall, 1.265625s user + 0.062500s system = 1.328125s CPU (124.9%)

PHY-1001 : Congestion index:
PHY-1001 : top1  = 88.44(S 71.46, N 67.32, E 83.49, W 80.43, I 191.64, O 203.87)
PHY-1001 : top5  = 74.23(S 57.51, N 56.93, E 66.84, W 64.34, I 108.40, O 132.57)
PHY-1001 : top10 = 67.75(S 49.34, N 50.70, E 57.84, W 55.82, I 82.54, O 104.51)
PHY-1001 : top15 = 63.31(S 44.17, N 46.36, E 51.96, W 50.41, I 68.97, O 89.04)
PHY-3001 : Total Iter 118, legal = 25079 / 25079 (100.00%), avg_move = 30.19, max_move = 301.
PHY-3001 : There are no illegal insts.
PHY-1001 : Populate physical database on model design_top_wrapper.
PHY-3001 : End Direct Legalization;  27.572297s wall, 294.406250s user + 2.531250s system = 296.937500s CPU (1076.9%)

RUN-1001 : Summary of LUT-FF Pairs
RUN-1001 : ---------------------------------------------------------------
RUN-1001 :   Num of Fanout Seqs  |   1x   |  2x  |  3~5  |  6~10  |  >10  
RUN-1001 : ---------------------------------------------------------------
RUN-1001 :         Total         |  7315  |  16  |  46   |   0    |  23   
RUN-1001 :          Grid         |  7311  |  16  |  38   |   0    |  23   
RUN-1001 :          Bank         |  7152  |  14  |  38   |   0    |  23   
RUN-1001 :         Paired        |  7127  |  14  |  38   |   0    |  23   
RUN-1001 : ---------------------------------------------------------------
RUN-1001 : Summary of LUT Pairs
RUN-1001 : ---------------------------------------------------------------------------------------------------------------------
RUN-1001 :            |           |           |           |           |           |  O5 + O6  |  Only O5  |  Only O6  |  Total  
RUN-1001 : ---------------------------------------------------------------------------------------------------------------------
RUN-1001 :   5 Share  |  4 Share  |  3 Share  |  2 Share  |  1 Share  |  0 Share  |           |           |           |         
RUN-1001 :     45     |    171    |    277    |    444    |   1780    |   3699    |   6416    |   2698    |   2122    |  11236  
RUN-1001 : ---------------------------------------------------------------------------------------------------------------------
PHY-1001 : End Stage 2.8.1 | Direct Legalization; Time: 27.645896s wall, 294.468750s user + 2.531250s system = 297.000000s CPU (1074.3%); Memory(MB): used = 1249, reserved = 1231, peak = 1249;

PHY-3001 : Target density is 60%
PHY-3001 : After Direct Legalization, Len = 1.68782e+06.
PHY-1001 : End Stage 2.8 | Pack and Legalization; Time: 27.865813s wall, 294.687500s user + 2.531250s system = 297.218750s CPU (1066.6%); Memory(MB): used = 1249, reserved = 1231, peak = 1249;

RUN-1002 : start command "start_timer"
RUN-1003 : finish command "start_timer" in  3.780022s wall, 3.750000s user + 0.000000s system = 3.750000s CPU (99.2%)

RUN-1004 : used memory is 1249 MB, reserved memory is 1231 MB, peak memory is 1249 MB
PHY-1001 : End Stage 2 | Global Placement; Time: 70.516844s wall, 396.031250s user + 9.750000s system = 405.781250s CPU (575.4%); Memory(MB): used = 1249, reserved = 1231, peak = 1249;

PHY-1001 : Stage 3 | Detailed Placement
PHY-1001 : Stage 3.1 | SLICE Detailed Placement
PHY-1001 : Stage 3.1.1 | Spreading
PHY-3001 : Design contains 156 ce signals.
PHY-3001 : Spreading for sector grids.
PHY-3001 : Iter 1, total overflow: 0
PHY-3001 : tot_capacity: 36, usage_cnt: 23, movable_cnt: 20
PHY-3001 : Spreading for clock grids.
PHY-3001 : clock grid count for 24 x 4 grids
PHY-3001 : Spreading for plb grids.
PHY-3001 : total displace: 0, max displace: 0.
PHY-3001 : End spreading;  0.411730s wall, 0.406250s user + 0.000000s system = 0.406250s CPU (98.7%)

PHY-1001 : End Stage 3.1.1 | Spreading; Time: 0.412066s wall, 0.406250s user + 0.000000s system = 0.406250s CPU (98.6%); Memory(MB): used = 1253, reserved = 1235, peak = 1253;

PHY-1001 : Stage 3.1.2 | Simulated Annealing Based DP
RUN-1001 : Generating global routing grids ...
PHY-1001 : Generate routing nets ...
PHY-1001 : Reuse net number 2181/18932.
PHY-1001 : Global iterations in 32 thread ...
PHY-1002 : len = 1.83386e+06, over cnt = 1472(2%), over = 2970, worst = 9
PHY-1002 : len = 1.86485e+06, over cnt = 932(1%), over = 1573, worst = 9
PHY-1002 : len = 1.90018e+06, over cnt = 252(0%), over = 410, worst = 8
PHY-1002 : len = 1.90778e+06, over cnt = 57(0%), over = 108, worst = 6
PHY-1002 : len = 1.91067e+06, over cnt = 0(0%), over = 0, worst = 0
PHY-1001 : End global iterations;  1.816811s wall, 3.203125s user + 0.031250s system = 3.234375s CPU (178.0%)

PHY-1001 : Congestion index:
PHY-1001 : top1  = 78.50(S 59.59, N 54.55, E 75.82, W 71.22, I 62.97, O 71.71)
PHY-1001 : top5  = 66.46(S 47.35, N 45.20, E 59.93, W 57.86, I 52.00, O 60.90)
PHY-1001 : top10 = 60.24(S 40.79, N 40.30, E 52.44, W 50.53, I 46.24, O 54.87)
PHY-1001 : top15 = 56.30(S 36.43, N 37.04, E 47.58, W 45.79, I 42.21, O 50.31)
PHY-0007 : Initial: WL Cost = 133835, TD Cost = 149579, SWNS = 153, STNS = 0, Nums per T = 104350, Range Limit = 4x8
PHY-0007 : Finally: WL Cost = 120619, TD Cost = 109730, WL Ratio = 0.901254, TD Ratio = 0.733589, SWNS = 269, STNS = 0
RUN-1001 : Print Detailed placement's Summary information
RUN-1001 : -------------------------------------------------------------------------------------------------------------------------------
RUN-1001 :           |   Total   |  Accept  |  Reject by overFlow  |  Reject by worseCost  |  Failed by noTarget  |  Failed by gridCheck  
RUN-1001 : -------------------------------------------------------------------------------------------------------------------------------
RUN-1001 :   Slices  |  1043500  |  28572   |         1647         |        995529         |         424          |         17328         
RUN-1001 :   Macros  |   23790   |   235    |         253          |         23239         |          45          |          18           
RUN-1001 : -------------------------------------------------------------------------------------------------------------------------------
PHY-1001 : End Stage 3.1.2 | Simulated Annealing Based DP; Time: 27.474739s wall, 30.281250s user + 0.390625s system = 30.671875s CPU (111.6%); Memory(MB): used = 1263, reserved = 1245, peak = 1263;

PHY-3001 : End Detailed Place; 
PHY-3001 : Final: Len = 1.4979e+06, Over = 0
PHY-1001 : End Stage 3.1 | SLICE Detailed Placement; Time: 28.293065s wall, 31.046875s user + 0.421875s system = 31.468750s CPU (111.2%); Memory(MB): used = 1263, reserved = 1245, peak = 1263;

PHY-3001 : End Detailed Place; 
PHY-1001 : Stage 3.2 | Optimize Design
OPT-1001 : Start physical optimization ...
OPT-1001 : Total overflow 0.00 peak overflow 0.00
OPT-1001 : Stage 3.2.1 | Physical Optimization
OPT-1001 : Start high-fanout net optimization in optimize equivalent flow with medium effort ...
OPT-1001 : Clean unloaded insts before merging registers
PHY-1001 : Populate physical database on model design_top_wrapper.
PHY-1001 : Populate physical database on model design_top_wrapper.
OPT-1001 : Total overflow 0.00 peak overflow 0.00
OPT-1001 : End optimize duplicated nets. Total 20 instances are merged and 362 sinks are reconnected,  2.818564s wall, 2.687500s user + 0.093750s system = 2.781250s CPU (98.7%)

OPT-1001 : End high-fanout net optimization;  2.820782s wall, 2.687500s user + 0.093750s system = 2.781250s CPU (98.6%)

OPT-1001 : Update timing in Manhattan mode
RUN-1002 : start command "start_timer"
RUN-1003 : finish command "start_timer" in  3.031755s wall, 2.921875s user + 0.031250s system = 2.953125s CPU (97.4%)

RUN-1004 : used memory is 1263 MB, reserved memory is 1245 MB, peak memory is 1263 MB
OPT-1001 : End timing update;  4.785743s wall, 4.531250s user + 0.062500s system = 4.593750s CPU (96.0%)

OPT-1001 : Current memory(MB): used = 1263, reserved = 1245, peak = 1263.
OPT-1001 : End Stage 3.2.1 | Physical Optimization; Time: 7.791410s wall, 7.421875s user + 0.156250s system = 7.578125s CPU (97.3%); Memory(MB): used = 1263, reserved = 1245, peak = 1263;

OPT-1001 : Stage 3.2.2 | Synthesize High-fanout Net
OPT-1001 : Start high-fanout net optimization in post-pack flow with medium effort ...
OPT-1001 : Start: SWNS 269 STNS 0 NUM_FEPS 0
OPT-1001 : Total overflow 0.00 peak overflow 0.00
PHY-1001 : Populate physical database on model design_top_wrapper.
OPT-1001 : 20 high-fanout net processed.
OPT-1001 : Total overflow 0.00 peak overflow 0.00
RUN-1001 : HFN opt statistic
RUN-1001 : ------------------------------------------------------
RUN-1001 :   DriverCell type  |  HFN count  |  Duplicated count  
RUN-1001 : ------------------------------------------------------
RUN-1001 :       LSLICE       |      0      |         0          
RUN-1001 :       MSLICE       |      0      |         0          
RUN-1001 :        OTHER       |     20      |         28         
RUN-1001 :        TOTAL       |     20      |         28         
RUN-1001 : ------------------------------------------------------
OPT-1001 : End high-fanout net optimization;  1.018928s wall, 1.000000s user + 0.015625s system = 1.015625s CPU (99.7%)

OPT-1001 : Current memory(MB): used = 1263, reserved = 1245, peak = 1263.
OPT-1001 : End Stage 3.2.2 | Synthesize High-fanout Net; Time: 1.213828s wall, 1.156250s user + 0.031250s system = 1.187500s CPU (97.8%); Memory(MB): used = 1263, reserved = 1245, peak = 1263;

OPT-1001 : Stage 3.2.3 | Optimize Path
OPT-1001 : Start unpack path based optimization ...
OPT-0007 : Start: SWNS 269 STNS 0 NUM_FEPS 0 with mode 2
OPT-1001 : Start congestion update ...
RUN-1001 : Generating global routing grids ...
PHY-1001 : Generate routing nets ...
PHY-1001 : Reuse net number 6124/19869.
PHY-1001 : Global iterations in 32 thread ...
PHY-1002 : len = 1.7359e+06, over cnt = 1797(2%), over = 3543, worst = 9
PHY-1002 : len = 1.77776e+06, over cnt = 1145(1%), over = 1802, worst = 9
PHY-1002 : len = 1.81454e+06, over cnt = 285(0%), over = 494, worst = 8
PHY-1002 : len = 1.8295e+06, over cnt = 38(0%), over = 62, worst = 6
PHY-1002 : len = 1.8312e+06, over cnt = 0(0%), over = 0, worst = 0
PHY-1001 : End global iterations;  1.863568s wall, 2.921875s user + 0.031250s system = 2.953125s CPU (158.5%)

PHY-1001 : Congestion index:
PHY-1001 : top1  = 77.84(S 61.76, N 54.97, E 76.40, W 69.57, I 62.34, O 70.15)
PHY-1001 : top5  = 67.03(S 49.03, N 45.69, E 62.04, W 57.12, I 50.56, O 58.82)
PHY-1001 : top10 = 61.26(S 41.84, N 40.87, E 53.44, W 50.31, I 44.91, O 53.25)
PHY-1001 : top15 = 57.10(S 37.51, N 37.72, E 48.00, W 45.98, I 41.31, O 49.50)
OPT-1001 : End congestion update;  2.382970s wall, 3.875000s user + 0.046875s system = 3.921875s CPU (164.6%)

OPT-0007 : Iter 1: improved SWNS 381 STNS 0 NUM_FEPS 0 with 86(2932) cells and 1466(1466) paths processed with 11366 slack improved, crit_thod: 2212 ratio: 0.89(104/117) rt: 1.1s
OPT-0007 : Iter 2: improved SWNS 381 STNS 0 NUM_FEPS 0 with 46(2902) cells and 1451(1451) paths processed with 4405 slack improved, crit_thod: 2249 ratio: 0.84(52/62) rt: 0.9s
OPT-0007 : Iter 3: improved SWNS 381 STNS 0 NUM_FEPS 0 with 21(2986) cells and 1493(1493) paths processed with 1496 slack improved, crit_thod: 2288 ratio: 0.84(26/31) rt: 0.8s
OPT-1001 : End path based optimization;  5.171214s wall, 6.500000s user + 0.140625s system = 6.640625s CPU (128.4%)

OPT-1001 : Current memory(MB): used = 1264, reserved = 1245, peak = 1264.
OPT-1001 : End Stage 3.2.3 | Optimize Path; Time: 5.363350s wall, 6.687500s user + 0.140625s system = 6.828125s CPU (127.3%); Memory(MB): used = 1264, reserved = 1245, peak = 1264;

OPT-1001 : Stage 3.2.4 | Optimize Duplicated Nets
OPT-1001 : Start: WNS 381 TNS 0 NUM_FEPS 0
OPT-1001 : Clean unloaded insts before merging registers
PHY-1001 : Populate physical database on model design_top_wrapper.
PHY-1001 : Populate physical database on model design_top_wrapper.
OPT-1001 : Total overflow 0.00 peak overflow 0.00
OPT-1001 : End optimize duplicated nets. Total 6 instances are merged and 133 sinks are reconnected,  2.704865s wall, 2.687500s user + 0.000000s system = 2.687500s CPU (99.4%)

OPT-1001 : Update timing in Manhattan mode
RUN-1002 : start command "start_timer"
RUN-1003 : finish command "start_timer" in  3.078464s wall, 3.031250s user + 0.031250s system = 3.062500s CPU (99.5%)

RUN-1004 : used memory is 1264 MB, reserved memory is 1245 MB, peak memory is 1264 MB
OPT-1001 : End timing update;  4.863387s wall, 4.781250s user + 0.078125s system = 4.859375s CPU (99.9%)

OPT-1001 : Current memory(MB): used = 1264, reserved = 1245, peak = 1264.
OPT-1001 : End Stage 3.2.4 | Optimize Duplicated Nets; Time: 7.774823s wall, 7.671875s user + 0.078125s system = 7.750000s CPU (99.7%); Memory(MB): used = 1264, reserved = 1245, peak = 1264;

OPT-1001 : Stage 3.2.5 | Swap Pins
OPT-1001 : Start pin optimization...
OPT-1001 : Start: SWNS 381 STNS 0 NUM_FEPS 0
OPT-1001 : Successfully optimized 806 instances
OPT-1001 : Successfully optimized 206 instances
OPT-1001 : End pin optimization;  1.608317s wall, 1.531250s user + 0.015625s system = 1.546875s CPU (96.2%)

OPT-1001 : Current memory(MB): used = 1264, reserved = 1245, peak = 1264.
OPT-1001 : End Stage 3.2.5 | Swap Pins; Time: 1.806872s wall, 1.718750s user + 0.015625s system = 1.734375s CPU (96.0%); Memory(MB): used = 1264, reserved = 1245, peak = 1264;

OPT-1001 : Stage 3.2.6 | Optimize Beeline
OPT-1001 : Start beeline optimization...
OPT-1001 : Start: SWNS 381 STNS 0 NUM_FEPS 0
PHY-1001 : Beeline DP, 879 out of 5366 (16.38)%; hop = 1188.
PHY-1001 : Beeline DP, 251 out of 4523 (5.55)%; hop = 352.
PHY-1001 : Beeline DP, 135 out of 4386 (3.08)%; hop = 196.
PHY-1001 : Beeline DP, 88 out of 4341 (2.03)%; hop = 127.
PHY-1001 : Beeline DP, 78 out of 4331 (1.80)%; hop = 113.
PHY-1001 : Beeline optimization intraPLB, 2435 1-hop(41.06%), 2441 2-hop(41.16%), 440 3-hop( 7.42%), 615 others (10.37%)
PHY-1001 :  11.686005s wall, 11.468750s user + 0.062500s system = 11.531250s CPU (98.7%)

RUN-1001 : Beeline optimization outerPLB: 1-hop 2035, 2-hop 3787, 3-hop 2186, 4-hop 767, other 1858 
OPT-1001 : End beeline optimization;  12.495431s wall, 12.218750s user + 0.078125s system = 12.296875s CPU (98.4%)

OPT-1001 : Update timing in Manhattan mode
OPT-1001 : End timing update;  1.825306s wall, 1.750000s user + 0.046875s system = 1.796875s CPU (98.4%)

OPT-1001 : End Stage 3.2.6 | Optimize Beeline; Time: 14.679323s wall, 14.296875s user + 0.140625s system = 14.437500s CPU (98.4%); Memory(MB): used = 1264, reserved = 1245, peak = 1264;

OPT-0007 : End flow postpack: SWNS 381 STNS 0 NUM_FEPS 0
RUN-1001 : Generating global routing grids ...
PHY-1001 : Generate routing nets ...
PHY-1001 : Reuse net number 17157/19043.
PHY-1001 : Global iterations in 32 thread ...
PHY-1002 : len = 1.84608e+06, over cnt = 428(0%), over = 608, worst = 5
PHY-1002 : len = 1.85109e+06, over cnt = 259(0%), over = 346, worst = 4
PHY-1002 : len = 1.85531e+06, over cnt = 109(0%), over = 138, worst = 4
PHY-1002 : len = 1.85808e+06, over cnt = 28(0%), over = 35, worst = 3
PHY-1002 : len = 1.85946e+06, over cnt = 0(0%), over = 0, worst = 0
PHY-1001 : End global iterations;  0.695434s wall, 0.921875s user + 0.000000s system = 0.921875s CPU (132.6%)

PHY-1001 : Congestion index:
PHY-1001 : top1  = 78.91(S 61.76, N 55.40, E 76.97, W 69.41, I 62.28, O 69.82)
PHY-1001 : top5  = 67.26(S 48.89, N 45.90, E 62.10, W 56.91, I 50.21, O 58.24)
PHY-1001 : top10 = 61.30(S 41.72, N 40.97, E 53.57, W 50.17, I 44.79, O 52.92)
PHY-1001 : top15 = 57.12(S 37.43, N 37.72, E 48.20, W 45.96, I 41.13, O 49.30)
RUN-1001 : QoR Analysis:
OPT-0007 :   SWNS 381 STNS 0 NUM_FEPS 0
RUN-1001 :   No local congestion issue, and most congested 1% tile average routing util is 78.631579
RUN-1001 :   Top critical paths
RUN-1001 :       #1 path slack 381ps with logic level 1 
RUN-1001 :       #2 path slack 392ps with logic level 1 
RUN-1001 :       #3 path slack 404ps with logic level 1 
RUN-1001 :       #4 path slack 406ps with logic level 1 
RUN-1001 :       #5 path slack 432ps with logic level 1 
RUN-1001 :       #6 path slack 450ps with logic level 1 
RUN-1001 :       #7 path slack 450ps with logic level 1 
RUN-1001 :       #8 path slack 471ps with logic level 1 
RUN-1001 :       #9 path slack 471ps with logic level 1 
RUN-1001 :       #10 path slack 474ps with logic level 1 
OPT-1001 : End physical optimization;  40.066471s wall, 40.578125s user + 0.578125s system = 41.156250s CPU (102.7%)

PHY-1001 : End Stage 3.2 | Optimize Design; Time: 40.067007s wall, 40.578125s user + 0.578125s system = 41.156250s CPU (102.7%); Memory(MB): used = 1264, reserved = 1245, peak = 1264;

RUN-1001 : Report Control nets information:
RUN-1001 : DFF Distribution
RUN-1001 : -------------------------------------
RUN-1001 :   CE   |  SSR  |  ASR  |  DFF Count  
RUN-1001 : -------------------------------------
RUN-1001 :   No   |  No   |  No   |     224     
RUN-1001 :   No   |  No   |  Yes  |      0      
RUN-1001 :   No   |  Yes  |  No   |      0      
RUN-1001 :   Yes  |  No   |  No   |    6944     
RUN-1001 :   Yes  |  No   |  Yes  |    7619     
RUN-1001 :   Yes  |  Yes  |  No   |     364     
RUN-1001 : -------------------------------------
RUN-1001 : Control Group Statistic
RUN-1001 : -----------------------------
RUN-1001 :   #CLK  |  #CE  |  #SSR/ASR  
RUN-1001 : -----------------------------
RUN-1001 :    14   |  508  |     36     
RUN-1001 : -----------------------------
RUN-0007 : Control Set = 605
PHY-1001 : End Stage 3 | Detailed Placement; Time: 68.591566s wall, 71.828125s user + 1.015625s system = 72.843750s CPU (106.2%); Memory(MB): used = 1264, reserved = 1245, peak = 1264;

PHY-1001 : Populate physical database on model design_top_wrapper.
PHY-1001 : Stage 4 | Optimize Design
PHY-3001 : Start incremental legalization ...
PHY-1001 : Populate physical database on model design_top_wrapper.
PHY-1001 : Processing 2 clock pins of DDR instance u_ph1p35_324_ddr_wrapper/u_ddr2/ph1p_ddrmc_wrapper/ph1p_ddrmc_top/u_ddr_phy/u_ddrphy_top/u_ddrphy/ac_byte[0]$ac_byte_used$u_ddrphy_ac_byte_wrapper/u_ddrphy_byte, location = x0y70z0.
PHY-1001 :   Placed ioclk instance u_ph1p35_324_ddr_wrapper/u_ddr2/ph1p_ddrmc_wrapper/ph1p_ddrmc_top/u_ddr_phy/u_ddrphy_top/u_ddrphy_clk/ioclk[0]$u_ioclk_1, location = x0y59z1.
PHY-1001 :   Placed ioclk instance u_ph1p35_324_ddr_wrapper/u_ddr2/ph1p_ddrmc_wrapper/ph1p_ddrmc_top/u_ddr_phy/u_ddrphy_top/u_ddrphy_clk/ioclk[0]$u_ioclk_0, location = x0y59z0.
PHY-1001 : Processing 2 clock pins of DDR instance u_ph1p35_324_ddr_wrapper/u_ddr2/ph1p_ddrmc_wrapper/ph1p_ddrmc_top/u_ddr_phy/u_ddrphy_top/u_ddrphy/ac_byte[1]$ac_byte_used$u_ddrphy_ac_byte_wrapper/u_ddrphy_byte, location = x0y60z0.
PHY-1001 :   Placed ioclk instance u_ph1p35_324_ddr_wrapper/u_ddr2/ph1p_ddrmc_wrapper/ph1p_ddrmc_top/u_ddr_phy/u_ddrphy_top/u_ddrphy_clk/ioclk[0]$u_ioclk_1, location = x0y59z1.
PHY-1001 :   Placed ioclk instance u_ph1p35_324_ddr_wrapper/u_ddr2/ph1p_ddrmc_wrapper/ph1p_ddrmc_top/u_ddr_phy/u_ddrphy_top/u_ddrphy_clk/ioclk[0]$u_ioclk_0, location = x0y59z0.
PHY-1001 : Processing 2 clock pins of DDR instance u_ph1p35_324_ddr_wrapper/u_ddr2/ph1p_ddrmc_wrapper/ph1p_ddrmc_top/u_ddr_phy/u_ddrphy_top/u_ddrphy/ac_byte[2]$ac_byte_used$u_ddrphy_ac_byte_wrapper/u_ddrphy_byte, location = x0y50z0.
PHY-1001 :   Placed ioclk instance u_ph1p35_324_ddr_wrapper/u_ddr2/ph1p_ddrmc_wrapper/ph1p_ddrmc_top/u_ddr_phy/u_ddrphy_top/u_ddrphy_clk/ioclk[0]$u_ioclk_1, location = x0y59z1.
PHY-1001 :   Placed ioclk instance u_ph1p35_324_ddr_wrapper/u_ddr2/ph1p_ddrmc_wrapper/ph1p_ddrmc_top/u_ddr_phy/u_ddrphy_top/u_ddrphy_clk/ioclk[0]$u_ioclk_0, location = x0y59z0.
PHY-1001 : Processing 2 clock pins of DDR instance u_ph1p35_324_ddr_wrapper/u_ddr2/ph1p_ddrmc_wrapper/ph1p_ddrmc_top/u_ddr_phy/u_ddrphy_top/u_ddrphy/ac_byte[3]$ac_byte_used$u_ddrphy_ac_byte_wrapper/u_ddrphy_byte, location = x0y40z0.
PHY-1001 :   Placed ioclk instance u_ph1p35_324_ddr_wrapper/u_ddr2/ph1p_ddrmc_wrapper/ph1p_ddrmc_top/u_ddr_phy/u_ddrphy_top/u_ddrphy_clk/ioclk[0]$u_ioclk_1, location = x0y59z1.
PHY-1001 :   Placed ioclk instance u_ph1p35_324_ddr_wrapper/u_ddr2/ph1p_ddrmc_wrapper/ph1p_ddrmc_top/u_ddr_phy/u_ddrphy_top/u_ddrphy_clk/ioclk[0]$u_ioclk_0, location = x0y59z0.
PHY-1001 : Processing 2 clock pins of DDR instance u_ph1p35_324_ddr_wrapper/u_ddr2/ph1p_ddrmc_wrapper/ph1p_ddrmc_top/u_ddr_phy/u_ddrphy_top/u_ddrphy/dx_byte[0]$dx_byte_used$u_ddrphy_dx_byte_wrapper/u_ddrphy_byte, location = x0y30z0.
PHY-1001 :   Placed ioclk instance u_ph1p35_324_ddr_wrapper/u_ddr2/ph1p_ddrmc_wrapper/ph1p_ddrmc_top/u_ddr_phy/u_ddrphy_top/u_ddrphy_clk/ioclk[1]$u_ioclk_1, location = x0y19z1.
PHY-1001 :   Placed ioclk instance u_ph1p35_324_ddr_wrapper/u_ddr2/ph1p_ddrmc_wrapper/ph1p_ddrmc_top/u_ddr_phy/u_ddrphy_top/u_ddrphy_clk/ioclk[1]$u_ioclk_0, location = x0y19z0.
PHY-1001 : Processing 2 clock pins of DDR instance u_ph1p35_324_ddr_wrapper/u_ddr2/ph1p_ddrmc_wrapper/ph1p_ddrmc_top/u_ddr_phy/u_ddrphy_top/u_ddrphy/dx_byte[1]$dx_byte_used$u_ddrphy_dx_byte_wrapper/u_ddrphy_byte, location = x0y10z0.
PHY-1001 :   Placed ioclk instance u_ph1p35_324_ddr_wrapper/u_ddr2/ph1p_ddrmc_wrapper/ph1p_ddrmc_top/u_ddr_phy/u_ddrphy_top/u_ddrphy_clk/ioclk[1]$u_ioclk_1, location = x0y19z1.
PHY-1001 :   Placed ioclk instance u_ph1p35_324_ddr_wrapper/u_ddr2/ph1p_ddrmc_wrapper/ph1p_ddrmc_top/u_ddr_phy/u_ddrphy_top/u_ddrphy_clk/ioclk[1]$u_ioclk_0, location = x0y19z0.
PHY-3001 : Target density is 60%
PHY-3001 : Target density is 60%
PHY-3001 : Initial: Len = 1.53269e+06, Over = 0
PHY-1001 : Stage 4.1 | Spreading
PHY-3001 : Design contains 158 ce signals.
PHY-3001 : Spreading for sector grids.
PHY-3001 : Iter 1, total overflow: 0
PHY-3001 : tot_capacity: 36, usage_cnt: 23, movable_cnt: 21
PHY-3001 : Spreading for clock grids.
PHY-3001 : clock grid count for 24 x 4 grids
PHY-3001 : Spreading for plb grids.
PHY-3001 : total displace: 0, max displace: 0.
PHY-3001 : End spreading;  0.408740s wall, 0.375000s user + 0.000000s system = 0.375000s CPU (91.7%)

PHY-1001 : End Stage 4.1 | Spreading; Time: 0.409090s wall, 0.375000s user + 0.000000s system = 0.375000s CPU (91.7%); Memory(MB): used = 1264, reserved = 1245, peak = 1264;

PHY-3001 : Final: Len = 1.53269e+06, Over = 0
PHY-3001 : End incremental legalization;  0.761394s wall, 0.921875s user + 0.000000s system = 0.921875s CPU (121.1%)

RUN-1002 : start command "report_qor -step place -file place.qor"
RUN-1002 : start command "start_timer"
RUN-1003 : finish command "start_timer" in  2.243997s wall, 2.078125s user + 0.046875s system = 2.125000s CPU (94.7%)

RUN-1004 : used memory is 1264 MB, reserved memory is 1245 MB, peak memory is 1264 MB
RUN-1001 : Generating global routing grids ...
-----------------------------------------------------------
| QoR metrics               |         value               |
-----------------------------------------------------------
| Timing                    |                             |
|     Setup WNS             |          381                |
|     Setup TNS             |            0                |
|     Num of violated S-EP  |            0                |
|     FMAX                  |    10.038MHz                |
|     SWNS path clock period |     100000ps                |
|     Hold WNS              |         -250                |
|     Hold TNS              |       -41157                |
|     Num of violated H-EP  |          441                |
-----------------------------------------------------------
| Routing Resource          |                             |
|     Wire length           |      1527901                |
|     Route Net Num         |        23997                |
|     DontRoute Net Num     |         9686                |
|     RouteSinks Num        |        72762                |
-----------------------------------------------------------
| Utilization               |                             |
|     #slices               |        14129                |
|     slices percentage     |       66.60%                |
|     #RAMs                 |           50                |
|     #DSPs                 |            8                |
|     #DRAMHARDCON          |           37                |
-----------------------------------------------------------
| Congestion                |                             |
|     Top 1% tile util      |           71                |
|     Top 1% tile avg util  |       78.63%                |
|     Over 100% util #tile  |            0                |
|     Max level             |            1                |
|     Window                |  [  8   4] - [  9   5]      |
-----------------------------------------------------------
Report place stage QoR done.

RUN-1003 : finish command "report_qor -step place -file place.qor" in  4.857655s wall, 4.656250s user + 0.046875s system = 4.703125s CPU (96.8%)

RUN-1004 : used memory is 1264 MB, reserved memory is 1245 MB, peak memory is 1264 MB
PHY-1001 : End Stage 4 | Optimize Design; Time: 5.645342s wall, 5.609375s user + 0.046875s system = 5.656250s CPU (100.2%); Memory(MB): used = 1264, reserved = 1245, peak = 1264;

PHY-1001 : Stage 5 | DRC Check
PHY-1001 : Stage 5.1 | Slice Attributes Check
PHY-1035 : Redundant attributes/nets in slice detected. You can use tcl "check_slice_attr -verbose" to get full message.
PHY-1039 : Found 112 mslices getting no used reg attributes, eg: u_hdmi_tx/u_hdmi_1_4b_transmitter_core_wrapper/u_hdmi_tx_controller_wrapper/u_hdmi_video_data_assemble/S_island_guard_band_1d_syn_10.
PHY-1039 : Found 112 mslices getting no used ce attributes, eg: u_hdmi_tx/u_hdmi_1_4b_transmitter_core_wrapper/u_hdmi_tx_controller_wrapper/u_hdmi_video_data_assemble/S_island_guard_band_1d_syn_10.
PHY-1001 : End Stage 5.1 | Slice Attributes Check; Time: 0.068496s wall, 0.046875s user + 0.000000s system = 0.046875s CPU (68.4%); Memory(MB): used = 1264, reserved = 1245, peak = 1264;

PHY-1001 : Stage 5.2 | Clock Bound Check
PHY-1001 : Check pass.
PHY-1001 : End Stage 5.2 | Clock Bound Check; Time: 0.003170s wall, 0.000000s user + 0.000000s system = 0.000000s CPU (n/a%); Memory(MB): used = 1264, reserved = 1245, peak = 1264;

PHY-1001 : Stage 5.3 | Force Route Constraint Check
PHY-1001 : Check Pass.
PHY-1001 : End Stage 5.3 | Force Route Constraint Check; Time: 0.003457s wall, 0.015625s user + 0.000000s system = 0.015625s CPU (452.0%); Memory(MB): used = 1264, reserved = 1245, peak = 1264;

PHY-1001 : Stage 5.4 | Sigmap Check
PHY-1001 : Check pass.
PHY-1001 : End Stage 5.4 | Sigmap Check; Time: 0.115113s wall, 0.093750s user + 0.015625s system = 0.109375s CPU (95.0%); Memory(MB): used = 1264, reserved = 1245, peak = 1264;

PHY-1001 : Stage 5.5 | Duplicated SelfDriven Check
PHY-1001 : Check pass.
PHY-1001 : End Stage 5.5 | Duplicated SelfDriven Check; Time: 0.511131s wall, 0.500000s user + 0.000000s system = 0.500000s CPU (97.8%); Memory(MB): used = 1264, reserved = 1245, peak = 1264;

PHY-1001 : Stage 5.6 | Clock Rule Check
PHY-5088 WARNING: Clock_Analyzer: Detected 1 buffer(s) clkin net because they drive non-clock sinks. Run "analyze_clock -detail" for more infomation.
PHY-5088 WARNING: Clock_Analyzer: Detected 1 buffer(s) clkout net because they drive non-clock sinks. Run "analyze_clock -detail" for more infomation.
PHY-5088 WARNING: Clock_Analyzer: 3 clock-net(s) because they drive other clock net, may cause clock skew. Run "analyze_clock -detail" for more infomation.
PHY-1001 : End Stage 5.6 | Clock Rule Check; Time: 0.104120s wall, 0.078125s user + 0.015625s system = 0.093750s CPU (90.0%); Memory(MB): used = 1264, reserved = 1245, peak = 1264;

PHY-1001 : End Stage 5 | DRC Check; Time: 0.889448s wall, 0.812500s user + 0.031250s system = 0.843750s CPU (94.9%); Memory(MB): used = 1264, reserved = 1245, peak = 1264;

OPT-1001 : QoR tracer report on placement steps:
    SWNS [   incr ]    STNS [   incr ]    FEPS [   incr ]    CRIT [   incr ]      CELL [     incr ]        WL [     incr ]    CONG [   incr ]    PDES [   incr ]   RT(s) [   incr ]   MEM(mb) [     incr ]
       0 [      0 ]       0 [      0 ]       0 [      0 ]       0 [      0 ]     29699 [        0 ]         0 [        0 ]    0.00 [   0.00 ]       0 [      0 ]       0 [      0 ]       832 [        0 ] : preplace:simplify_lut
       0 [      0 ]       0 [      0 ]       0 [      0 ]       0 [      0 ]     29699 [        0 ]         0 [        0 ]    0.00 [   0.00 ]       0 [      0 ]       0 [      0 ]       832 [        0 ] : preplace:sweep
       0 [      0 ]       0 [      0 ]       0 [      0 ]       0 [      0 ]     29699 [        0 ]         0 [        0 ]    0.00 [   0.00 ]       0 [      0 ]       0 [      0 ]       832 [        0 ] : preplace:lut_merge
       0 [      0 ]       0 [      0 ]       0 [      0 ]       0 [      0 ]     29699 [        0 ]         0 [        0 ]    0.00 [   0.00 ]       0 [      0 ]       0 [      0 ]       832 [        0 ] : preplace:hfn_opt
     301 [    301 ]       0 [      0 ]       0 [      0 ]    4396 [   4396 ]     31489 [     1790 ]   1872464 [  1872464 ]    0.00 [   0.00 ]       0 [      0 ]      14 [     14 ]      1006 [      174 ] : step1_gp
     301 [      0 ]       0 [      0 ]       0 [      0 ]    4433 [     37 ]     31489 [        0 ]   1908595 [    36131 ]    0.00 [   0.00 ]       0 [      0 ]      16 [      2 ]      1011 [        5 ] : step1_legal
     301 [      0 ]       0 [      0 ]       0 [      0 ]    4441 [      8 ]     31489 [        0 ]   1838613 [   -69982 ]    0.00 [   0.00 ]       0 [      0 ]      19 [      3 ]      1013 [        2 ] : step1_dp
     376 [     75 ]       0 [      0 ]       0 [      0 ]    4618 [    177 ]     31489 [        0 ]   1643983 [  -194630 ]  175.24 [ 175.24 ]       0 [      0 ]      26 [      7 ]      1107 [       94 ] : step2_gp
     376 [      0 ]       0 [      0 ]       0 [      0 ]    4613 [     -5 ]     31489 [        0 ]   1641135 [    -2848 ]  175.24 [   0.00 ]       0 [      0 ]      28 [      2 ]      1109 [        2 ] : step2_dp
     376 [      0 ]       0 [      0 ]       0 [      0 ]    4613 [      0 ]     31489 [        0 ]   1641135 [        0 ]  175.24 [   0.00 ]       0 [      0 ]      29 [      1 ]      1110 [        1 ] : prepack_spreading
     360 [    -16 ]       0 [      0 ]       0 [      0 ]    4721 [    108 ]     31521 [       32 ]   1329748 [  -311387 ]  177.87 [   2.63 ]       0 [      0 ]      37 [      8 ]      1120 [       10 ] : prepack:hfn_opt
     360 [      0 ]       0 [      0 ]       0 [      0 ]    4721 [      0 ]     31521 [        0 ]   1330165 [      417 ]   87.92 [ -89.95 ]       0 [      0 ]      41 [      4 ]      1120 [        0 ] : prepack:global_opt
     153 [   -207 ]       0 [      0 ]       0 [      0 ]    4944 [    223 ]     16079 [   -15442 ]   1683028 [   352863 ]   88.00 [   0.08 ]       0 [      0 ]      74 [     33 ]      1249 [      129 ] : direct_legalization
     153 [      0 ]       0 [      0 ]       0 [      0 ]    4944 [      0 ]     16079 [        0 ]   1683028 [        0 ]   88.00 [   0.00 ]       0 [      0 ]      75 [      1 ]      1253 [        4 ] : post_pack_spreading
     269 [    116 ]       0 [      0 ]       0 [      0 ]    5097 [    153 ]     16079 [        0 ]   1493112 [  -189916 ]   78.11 [  -9.89 ]       0 [      0 ]     102 [     27 ]      1263 [       10 ] : post_pack_dp
     269 [      0 ]       0 [      0 ]       0 [      0 ]    5103 [      6 ]     16072 [       -7 ]   1491169 [    -1943 ]   78.11 [   0.00 ]       0 [      0 ]     110 [      8 ]      1263 [        0 ] : postpack:optimize_equivalent_quick
     269 [      0 ]       0 [      0 ]       0 [      0 ]    5111 [      8 ]     16100 [       28 ]   1494492 [     3323 ]   78.11 [   0.00 ]       0 [      0 ]     112 [      2 ]      1263 [        0 ] : postpack:hfn_opt
     381 [    112 ]       0 [      0 ]       0 [      0 ]    5111 [      0 ]     16144 [       44 ]   1503426 [     8934 ]   77.55 [  -0.55 ]       0 [      0 ]     117 [      5 ]      1264 [        1 ] : postpack:path_opt
     381 [      0 ]       0 [      0 ]       0 [      0 ]    5104 [     -7 ]     16138 [       -6 ]   1502453 [     -973 ]   77.55 [   0.00 ]       0 [      0 ]     125 [      8 ]      1264 [        0 ] : postpack:optimize_equivalent
     381 [      0 ]       0 [      0 ]       0 [      0 ]    5306 [    202 ]     16138 [        0 ]   1502453 [        0 ]   77.55 [   0.00 ]       0 [      0 ]     126 [      1 ]      1264 [        0 ] : postpack:pin_opt
     381 [      0 ]       0 [      0 ]       0 [      0 ]    5282 [    -24 ]     16138 [        0 ]   1540095 [    37642 ]   77.55 [   0.00 ]       0 [      0 ]     141 [     15 ]      1264 [        0 ] : postpack:beeline_opt

RUN-1003 : finish command "place" in  149.817477s wall, 478.281250s user + 10.906250s system = 489.187500s CPU (326.5%)

RUN-1004 : used memory is 1264 MB, reserved memory is 1245 MB, peak memory is 1264 MB
RUN-1002 : start command "update_timing -mode manhattan"
RUN-1002 : start command "start_timer"
RUN-1003 : finish command "start_timer" in  2.264700s wall, 2.203125s user + 0.031250s system = 2.234375s CPU (98.7%)

RUN-1004 : used memory is 1264 MB, reserved memory is 1245 MB, peak memory is 1264 MB
RUN-1003 : finish command "update_timing -mode manhattan" in  3.975705s wall, 3.921875s user + 0.031250s system = 3.953125s CPU (99.4%)

RUN-1004 : used memory is 1264 MB, reserved memory is 1245 MB, peak memory is 1264 MB
RUN-1002 : start command "report_timing_summary -file camera_to_dsi_display_place.timing"
RUN-1002 : start command "report_area -io_info -file camera_to_dsi_display_phy.area"
SYN-4034 : The count of slices with lut is 7827.
SYN-4035 : The count of slices with lut+ripple is 3447.
RUN-1001 : standard
***Report Model: design_top_wrapper Device: PH1P35MDG324***

Design Statistics
#IO                        70   out of    160   43.75%
  #input                    9
  #output                  35
  #inout                   26
#lut6                   11682   out of  21216   55.06%
#reg                    14927
  #slice reg            14927   out of  42432   35.18%
  #pad reg                  0

Utilization Statistics
#slice                  14129   out of  21216   66.60%
  #used ram               408
    #dram lut             296
    #shifter lut          112
  #used logic           13721
    #with luts           7827
    #with adder          3447
    #reg only            2447
#f7mux                      0   out of  10608    0.00%
#f8mux                      0   out of   5304    0.00%
#eram                      50   out of    108   46.30%
  #eram20k                 50
  #fifo20k                  0
#dsp                        8   out of     40   20.00%
#mcu                        1   out of      1  100.00%
#ddr_byte                   6   out of     12   50.00%
#mipi_tx                    0   out of      2    0.00%
#mipi_rx                    1   out of      2   50.00%
#pad                       29   out of    160   18.12%
#pll                        3   out of      6   50.00%
#gclk                      13   out of     32   40.62%
#lclk                       0   out of     12    0.00%
#sclk                       0   out of     48    0.00%
#mlclk                      2   out of      6   33.33%
#ioclk                      4   out of     18   22.22%

RUN-1002 : start command "flow_status -file place_flow.status"
Location         : D:\2026fpga\lab_hd_1_mipi_hdmi\td_project\camera_to_dsi_display_Runs\phy_1
Running with     : Tang Dynasty v6.2.168116
                   Copyright (c) 2012-2025 Anlogic Inc.
Top Model        : design_top_wrapper
Device           : PH1P35MDG324
Speed            : 3

Timing Mode      : manhattan
Setup            : WNS   381ps  TNS        0ps  NUM_FEPS     0
Hold             : WNS  -250ps  TNS   -41157ps  NUM_FEPS   441

Flow Statistics  :
RUN-1001 : Flow Statistics:
RUN-1001 : ---------------------------------------------------------------------------------------------------
RUN-1001 :      command     |  #calls  |  wall time   |  cpu time(s)  |  used memory(mb)  |  peak memory(mb)  
RUN-1001 : ---------------------------------------------------------------------------------------------------
RUN-1001 :       place      |    1     |  2m29s(98%)  |   488(99%)    |       1264        |       1264        
RUN-1001 :   import_device  |    1     |    2s(1%)    |     2(0%)     |        341        |        341        
RUN-1001 :     import_db    |    3     |    1s(0%)    |     0(0%)     |        829        |        829        
RUN-1001 :       pack       |    1     |    0s(0%)    |     0(0%)     |        829        |        829        
RUN-1001 : ---------------------------------------------------------------------------------------------------
RUN-1001 :       total      |    6     |    2m32s     |      490      |       1264        |       1264        
RUN-1001 : ---------------------------------------------------------------------------------------------------
RUN-1002 : start command "report_clock_utilization -file place_clock_utilization.txt"
RUN-1002 : start command "export_db camera_to_dsi_display_place.db"
RUN-1001 : Exported flow parameters
RUN-1001 : Exported /
RUN-1001 : Exported libs
RUN-1001 : Exported entities
RUN-1001 : Exported ports
RUN-1001 : Exported pins
RUN-1001 : Exported instances
RUN-1001 : Exported nets
RUN-1001 : Exported buses
RUN-1001 : Exported models
RUN-1001 : Exported phy database
RUN-1001 : Exported packer
RUN-1001 : Exported congestions
RUN-1001 : Exported violations
RUN-1001 : Exported ATMR Setting
RUN-1001 : Exported timing constraints
RUN-1001 : Exported IO constraints
RUN-1001 : Exported Inst constraints
RUN-1001 : Exported ChipWatcher
RUN-1003 : finish command "export_db camera_to_dsi_display_place.db" in  1.068106s wall, 1.515625s user + 0.078125s system = 1.593750s CPU (149.2%)

RUN-1004 : used memory is 1284 MB, reserved memory is 1358 MB, peak memory is 1284 MB
RUN-1002 : start command "commit_param -step route"
RUN-1001 : Print Global Property
RUN-1001 : -------------------------------------------------------------
RUN-1001 :     Parameters    |   Settings   |  Default Values  |  Note  
RUN-1001 : -------------------------------------------------------------
RUN-1001 :    enable_seed    |     off      |       off        |        
RUN-1001 :    hfn_to_clock   |  1000000000  |    1000000000    |        
RUN-1001 :      message      |   standard   |     standard     |        
RUN-1001 :    qor_monitor    |      on      |        on        |        
RUN-1001 :   speedup_effort  |      0       |        0         |        
RUN-1001 :    syn_ip_flow    |     off      |       off        |        
RUN-1001 :       thread      |      32      |       auto       |   *    
RUN-1001 : -------------------------------------------------------------
RUN-1001 : Print Route Property
RUN-1001 : ---------------------------------------------------------------
RUN-1001 :       Parameters      |  Settings  |  Default Values  |  Note  
RUN-1001 : ---------------------------------------------------------------
RUN-1001 :         effort        |   normal   |      normal      |        
RUN-1001 :        fix_hold       |     on     |        on        |        
RUN-1001 :   hold_fix_iteration  |     5      |        5         |        
RUN-1001 :     post_route_opt    |    auto    |       auto       |        
RUN-1001 :         timing        |     on     |        on        |        
RUN-1001 : ---------------------------------------------------------------
RUN-1002 : start command "route"
RUN-1001 : Open license file F:/AnlogicFpga/TD_6.2.1_Engineer_6.2.168.116/license/Anlogic.lic
PHY-1001 : Reconnected 30 VDD pins with routing demanding
PHY-1001 : Populate physical database on model design_top_wrapper.
RUN-1001 : Dedicate pll clock connection statistics:
RUN-1001 : Clock Region s_1_l [0,40][23,79]; Utilization: 1 out of 12
RUN-1001 : ----------------------------------------------------------------------------------------------------------------------------------------------------------------------------------------------------------------------------------
RUN-1001 :   Index  |                                    Leading Clock                                     |                                                          Special Sink                                                           
RUN-1001 : ----------------------------------------------------------------------------------------------------------------------------------------------------------------------------------------------------------------------------------
RUN-1001 :     1    |  u_ph1p35_324_ddr_wrapper/u_ddr2/ph1p_ddrmc_wrapper/ph1p_ddrmc_top/u_alc_mc_top/clk  |  u_ph1p35_324_ddr_wrapper/u_ddr2/ph1p_ddrmc_wrapper/ph1p_ddrmc_top/u_ddr_phy/u_ddrphy_top/u_ddrphy_clk/u_pll1/u_pll_inst.fbclk  
RUN-1001 : ----------------------------------------------------------------------------------------------------------------------------------------------------------------------------------------------------------------------------------
RUN-1001 : Clock Region s_1_r [24,40][43,79]; Utilization: 1 out of 12
RUN-1001 : ----------------------------------------------------------------------------------------------------------------------------
RUN-1001 :   Index  |               Leading Clock                |                            Special Sink                             
RUN-1001 : ----------------------------------------------------------------------------------------------------------------------------
RUN-1001 :     1    |  g_u4_key_debounce[0]$u_u4_key_test/I_clk  |  u_PLL/ph1p_phy_pll_wrapper_25a56e5ce2f9_Inst/u_PH1P_PHY_PLL.fbclk  
RUN-1001 : ----------------------------------------------------------------------------------------------------------------------------
PHY-1001 : Working orders of clock nets being processed in bank assignment:
PHY-1001 : u_ph1p35_324_ddr_wrapper/u_ddr2/ph1p_ddrmc_wrapper/ph1p_ddrmc_top/u_alc_mc_top/clk;
PHY-1001 : g_u4_key_debounce[0]$u_u4_key_test/I_clk;
PHY-1001 : u_isp_top/u_rgb96_downscale_crop/u_scale_line_buffer/ram_f84573da5ab5_Inst/clkb;
PHY-1001 : S_hdmi_pixel_clk_syn_654;
PHY-1001 : u_lens_i2c_ctrl/u_bus/clk_syn_1;
PHY-1001 : u_mcu/MCU_521bd43d073e_Inst/core_clk_syn_1;
PHY-1001 : cwc_jtck_syn_1;
PHY-1001 : O_cam_24m_syn_3;
PHY-1001 : I_sys_clk_syn_8;
PHY-1001 : u_hdmi_tx/u_hdmi2phy_wrapper/u0_lane_lvds_8_1/I_serial_clk_syn_1;
PHY-1001 : u_ph1p35_324_ddr_wrapper/u_ddr2/ph1p_ddrmc_wrapper/ph1p_ddrmc_top/u_ddr_phy/u_ddrphy_top/u_ddrphy/apb_pclk_syn_1;
PHY-1001 : u_uicfgcs500/uii2c_inst/scl_clk_syn_9;
PHY-1001 : S_mcu_ahb_clk_syn_5;
PHY-1001 : Internal bound Intnl_0_0_25_40 is being created by clock MIPI_RX_BYTE_CLK through SCLK.
PHY-1001 : Internal bound Intnl_25_0_23_40 is being created by clock MIPI_RX_BYTE_CLK through SCLK.
PHY-1001 : Internal bound Intnl_0_40_25_40 is being created by clock u_ph1p35_324_ddr_wrapper/u_ddr2/usr_clk through SCLK.
PHY-1001 : Internal bound Intnl_25_40_19_40 is being created by clock u_ph1p35_324_ddr_wrapper/u_ddr2/usr_clk through SCLK.
RUN-1001 : Clock region assignment statistics:
RUN-1001 : Clock Region s_0_l [0,0][23,39]; Utilization: 6 out of 12
RUN-1001 : ----------------------------------------------------------------------------------------------------------------------------------------------------------------------------------------------------------------------------------------------------------------------------------------------------------------------------------------
RUN-1001 :   Bank  |                                                   Leading Clock                                                    |       Type        |                                                                          Buffer                                                                           |  Regional Clock Fanouts  
RUN-1001 : ----------------------------------------------------------------------------------------------------------------------------------------------------------------------------------------------------------------------------------------------------------------------------------------------------------------------------------------
RUN-1001 :    1    |                  u_isp_top/u_rgb96_downscale_crop/u_scale_line_buffer/ram_f84573da5ab5_Inst/clkb                   |  (infered sclk)   |                           u_mipi_dphy_rx_ph1p_mipiio_wrapper/u_ph1p_mipiio_rx_wrapper/bufg_feedback_auto_created_sclk_s_0_l_bk1                           |           1517           
RUN-1001 :    2    |                 u_ph1p35_324_ddr_wrapper/u_ddr2/ph1p_ddrmc_wrapper/ph1p_ddrmc_top/u_alc_mc_top/clk                 |  (infered sclk)   |   u_ph1p35_324_ddr_wrapper/u_ddr2/ph1p_ddrmc_wrapper/ph1p_ddrmc_top/u_ddr_phy/u_ddrphy_top/u_ddrphy_clk/u_pll1/u_bufg_fbclk_auto_created_sclk_s_0_l_bk2   |           949            
RUN-1001 :    3    |                                              S_hdmi_pixel_clk_syn_654                                              |  (infered sclk)   |                                               S_hdmi_pixel_clk_created_gclkinst_auto_created_sclk_s_0_l_bk3                                               |           109            
RUN-1001 :    4    |                                                  I_sys_clk_syn_8                                                   |  (infered sclk)   |                                               I_sys_clk_dup_6_created_gclkinst_auto_created_sclk_s_0_l_bk4                                                |            83            
RUN-1001 :    5    |  u_ph1p35_324_ddr_wrapper/u_ddr2/ph1p_ddrmc_wrapper/ph1p_ddrmc_top/u_ddr_phy/u_ddrphy_top/u_ddrphy/apb_pclk_syn_1  |  (infered sclk)   |  u_ph1p35_324_ddr_wrapper/u_ddr2/ph1p_ddrmc_wrapper/ph1p_ddrmc_top/u_ddr_phy/u_ddrphy_top/u_ddrphy/apb_pclk_created_gclkinst_auto_created_sclk_s_0_l_bk5  |            26            
RUN-1001 :    6    |                                                  O_cam_24m_syn_3                                                   |  (infered sclk)   |                                               O_cam_24m_dup_1_created_gclkinst_auto_created_sclk_s_0_l_bk6                                                |            6             
RUN-1001 : ----------------------------------------------------------------------------------------------------------------------------------------------------------------------------------------------------------------------------------------------------------------------------------------------------------------------------------------
RUN-1001 : Clock Region s_0_r [24,0][47,39]; Utilization: 10 out of 12
RUN-1001 : --------------------------------------------------------------------------------------------------------------------------------------------------------------------------------------------------------------------------------------------------------------------------------------------------------
RUN-1001 :   Bank  |                                    Leading Clock                                     |       Type        |                                                                         Buffer                                                                          |  Regional Clock Fanouts  
RUN-1001 : --------------------------------------------------------------------------------------------------------------------------------------------------------------------------------------------------------------------------------------------------------------------------------------------------------
RUN-1001 :    1    |   u_isp_top/u_rgb96_downscale_crop/u_scale_line_buffer/ram_f84573da5ab5_Inst/clkb    |  (infered sclk)   |                          u_mipi_dphy_rx_ph1p_mipiio_wrapper/u_ph1p_mipiio_rx_wrapper/bufg_feedback_auto_created_sclk_s_0_r_bk1                          |           1351           
RUN-1001 :    2    |                           u_lens_i2c_ctrl/u_bus/clk_syn_1                            |  (infered sclk)   |                                         u_lens_i2c_ctrl/u_bus/clk_created_gclkinst_auto_created_sclk_s_0_r_bk2                                          |           279            
RUN-1001 :    3    |                               S_hdmi_pixel_clk_syn_654                               |  (infered sclk)   |                                              S_hdmi_pixel_clk_created_gclkinst_auto_created_sclk_s_0_r_bk3                                              |           228            
RUN-1001 :    4    |  u_ph1p35_324_ddr_wrapper/u_ddr2/ph1p_ddrmc_wrapper/ph1p_ddrmc_top/u_alc_mc_top/clk  |  (infered sclk)   |  u_ph1p35_324_ddr_wrapper/u_ddr2/ph1p_ddrmc_wrapper/ph1p_ddrmc_top/u_ddr_phy/u_ddrphy_top/u_ddrphy_clk/u_pll1/u_bufg_fbclk_auto_created_sclk_s_0_r_bk4  |           218            
RUN-1001 :    5    |                      u_mcu/MCU_521bd43d073e_Inst/core_clk_syn_1                      |  (infered sclk)   |                                    u_mcu/MCU_521bd43d073e_Inst/core_clk_created_gclkinst_auto_created_sclk_s_0_r_bk5                                    |           155            
RUN-1001 :    6    |                                    cwc_jtck_syn_1                                    |  (infered sclk)   |                                                  cwc_jtck_created_gclkinst_auto_created_sclk_s_0_r_bk6                                                  |           115            
RUN-1001 :    7    |                                   O_cam_24m_syn_3                                    |  (infered sclk)   |                                              O_cam_24m_dup_1_created_gclkinst_auto_created_sclk_s_0_r_bk7                                               |            94            
RUN-1001 :    8    |                        u_uicfgcs500/uii2c_inst/scl_clk_syn_9                         |  (infered sclk)   |                                      u_uicfgcs500/uii2c_inst/scl_clk_created_gclkinst_auto_created_sclk_s_0_r_bk8                                       |            17            
RUN-1001 :    9    |                       g_u4_key_debounce[0]$u_u4_key_test/I_clk                       |  (infered sclk)   |                                                     u_PLL/bufg_feedback_auto_created_sclk_s_0_r_bk9                                                     |            8             
RUN-1001 :    10   |                                 S_mcu_ahb_clk_syn_5                                  |  (infered sclk)   |                                               S_mcu_ahb_clk_created_gclkinst_auto_created_sclk_s_0_r_bk10                                               |            1             
RUN-1001 : --------------------------------------------------------------------------------------------------------------------------------------------------------------------------------------------------------------------------------------------------------------------------------------------------------
RUN-1001 : Clock Region s_1_l [0,40][23,79]; Utilization: 3 out of 12
RUN-1001 : ----------------------------------------------------------------------------------------------------------------------------------------------------------------------------------------------------------------------------------------------------------------------------------------------------------------------------------------
RUN-1001 :   Bank  |                                                   Leading Clock                                                    |       Type        |                                                                          Buffer                                                                           |  Regional Clock Fanouts  
RUN-1001 : ----------------------------------------------------------------------------------------------------------------------------------------------------------------------------------------------------------------------------------------------------------------------------------------------------------------------------------------
RUN-1001 :    1    |                 u_ph1p35_324_ddr_wrapper/u_ddr2/ph1p_ddrmc_wrapper/ph1p_ddrmc_top/u_alc_mc_top/clk                 |  (infered sclk)   |   u_ph1p35_324_ddr_wrapper/u_ddr2/ph1p_ddrmc_wrapper/ph1p_ddrmc_top/u_ddr_phy/u_ddrphy_top/u_ddrphy_clk/u_pll1/u_bufg_fbclk_auto_created_sclk_s_1_l_bk1   |            70            
RUN-1001 :    2    |                  u_isp_top/u_rgb96_downscale_crop/u_scale_line_buffer/ram_f84573da5ab5_Inst/clkb                   |  (infered sclk)   |                           u_mipi_dphy_rx_ph1p_mipiio_wrapper/u_ph1p_mipiio_rx_wrapper/bufg_feedback_auto_created_sclk_s_1_l_bk2                           |           1889           
RUN-1001 :    3    |  u_ph1p35_324_ddr_wrapper/u_ddr2/ph1p_ddrmc_wrapper/ph1p_ddrmc_top/u_ddr_phy/u_ddrphy_top/u_ddrphy/apb_pclk_syn_1  |  (infered sclk)   |  u_ph1p35_324_ddr_wrapper/u_ddr2/ph1p_ddrmc_wrapper/ph1p_ddrmc_top/u_ddr_phy/u_ddrphy_top/u_ddrphy/apb_pclk_created_gclkinst_auto_created_sclk_s_1_l_bk3  |            5             
RUN-1001 : ----------------------------------------------------------------------------------------------------------------------------------------------------------------------------------------------------------------------------------------------------------------------------------------------------------------------------------------
RUN-1001 : Clock Region s_1_r [24,40][43,79]; Utilization: 7 out of 12
RUN-1001 : --------------------------------------------------------------------------------------------------------------------------------------------------------------------------------------------------------------------------------------------------------------------------------------------------------
RUN-1001 :   Bank  |                                    Leading Clock                                     |       Type        |                                                                         Buffer                                                                          |  Regional Clock Fanouts  
RUN-1001 : --------------------------------------------------------------------------------------------------------------------------------------------------------------------------------------------------------------------------------------------------------------------------------------------------------
RUN-1001 :    1    |                       g_u4_key_debounce[0]$u_u4_key_test/I_clk                       |  (infered sclk)   |                                                     u_PLL/bufg_feedback_auto_created_sclk_s_1_r_bk1                                                     |            1             
RUN-1001 :    2    |  u_ph1p35_324_ddr_wrapper/u_ddr2/ph1p_ddrmc_wrapper/ph1p_ddrmc_top/u_alc_mc_top/clk  |  (infered sclk)   |  u_ph1p35_324_ddr_wrapper/u_ddr2/ph1p_ddrmc_wrapper/ph1p_ddrmc_top/u_ddr_phy/u_ddrphy_top/u_ddrphy_clk/u_pll1/u_bufg_fbclk_auto_created_sclk_s_1_r_bk2  |           928            
RUN-1001 :    3    |                               S_hdmi_pixel_clk_syn_654                               |  (infered sclk)   |                                              S_hdmi_pixel_clk_created_gclkinst_auto_created_sclk_s_1_r_bk3                                              |           640            
RUN-1001 :    4    |   u_isp_top/u_rgb96_downscale_crop/u_scale_line_buffer/ram_f84573da5ab5_Inst/clkb    |  (infered sclk)   |                          u_mipi_dphy_rx_ph1p_mipiio_wrapper/u_ph1p_mipiio_rx_wrapper/bufg_feedback_auto_created_sclk_s_1_r_bk4                          |           331            
RUN-1001 :    5    |           u_hdmi_tx/u_hdmi2phy_wrapper/u0_lane_lvds_8_1/I_serial_clk_syn_1           |  (infered sclk)   |                         u_hdmi_tx/u_hdmi2phy_wrapper/u0_lane_lvds_8_1/I_serial_clk_created_gclkinst_auto_created_sclk_s_1_r_bk5                         |            35            
RUN-1001 :    6    |                           u_lens_i2c_ctrl/u_bus/clk_syn_1                            |  (infered sclk)   |                                         u_lens_i2c_ctrl/u_bus/clk_created_gclkinst_auto_created_sclk_s_1_r_bk6                                          |            17            
RUN-1001 :    7    |                      u_mcu/MCU_521bd43d073e_Inst/core_clk_syn_1                      |  (infered sclk)   |                                    u_mcu/MCU_521bd43d073e_Inst/core_clk_created_gclkinst_auto_created_sclk_s_1_r_bk7                                    |            6             
RUN-1001 : --------------------------------------------------------------------------------------------------------------------------------------------------------------------------------------------------------------------------------------------------------------------------------------------------------
PHY-1001 : Populate physical database on model design_top_wrapper.
PHY-1001 : Route runs in 32 thread(s)
RUN-1001 : There are total 14676 instances
RUN-1001 : 408 mslices, 13721 lslices, 53 pads, 50 brams, 8 dsps
RUN-1001 : There are total 34016 nets
RUN-1001 : 21753 nets have 2 pins
RUN-1001 : 9669 nets have [3 - 5] pins
RUN-1001 : 1770 nets have [6 - 10] pins
RUN-1001 : 543 nets have [11 - 20] pins
RUN-1001 : 240 nets have [21 - 99] pins
RUN-1001 : 41 nets have 100+ pins
RUN-1002 : start command "start_timer"
RUN-1003 : finish command "start_timer" in  3.781915s wall, 3.671875s user + 0.093750s system = 3.765625s CPU (99.6%)

RUN-1004 : used memory is 1284 MB, reserved memory is 1358 MB, peak memory is 1284 MB
PHY-1001 : 408 mslices, 13721 lslices, 53 pads, 50 brams, 8 dsps

PHY-1001 : Stage 1 | Global Routing
PHY-1001 : Start global routing, caller is route ...
RUN-1001 : Generating global routing grids ...
PHY-1001 : Generate routing nets ...
RUN-1001 : Generate nets statistics:
RUN-1001 : ----------------------------
RUN-1001 :        Type       |  Nets   
RUN-1001 : ----------------------------
RUN-1001 :   TotalRouteNets  |  24023  
RUN-1001 :   DontRouteNets   |  4980   
RUN-1001 :     RouteNets     |  19043  
RUN-1001 :     RouteSinks    |  36253  
RUN-1001 : ----------------------------
PHY-1001 : Global iterations in 32 thread ...
PHY-1002 : len = 1.70245e+06, over cnt = 1926(2%), over = 4147, worst = 9
PHY-1002 : len = 1.75635e+06, over cnt = 1281(1%), over = 2086, worst = 9
PHY-1002 : len = 1.78914e+06, over cnt = 513(0%), over = 839, worst = 9
PHY-1002 : len = 1.81555e+06, over cnt = 4(0%), over = 7, worst = 2
PHY-1002 : len = 1.81574e+06, over cnt = 0(0%), over = 0, worst = 0
PHY-1001 : End global iterations;  2.149551s wall, 3.625000s user + 0.109375s system = 3.734375s CPU (173.7%)

PHY-1001 : Congestion index:
PHY-1001 : top1  = 80.26(S 61.77, N 55.41, E 77.80, W 71.79, I 69.11, O 77.55)
PHY-1001 : top5  = 67.78(S 48.59, N 45.80, E 61.76, W 57.21, I 51.94, O 59.67)
PHY-1001 : top10 = 61.26(S 41.10, N 40.72, E 53.03, W 50.16, I 45.75, O 53.61)
PHY-1001 : top15 = 56.97(S 36.61, N 37.62, E 47.65, W 45.67, I 41.83, O 49.75)
PHY-1001 : End global routing;  2.650273s wall, 4.531250s user + 0.156250s system = 4.687500s CPU (176.9%)

PHY-1001 : End Stage 1 | Global Routing; Time: 2.650557s wall, 4.531250s user + 0.156250s system = 4.687500s CPU (176.8%); Memory(MB): used = 1311, reserved = 1358, peak = 1311;

PHY-1001 : Stage 2 | Detail Routing
PHY-1001 : Stage 2.1 | Build Routing Design
PHY-1001 : Routing in high effort: false
PHY-1001 : Routing Mode: normal
PHY-1001 : Generate detailed routing grids ...
RUN-1001 : Constructing routing connections ...
PHY-1001 : End build routing graph; 3.593838s wall, 25.031250s user + 0.343750s system = 25.375000s CPU (706.1%)

PHY-1001 : Generate nets ...
RUN-1001 : Generate nets statistics:
RUN-1001 : ------------------------------
RUN-1001 :         Type        |  Nets   
RUN-1001 : ------------------------------
RUN-1001 :        Route        |  24333  
RUN-1001 :      DontRoute      |  9683   
RUN-1001 :      RouteSinks     |  74758  
RUN-1001 :   RouteEntitySinks  |    0    
RUN-1001 :       Lut2Dff       |    0    
RUN-1001 :       Ram2Dff       |    0    
RUN-1001 :      Carry2Dff      |    0    
RUN-1001 : ------------------------------
RUN-1001 : DR clock net summary:
RUN-1001 : ---------------------------------------------------------------------------------------------------------------------------------------------------
RUN-1001 :   Net Idx  |                                                        Net Name                                                        |  Clock Type  
RUN-1001 : ---------------------------------------------------------------------------------------------------------------------------------------------------
RUN-1001 :      1     |                                                    I_sys_clk_dup_6                                                     |    Normal    
RUN-1001 :      2     |                                                    I_sys_clk_syn_8                                                     |    Normal    
RUN-1001 :      3     |                                                    O_cam_24m_dup_1                                                     |    Normal    
RUN-1001 :      4     |                                                    O_cam_24m_syn_3                                                     |    Normal    
RUN-1001 :      5     |                                                    S_hdmi_pixel_clk                                                    |    Normal    
RUN-1001 :      6     |                                                S_hdmi_pixel_clk_syn_654                                                |    Normal    
RUN-1001 :      7     |                                                     S_mcu_ahb_clk                                                      |    Normal    
RUN-1001 :      8     |                                                  S_mcu_ahb_clk_syn_5                                                   |    Normal    
RUN-1001 :      9     |                                                        cwc_jtck                                                        |    Normal    
RUN-1001 :     10     |                                                     cwc_jtck_syn_1                                                     |    Normal    
RUN-1001 :     11     |                                        g_u4_key_debounce[0]$u_u4_key_test/I_clk                                        |    Normal    
RUN-1001 :     12     |                                                     u_PLL/clk0_buf                                                     |    Normal    
RUN-1001 :     13     |                               u_hdmi_tx/u_hdmi2phy_wrapper/u0_lane_lvds_8_1/I_serial_clk                               |    Normal    
RUN-1001 :     14     |                            u_hdmi_tx/u_hdmi2phy_wrapper/u0_lane_lvds_8_1/I_serial_clk_syn_1                            |    Normal    
RUN-1001 :     15     |                    u_isp_top/u_rgb96_downscale_crop/u_scale_line_buffer/ram_f84573da5ab5_Inst/clkb                     |    Normal    
RUN-1001 :     16     |                                               u_lens_i2c_ctrl/u_bus/clk                                                |    Normal    
RUN-1001 :     17     |                                            u_lens_i2c_ctrl/u_bus/clk_syn_1                                             |    Normal    
RUN-1001 :     18     |                                          u_mcu/MCU_521bd43d073e_Inst/core_clk                                          |    Normal    
RUN-1001 :     19     |                                       u_mcu/MCU_521bd43d073e_Inst/core_clk_syn_1                                       |    Normal    
RUN-1001 :     20     |                     u_mipi_dphy_rx_ph1p_mipiio_wrapper/u_ph1p_mipiio_rx_wrapper/S_mipiio_hs_rx_clk                     |    Normal    
RUN-1001 :     21     |                   u_ph1p35_324_ddr_wrapper/u_ddr2/ph1p_ddrmc_wrapper/ph1p_ddrmc_top/u_alc_mc_top/clk                   |    Normal    
RUN-1001 :     22     |       u_ph1p35_324_ddr_wrapper/u_ddr2/ph1p_ddrmc_wrapper/ph1p_ddrmc_top/u_ddr_phy/u_ddrphy_top/u_ddrphy/apb_pclk       |    Normal    
RUN-1001 :     23     |    u_ph1p35_324_ddr_wrapper/u_ddr2/ph1p_ddrmc_wrapper/ph1p_ddrmc_top/u_ddr_phy/u_ddrphy_top/u_ddrphy/apb_pclk_syn_1    |    Normal    
RUN-1001 :     24     |      u_ph1p35_324_ddr_wrapper/u_ddr2/ph1p_ddrmc_wrapper/ph1p_ddrmc_top/u_ddr_phy/u_ddrphy_top/u_ddrphy/ctl_clk[0]      |    Normal    
RUN-1001 :     25     |      u_ph1p35_324_ddr_wrapper/u_ddr2/ph1p_ddrmc_wrapper/ph1p_ddrmc_top/u_ddr_phy/u_ddrphy_top/u_ddrphy/ctl_clk[1]      |    Normal    
RUN-1001 :     26     |      u_ph1p35_324_ddr_wrapper/u_ddr2/ph1p_ddrmc_wrapper/ph1p_ddrmc_top/u_ddr_phy/u_ddrphy_top/u_ddrphy/ddr_clk[0]      |    Normal    
RUN-1001 :     27     |      u_ph1p35_324_ddr_wrapper/u_ddr2/ph1p_ddrmc_wrapper/ph1p_ddrmc_top/u_ddr_phy/u_ddrphy_top/u_ddrphy/ddr_clk[1]      |    Normal    
RUN-1001 :     28     |    u_ph1p35_324_ddr_wrapper/u_ddr2/ph1p_ddrmc_wrapper/ph1p_ddrmc_top/u_ddr_phy/u_ddrphy_top/u_ddrphy_clk/pll0_clk_1    |    Normal    
RUN-1001 :     29     |    u_ph1p35_324_ddr_wrapper/u_ddr2/ph1p_ddrmc_wrapper/ph1p_ddrmc_top/u_ddr_phy/u_ddrphy_top/u_ddrphy_clk/pll0_clk_2    |    Normal    
RUN-1001 :     30     |   u_ph1p35_324_ddr_wrapper/u_ddr2/ph1p_ddrmc_wrapper/ph1p_ddrmc_top/u_ddr_phy/u_ddrphy_top/u_ddrphy_clk/pll0_mlclk_1   |    Normal    
RUN-1001 :     31     |   u_ph1p35_324_ddr_wrapper/u_ddr2/ph1p_ddrmc_wrapper/ph1p_ddrmc_top/u_ddr_phy/u_ddrphy_top/u_ddrphy_clk/pll0_mlclk_2   |    Normal    
RUN-1001 :     32     |  u_ph1p35_324_ddr_wrapper/u_ddr2/ph1p_ddrmc_wrapper/ph1p_ddrmc_top/u_ddr_phy/u_ddrphy_top/u_ddrphy_clk/u_pll1/clkc[0]  |    Normal    
RUN-1001 :     33     |  u_ph1p35_324_ddr_wrapper/u_ddr2/ph1p_ddrmc_wrapper/ph1p_ddrmc_top/u_ddr_phy/u_ddrphy_top/u_ddrphy_clk/u_pll1/refclk   |    Normal    
RUN-1001 :     34     |                                            u_uicfgcs500/uii2c_inst/scl_clk                                             |    Normal    
RUN-1001 :     35     |                                         u_uicfgcs500/uii2c_inst/scl_clk_syn_9                                          |    Normal    
RUN-1001 : ---------------------------------------------------------------------------------------------------------------------------------------------------
RUN-1001 : DR clock buffer summary:
RUN-1001 : -------------------------------------------------------------------------------------------------------------------------------------------------------------------
RUN-1001 :   Idx  |                                                                           Name                                                                            
RUN-1001 : -------------------------------------------------------------------------------------------------------------------------------------------------------------------
RUN-1001 :    1   |                           u_mipi_dphy_rx_ph1p_mipiio_wrapper/u_ph1p_mipiio_rx_wrapper/bufg_feedback_auto_created_sclk_s_0_l_bk1                           
RUN-1001 :    2   |   u_ph1p35_324_ddr_wrapper/u_ddr2/ph1p_ddrmc_wrapper/ph1p_ddrmc_top/u_ddr_phy/u_ddrphy_top/u_ddrphy_clk/u_pll1/u_bufg_fbclk_auto_created_sclk_s_0_l_bk2   
RUN-1001 :    3   |                                               S_hdmi_pixel_clk_created_gclkinst_auto_created_sclk_s_0_l_bk3                                               
RUN-1001 :    4   |                                               I_sys_clk_dup_6_created_gclkinst_auto_created_sclk_s_0_l_bk4                                                
RUN-1001 :    5   |  u_ph1p35_324_ddr_wrapper/u_ddr2/ph1p_ddrmc_wrapper/ph1p_ddrmc_top/u_ddr_phy/u_ddrphy_top/u_ddrphy/apb_pclk_created_gclkinst_auto_created_sclk_s_0_l_bk5  
RUN-1001 :    6   |                                               O_cam_24m_dup_1_created_gclkinst_auto_created_sclk_s_0_l_bk6                                                
RUN-1001 :    7   |                           u_mipi_dphy_rx_ph1p_mipiio_wrapper/u_ph1p_mipiio_rx_wrapper/bufg_feedback_auto_created_sclk_s_0_r_bk1                           
RUN-1001 :    8   |                                          u_lens_i2c_ctrl/u_bus/clk_created_gclkinst_auto_created_sclk_s_0_r_bk2                                           
RUN-1001 :    9   |                                               S_hdmi_pixel_clk_created_gclkinst_auto_created_sclk_s_0_r_bk3                                               
RUN-1001 :   10   |   u_ph1p35_324_ddr_wrapper/u_ddr2/ph1p_ddrmc_wrapper/ph1p_ddrmc_top/u_ddr_phy/u_ddrphy_top/u_ddrphy_clk/u_pll1/u_bufg_fbclk_auto_created_sclk_s_0_r_bk4   
RUN-1001 :   11   |                                     u_mcu/MCU_521bd43d073e_Inst/core_clk_created_gclkinst_auto_created_sclk_s_0_r_bk5                                     
RUN-1001 :   12   |                                                   cwc_jtck_created_gclkinst_auto_created_sclk_s_0_r_bk6                                                   
RUN-1001 :   13   |                                               O_cam_24m_dup_1_created_gclkinst_auto_created_sclk_s_0_r_bk7                                                
RUN-1001 :   14   |                                       u_uicfgcs500/uii2c_inst/scl_clk_created_gclkinst_auto_created_sclk_s_0_r_bk8                                        
RUN-1001 :   15   |                                                      u_PLL/bufg_feedback_auto_created_sclk_s_0_r_bk9                                                      
RUN-1001 :   16   |                                                S_mcu_ahb_clk_created_gclkinst_auto_created_sclk_s_0_r_bk10                                                
RUN-1001 :   17   |   u_ph1p35_324_ddr_wrapper/u_ddr2/ph1p_ddrmc_wrapper/ph1p_ddrmc_top/u_ddr_phy/u_ddrphy_top/u_ddrphy_clk/u_pll1/u_bufg_fbclk_auto_created_sclk_s_1_l_bk1   
RUN-1001 :   18   |                           u_mipi_dphy_rx_ph1p_mipiio_wrapper/u_ph1p_mipiio_rx_wrapper/bufg_feedback_auto_created_sclk_s_1_l_bk2                           
RUN-1001 :   19   |  u_ph1p35_324_ddr_wrapper/u_ddr2/ph1p_ddrmc_wrapper/ph1p_ddrmc_top/u_ddr_phy/u_ddrphy_top/u_ddrphy/apb_pclk_created_gclkinst_auto_created_sclk_s_1_l_bk3  
RUN-1001 :   20   |                                                      u_PLL/bufg_feedback_auto_created_sclk_s_1_r_bk1                                                      
RUN-1001 :   21   |   u_ph1p35_324_ddr_wrapper/u_ddr2/ph1p_ddrmc_wrapper/ph1p_ddrmc_top/u_ddr_phy/u_ddrphy_top/u_ddrphy_clk/u_pll1/u_bufg_fbclk_auto_created_sclk_s_1_r_bk2   
RUN-1001 :   22   |                                               S_hdmi_pixel_clk_created_gclkinst_auto_created_sclk_s_1_r_bk3                                               
RUN-1001 :   23   |                           u_mipi_dphy_rx_ph1p_mipiio_wrapper/u_ph1p_mipiio_rx_wrapper/bufg_feedback_auto_created_sclk_s_1_r_bk4                           
RUN-1001 :   24   |                          u_hdmi_tx/u_hdmi2phy_wrapper/u0_lane_lvds_8_1/I_serial_clk_created_gclkinst_auto_created_sclk_s_1_r_bk5                          
RUN-1001 :   25   |                                          u_lens_i2c_ctrl/u_bus/clk_created_gclkinst_auto_created_sclk_s_1_r_bk6                                           
RUN-1001 :   26   |                                     u_mcu/MCU_521bd43d073e_Inst/core_clk_created_gclkinst_auto_created_sclk_s_1_r_bk7                                     
RUN-1001 : -------------------------------------------------------------------------------------------------------------------------------------------------------------------
PHY-1001 : End Stage 2.1 | Build Routing Design; Time: 4.253995s wall, 25.625000s user + 0.406250s system = 26.031250s CPU (611.9%); Memory(MB): used = 1641, reserved = 1621, peak = 1641;

RUN-1001 : Top Percentage Crit. Net Stat.
RUN-1001 : -------------------------------------------------------
RUN-1001 :   Top %  |  Net Count  |  Avg. Fanout  |  Avg. Slack   
RUN-1001 : -------------------------------------------------------
RUN-1001 :     1    |     340     |   2.982353    |  1441.470588  
RUN-1001 :     2    |     680     |   3.154412    |  2402.882353  
RUN-1001 :     3    |    1020     |   3.241176    |  3192.960784  
RUN-1001 :     4    |    1360     |   3.376471    |  3658.017647  
RUN-1001 :     5    |    1700     |   3.354118    |  3965.941176  
RUN-1001 :     6    |    2040     |   3.237745    |  4189.935784  
RUN-1001 :     7    |    2381     |   3.149937    |  4364.888282  
RUN-1001 :     8    |    2721     |   3.058802    |  4507.515252  
RUN-1001 :     9    |    3061     |   3.018295    |  4628.669716  
RUN-1001 :    10    |    3401     |   3.000294    |  4734.362246  
RUN-1001 : -------------------------------------------------------
PHY-1001 : Stage 2.2 | Tile Base Routing
PHY-1001 : 209 nets need to preroute.
PHY-1001 : len = 0, over cnt = 0(0%), over = 0, worst = 0, crit = 0
PHY-1001 : End Stage 2.2 | Tile Base Routing; Time: 0.363337s wall, 8.218750s user + 0.062500s system = 8.281250s CPU (2279.2%); Memory(MB): used = 1644, reserved = 1625, peak = 1644;

PHY-1001 : Stage 2.3 | Clock Nets Routing
PHY-1001 : Routed 0% nets.
PHY-1001 : len = 445264, over cnt = 0(0%), over = 0, worst = 0, crit = 0
PHY-1001 : End Stage 2.3 | Clock Nets Routing; Time: 2.573342s wall, 2.968750s user + 0.046875s system = 3.015625s CPU (117.2%); Memory(MB): used = 1687, reserved = 1667, peak = 1687;

PHY-1001 : Stage 2.4 | Routing Initialization
PHY-1001 : Mark 1% net(place mode slack < 2453ps) as critical nets.
PHY-1001 : Stage 2.4.1 | Normal Nets Routing
PHY-1001 : Routed 71% nets.
PHY-1001 : len = 2.9091e+06, over cnt = 13275(0%), over = 14156, worst = 4, crit = 0
PHY-1001 : End Stage 2.4.1 | Normal Nets Routing; Time: 12.895130s wall, 24.062500s user + 0.703125s system = 24.765625s CPU (192.1%); Memory(MB): used = 1726, reserved = 1706, peak = 1726;

PHY-1001 : Stage 2.4.2 | Update Timing
RUN-1002 : start command "start_timer"
USR-1002 : Derived clock:  create_generated_clock -name {u_PLL/ph1p_phy_pll_wrapper_25a56e5ce2f9_Inst/u_PH1P_PHY_PLL.clkc[0]} -source [get_ports {I_sys_clk}] -master_clock {sys_clk_50m} -multiply_by 2.0000 -duty_cycle 50.0000 [get_pins {u_PLL/ph1p_phy_pll_wrapper_25a56e5ce2f9_Inst/u_PH1P_PHY_PLL.clkc[0]}]
USR-1002 : Derived clock:  create_generated_clock -name {u_PLL/ph1p_phy_pll_wrapper_25a56e5ce2f9_Inst/u_PH1P_PHY_PLL.clkc[1]} -source [get_ports {I_sys_clk}] -master_clock {sys_clk_50m} -divide_by 2.1000 -duty_cycle 50.0000 [get_pins {u_PLL/ph1p_phy_pll_wrapper_25a56e5ce2f9_Inst/u_PH1P_PHY_PLL.clkc[1]}]
USR-1002 : Derived clock:  create_generated_clock -name {u_PLL/ph1p_phy_pll_wrapper_25a56e5ce2f9_Inst/u_PH1P_PHY_PLL.clkc[2]} -source [get_ports {I_sys_clk}] -master_clock {sys_clk_50m} -multiply_by 1.0000 -duty_cycle 50.0000 [get_pins {u_PLL/ph1p_phy_pll_wrapper_25a56e5ce2f9_Inst/u_PH1P_PHY_PLL.clkc[2]}]
USR-1002 : Derived clock:  create_generated_clock -name {u_PLL/ph1p_phy_pll_wrapper_25a56e5ce2f9_Inst/u_PH1P_PHY_PLL.clkc[3]} -source [get_ports {I_sys_clk}] -master_clock {sys_clk_50m} -multiply_by 6.0000 -duty_cycle 50.0000 [get_pins {u_PLL/ph1p_phy_pll_wrapper_25a56e5ce2f9_Inst/u_PH1P_PHY_PLL.clkc[3]}]
USR-1002 : Derived clock:  create_generated_clock -name {u_PLL/ph1p_phy_pll_wrapper_25a56e5ce2f9_Inst/u_PH1P_PHY_PLL.clkc[4]} -source [get_ports {I_sys_clk}] -master_clock {sys_clk_50m} -multiply_by 1.5000 -duty_cycle 50.0000 [get_pins {u_PLL/ph1p_phy_pll_wrapper_25a56e5ce2f9_Inst/u_PH1P_PHY_PLL.clkc[4]}]
USR-1002 : Derived clock:  create_generated_clock -name {u_PLL/ph1p_phy_pll_wrapper_25a56e5ce2f9_Inst/u_PH1P_PHY_PLL.clkc[5]} -source [get_ports {I_sys_clk}] -master_clock {sys_clk_50m} -multiply_by 7.5000 -duty_cycle 50.0000 [get_pins {u_PLL/ph1p_phy_pll_wrapper_25a56e5ce2f9_Inst/u_PH1P_PHY_PLL.clkc[5]}]
USR-1002 : Derived clock:  create_generated_clock -name {u_ph1p35_324_ddr_wrapper/u_ddr2/ph1p_ddrmc_wrapper/ph1p_ddrmc_top/u_ddr_phy/u_ddrphy_top/u_ddrphy_clk/u_pll0/u_pll_inst.clkc[0]} -source [get_ports {I_sys_clk}] -master_clock {sys_clk_50m} -multiply_by 1.3333 -duty_cycle 50.0000 [get_pins {u_ph1p35_324_ddr_wrapper/u_ddr2/ph1p_ddrmc_wrapper/ph1p_ddrmc_top/u_ddr_phy/u_ddrphy_top/u_ddrphy_clk/u_pll0/u_pll_inst.clkc[0]}]
USR-1002 : Derived clock:  create_generated_clock -name {u_ph1p35_324_ddr_wrapper/u_ddr2/ph1p_ddrmc_wrapper/ph1p_ddrmc_top/u_ddr_phy/u_ddrphy_top/u_ddrphy_clk/u_pll0/u_pll_inst.clkc[1]} -source [get_ports {I_sys_clk}] -master_clock {sys_clk_50m} -multiply_by 1.3333 -duty_cycle 50.0000 [get_pins {u_ph1p35_324_ddr_wrapper/u_ddr2/ph1p_ddrmc_wrapper/ph1p_ddrmc_top/u_ddr_phy/u_ddrphy_top/u_ddrphy_clk/u_pll0/u_pll_inst.clkc[1]}]
USR-1002 : Derived clock:  create_generated_clock -name {u_ph1p35_324_ddr_wrapper/u_ddr2/ph1p_ddrmc_wrapper/ph1p_ddrmc_top/u_ddr_phy/u_ddrphy_top/u_ddrphy_clk/u_pll0/u_pll_inst.clkc[2]} -source [get_ports {I_sys_clk}] -master_clock {sys_clk_50m} -multiply_by 5.3333 -duty_cycle 50.0000 [get_pins {u_ph1p35_324_ddr_wrapper/u_ddr2/ph1p_ddrmc_wrapper/ph1p_ddrmc_top/u_ddr_phy/u_ddrphy_top/u_ddrphy_clk/u_pll0/u_pll_inst.clkc[2]}]
USR-1002 : Derived clock:  create_generated_clock -name {u_ph1p35_324_ddr_wrapper/u_ddr2/ph1p_ddrmc_wrapper/ph1p_ddrmc_top/u_ddr_phy/u_ddrphy_top/u_ddrphy_clk/u_pll0/u_pll_inst.clkc[3]} -source [get_ports {I_sys_clk}] -master_clock {sys_clk_50m} -divide_by 1.9687 -duty_cycle 50.0000 [get_pins {u_ph1p35_324_ddr_wrapper/u_ddr2/ph1p_ddrmc_wrapper/ph1p_ddrmc_top/u_ddr_phy/u_ddrphy_top/u_ddrphy_clk/u_pll0/u_pll_inst.clkc[3]}]
USR-1002 : Derived clock:  create_generated_clock -name {u_ph1p35_324_ddr_wrapper/u_ddr2/ph1p_ddrmc_wrapper/ph1p_ddrmc_top/u_ddr_phy/u_ddrphy_top/u_ddrphy_clk/u_pll1/u_pll_inst.clkc[0]} -source [get_pins {u_ph1p35_324_ddr_wrapper/u_ddr2/ph1p_ddrmc_wrapper/ph1p_ddrmc_top/u_ddr_phy/u_ddrphy_top/u_ddrphy_clk/u_pll0/u_pll_inst.clkc[0]}] -master_clock {u_ph1p35_324_ddr_wrapper/u_ddr2/ph1p_ddrmc_wrapper/ph1p_ddrmc_top/u_ddr_phy/u_ddrphy_top/u_ddrphy_clk/u_pll0/u_pll_inst.clkc[0]} -multiply_by 1.0000 -duty_cycle 50.0000 [get_pins {u_ph1p35_324_ddr_wrapper/u_ddr2/ph1p_ddrmc_wrapper/ph1p_ddrmc_top/u_ddr_phy/u_ddrphy_top/u_ddrphy_clk/u_pll1/u_pll_inst.clkc[0]}]
8.888000
15.000000
15.000000
13.333000
RUN-1003 : finish command "start_timer" in  3.138503s wall, 3.062500s user + 0.031250s system = 3.093750s CPU (98.6%)

RUN-1004 : used memory is 1726 MB, reserved memory is 1706 MB, peak memory is 1726 MB
TMR-2502 : Net delay update with mode: Routed
PHY-1001 : 0/24023(0%) critical/total net(s).
PHY-1001 : Setup: WNS(ns) = 0.136, TNS(ns) = 0.000, FEP = 0 | Hold: WNS(ns) = -0.160, TNS(ns) = -8.644, FEP = 185.
PHY-1001 : End Stage 2.4.2 | Update Timing; Time: 7.996732s wall, 7.625000s user + 0.234375s system = 7.859375s CPU (98.3%); Memory(MB): used = 1845, reserved = 1825, peak = 1845;

PHY-1001 : Stage 2.4.3 | Deskew Clock Tree
RUN-1001 : Deskew Summary
RUN-1001 : ---------------------------------------------------------------------------------------------------------------------------------
RUN-1001 :                                                 Clock                                                 |  Pre-Skew  |  Post-Skew  
RUN-1001 : ---------------------------------------------------------------------------------------------------------------------------------
RUN-1001 :                                             mipi_rx_ck_pad                                            |     34     |     34      
RUN-1001 :   u_mipi_dphy_rx_ph1p_mipiio_wrapper/u_ph1p_mipiio_rx_wrapper/u_PH1P_LOGIC_DPHY_MIPI_RX.io_clk_pad_p  |     34     |     34      
RUN-1001 :                  u_PLL/ph1p_phy_pll_wrapper_25a56e5ce2f9_Inst/u_PH1P_PHY_PLL.clkc[3]                  |     14     |     14      
RUN-1001 :                                            MIPI_RX_BYTE_CLK                                           |     34     |     34      
RUN-1001 :                                              pll_clk_100m                                             |     11     |     11      
RUN-1001 :                                             HDMI_PIXEL_CLK                                            |     13     |     13      
RUN-1001 :                                u_ph1p35_324_ddr_wrapper/u_ddr2/usr_clk                                |     15     |     15      
RUN-1001 :                  u_PLL/ph1p_phy_pll_wrapper_25a56e5ce2f9_Inst/u_PH1P_PHY_PLL.clkc[2]                  |     13     |     13      
RUN-1001 :                                u_ph1p35_324_ddr_wrapper/u_ddr2/mcu_clk                                |     8      |      8      
RUN-1001 :                                              pll_clk_24m                                              |     3      |      3      
RUN-1001 : ---------------------------------------------------------------------------------------------------------------------------------
PHY-1001 : 0/24023(0%) critical/total net(s).
PHY-1001 : Setup: WNS(ns) = 0.136, TNS(ns) = 0.000, FEP = 0 | Hold: WNS(ns) = -0.160, TNS(ns) = -8.644, FEP = 185.
PHY-1001 : End Stage 2.4.3 | Deskew Clock Tree; Time: 4.946768s wall, 4.796875s user + 0.078125s system = 4.875000s CPU (98.5%); Memory(MB): used = 1880, reserved = 1859, peak = 1880;

PHY-1001 : End Stage 2.4 | Routing Initialization; Time: 25.959111s wall, 36.593750s user + 1.015625s system = 37.609375s CPU (144.9%); Memory(MB): used = 1880, reserved = 1859, peak = 1880;

PHY-1001 : Stage 2.5 | Routing Optimization
PHY-1001 : Build lut bridge;  0.174153s wall, 0.140625s user + 0.031250s system = 0.171875s CPU (98.7%)

PHY-1001 : Stage 2.5.1 | Phase 1
PHY-1001 : Stage 2.5.1.1 | Hold TimeOptimization
PHY-1001 : Iter 0; Processed 259 pins with HWNS -0.095ns HTNS -1.399ns FEP 42 took 0.693866 seconds.
PHY-1001 : Iter 1; Processed 319 pins with HWNS 0.010ns HTNS 0.000ns FEP 0 took 0.295831 seconds.
PHY-1001 : len = 2.93358e+06, over cnt = 13236(0%), over = 14126, worst = 4, crit = 0
PHY-1001 : End Stage 2.5.1.1 | Hold TimeOptimization; Time: 1.100123s wall, 1.812500s user + 0.000000s system = 1.812500s CPU (164.8%); Memory(MB): used = 1882, reserved = 1861, peak = 1882;

PHY-1001 : Stage 2.5.1.2 | High Fanout Nets Optimization
PHY-1001 : High fanout net optimize summary:
PHY-1001 : Process 0 nets and 0 pins with SWNS 0.136ns STNS 0.000ns FEP 0.
PHY-1001 : len = 2.93358e+06, over cnt = 13236(0%), over = 14126, worst = 4, crit = 0
PHY-1001 : End Stage 2.5.1.2 | High Fanout Nets Optimization; Time: 0.272274s wall, 0.265625s user + 0.000000s system = 0.265625s CPU (97.6%); Memory(MB): used = 1882, reserved = 1861, peak = 1882;

PHY-1001 : Stage 2.5.1.3 | Setup TimeOptimization
PHY-1001 : len = 2.93358e+06, over cnt = 13236(0%), over = 14126, worst = 4, crit = 0
PHY-1001 : End Stage 2.5.1.3 | Setup TimeOptimization; Time: 0.283246s wall, 0.296875s user + 0.000000s system = 0.296875s CPU (104.8%); Memory(MB): used = 1882, reserved = 1861, peak = 1882;

PHY-1001 : Stage 2.5.1.4 | Rip-up And ReRoute
PHY-0007 : Congestion: {78.37, 69.98, 64.93, 61.64}; Timing: {0.136ns, 0.000ns, 0}
PHY-1001 : Iter 1: len = 3.02261e+06, over cnt = 6585(0%), over = 6792, worst = 3, crit = 0, time(s) = 5.68
PHY-1001 : Iter 2: len = 3.05522e+06, over cnt = 3750(0%), over = 3793, worst = 2, crit = 0, time(s) = 3.45
PHY-1001 : Iter 3: len = 3.06584e+06, over cnt = 2805(0%), over = 2812, worst = 2, crit = 0, time(s) = 1.47
PHY-1001 : Iter 4: len = 3.10997e+06, over cnt = 1256(0%), over = 1257, worst = 2, crit = 0, time(s) = 2.43
PHY-1001 : Iter 5: len = 3.12032e+06, over cnt = 803(0%), over = 803, worst = 1, crit = 0, time(s) = 0.79
PHY-1001 : Iter 6: len = 3.12371e+06, over cnt = 694(0%), over = 694, worst = 1, crit = 0, time(s) = 0.47
PHY-1001 : Iter 7: len = 3.12469e+06, over cnt = 646(0%), over = 646, worst = 1, crit = 0, time(s) = 0.50
PHY-1001 : Marking 13 (0.34%) hot zones with cutoff utilization 81.25.
PHY-1001 : Iter 8: len = 3.15483e+06, over cnt = 137(0%), over = 137, worst = 1, crit = 0, time(s) = 0.49
PHY-1001 : Iter 9: len = 3.15883e+06, over cnt = 60(0%), over = 60, worst = 1, crit = 0, time(s) = 0.20
PHY-1001 : Iter 10: len = 3.16328e+06, over cnt = 16(0%), over = 16, worst = 1, crit = 0, time(s) = 0.13
PHY-1001 : Iter 11: len = 3.16376e+06, over cnt = 8(0%), over = 8, worst = 1, crit = 0, time(s) = 0.07
PHY-1001 : Iter 12: len = 3.16414e+06, over cnt = 0(0%), over = 0, worst = 0, crit = 0, time(s) = 0.07
PHY-1001 : Marking 13 (0.34%) hot zones with cutoff utilization 81.25.
PHY-1001 : Update congestion ...
PHY-1001 : Marking 13 (0.34%) hot zones with cutoff utilization 81.25.
PHY-1001 : Congestion index:
PHY-1001 : top1  = 82.38(S 65.77, N 61.40, E 79.44, W 78.64, I 69.11, O 77.55)
PHY-1001 : top5  = 74.17(S 57.54, N 54.99, E 68.39, W 69.44, I 51.94, O 59.67)
PHY-1001 : top10 = 69.26(S 52.12, N 50.87, E 61.85, W 63.29, I 45.75, O 53.61)
PHY-1001 : top15 = 65.96(S 48.53, N 48.27, E 57.63, W 59.41, I 41.83, O 49.75)
PHY-1001 : End update congestion; 0.027591s wall, 0.031250s user + 0.000000s system = 0.031250s CPU (113.3%)

PHY-1001 : End Stage 2.5.1.4 | Rip-up And ReRoute; Time: 15.953883s wall, 36.515625s user + 0.609375s system = 37.125000s CPU (232.7%); Memory(MB): used = 1882, reserved = 1861, peak = 1882;

PHY-1001 : Stage 2.5.1.5 | Update Timing
PHY-1001 : 16/24023(0%) critical/total net(s).
PHY-1001 : Setup: WNS(ns) = -0.886, TNS(ns) = -9.065, FEP = 19 | Hold: WNS(ns) = -0.160, TNS(ns) = -2.239, FEP = 39.
PHY-1001 : End Stage 2.5.1.5 | Update Timing; Time: 2.928441s wall, 2.859375s user + 0.062500s system = 2.921875s CPU (99.8%); Memory(MB): used = 1895, reserved = 1875, peak = 1895;

PHY-1001 : Stage 2.5.1.6 | Commit Data
PHY-1001 : Commit better result to database ...
PHY-1001 : End Stage 2.5.1.6 | Commit Data; Time: 0.162772s wall, 0.140625s user + 0.015625s system = 0.156250s CPU (96.0%); Memory(MB): used = 1916, reserved = 1895, peak = 1916;

PHY-1001 : End Stage 2.5.1 | Phase 1; Time: 21.374760s wall, 42.953125s user + 0.859375s system = 43.812500s CPU (205.0%); Memory(MB): used = 1916, reserved = 1895, peak = 1916;

PHY-1001 : Stage 2.5.2 | Phase 2
PHY-1001 : Stage 2.5.2.1 | Hold TimeOptimization
PHY-1001 : Iter 0; Processed 63 pins with HWNS -0.095ns HTNS -0.157ns FEP 3 took 0.745159 seconds.
PHY-1001 : Iter 1; Processed 70 pins with HWNS 0.020ns HTNS 0.000ns FEP 0 took 0.11614 seconds.
PHY-1001 : len = 3.1709e+06, over cnt = 35(0%), over = 42, worst = 2, crit = 0
PHY-1001 : End Stage 2.5.2.1 | Hold TimeOptimization; Time: 0.974317s wall, 1.015625s user + 0.000000s system = 1.015625s CPU (104.2%); Memory(MB): used = 1916, reserved = 1895, peak = 1916;

PHY-1001 : Stage 2.5.2.2 | High Fanout Nets Optimization
PHY-1001 : High fanout net optimize summary:
PHY-1001 : Process 1 nets and 1 pins with SWNS -0.167ns STNS -1.071ns FEP 11.
PHY-1001 : len = 3.17091e+06, over cnt = 35(0%), over = 42, worst = 2, crit = 0
PHY-1001 : End Stage 2.5.2.2 | High Fanout Nets Optimization; Time: 0.287375s wall, 0.750000s user + 0.000000s system = 0.750000s CPU (261.0%); Memory(MB): used = 1916, reserved = 1895, peak = 1916;

PHY-1001 : Stage 2.5.2.3 | Setup TimeOptimization
PHY-1001 : Start to optimize setup violation with net base ...
PHY-1001 : Iter 1; Processed 5 pins with SWNS 0.109ns STNS 0.000ns FEP 0 took 0.303117 seconds.
PHY-1001 : len = 3.17112e+06, over cnt = 40(0%), over = 47, worst = 2, crit = 0
PHY-1001 : End Stage 2.5.2.3 | Setup TimeOptimization; Time: 0.593102s wall, 1.015625s user + 0.000000s system = 1.015625s CPU (171.2%); Memory(MB): used = 1916, reserved = 1895, peak = 1916;

PHY-1001 : Stage 2.5.2.4 | Rip-up And ReRoute
PHY-1001 : Iter 1: len = 3.1696e+06, over cnt = 17(0%), over = 19, worst = 2, crit = 0, time(s) = 0.06
PHY-1001 : Iter 2: len = 3.16733e+06, over cnt = 0(0%), over = 0, worst = 0, crit = 0, time(s) = 0.05
PHY-1001 : Update congestion ...
PHY-1001 : Marking 30 (0.78%) hot zones with cutoff utilization 81.25.
PHY-1001 : Congestion index:
PHY-1001 : top1  = 82.34(S 65.84, N 61.47, E 79.44, W 78.64, I 69.11, O 77.55)
PHY-1001 : top5  = 74.12(S 57.77, N 55.06, E 68.36, W 69.42, I 51.94, O 59.67)
PHY-1001 : top10 = 69.22(S 52.27, N 50.96, E 61.89, W 63.23, I 45.75, O 53.61)
PHY-1001 : top15 = 65.96(S 48.65, N 48.33, E 57.66, W 59.39, I 41.83, O 49.75)
PHY-1001 : End update congestion; 0.028196s wall, 0.093750s user + 0.015625s system = 0.109375s CPU (387.9%)

PHY-1001 : End Stage 2.5.2.4 | Rip-up And ReRoute; Time: 0.183272s wall, 0.687500s user + 0.015625s system = 0.703125s CPU (383.7%); Memory(MB): used = 1916, reserved = 1895, peak = 1916;

PHY-1001 : Stage 2.5.2.5 | Update Timing
PHY-1001 : 0/24023(0%) critical/total net(s).
PHY-1001 : Setup: WNS(ns) = 0.092, TNS(ns) = 0.000, FEP = 0 | Hold: WNS(ns) = -0.160, TNS(ns) = -1.854, FEP = 29.
PHY-1001 : End Stage 2.5.2.5 | Update Timing; Time: 0.355589s wall, 0.343750s user + 0.015625s system = 0.359375s CPU (101.1%); Memory(MB): used = 1914, reserved = 1894, peak = 1916;

PHY-1001 : Stage 2.5.2.6 | Commit Data
PHY-1001 : Commit better result to database ...
PHY-1001 : End Stage 2.5.2.6 | Commit Data; Time: 0.054420s wall, 0.046875s user + 0.000000s system = 0.046875s CPU (86.1%); Memory(MB): used = 1914, reserved = 1894, peak = 1916;

PHY-1001 : End Stage 2.5.2 | Phase 2; Time: 2.905016s wall, 4.546875s user + 0.031250s system = 4.578125s CPU (157.6%); Memory(MB): used = 1914, reserved = 1894, peak = 1916;

PHY-1001 : Stage 2.5.3 | Phase 3
PHY-1001 : Stage 2.5.3.1 | Hold TimeOptimization
PHY-1001 : Iter 0; Processed 35 pins with HWNS 0.020ns HTNS 0.000ns FEP 0 took 0.747488 seconds.
PHY-1001 : len = 3.17168e+06, over cnt = 23(0%), over = 30, worst = 3, crit = 0
PHY-1001 : End Stage 2.5.3.1 | Hold TimeOptimization; Time: 0.861584s wall, 0.828125s user + 0.015625s system = 0.843750s CPU (97.9%); Memory(MB): used = 1914, reserved = 1894, peak = 1916;

PHY-1001 : Stage 2.5.3.2 | High Fanout Nets Optimization
PHY-1001 : High fanout net optimize summary:
PHY-1001 : Process 0 nets and 0 pins with SWNS 0.092ns STNS 0.000ns FEP 0.
PHY-1001 : len = 3.17168e+06, over cnt = 23(0%), over = 30, worst = 3, crit = 0
PHY-1001 : End Stage 2.5.3.2 | High Fanout Nets Optimization; Time: 0.278494s wall, 0.281250s user + 0.000000s system = 0.281250s CPU (101.0%); Memory(MB): used = 1914, reserved = 1894, peak = 1916;

PHY-1001 : Stage 2.5.3.3 | Setup TimeOptimization
PHY-1001 : Start to optimize setup violation with net base ...
PHY-1001 : Iter 1; Processed 1 pins with SWNS 0.105ns STNS 0.000ns FEP 0 took 0.138265 seconds.
PHY-1001 : len = 3.17165e+06, over cnt = 25(0%), over = 32, worst = 3, crit = 0
PHY-1001 : End Stage 2.5.3.3 | Setup TimeOptimization; Time: 0.420156s wall, 0.453125s user + 0.000000s system = 0.453125s CPU (107.8%); Memory(MB): used = 1915, reserved = 1894, peak = 1916;

PHY-1001 : Stage 2.5.3.4 | Rip-up And ReRoute
PHY-1001 : Iter 1: len = 3.16842e+06, over cnt = 0(0%), over = 0, worst = 0, crit = 0, time(s) = 0.06
PHY-1001 : Update congestion ...
PHY-1001 : Marking 31 (0.81%) hot zones with cutoff utilization 81.25.
PHY-1001 : Congestion index:
PHY-1001 : top1  = 82.34(S 65.77, N 61.47, E 79.44, W 78.64, I 69.11, O 77.55)
PHY-1001 : top5  = 74.12(S 57.74, N 55.07, E 68.36, W 69.43, I 51.94, O 59.67)
PHY-1001 : top10 = 69.22(S 52.28, N 50.99, E 61.90, W 63.26, I 45.75, O 53.61)
PHY-1001 : top15 = 65.96(S 48.66, N 48.35, E 57.68, W 59.39, I 41.83, O 49.75)
PHY-1001 : End update congestion; 0.028566s wall, 0.015625s user + 0.015625s system = 0.031250s CPU (109.4%)

PHY-1001 : End Stage 2.5.3.4 | Rip-up And ReRoute; Time: 0.136693s wall, 0.515625s user + 0.031250s system = 0.546875s CPU (400.1%); Memory(MB): used = 1915, reserved = 1894, peak = 1916;

PHY-1001 : Stage 2.5.3.5 | Update Timing
PHY-1001 : 0/24023(0%) critical/total net(s).
PHY-1001 : Setup: WNS(ns) = 0.105, TNS(ns) = 0.000, FEP = 0 | Hold: WNS(ns) = -0.160, TNS(ns) = -1.562, FEP = 24.
PHY-1001 : End Stage 2.5.3.5 | Update Timing; Time: 0.323325s wall, 0.296875s user + 0.015625s system = 0.312500s CPU (96.7%); Memory(MB): used = 1915, reserved = 1894, peak = 1916;

PHY-1001 : Stage 2.5.3.6 | Commit Data
PHY-1001 : Commit better result to database ...
PHY-1001 : End Stage 2.5.3.6 | Commit Data; Time: 0.049806s wall, 0.031250s user + 0.015625s system = 0.046875s CPU (94.1%); Memory(MB): used = 1915, reserved = 1894, peak = 1916;

PHY-1001 : End Stage 2.5.3 | Phase 3; Time: 2.474628s wall, 2.843750s user + 0.078125s system = 2.921875s CPU (118.1%); Memory(MB): used = 1915, reserved = 1894, peak = 1916;

PHY-1001 : End Stage 2.5 | Routing Optimization; Time: 31.963617s wall, 55.890625s user + 1.078125s system = 56.968750s CPU (178.2%); Memory(MB): used = 1915, reserved = 1894, peak = 1916;

PHY-1001 : Stage 2.6 | Multi-try route Optimization
PHY-1001 : End Stage 2.6 | Multi-try route Optimization; Time: 0.089040s wall, 0.093750s user + 0.000000s system = 0.093750s CPU (105.3%); Memory(MB): used = 1916, reserved = 1895, peak = 1916;

PHY-1003 : Routed, final wirelength = 3.16842e+06
RUN-1001 : Clock region assignment statistics:
RUN-1001 : Clock Region s_0_l [0,0][23,39]; Utilization: 6 out of 12
RUN-1001 : -----------------------------------------------------------------------------------------------------------------------------------------------------------------------------------------------------------------------------------------------------------------------------------------------------------------------------------------------------------------------------------------------------------------------------------------------------
RUN-1001 :   Bank  |                                                   Assigned Clock                                                   |                                                    Route Clock                                                     |  Marking  |                                                                          Buffer                                                                           |  Regional Clock Fanouts  
RUN-1001 : -----------------------------------------------------------------------------------------------------------------------------------------------------------------------------------------------------------------------------------------------------------------------------------------------------------------------------------------------------------------------------------------------------------------------------------------------------
RUN-1001 :    1    |                  u_isp_top/u_rgb96_downscale_crop/u_scale_line_buffer/ram_f84573da5ab5_Inst/clkb                   |                  u_isp_top/u_rgb96_downscale_crop/u_scale_line_buffer/ram_f84573da5ab5_Inst/clkb                   |           |                           u_mipi_dphy_rx_ph1p_mipiio_wrapper/u_ph1p_mipiio_rx_wrapper/bufg_feedback_auto_created_sclk_s_0_l_bk1                           |           1517           
RUN-1001 :    2    |                 u_ph1p35_324_ddr_wrapper/u_ddr2/ph1p_ddrmc_wrapper/ph1p_ddrmc_top/u_alc_mc_top/clk                 |                 u_ph1p35_324_ddr_wrapper/u_ddr2/ph1p_ddrmc_wrapper/ph1p_ddrmc_top/u_alc_mc_top/clk                 |           |   u_ph1p35_324_ddr_wrapper/u_ddr2/ph1p_ddrmc_wrapper/ph1p_ddrmc_top/u_ddr_phy/u_ddrphy_top/u_ddrphy_clk/u_pll1/u_bufg_fbclk_auto_created_sclk_s_0_l_bk2   |           949            
RUN-1001 :    3    |                                              S_hdmi_pixel_clk_syn_654                                              |                                              S_hdmi_pixel_clk_syn_654                                              |           |                                               S_hdmi_pixel_clk_created_gclkinst_auto_created_sclk_s_0_l_bk3                                               |           109            
RUN-1001 :    4    |                                                  I_sys_clk_syn_8                                                   |                                                  I_sys_clk_syn_8                                                   |           |                                               I_sys_clk_dup_6_created_gclkinst_auto_created_sclk_s_0_l_bk4                                                |            83            
RUN-1001 :    5    |  u_ph1p35_324_ddr_wrapper/u_ddr2/ph1p_ddrmc_wrapper/ph1p_ddrmc_top/u_ddr_phy/u_ddrphy_top/u_ddrphy/apb_pclk_syn_1  |  u_ph1p35_324_ddr_wrapper/u_ddr2/ph1p_ddrmc_wrapper/ph1p_ddrmc_top/u_ddr_phy/u_ddrphy_top/u_ddrphy/apb_pclk_syn_1  |           |  u_ph1p35_324_ddr_wrapper/u_ddr2/ph1p_ddrmc_wrapper/ph1p_ddrmc_top/u_ddr_phy/u_ddrphy_top/u_ddrphy/apb_pclk_created_gclkinst_auto_created_sclk_s_0_l_bk5  |            26            
RUN-1001 :    6    |                                                  O_cam_24m_syn_3                                                   |                                                  O_cam_24m_syn_3                                                   |           |                                               O_cam_24m_dup_1_created_gclkinst_auto_created_sclk_s_0_l_bk6                                                |            6             
RUN-1001 : -----------------------------------------------------------------------------------------------------------------------------------------------------------------------------------------------------------------------------------------------------------------------------------------------------------------------------------------------------------------------------------------------------------------------------------------------------
RUN-1001 : Clock Region s_0_r [24,0][47,39]; Utilization: 10 out of 12
RUN-1001 : ---------------------------------------------------------------------------------------------------------------------------------------------------------------------------------------------------------------------------------------------------------------------------------------------------------------------------------------------------------------------------------------
RUN-1001 :   Bank  |                                    Assigned Clock                                    |                                     Route Clock                                      |  Marking  |                                                                         Buffer                                                                          |  Regional Clock Fanouts  
RUN-1001 : ---------------------------------------------------------------------------------------------------------------------------------------------------------------------------------------------------------------------------------------------------------------------------------------------------------------------------------------------------------------------------------------
RUN-1001 :    1    |   u_isp_top/u_rgb96_downscale_crop/u_scale_line_buffer/ram_f84573da5ab5_Inst/clkb    |   u_isp_top/u_rgb96_downscale_crop/u_scale_line_buffer/ram_f84573da5ab5_Inst/clkb    |           |                          u_mipi_dphy_rx_ph1p_mipiio_wrapper/u_ph1p_mipiio_rx_wrapper/bufg_feedback_auto_created_sclk_s_0_r_bk1                          |           1351           
RUN-1001 :    2    |                           u_lens_i2c_ctrl/u_bus/clk_syn_1                            |                           u_lens_i2c_ctrl/u_bus/clk_syn_1                            |           |                                         u_lens_i2c_ctrl/u_bus/clk_created_gclkinst_auto_created_sclk_s_0_r_bk2                                          |           279            
RUN-1001 :    3    |                               S_hdmi_pixel_clk_syn_654                               |                               S_hdmi_pixel_clk_syn_654                               |           |                                              S_hdmi_pixel_clk_created_gclkinst_auto_created_sclk_s_0_r_bk3                                              |           228            
RUN-1001 :    4    |  u_ph1p35_324_ddr_wrapper/u_ddr2/ph1p_ddrmc_wrapper/ph1p_ddrmc_top/u_alc_mc_top/clk  |  u_ph1p35_324_ddr_wrapper/u_ddr2/ph1p_ddrmc_wrapper/ph1p_ddrmc_top/u_alc_mc_top/clk  |           |  u_ph1p35_324_ddr_wrapper/u_ddr2/ph1p_ddrmc_wrapper/ph1p_ddrmc_top/u_ddr_phy/u_ddrphy_top/u_ddrphy_clk/u_pll1/u_bufg_fbclk_auto_created_sclk_s_0_r_bk4  |           218            
RUN-1001 :    5    |                      u_mcu/MCU_521bd43d073e_Inst/core_clk_syn_1                      |                      u_mcu/MCU_521bd43d073e_Inst/core_clk_syn_1                      |           |                                    u_mcu/MCU_521bd43d073e_Inst/core_clk_created_gclkinst_auto_created_sclk_s_0_r_bk5                                    |           155            
RUN-1001 :    6    |                                    cwc_jtck_syn_1                                    |                                    cwc_jtck_syn_1                                    |           |                                                  cwc_jtck_created_gclkinst_auto_created_sclk_s_0_r_bk6                                                  |           115            
RUN-1001 :    7    |                                   O_cam_24m_syn_3                                    |                                   O_cam_24m_syn_3                                    |           |                                              O_cam_24m_dup_1_created_gclkinst_auto_created_sclk_s_0_r_bk7                                               |            94            
RUN-1001 :    8    |                        u_uicfgcs500/uii2c_inst/scl_clk_syn_9                         |                        u_uicfgcs500/uii2c_inst/scl_clk_syn_9                         |           |                                      u_uicfgcs500/uii2c_inst/scl_clk_created_gclkinst_auto_created_sclk_s_0_r_bk8                                       |            17            
RUN-1001 :    9    |                       g_u4_key_debounce[0]$u_u4_key_test/I_clk                       |                       g_u4_key_debounce[0]$u_u4_key_test/I_clk                       |           |                                                     u_PLL/bufg_feedback_auto_created_sclk_s_0_r_bk9                                                     |            8             
RUN-1001 :    10   |                                 S_mcu_ahb_clk_syn_5                                  |                                 S_mcu_ahb_clk_syn_5                                  |           |                                               S_mcu_ahb_clk_created_gclkinst_auto_created_sclk_s_0_r_bk10                                               |            1             
RUN-1001 : ---------------------------------------------------------------------------------------------------------------------------------------------------------------------------------------------------------------------------------------------------------------------------------------------------------------------------------------------------------------------------------------
RUN-1001 : Clock Region s_1_l [0,40][23,79]; Utilization: 3 out of 12
RUN-1001 : -----------------------------------------------------------------------------------------------------------------------------------------------------------------------------------------------------------------------------------------------------------------------------------------------------------------------------------------------------------------------------------------------------------------------------------------------------
RUN-1001 :   Bank  |                                                   Assigned Clock                                                   |                                                    Route Clock                                                     |  Marking  |                                                                          Buffer                                                                           |  Regional Clock Fanouts  
RUN-1001 : -----------------------------------------------------------------------------------------------------------------------------------------------------------------------------------------------------------------------------------------------------------------------------------------------------------------------------------------------------------------------------------------------------------------------------------------------------
RUN-1001 :    1    |                 u_ph1p35_324_ddr_wrapper/u_ddr2/ph1p_ddrmc_wrapper/ph1p_ddrmc_top/u_alc_mc_top/clk                 |                 u_ph1p35_324_ddr_wrapper/u_ddr2/ph1p_ddrmc_wrapper/ph1p_ddrmc_top/u_alc_mc_top/clk                 |           |   u_ph1p35_324_ddr_wrapper/u_ddr2/ph1p_ddrmc_wrapper/ph1p_ddrmc_top/u_ddr_phy/u_ddrphy_top/u_ddrphy_clk/u_pll1/u_bufg_fbclk_auto_created_sclk_s_1_l_bk1   |            70            
RUN-1001 :    2    |                  u_isp_top/u_rgb96_downscale_crop/u_scale_line_buffer/ram_f84573da5ab5_Inst/clkb                   |                  u_isp_top/u_rgb96_downscale_crop/u_scale_line_buffer/ram_f84573da5ab5_Inst/clkb                   |           |                           u_mipi_dphy_rx_ph1p_mipiio_wrapper/u_ph1p_mipiio_rx_wrapper/bufg_feedback_auto_created_sclk_s_1_l_bk2                           |           1889           
RUN-1001 :    3    |  u_ph1p35_324_ddr_wrapper/u_ddr2/ph1p_ddrmc_wrapper/ph1p_ddrmc_top/u_ddr_phy/u_ddrphy_top/u_ddrphy/apb_pclk_syn_1  |  u_ph1p35_324_ddr_wrapper/u_ddr2/ph1p_ddrmc_wrapper/ph1p_ddrmc_top/u_ddr_phy/u_ddrphy_top/u_ddrphy/apb_pclk_syn_1  |           |  u_ph1p35_324_ddr_wrapper/u_ddr2/ph1p_ddrmc_wrapper/ph1p_ddrmc_top/u_ddr_phy/u_ddrphy_top/u_ddrphy/apb_pclk_created_gclkinst_auto_created_sclk_s_1_l_bk3  |            5             
RUN-1001 : -----------------------------------------------------------------------------------------------------------------------------------------------------------------------------------------------------------------------------------------------------------------------------------------------------------------------------------------------------------------------------------------------------------------------------------------------------
RUN-1001 : Clock Region s_1_r [24,40][43,79]; Utilization: 7 out of 12
RUN-1001 : ---------------------------------------------------------------------------------------------------------------------------------------------------------------------------------------------------------------------------------------------------------------------------------------------------------------------------------------------------------------------------------------
RUN-1001 :   Bank  |                                    Assigned Clock                                    |                                     Route Clock                                      |  Marking  |                                                                         Buffer                                                                          |  Regional Clock Fanouts  
RUN-1001 : ---------------------------------------------------------------------------------------------------------------------------------------------------------------------------------------------------------------------------------------------------------------------------------------------------------------------------------------------------------------------------------------
RUN-1001 :    1    |                       g_u4_key_debounce[0]$u_u4_key_test/I_clk                       |                       g_u4_key_debounce[0]$u_u4_key_test/I_clk                       |           |                                                     u_PLL/bufg_feedback_auto_created_sclk_s_1_r_bk1                                                     |            1             
RUN-1001 :    2    |  u_ph1p35_324_ddr_wrapper/u_ddr2/ph1p_ddrmc_wrapper/ph1p_ddrmc_top/u_alc_mc_top/clk  |  u_ph1p35_324_ddr_wrapper/u_ddr2/ph1p_ddrmc_wrapper/ph1p_ddrmc_top/u_alc_mc_top/clk  |           |  u_ph1p35_324_ddr_wrapper/u_ddr2/ph1p_ddrmc_wrapper/ph1p_ddrmc_top/u_ddr_phy/u_ddrphy_top/u_ddrphy_clk/u_pll1/u_bufg_fbclk_auto_created_sclk_s_1_r_bk2  |           928            
RUN-1001 :    3    |                               S_hdmi_pixel_clk_syn_654                               |                               S_hdmi_pixel_clk_syn_654                               |           |                                              S_hdmi_pixel_clk_created_gclkinst_auto_created_sclk_s_1_r_bk3                                              |           640            
RUN-1001 :    4    |   u_isp_top/u_rgb96_downscale_crop/u_scale_line_buffer/ram_f84573da5ab5_Inst/clkb    |   u_isp_top/u_rgb96_downscale_crop/u_scale_line_buffer/ram_f84573da5ab5_Inst/clkb    |           |                          u_mipi_dphy_rx_ph1p_mipiio_wrapper/u_ph1p_mipiio_rx_wrapper/bufg_feedback_auto_created_sclk_s_1_r_bk4                          |           331            
RUN-1001 :    5    |           u_hdmi_tx/u_hdmi2phy_wrapper/u0_lane_lvds_8_1/I_serial_clk_syn_1           |           u_hdmi_tx/u_hdmi2phy_wrapper/u0_lane_lvds_8_1/I_serial_clk_syn_1           |           |                         u_hdmi_tx/u_hdmi2phy_wrapper/u0_lane_lvds_8_1/I_serial_clk_created_gclkinst_auto_created_sclk_s_1_r_bk5                         |            35            
RUN-1001 :    6    |                           u_lens_i2c_ctrl/u_bus/clk_syn_1                            |                           u_lens_i2c_ctrl/u_bus/clk_syn_1                            |           |                                         u_lens_i2c_ctrl/u_bus/clk_created_gclkinst_auto_created_sclk_s_1_r_bk6                                          |            17            
RUN-1001 :    7    |                      u_mcu/MCU_521bd43d073e_Inst/core_clk_syn_1                      |                      u_mcu/MCU_521bd43d073e_Inst/core_clk_syn_1                      |           |                                    u_mcu/MCU_521bd43d073e_Inst/core_clk_created_gclkinst_auto_created_sclk_s_1_r_bk7                                    |            6             
RUN-1001 : ---------------------------------------------------------------------------------------------------------------------------------------------------------------------------------------------------------------------------------------------------------------------------------------------------------------------------------------------------------------------------------------
RUN-1002 : start command "export_db camera_to_dsi_display_pr.db"
RUN-1001 : Exported flow parameters
RUN-1001 : Exported /
RUN-1001 : Exported libs
RUN-1001 : Exported entities
RUN-1001 : Exported ports
RUN-1001 : Exported pins
RUN-1001 : Exported instances
RUN-1001 : Exported nets
RUN-1001 : Exported buses
RUN-1001 : Exported models
RUN-1001 : Exported phy database
RUN-1001 : Exported packer
RUN-1001 : Exported congestions
RUN-1001 : Exported violations
RUN-1001 : Exported ATMR Setting
RUN-1001 : Exported timing constraints
RUN-1001 : Exported IO constraints
RUN-1001 : Exported Inst constraints
RUN-1001 : Exported ChipWatcher
RUN-1003 : finish command "export_db camera_to_dsi_display_pr.db" in  1.472152s wall, 2.015625s user + 0.125000s system = 2.140625s CPU (145.4%)

RUN-1004 : used memory is 1993 MB, reserved memory is 2093 MB, peak memory is 1993 MB
PHY-1001 : Current memory(MB): used = 1993, reserved = 2093, peak = 1993.
PHY-1001 : End export database. 1.563774s wall, 2.093750s user + 0.125000s system = 2.218750s CPU (141.9%)

PHY-1001 : End detail routing;  69.083316s wall, 133.906250s user + 2.734375s system = 136.640625s CPU (197.8%)

PHY-1001 : End Stage 2 | Detail Routing; Time: 69.088350s wall, 133.921875s user + 2.734375s system = 136.656250s CPU (197.8%); Memory(MB): used = 1993, reserved = 2093, peak = 1993;

RUN-1002 : start command "fix_hold"

PHY-1001 : Stage 3 | Hold Fix
PHY-1001 : Stage 3.1 | Load Design Data
PHY-1034 : Refresh detailed routing grids ...
PHY-1001 : Generate nets ...
PHY-1001 : eco open net = 0
PHY-1001 : End Stage 3.1 | Load Design Data; Time: 0.523512s wall, 0.468750s user + 0.015625s system = 0.484375s CPU (92.5%); Memory(MB): used = 2017, reserved = 2093, peak = 2017;

PHY-1001 : Stage 3.2 | Hold Fix Optimization
RUN-1002 : start command "start_timer"
RUN-1003 : finish command "start_timer" in  2.297159s wall, 2.187500s user + 0.046875s system = 2.234375s CPU (97.3%)

RUN-1004 : used memory is 2017 MB, reserved memory is 2093 MB, peak memory is 2017 MB
PHY-1001 : Timing info: SWNS 0.105ns | STNS 0.000ns | HWNS -0.160ns | HTNS -1.562ns.
PHY-1001 : Processing hold violation on 28 end-point, worst slack = -160ps, best slack = 16ps.
PHY-1001 : End timing refresh.  6.911039s wall, 6.687500s user + 0.062500s system = 6.750000s CPU (97.7%)

PHY-1001 : Stage 3.2.1 | Phase 1
PHY-1001 : Stage 3.2.1.1 | Hold Fix By LutBridge
PHY-1001 : len = 3.16992e+06, over cnt = 0(0%), over = 0, worst = 0, crit = 0
PHY-1001 : Bridge count = 12; unresolved count = 0.
PHY-1001 : 0 out of 28 ((0.00)%) EP fixed by LB.
PHY-1001 : End Stage 3.2.1.1 | Hold Fix By LutBridge; Time: 0.739146s wall, 1.125000s user + 0.031250s system = 1.156250s CPU (156.4%); Memory(MB): used = 2017, reserved = 2093, peak = 2017;

PHY-1001 : Timing info: SWNS 0.105ns | STNS 0.000ns | HWNS -0.160ns | HTNS -0.591ns.
PHY-1001 : Processing hold violation on 12 end-point, worst slack = -160ps, best slack = 16ps.
PHY-1001 : End timing refresh.  0.116700s wall, 0.125000s user + 0.000000s system = 0.125000s CPU (107.1%)

PHY-1001 : Stage 3.2.1.2 | Hold Fix By Pin
PHY-1001 : len = 3.17042e+06, over cnt = 0(0%), over = 0, worst = 0, crit = 0
PHY-1001 : 6 out of 12 ((50.00)%) EP fixed by pin delay.
PHY-1001 : End Stage 3.2.1.2 | Hold Fix By Pin; Time: 1.024559s wall, 0.968750s user + 0.015625s system = 0.984375s CPU (96.1%); Memory(MB): used = 2017, reserved = 2093, peak = 2017;

PHY-1001 : Timing info: SWNS 0.105ns | STNS 0.000ns | HWNS -0.160ns | HTNS -0.382ns.
PHY-1001 : Processing hold violation on 6 end-point, worst slack = -160ps, best slack = 5ps.
PHY-1001 : End timing refresh.  0.117068s wall, 0.125000s user + 0.000000s system = 0.125000s CPU (106.8%)

PHY-1001 : Stage 3.2.1.3 | Hold Fix By Net
PHY-1001 : len = 3.17134e+06, over cnt = 0(0%), over = 0, worst = 0, crit = 0
PHY-1001 : 6 out of 6 ((100.00)%) EP fixed by net delay.
PHY-1001 : End Stage 3.2.1.3 | Hold Fix By Net; Time: 0.332629s wall, 0.296875s user + 0.031250s system = 0.328125s CPU (98.6%); Memory(MB): used = 2017, reserved = 2093, peak = 2017;

PHY-1001 : Timing info: SWNS 0.105ns | STNS 0.000ns | HWNS 0.020ns | HTNS 0.000ns.
PHY-1001 : End timing refresh.  0.115403s wall, 0.093750s user + 0.000000s system = 0.093750s CPU (81.2%)

PHY-1001 : End Stage 3.2.1 | Phase 1; Time: 2.487298s wall, 2.781250s user + 0.078125s system = 2.859375s CPU (115.0%); Memory(MB): used = 2017, reserved = 2093, peak = 2017;

PHY-1001 : End Stage 3.2 | Hold Fix Optimization; Time: 9.399839s wall, 9.468750s user + 0.140625s system = 9.609375s CPU (102.2%); Memory(MB): used = 2017, reserved = 2093, peak = 2017;

PHY-1001 : End Stage 3 | Hold Fix; Time: 10.134428s wall, 10.156250s user + 0.156250s system = 10.312500s CPU (101.8%); Memory(MB): used = 2017, reserved = 2093, peak = 2017;

RUN-1003 : finish command "fix_hold" in  10.173049s wall, 10.187500s user + 0.156250s system = 10.343750s CPU (101.7%)

RUN-1004 : used memory is 2017 MB, reserved memory is 2093 MB, peak memory is 2017 MB
PHY-1001 : Stage 4 | Report Route Qor
RUN-1002 : start command "report_qor -step route -file route.qor"
RUN-1002 : start command "start_timer"
RUN-1003 : finish command "start_timer" in  2.299622s wall, 2.265625s user + 0.015625s system = 2.281250s CPU (99.2%)

RUN-1004 : used memory is 2017 MB, reserved memory is 2093 MB, peak memory is 2017 MB
-----------------------------------------------------------
| QoR metrics               |         value               |
-----------------------------------------------------------
| Timing                    |                             |
|     Setup WNS             |          105                |
|     Setup TNS             |            0                |
|     Num of violated S-EP  |            0                |
|     Hold WNS              |           20                |
|     Hold TNS              |            0                |
|     Num of violated H-EP  |            0                |
-----------------------------------------------------------
| Routing Resource          |                             |
|     Wire length           |      3171344                |
-----------------------------------------------------------
| Utilization               |                             |
|     #slices               |        14129                |
|     slices percentage     |       66.60%                |
|     #RAMs                 |           50                |
|     #DSPs                 |            8                |
|     #DRAMHARDCON          |           37                |
-----------------------------------------------------------
Report route stage QoR done.

RUN-1003 : finish command "report_qor -step route -file route.qor" in  6.937756s wall, 6.828125s user + 0.078125s system = 6.906250s CPU (99.5%)

RUN-1004 : used memory is 2017 MB, reserved memory is 2093 MB, peak memory is 2017 MB
RUN-1002 : start command "update_timing -mode final"
RUN-1002 : start command "start_timer"
RUN-1003 : finish command "start_timer" in  2.291980s wall, 2.156250s user + 0.015625s system = 2.171875s CPU (94.8%)

RUN-1004 : used memory is 2017 MB, reserved memory is 2093 MB, peak memory is 2017 MB
RUN-1003 : finish command "update_timing -mode final" in  6.862404s wall, 6.468750s user + 0.156250s system = 6.625000s CPU (96.5%)

RUN-1004 : used memory is 2017 MB, reserved memory is 2093 MB, peak memory is 2017 MB
RUN-1002 : start command "report_timing_summary -file final_timing.rpt"
OPT-1001 : QoR tracer report on route step:
    SWNS [   incr ]    STNS [   incr ]  S-FEPS [   incr ]    HWNS [   incr ]      HTNS [     incr ]    H-FEPS [     incr ]    CELL [   incr ]       WL [    incr ]   RT(s) [   incr ]   MEM(mb) [     incr ]
     136 [      0 ]       0 [      0 ]       0 [      0 ]    -160 [      0 ]     -8644 [        0 ]       185 [        0 ]   14676 [      0 ]  2909104 [       0 ]      43 [      0 ]      1880 [        0 ] : dr_initialization
     136 [      0 ]       0 [      0 ]       0 [      0 ]      10 [    170 ]         0 [     8644 ]         0 [     -185 ]   14676 [      0 ]  2933584 [   24480 ]      51 [      8 ]      1882 [        2 ] : dr_timing_opt_phase1
    -886 [  -1022 ]   -9065 [  -9065 ]      19 [     19 ]    -160 [   -170 ]     -2239 [    -2239 ]        39 [       39 ]   14676 [      0 ]  3164144 [  230560 ]      70 [     19 ]      1916 [       34 ] : dr_opt_phase1
     109 [    995 ]       0 [   9065 ]       0 [    -19 ]      20 [    180 ]         0 [     2239 ]         0 [      -39 ]   14676 [      0 ]  3171120 [    6976 ]      72 [      2 ]      1916 [        0 ] : dr_timing_opt_phase2
      92 [    -17 ]       0 [      0 ]       0 [      0 ]    -160 [   -180 ]     -1854 [    -1854 ]        29 [       29 ]   14676 [      0 ]  3167328 [   -3792 ]      73 [      1 ]      1916 [        0 ] : dr_opt_phase2
     105 [     13 ]       0 [      0 ]       0 [      0 ]      20 [    180 ]         0 [     1854 ]         0 [      -29 ]   14676 [      0 ]  3171648 [    4320 ]      75 [      2 ]      1916 [        0 ] : dr_timing_opt_phase3
     105 [      0 ]       0 [      0 ]       0 [      0 ]    -160 [   -180 ]     -1562 [    -1562 ]        24 [       24 ]   14676 [      0 ]  3168416 [   -3232 ]      75 [      0 ]      1916 [        0 ] : dr_opt_phase3
     105 [      0 ]       0 [      0 ]       0 [      0 ]    -160 [      0 ]     -1562 [        0 ]        24 [        0 ]   14676 [      0 ]  3168416 [       0 ]      75 [      0 ]      1916 [        0 ] : multi_try_opt
     105 [      0 ]       0 [      0 ]       0 [      0 ]      20 [    180 ]         0 [     1562 ]         0 [      -24 ]   14676 [      0 ]  3171344 [    2928 ]      88 [     13 ]      2017 [      101 ] : fix_hold_opt

PHY-1001 : End Stage 4 | Report Route Qor; Time: 14.038333s wall, 13.484375s user + 0.281250s system = 13.765625s CPU (98.1%); Memory(MB): used = 2017, reserved = 2093, peak = 2017;

PHY-1001 : Stage 5 | Routing DRC
PHY-1001 : Stage 5.1 | Check And Add Lut-bridge
PHY-1001 : End Stage 5.1 | Check And Add Lut-bridge; Time: 0.119177s wall, 0.109375s user + 0.015625s system = 0.125000s CPU (104.9%); Memory(MB): used = 2017, reserved = 2093, peak = 2017;

PHY-1001 : Stage 5.2 | Lut Bridge Check
PHY-1001 : End Stage 5.2 | Lut Bridge Check; Time: 0.265810s wall, 0.250000s user + 0.000000s system = 0.250000s CPU (94.1%); Memory(MB): used = 2017, reserved = 2093, peak = 2017;

PHY-1001 : Stage 5.3 | Physical Net Status Check
PHY-1001 : End Stage 5.3 | Physical Net Status Check; Time: 0.067081s wall, 0.062500s user + 0.000000s system = 0.062500s CPU (93.2%); Memory(MB): used = 2017, reserved = 2093, peak = 2017;

PHY-1001 : Start multi-drive drc check......
PHY-1001 : No multi-drive.
PHY-1001 : Stage 5.4 | Clock Net Status Check
PHY-1001 : 3 clock net(s) utilize local routing resource.
PHY-5079 CRITICAL-WARNING: Marked 1 clock net(s) utilize the local routing resources. Please check log message and the sinks of clock nets.
RUN-1001 : CTS Local Wire Summary
RUN-1001 : ----------------------------------------------------------------------------------------------------------------------------------------------------------------------
RUN-1001 :         ClockName         |   DriverType    |  Clock/Fanout  |  LocalWireNum  |                                  NetName                                   |  Marked  
RUN-1001 : ----------------------------------------------------------------------------------------------------------------------------------------------------------------------
RUN-1001 :   config_inst.cwc_tck_o   |  AL_PHY_CONFIG  |      1/1       |       10       |                                  cwc_jtck                                  |    -     
RUN-1001 :             -             |  AL_PHY_LSLICE  |      1/3       |       15       |                      u_uicfgcs500/uii2c_inst/scl_clk                       |    -     
RUN-1001 :        pll_clk_24m        |   AL_PHY_SCLK   |      5/6       |       3        |  O_cam_24m_dup_1_created_gclkinst_auto_created_sclk_s_0_l_bk6_sclk_outnet  |   true   
RUN-1001 : ----------------------------------------------------------------------------------------------------------------------------------------------------------------------
PHY-5088 WARNING: Clock_Analyzer: Detected 1 buffer(s) clkin net because they drive non-clock sinks. Run "analyze_clock -detail" for more infomation.
PHY-5088 WARNING: Clock_Analyzer: Detected 1 buffer(s) clkout net because they drive non-clock sinks. Run "analyze_clock -detail" for more infomation.
PHY-5088 WARNING: Clock_Analyzer: 2 clock-net(s) because they drive other clock net, may cause clock skew. Run "analyze_clock -detail" for more infomation.
PHY-1001 : End Stage 5.4 | Clock Net Status Check; Time: 0.094793s wall, 0.093750s user + 0.000000s system = 0.093750s CPU (98.9%); Memory(MB): used = 2017, reserved = 2093, peak = 2017;

PHY-1001 : Stage 5.5 | Abnormal Timing Path check
PHY-1001 : No abnormal timing path.
PHY-1001 : End Stage 5.5 | Abnormal Timing Path check; Time: 0.282422s wall, 0.281250s user + 0.000000s system = 0.281250s CPU (99.6%); Memory(MB): used = 2017, reserved = 2093, peak = 2017;

PHY-1001 : Stage 5.6 | Bound Check
PHY-1001 : Check Pass.
PHY-1001 : End Stage 5.6 | Bound Check; Time: 0.003696s wall, 0.015625s user + 0.000000s system = 0.015625s CPU (422.8%); Memory(MB): used = 2017, reserved = 2093, peak = 2017;

PHY-1001 : End Stage 5 | Routing DRC; Time: 0.906499s wall, 0.875000s user + 0.015625s system = 0.890625s CPU (98.2%); Memory(MB): used = 2017, reserved = 2093, peak = 2017;

RUN-1003 : finish command "route" in  102.978969s wall, 168.843750s user + 3.453125s system = 172.296875s CPU (167.3%)

RUN-1004 : used memory is 2017 MB, reserved memory is 2093 MB, peak memory is 2017 MB
RUN-1002 : start command "report_area -io_info -file camera_to_dsi_display_phy.area"
SYN-4034 : The count of slices with lut is 7827.
SYN-4035 : The count of slices with lut+ripple is 3447.
RUN-1001 : standard
***Report Model: design_top_wrapper Device: PH1P35MDG324***

Design Statistics
#IO                        70   out of    160   43.75%
  #input                    9
  #output                  35
  #inout                   26
#lut6                   11682   out of  21216   55.06%
#reg                    14927
  #slice reg            14927   out of  42432   35.18%
  #pad reg                  0

Utilization Statistics
#slice                  14129   out of  21216   66.60%
  #used ram               408
    #dram lut             296
    #shifter lut          112
  #used logic           13721
    #with luts           7827
    #with adder          3447
    #reg only            2447
#feedthrough             2622
#f7mux                      0   out of  10608    0.00%
#f8mux                      0   out of   5304    0.00%
#eram                      50   out of    108   46.30%
  #eram20k                 50
  #fifo20k                  0
#dsp                        8   out of     40   20.00%
#mcu                        1   out of      1  100.00%
#ddr_byte                   6   out of     12   50.00%
#mipi_tx                    0   out of      2    0.00%
#mipi_rx                    1   out of      2   50.00%
#pad                       29   out of    160   18.12%
#pll                        3   out of      6   50.00%
#gclk                      13   out of     32   40.62%
#lclk                       0   out of     12    0.00%
#sclk                      26   out of     48   54.17%
#mlclk                      2   out of      6   33.33%
#ioclk                      4   out of     18   22.22%


DataNet Average Fanout:

   Index     Fanout     Nets   
    #1          1       21561  
    #2          2       7787   
    #3          3       1085   
    #4          4        704   
    #5        5-10      1758   
    #6        11-50      429   
    #7       51-100      41    
    #8       101-500     12    
  Average     2.03             

RUN-1002 : start command "update_timing -mode final"
RUN-1002 : start command "start_timer"
RUN-1003 : finish command "start_timer" in  2.300183s wall, 2.203125s user + 0.078125s system = 2.281250s CPU (99.2%)

RUN-1004 : used memory is 2017 MB, reserved memory is 2093 MB, peak memory is 2017 MB
RUN-1003 : finish command "update_timing -mode final" in  6.834468s wall, 6.671875s user + 0.093750s system = 6.765625s CPU (99.0%)

RUN-1004 : used memory is 2017 MB, reserved memory is 2093 MB, peak memory is 2017 MB
RUN-1002 : start command "report_timing_status -file camera_to_dsi_display_phy.ts"
RUN-1002 : start command "report_timing_summary -file camera_to_dsi_display_pr.timing"
RUN-1002 : start command "report_timing_exception -file camera_to_dsi_display_exception.timing"
RUN-1002 : start command "flow_status -file route_flow.status"
Location         : D:\2026fpga\lab_hd_1_mipi_hdmi\td_project\camera_to_dsi_display_Runs\phy_1
Running with     : Tang Dynasty v6.2.168116
                   Copyright (c) 2012-2025 Anlogic Inc.
Top Model        : design_top_wrapper
Device           : PH1P35MDG324
Speed            : 3

Timing Mode      : final
Setup            : WNS   105ps  TNS        0ps  NUM_FEPS     0
Hold             : WNS    20ps  TNS        0ps  NUM_FEPS     0

Flow Statistics  :
RUN-1001 : Flow Statistics:
RUN-1001 : ---------------------------------------------------------------------------------------------------
RUN-1001 :      command     |  #calls  |  wall time   |  cpu time(s)  |  used memory(mb)  |  peak memory(mb)  
RUN-1001 : ---------------------------------------------------------------------------------------------------
RUN-1001 :       place      |    1     |  2m29s(58%)  |   488(73%)    |       1264        |       1264        
RUN-1001 :       route      |    1     |  1m32s(36%)  |   161(24%)    |       2017        |       2017        
RUN-1001 :     fix_hold     |    1     |   10s(3%)    |    10(1%)     |       2017        |       2017        
RUN-1001 :   import_device  |    1     |    2s(0%)    |     2(0%)     |        341        |        341        
RUN-1001 :     import_db    |    3     |    1s(0%)    |     0(0%)     |        829        |        829        
RUN-1001 :       pack       |    1     |    0s(0%)    |     0(0%)     |        829        |        829        
RUN-1001 : ---------------------------------------------------------------------------------------------------
RUN-1001 :       total      |    8     |    4m14s     |      661      |       2017        |       2017        
RUN-1001 : ---------------------------------------------------------------------------------------------------
RUN-1002 : start command "report_clock_utilization -file route_clock_utilization.txt"
RUN-1002 : start command "export_db camera_to_dsi_display_pr.db"
RUN-1001 : Exported flow parameters
RUN-1001 : Exported /
RUN-1001 : Exported libs
RUN-1001 : Exported entities
RUN-1001 : Exported ports
RUN-1001 : Exported pins
RUN-1001 : Exported instances
RUN-1001 : Exported nets
RUN-1001 : Exported buses
RUN-1001 : Exported models
RUN-1001 : Exported phy database
RUN-1001 : Exported packer
RUN-1001 : Exported congestions
RUN-1001 : Exported violations
RUN-1001 : Exported ATMR Setting
RUN-1001 : Exported timing constraints
RUN-1001 : Exported IO constraints
RUN-1001 : Exported Inst constraints
RUN-1001 : Exported ChipWatcher
RUN-1003 : finish command "export_db camera_to_dsi_display_pr.db" in  1.473084s wall, 2.015625s user + 0.093750s system = 2.109375s CPU (143.2%)

RUN-1004 : used memory is 2017 MB, reserved memory is 2093 MB, peak memory is 2017 MB
RUN-1002 : start command "commit_param -step bitgen"
RUN-1001 : Print Global Property
RUN-1001 : -------------------------------------------------------------
RUN-1001 :     Parameters    |   Settings   |  Default Values  |  Note  
RUN-1001 : -------------------------------------------------------------
RUN-1001 :    enable_seed    |     off      |       off        |        
RUN-1001 :    hfn_to_clock   |  1000000000  |    1000000000    |        
RUN-1001 :      message      |   standard   |     standard     |        
RUN-1001 :    qor_monitor    |      on      |        on        |        
RUN-1001 :   speedup_effort  |      0       |        0         |        
RUN-1001 :    syn_ip_flow    |     off      |       off        |        
RUN-1001 :       thread      |      32      |       auto       |   *    
RUN-1001 : -------------------------------------------------------------
RUN-1002 : start command "set_param bitgen compress on"
RUN-1001 : Print Bitgen Property
RUN-1001 : -------------------------------------------------------------
RUN-1001 :      Parameters     |  Settings  |  Default Values  |  Note  
RUN-1001 : -------------------------------------------------------------
RUN-1001 :         bin         |    off     |       off        |        
RUN-1001 :       compress      |     on     |       off        |   *    
RUN-1001 :       gen_mask      |    off     |       off        |        
RUN-1001 :      max_stream     |     on     |        on        |        
RUN-1001 :      time_info      |     on     |        on        |        
RUN-1001 :   unused_io_status  |   pullup   |      pullup      |        
RUN-1001 :       version       |    0x00    |       0x00       |        
RUN-1001 : -------------------------------------------------------------
RUN-1002 : start command "bitgen -bit camera_to_dsi_display.bit"
RUN-1002 : start command "export_bid camera_to_dsi_display_inst.bid"
BIT-1003 : Start to generate bitstream. 
BIT-1002 : Bitgen processed 3 pll_pd instances.
BIT-1002 : Init instances with 32 threads.
BIT-1002 : Init instances completely, inst num: 14674
BIT-1002 : Init pips with 32 threads.
BIT-1002 : Init pips completely, net num: 24333, pip num: 229354
BIT-1002 : Init feedthrough with 32 threads.
BIT-1002 : Init feedthrough completely, num: 2622
BIT-1003 : Multithreading accelaration with 32 threads.
BIT-1003 : Generate bitstream completely, there are 773260 bits set as '1'.
PRG-1501 : Bit compressed, frame number changed from 3481 to 3472, ratio 0.26%
BIT-1004 : Generate file camera_to_dsi_display_compress.bit.
BIT-1004 : Generate file camera_to_dsi_display.bit.
RUN-1003 : finish command "bitgen -bit camera_to_dsi_display.bit" in  4.935423s wall, 54.156250s user + 2.625000s system = 56.781250s CPU (1150.5%)

RUN-1004 : used memory is 2018 MB, reserved memory is 2093 MB, peak memory is 2019 MB
RUN-1002 : start command "setup_debugger ../../chip_debugger"
KIT-1004 : Update chipwatcher trigger condition
KIT-1004 : Generate chipwatcher configuration file: cw/compiled.cwc
KIT-1004 : Generate chipwatcher bit file: cw/compiled.bit
RUN-1002 : start command "export_bitgen_param -file .bitgen_param.f"
RUN-1002 : start command "export_flow_status -s opt_place -e bitgen"
RUN-1002 : start command "flow_status"

Location         : D:\2026fpga\lab_hd_1_mipi_hdmi\td_project\camera_to_dsi_display_Runs\phy_1
Running with     : Tang Dynasty v6.2.168116
                   Copyright (c) 2012-2025 Anlogic Inc.
Top Model        : design_top_wrapper
Device           : PH1P35MDG324
Speed            : 3

Timing Mode      : final
Setup            : WNS   105ps  TNS        0ps  NUM_FEPS     0
Hold             : WNS    20ps  TNS        0ps  NUM_FEPS     0

RUN-1001 : Flow Statistics:
RUN-1001 : ---------------------------------------------------------------------------------------------------
RUN-1001 :      command     |  #calls  |  wall time   |  cpu time(s)  |  used memory(mb)  |  peak memory(mb)  
RUN-1001 : ---------------------------------------------------------------------------------------------------
RUN-1001 :       place      |    1     |  2m29s(57%)  |   488(68%)    |       1264        |       1264        
RUN-1001 :       route      |    1     |  1m32s(35%)  |   161(22%)    |       2017        |       2017        
RUN-1001 :     fix_hold     |    1     |   10s(3%)    |    10(1%)     |       2017        |       2017        
RUN-1001 :      bitgen      |    1     |    4s(1%)    |    56(7%)     |       2018        |       2019        
RUN-1001 :   import_device  |    1     |    2s(0%)    |     2(0%)     |        341        |        341        
RUN-1001 :     import_db    |    3     |    1s(0%)    |     0(0%)     |        829        |        829        
RUN-1001 :       pack       |    1     |    0s(0%)    |     0(0%)     |        829        |        829        
RUN-1001 : ---------------------------------------------------------------------------------------------------
RUN-1001 :       total      |    9     |    4m18s     |      717      |       2018        |       2019        
RUN-1001 : ---------------------------------------------------------------------------------------------------

