============================================================
   Tang Dynasty, V6.2.168116
   Copyright (c) 2012-2025 Anlogic Inc.
   Executable = F:/AnlogicFpga/TD_6.2.1_Engineer_6.2.168.116/bin/td_commands_prompt.exe
   Built at =   16:32:07 Jun 12 2025
   Run by =     pc
   Run Date =   Mon Sep 21 18:09:54 2026

   Run on =     CIRBUG
============================================================
RUN-1002 : start command "import_device ph1_35p.db -package PH1P35MDG324 -speed 3"
ARC-1001 : Device Initialization.
ARC-1001 : ----------------------------------------------------------------
ARC-1001 :           OPTION          |          IO           |   SETTING   
ARC-1001 : ----------------------------------------------------------------
ARC-1001 :   non_jtag_persist(none)  |        35 IOs         |    gpio    
ARC-1001 :            jtag           |  P13/P15/L14/R13/T13  |  dedicate  
ARC-1001 : ----------------------------------------------------------------
RUN-1003 : finish command "import_device ph1_35p.db -package PH1P35MDG324 -speed 3" in  2.349767s wall, 2.046875s user + 0.125000s system = 2.171875s CPU (92.4%)

RUN-1004 : used memory is 323 MB, reserved memory is 321 MB, peak memory is 323 MB
RUN-1002 : start command "open_project camera_to_dsi_display.prj -noanalyze"
RUN-1002 : start command "import_db ../syn_1/camera_to_dsi_display_gate.db"
RUN-1001 : Importing database generated by Tang Dynasty, V6.2.168116.
RUN-1001 : Database version number 46207
RUN-1001 : Import flow parameters
RUN-1001 : Import netlist
RUN-1001 : Import timing constraints
RUN-1001 : Import IO constraints
RUN-1001 : Import Inst constraints
RUN-1001 : Import ChipWatcher
RUN-1001 : Import design success TD_VERSION=6.2.168116 , DB_VERSION=46207
RUN-1003 : finish command "import_db ../syn_1/camera_to_dsi_display_gate.db" in  1.135160s wall, 0.671875s user + 0.062500s system = 0.734375s CPU (64.7%)

RUN-1004 : used memory is 537 MB, reserved memory is 535 MB, peak memory is 537 MB
RUN-1002 : start command "commit_param -step place"
RUN-1001 : Print Global Property
RUN-1001 : -------------------------------------------------------------
RUN-1001 :     Parameters    |   Settings   |  Default Values  |  Note  
RUN-1001 : -------------------------------------------------------------
RUN-1001 :    enable_seed    |     off      |       off        |        
RUN-1001 :    hfn_to_clock   |  1000000000  |    1000000000    |        
RUN-1001 :      message      |   standard   |     standard     |        
RUN-1001 :    qor_monitor    |      on      |        on        |        
RUN-1001 :   speedup_effort  |      0       |        0         |        
RUN-1001 :    syn_ip_flow    |     off      |       off        |        
RUN-1001 :       thread      |      32      |       auto       |   *    
RUN-1001 : -------------------------------------------------------------
RUN-1001 : Print Place Property
RUN-1001 : ---------------------------------------------------------------
RUN-1001 :       Parameters      |  Settings  |  Default Values  |  Note  
RUN-1001 : ---------------------------------------------------------------
RUN-1001 :         effort        |   medium   |      medium      |        
RUN-1001 :     hfn_opt_effort    |   medium   |      medium      |        
RUN-1001 :    logic_level_opt    |    off     |       off        |        
RUN-1001 :   macro_performance   |    auto    |       auto       |        
RUN-1001 :       max_fanout      |   999999   |      999999      |        
RUN-1001 :       opt_timing      |   medium   |      medium      |        
RUN-1001 :     post_place_opt    |    auto    |       auto       |        
RUN-1001 :      pr_strategy      |     1      |        1         |        
RUN-1001 :   preplace_floorplan  |    off     |       off        |        
RUN-1001 : ---------------------------------------------------------------
RUN-1002 : start command "insert_debugger ../../chip_debugger"
RUN-1002 : start command "config_chipwatcher ../../chip_debugger/user.cfg"
RUN-1002 : start command "update_timing"
RUN-1002 : start command "start_timer"
USR-1002 : Derived clock:  create_generated_clock -name {u_PLL/ph1p_phy_pll_wrapper_25a56e5ce2f9_Inst/u_PH1P_PHY_PLL.clkc[0]} -source [get_ports {I_sys_clk}] -master_clock {sys_clk_50m} -multiply_by 2.0000 -duty_cycle 50.0000 [get_pins {u_PLL/ph1p_phy_pll_wrapper_25a56e5ce2f9_Inst/u_PH1P_PHY_PLL.clkc[0]}]
USR-1002 : Derived clock:  create_generated_clock -name {u_PLL/ph1p_phy_pll_wrapper_25a56e5ce2f9_Inst/u_PH1P_PHY_PLL.clkc[1]} -source [get_ports {I_sys_clk}] -master_clock {sys_clk_50m} -divide_by 2.1000 -duty_cycle 50.0000 [get_pins {u_PLL/ph1p_phy_pll_wrapper_25a56e5ce2f9_Inst/u_PH1P_PHY_PLL.clkc[1]}]
USR-1002 : Derived clock:  create_generated_clock -name {u_PLL/ph1p_phy_pll_wrapper_25a56e5ce2f9_Inst/u_PH1P_PHY_PLL.clkc[2]} -source [get_ports {I_sys_clk}] -master_clock {sys_clk_50m} -multiply_by 1.0000 -duty_cycle 50.0000 [get_pins {u_PLL/ph1p_phy_pll_wrapper_25a56e5ce2f9_Inst/u_PH1P_PHY_PLL.clkc[2]}]
USR-1002 : Derived clock:  create_generated_clock -name {u_PLL/ph1p_phy_pll_wrapper_25a56e5ce2f9_Inst/u_PH1P_PHY_PLL.clkc[3]} -source [get_ports {I_sys_clk}] -master_clock {sys_clk_50m} -multiply_by 6.0000 -duty_cycle 50.0000 [get_pins {u_PLL/ph1p_phy_pll_wrapper_25a56e5ce2f9_Inst/u_PH1P_PHY_PLL.clkc[3]}]
USR-1002 : Derived clock:  create_generated_clock -name {u_PLL/ph1p_phy_pll_wrapper_25a56e5ce2f9_Inst/u_PH1P_PHY_PLL.clkc[4]} -source [get_ports {I_sys_clk}] -master_clock {sys_clk_50m} -multiply_by 1.5000 -duty_cycle 50.0000 [get_pins {u_PLL/ph1p_phy_pll_wrapper_25a56e5ce2f9_Inst/u_PH1P_PHY_PLL.clkc[4]}]
USR-1002 : Derived clock:  create_generated_clock -name {u_PLL/ph1p_phy_pll_wrapper_25a56e5ce2f9_Inst/u_PH1P_PHY_PLL.clkc[5]} -source [get_ports {I_sys_clk}] -master_clock {sys_clk_50m} -multiply_by 7.5000 -duty_cycle 50.0000 [get_pins {u_PLL/ph1p_phy_pll_wrapper_25a56e5ce2f9_Inst/u_PH1P_PHY_PLL.clkc[5]}]
USR-1002 : Derived clock:  create_generated_clock -name {u_ph1p35_324_ddr_wrapper/u_ddr2/ph1p_ddrmc_wrapper/ph1p_ddrmc_top/u_ddr_phy/u_ddrphy_top/u_ddrphy_clk/u_pll0/u_pll_inst.clkc[0]} -source [get_ports {I_sys_clk}] -master_clock {sys_clk_50m} -multiply_by 1.3333 -duty_cycle 50.0000 [get_pins {u_ph1p35_324_ddr_wrapper/u_ddr2/ph1p_ddrmc_wrapper/ph1p_ddrmc_top/u_ddr_phy/u_ddrphy_top/u_ddrphy_clk/u_pll0/u_pll_inst.clkc[0]}]
USR-1002 : Derived clock:  create_generated_clock -name {u_ph1p35_324_ddr_wrapper/u_ddr2/ph1p_ddrmc_wrapper/ph1p_ddrmc_top/u_ddr_phy/u_ddrphy_top/u_ddrphy_clk/u_pll0/u_pll_inst.clkc[1]} -source [get_ports {I_sys_clk}] -master_clock {sys_clk_50m} -multiply_by 1.3333 -duty_cycle 50.0000 [get_pins {u_ph1p35_324_ddr_wrapper/u_ddr2/ph1p_ddrmc_wrapper/ph1p_ddrmc_top/u_ddr_phy/u_ddrphy_top/u_ddrphy_clk/u_pll0/u_pll_inst.clkc[1]}]
USR-1002 : Derived clock:  create_generated_clock -name {u_ph1p35_324_ddr_wrapper/u_ddr2/ph1p_ddrmc_wrapper/ph1p_ddrmc_top/u_ddr_phy/u_ddrphy_top/u_ddrphy_clk/u_pll0/u_pll_inst.clkc[2]} -source [get_ports {I_sys_clk}] -master_clock {sys_clk_50m} -multiply_by 5.3333 -duty_cycle 50.0000 [get_pins {u_ph1p35_324_ddr_wrapper/u_ddr2/ph1p_ddrmc_wrapper/ph1p_ddrmc_top/u_ddr_phy/u_ddrphy_top/u_ddrphy_clk/u_pll0/u_pll_inst.clkc[2]}]
USR-1002 : Derived clock:  create_generated_clock -name {u_ph1p35_324_ddr_wrapper/u_ddr2/ph1p_ddrmc_wrapper/ph1p_ddrmc_top/u_ddr_phy/u_ddrphy_top/u_ddrphy_clk/u_pll0/u_pll_inst.clkc[3]} -source [get_ports {I_sys_clk}] -master_clock {sys_clk_50m} -divide_by 1.9687 -duty_cycle 50.0000 [get_pins {u_ph1p35_324_ddr_wrapper/u_ddr2/ph1p_ddrmc_wrapper/ph1p_ddrmc_top/u_ddr_phy/u_ddrphy_top/u_ddrphy_clk/u_pll0/u_pll_inst.clkc[3]}]
USR-1002 : Derived clock:  create_generated_clock -name {u_ph1p35_324_ddr_wrapper/u_ddr2/ph1p_ddrmc_wrapper/ph1p_ddrmc_top/u_ddr_phy/u_ddrphy_top/u_ddrphy_clk/u_pll1/u_pll_inst.clkc[0]} -source [get_pins {u_ph1p35_324_ddr_wrapper/u_ddr2/ph1p_ddrmc_wrapper/ph1p_ddrmc_top/u_ddr_phy/u_ddrphy_top/u_ddrphy_clk/u_pll0/u_pll_inst.clkc[0]}] -master_clock {u_ph1p35_324_ddr_wrapper/u_ddr2/ph1p_ddrmc_wrapper/ph1p_ddrmc_top/u_ddr_phy/u_ddrphy_top/u_ddrphy_clk/u_pll0/u_pll_inst.clkc[0]} -multiply_by 1.0000 -duty_cycle 50.0000 [get_pins {u_ph1p35_324_ddr_wrapper/u_ddr2/ph1p_ddrmc_wrapper/ph1p_ddrmc_top/u_ddr_phy/u_ddrphy_top/u_ddrphy_clk/u_pll1/u_pll_inst.clkc[0]}]
8.888000
15.000000
15.000000
13.333000
RUN-1003 : finish command "start_timer" in  2.186980s wall, 2.046875s user + 0.109375s system = 2.156250s CPU (98.6%)

RUN-1004 : used memory is 701 MB, reserved memory is 696 MB, peak memory is 701 MB
TMR-2502 : Net delay update with mode: Synthesized
RUN-1003 : finish command "update_timing" in  3.418841s wall, 3.265625s user + 0.109375s system = 3.375000s CPU (98.7%)

RUN-1004 : used memory is 789 MB, reserved memory is 783 MB, peak memory is 789 MB
KIT-1004 : chipwatcher: sanity check successfully
KIT-1004 : Chipwatcher code = 1110101101001000
KIT-1004 : import watcher inst auto_created_cwc1 completed, there are 4 view node(s), 11 trigger net(s), 11 data net(s).
RUN-1003 : finish command "config_chipwatcher ../../chip_debugger/user.cfg" in  3.432612s wall, 3.265625s user + 0.109375s system = 3.375000s CPU (98.3%)

RUN-1004 : used memory is 789 MB, reserved memory is 784 MB, peak memory is 789 MB
RUN-1002 : start command "compile_watcher"
KIT-1004 : Ooc flow for module top_debug_hub is running...
RUN-1002 : start command "import_db -mode ooc cw/debug_hub/top_debug_hub_ooc.db"
USR-1600 : Load OOC design OOC Model: top_debug_hub .
RUN-1001 : Import OOC design success TD_VERSION=6.2.168116 , DB_VERSION=46207
KIT-1004 : Ooc flow for module auto_created_cwc1 is running...
RUN-1002 : start command "import_db -mode ooc cw/auto_created_cwc1/auto_created_cwc1_ooc.db"
USR-1600 : Load OOC design OOC Model: auto_created_cwc1 .
RUN-1001 : Import OOC design success TD_VERSION=6.2.168116 , DB_VERSION=46207
RUN-1003 : finish command "compile_watcher" in  8.969914s wall, 0.312500s user + 0.015625s system = 0.328125s CPU (3.7%)

RUN-1004 : used memory is 806 MB, reserved memory is 824 MB, peak memory is 806 MB
RUN-1002 : start command "pack -eco"
SYN-4002 : Packing 0 DFF/LATCH to SEQ ...
RUN-1002 : start command "legalize_phy_inst"
SYN-1001 : Stage 1 | Legalize Phy Inst
SYN-1011 : Flatten model design_top_wrapper
SYN-1001 : ADC: Instance "u_ph1p35_324_ddr_wrapper/u_ddr2/ph1p_ddrmc_wrapper/ph1p_ddrmc_top/u_ddr_phy/u_ddrphy_top/u_ddrphy/ac_byte[0]$ac_byte_used$u_ddrphy_ac_byte_wrapper/u_ddrphy_byte" LOCATION="X0Y70Z0"
SYN-1001 : ADC: Instance "u_ph1p35_324_ddr_wrapper/u_ddr2/ph1p_ddrmc_wrapper/ph1p_ddrmc_top/u_ddr_phy/u_ddrphy_top/u_ddrphy/ac_byte[1]$ac_byte_used$u_ddrphy_ac_byte_wrapper/u_ddrphy_byte" LOCATION="X0Y60Z0"
SYN-1001 : ADC: Instance "u_ph1p35_324_ddr_wrapper/u_ddr2/ph1p_ddrmc_wrapper/ph1p_ddrmc_top/u_ddr_phy/u_ddrphy_top/u_ddrphy/ac_byte[2]$ac_byte_used$u_ddrphy_ac_byte_wrapper/u_ddrphy_byte" LOCATION="X0Y50Z0"
SYN-1001 : ADC: Instance "u_ph1p35_324_ddr_wrapper/u_ddr2/ph1p_ddrmc_wrapper/ph1p_ddrmc_top/u_ddr_phy/u_ddrphy_top/u_ddrphy/ac_byte[3]$ac_byte_used$u_ddrphy_ac_byte_wrapper/u_ddrphy_byte" LOCATION="X0Y40Z0"
SYN-1001 : ADC: Instance "u_ph1p35_324_ddr_wrapper/u_ddr2/ph1p_ddrmc_wrapper/ph1p_ddrmc_top/u_ddr_phy/u_ddrphy_top/u_ddrphy/bkref[0]$u_ddrphy_bankref" LOCATION="X0Y19Z0"
SYN-1001 : ADC: Instance "u_ph1p35_324_ddr_wrapper/u_ddr2/ph1p_ddrmc_wrapper/ph1p_ddrmc_top/u_ddr_phy/u_ddrphy_top/u_ddrphy/bkref[1]$u_ddrphy_bankref" LOCATION="X0Y59Z0"
SYN-1001 : ADC: Instance "u_ph1p35_324_ddr_wrapper/u_ddr2/ph1p_ddrmc_wrapper/ph1p_ddrmc_top/u_ddr_phy/u_ddrphy_top/u_ddrphy/dx_byte[0]$dx_byte_used$u_ddrphy_dx_byte_wrapper/u_ddrphy_byte" LOCATION="X0Y30Z0"
SYN-1001 : ADC: Instance "u_ph1p35_324_ddr_wrapper/u_ddr2/ph1p_ddrmc_wrapper/ph1p_ddrmc_top/u_ddr_phy/u_ddrphy_top/u_ddrphy/dx_byte[1]$dx_byte_used$u_ddrphy_dx_byte_wrapper/u_ddrphy_byte" LOCATION="X0Y10Z0"
SYN-1001 : ADC: Instance "u_ph1p35_324_ddr_wrapper/u_ddr2/ph1p_ddrmc_wrapper/ph1p_ddrmc_top/u_ddr_phy/u_ddrphy_top/u_ddrphy_clk/ioclk[0]$u_ioclk_0" LOCATION="X0Y59Z0"
SYN-1001 : ADC: Instance "u_ph1p35_324_ddr_wrapper/u_ddr2/ph1p_ddrmc_wrapper/ph1p_ddrmc_top/u_ddr_phy/u_ddrphy_top/u_ddrphy_clk/ioclk[0]$u_ioclk_1" LOCATION="X0Y59Z1"
SYN-1001 : ADC: Instance "u_ph1p35_324_ddr_wrapper/u_ddr2/ph1p_ddrmc_wrapper/ph1p_ddrmc_top/u_ddr_phy/u_ddrphy_top/u_ddrphy_clk/ioclk[1]$u_ioclk_0" LOCATION="X0Y19Z0"
SYN-1001 : ADC: Instance "u_ph1p35_324_ddr_wrapper/u_ddr2/ph1p_ddrmc_wrapper/ph1p_ddrmc_top/u_ddr_phy/u_ddrphy_top/u_ddrphy_clk/ioclk[1]$u_ioclk_1" LOCATION="X0Y19Z1"
SYN-1001 : ADC: Instance "u_ph1p35_324_ddr_wrapper/u_ddr2/ph1p_ddrmc_wrapper/ph1p_ddrmc_top/u_ddr_phy/u_ddrphy_top/u_ddrphy_clk/u_mlclk_1" LOCATION="X0Y59Z0"
SYN-1001 : ADC: Instance "u_ph1p35_324_ddr_wrapper/u_ddr2/ph1p_ddrmc_wrapper/ph1p_ddrmc_top/u_ddr_phy/u_ddrphy_top/u_ddrphy_clk/u_mlclk_2" LOCATION="X0Y59Z1"
SYN-1001 : ADC: Instance "u_ph1p35_324_ddr_wrapper/u_ddr2/ph1p_ddrmc_wrapper/ph1p_ddrmc_top/u_ddr_phy/u_ddrphy_top/u_ddrphy_clk/u_pll0/u_pll_inst" LOCATION="X0Y40Z0"
SYN-1001 : ADC: Instance "u_ph1p35_324_ddr_wrapper/u_ddr2/ph1p_ddrmc_wrapper/ph1p_ddrmc_top/u_ddr_phy/u_ddrphy_top/u_ddrphy_clk/u_pll1/u_pll_inst" LOCATION="X0Y79Z0"
SYN-1001 : End Stage 1 | Legalize Phy Inst; Time: 0.137018s wall, 0.140625s user + 0.000000s system = 0.140625s CPU (102.6%); Memory(MB): used = 806, reserved = 824, peak = 806;

RUN-1003 : finish command "insert_debugger ../../chip_debugger" in  12.561509s wall, 3.718750s user + 0.125000s system = 3.843750s CPU (30.6%)

RUN-1004 : used memory is 806 MB, reserved memory is 824 MB, peak memory is 806 MB
RUN-1002 : start command "place"
RUN-1001 : Open license file F:/AnlogicFpga/TD_6.2.1_Engineer_6.2.168.116/license/Anlogic.lic
PHY-3001 : Placer runs in 32 thread(s).
PHY-1001 : Stage 1 | Initialize Design
PHY-1001 : Stage 1.1 | Build Design
PHY-1001 : 10748 luts, 15350 seqs, 416 mslices, 3371 lslices, 54 pads, 50 brams, 8 dsps
RUN-1002 : start command "legalize_phy_inst"
SYN-1011 : Flatten model design_top_wrapper
SYN-1001 : ADC: Instance "u_ph1p35_324_ddr_wrapper/u_ddr2/ph1p_ddrmc_wrapper/ph1p_ddrmc_top/u_ddr_phy/u_ddrphy_top/u_ddrphy/ac_byte[0]$ac_byte_used$u_ddrphy_ac_byte_wrapper/u_ddrphy_byte" LOCATION="X0Y70Z0"
SYN-1001 : ADC: Instance "u_ph1p35_324_ddr_wrapper/u_ddr2/ph1p_ddrmc_wrapper/ph1p_ddrmc_top/u_ddr_phy/u_ddrphy_top/u_ddrphy/ac_byte[1]$ac_byte_used$u_ddrphy_ac_byte_wrapper/u_ddrphy_byte" LOCATION="X0Y60Z0"
SYN-1001 : ADC: Instance "u_ph1p35_324_ddr_wrapper/u_ddr2/ph1p_ddrmc_wrapper/ph1p_ddrmc_top/u_ddr_phy/u_ddrphy_top/u_ddrphy/ac_byte[2]$ac_byte_used$u_ddrphy_ac_byte_wrapper/u_ddrphy_byte" LOCATION="X0Y50Z0"
SYN-1001 : ADC: Instance "u_ph1p35_324_ddr_wrapper/u_ddr2/ph1p_ddrmc_wrapper/ph1p_ddrmc_top/u_ddr_phy/u_ddrphy_top/u_ddrphy/ac_byte[3]$ac_byte_used$u_ddrphy_ac_byte_wrapper/u_ddrphy_byte" LOCATION="X0Y40Z0"
SYN-1001 : ADC: Instance "u_ph1p35_324_ddr_wrapper/u_ddr2/ph1p_ddrmc_wrapper/ph1p_ddrmc_top/u_ddr_phy/u_ddrphy_top/u_ddrphy/bkref[0]$u_ddrphy_bankref" LOCATION="X0Y19Z0"
SYN-1001 : ADC: Instance "u_ph1p35_324_ddr_wrapper/u_ddr2/ph1p_ddrmc_wrapper/ph1p_ddrmc_top/u_ddr_phy/u_ddrphy_top/u_ddrphy/bkref[1]$u_ddrphy_bankref" LOCATION="X0Y59Z0"
SYN-1001 : ADC: Instance "u_ph1p35_324_ddr_wrapper/u_ddr2/ph1p_ddrmc_wrapper/ph1p_ddrmc_top/u_ddr_phy/u_ddrphy_top/u_ddrphy/dx_byte[0]$dx_byte_used$u_ddrphy_dx_byte_wrapper/u_ddrphy_byte" LOCATION="X0Y30Z0"
SYN-1001 : ADC: Instance "u_ph1p35_324_ddr_wrapper/u_ddr2/ph1p_ddrmc_wrapper/ph1p_ddrmc_top/u_ddr_phy/u_ddrphy_top/u_ddrphy/dx_byte[1]$dx_byte_used$u_ddrphy_dx_byte_wrapper/u_ddrphy_byte" LOCATION="X0Y10Z0"
SYN-1001 : ADC: Instance "u_ph1p35_324_ddr_wrapper/u_ddr2/ph1p_ddrmc_wrapper/ph1p_ddrmc_top/u_ddr_phy/u_ddrphy_top/u_ddrphy_clk/ioclk[0]$u_ioclk_0" LOCATION="X0Y59Z0"
SYN-1001 : ADC: Instance "u_ph1p35_324_ddr_wrapper/u_ddr2/ph1p_ddrmc_wrapper/ph1p_ddrmc_top/u_ddr_phy/u_ddrphy_top/u_ddrphy_clk/ioclk[0]$u_ioclk_1" LOCATION="X0Y59Z1"
SYN-1001 : ADC: Instance "u_ph1p35_324_ddr_wrapper/u_ddr2/ph1p_ddrmc_wrapper/ph1p_ddrmc_top/u_ddr_phy/u_ddrphy_top/u_ddrphy_clk/ioclk[1]$u_ioclk_0" LOCATION="X0Y19Z0"
SYN-1001 : ADC: Instance "u_ph1p35_324_ddr_wrapper/u_ddr2/ph1p_ddrmc_wrapper/ph1p_ddrmc_top/u_ddr_phy/u_ddrphy_top/u_ddrphy_clk/ioclk[1]$u_ioclk_1" LOCATION="X0Y19Z1"
SYN-1001 : ADC: Instance "u_ph1p35_324_ddr_wrapper/u_ddr2/ph1p_ddrmc_wrapper/ph1p_ddrmc_top/u_ddr_phy/u_ddrphy_top/u_ddrphy_clk/u_mlclk_1" LOCATION="X0Y59Z0"
SYN-1001 : ADC: Instance "u_ph1p35_324_ddr_wrapper/u_ddr2/ph1p_ddrmc_wrapper/ph1p_ddrmc_top/u_ddr_phy/u_ddrphy_top/u_ddrphy_clk/u_mlclk_2" LOCATION="X0Y59Z1"
SYN-1001 : ADC: Instance "u_ph1p35_324_ddr_wrapper/u_ddr2/ph1p_ddrmc_wrapper/ph1p_ddrmc_top/u_ddr_phy/u_ddrphy_top/u_ddrphy_clk/u_pll0/u_pll_inst" LOCATION="X0Y40Z0"
SYN-1001 : ADC: Instance "u_ph1p35_324_ddr_wrapper/u_ddr2/ph1p_ddrmc_wrapper/ph1p_ddrmc_top/u_ddr_phy/u_ddrphy_top/u_ddrphy_clk/u_pll1/u_pll_inst" LOCATION="X0Y79Z0"
PHY-1001 : Remove keep and sweep redundant instances ...
PHY-1001 : 10432 luts, 14984 seqs, 416 mslices, 3340 lslices, 54 pads, 50 brams, 8 dsps
PHY-1001 : End Stage 1.1 | Build Design; Time: 0.497431s wall, 0.500000s user + 0.000000s system = 0.500000s CPU (100.5%); Memory(MB): used = 806, reserved = 824, peak = 806;

PHY-1001 : Stage 1.2 | Optimize Design
OPT-1001 : Stage 1.2.1 | Simplify Lut
OPT-1001 : End Stage 1.2.1 | Simplify Lut; Time: 0.071341s wall, 0.078125s user + 0.000000s system = 0.078125s CPU (109.5%); Memory(MB): used = 809, reserved = 824, peak = 809;

OPT-1001 : Stage 1.2.2 | Sweep
OPT-1001 : End Stage 1.2.2 | Sweep; Time: 0.023998s wall, 0.015625s user + 0.000000s system = 0.015625s CPU (65.1%); Memory(MB): used = 809, reserved = 824, peak = 809;

OPT-1001 : Stage 1.2.3 | Merge Lut
OPT-1001 : Start remap optimization ...
RUN-1001 :   Added 0 lut1 for undup drivers
OPT-1001 : skip lut merge since lut number 10429 is similar to or less than reg number 14984
OPT-1001 : End Stage 1.2.3 | Merge Lut; Time: 0.040174s wall, 0.046875s user + 0.000000s system = 0.046875s CPU (116.7%); Memory(MB): used = 809, reserved = 824, peak = 809;

OPT-1001 : Stage 1.2.4 | Synthesize High-fanout Net
OPT-1001 : Start high-fanout net optimization in pre-place flow with medium effort ...
RUN-1001 : HFN opt statistic
RUN-1001 : ------------------------------------------------------
RUN-1001 :   DriverCell type  |  HFN count  |  Duplicated count  
RUN-1001 : ------------------------------------------------------
RUN-1001 :       LSLICE       |      0      |         0          
RUN-1001 :       MSLICE       |      0      |         0          
RUN-1001 :        TOTAL       |      0      |         0          
RUN-1001 : ------------------------------------------------------
OPT-1001 : End high-fanout net optimization;  0.000823s wall, 0.000000s user + 0.000000s system = 0.000000s CPU (n/a%)

OPT-1001 : Current memory(MB): used = 809, reserved = 824, peak = 809.
OPT-1001 : End Stage 1.2.4 | Synthesize High-fanout Net; Time: 0.001454s wall, 0.000000s user + 0.000000s system = 0.000000s CPU (n/a%); Memory(MB): used = 809, reserved = 824, peak = 809;

OPT-1001 : End physical optimization;  0.137706s wall, 0.140625s user + 0.000000s system = 0.140625s CPU (102.1%)

PHY-1001 : End Stage 1.2 | Optimize Design; Time: 0.142478s wall, 0.140625s user + 0.000000s system = 0.140625s CPU (98.7%); Memory(MB): used = 809, reserved = 824, peak = 809;

PHY-1001 : Stage 1.3 | Initialize Clock
PHY-1001 : Start to synthesize physical clock networks.
RUN-1002 : start command "start_timer"
RUN-1003 : finish command "start_timer" in  1.560321s wall, 1.562500s user + 0.000000s system = 1.562500s CPU (100.1%)

RUN-1004 : used memory is 839 MB, reserved memory is 833 MB, peak memory is 839 MB
PHY-5060 CRITICAL-WARNING: Clock net candidate u_lens_i2c_ctrl/u_lens_i2c/scl_clk has mixed fanouts of 1 clock pins; 2 data/ctrl pins. Please check connection of the net in design.
PHY-5060 CRITICAL-WARNING: Clock net candidate u_uicfgcs500/uii2c_inst/scl_clk has mixed fanouts of 1 clock pins; 2 data/ctrl pins. Please check connection of the net in design.
PHY-5060 CRITICAL-WARNING: Clock net candidate O_cam_24m_syn_3 has mixed fanouts of 150 clock pins; 1 data/ctrl pins. Please check connection of the net in design.
PHY-1001 : Populate physical database on model design_top_wrapper.
RUN-1001 : There are total 29400 instances
RUN-0007 : 10429 luts, 14984 seqs, 416 mslices, 3340 lslices, 54 pads, 50 brams, 8 dsps
RUN-1001 : There are total 39980 nets
RUN-1001 : 27209 nets have 2 pins
RUN-1001 : 10146 nets have [3 - 5] pins
RUN-1001 : 1830 nets have [6 - 10] pins
RUN-1001 : 447 nets have [11 - 20] pins
RUN-1001 : 302 nets have [21 - 99] pins
RUN-1001 : 46 nets have 100+ pins
PHY-1001 : Start to check user instance location assignments; please refer to ADC constraint.
PHY-1001 : End Stage 1.3 | Initialize Clock; Time: 3.081456s wall, 3.046875s user + 0.015625s system = 3.062500s CPU (99.4%); Memory(MB): used = 851, reserved = 844, peak = 851;

PHY-1001 : End Stage 1 | Initialize Design; Time: 3.774228s wall, 3.734375s user + 0.015625s system = 3.750000s CPU (99.4%); Memory(MB): used = 851, reserved = 844, peak = 851;

PHY-1001 : Stage 2 | Global Placement
RUN-1001 : Report Control nets information:
RUN-1001 : DFF Distribution
RUN-1001 : -------------------------------------
RUN-1001 :   CE   |  SSR  |  ASR  |  DFF Count  
RUN-1001 : -------------------------------------
RUN-1001 :   No   |  No   |  No   |    6912     
RUN-1001 :   No   |  No   |  Yes  |    4056     
RUN-1001 :   No   |  Yes  |  No   |     226     
RUN-1001 :   Yes  |  No   |  No   |     376     
RUN-1001 :   Yes  |  No   |  Yes  |    3500     
RUN-1001 :   Yes  |  Yes  |  No   |     154     
RUN-1001 : -------------------------------------
RUN-1001 : Control Group Statistic
RUN-1001 : -----------------------------
RUN-1001 :   #CLK  |  #CE  |  #SSR/ASR  
RUN-1001 : -----------------------------
RUN-1001 :    12   |  149  |     33     
RUN-1001 : -----------------------------
RUN-0007 : Control Set = 197
PHY-1001 : Stage 2.1 | Place Fixed Instances
PHY-1001 : Processing 2 clock pins of DDR instance u_ph1p35_324_ddr_wrapper/u_ddr2/ph1p_ddrmc_wrapper/ph1p_ddrmc_top/u_ddr_phy/u_ddrphy_top/u_ddrphy/ac_byte[0]$ac_byte_used$u_ddrphy_ac_byte_wrapper/u_ddrphy_byte, location = x0y70z0.
PHY-1001 :   User location X0Y59Z1 of ioclk instance u_ph1p35_324_ddr_wrapper/u_ddr2/ph1p_ddrmc_wrapper/ph1p_ddrmc_top/u_ddr_phy/u_ddrphy_top/u_ddrphy_clk/ioclk[0]$u_ioclk_1.
PHY-1001 :   Placement of ioclk instance u_ph1p35_324_ddr_wrapper/u_ddr2/ph1p_ddrmc_wrapper/ph1p_ddrmc_top/u_ddr_phy/u_ddrphy_top/u_ddrphy_clk/ioclk[0]$u_ioclk_1; location = x0y59z1.
PHY-1001 :   User location X0Y59Z0 of ioclk instance u_ph1p35_324_ddr_wrapper/u_ddr2/ph1p_ddrmc_wrapper/ph1p_ddrmc_top/u_ddr_phy/u_ddrphy_top/u_ddrphy_clk/ioclk[0]$u_ioclk_0.
PHY-1001 :   Placement of ioclk instance u_ph1p35_324_ddr_wrapper/u_ddr2/ph1p_ddrmc_wrapper/ph1p_ddrmc_top/u_ddr_phy/u_ddrphy_top/u_ddrphy_clk/ioclk[0]$u_ioclk_0; location = x0y59z0.
PHY-1001 : Processing 2 clock pins of DDR instance u_ph1p35_324_ddr_wrapper/u_ddr2/ph1p_ddrmc_wrapper/ph1p_ddrmc_top/u_ddr_phy/u_ddrphy_top/u_ddrphy/ac_byte[1]$ac_byte_used$u_ddrphy_ac_byte_wrapper/u_ddrphy_byte, location = x0y60z0.
PHY-1001 :   Placed ioclk instance u_ph1p35_324_ddr_wrapper/u_ddr2/ph1p_ddrmc_wrapper/ph1p_ddrmc_top/u_ddr_phy/u_ddrphy_top/u_ddrphy_clk/ioclk[0]$u_ioclk_1, location = x0y59z1.
PHY-1001 :   Placed ioclk instance u_ph1p35_324_ddr_wrapper/u_ddr2/ph1p_ddrmc_wrapper/ph1p_ddrmc_top/u_ddr_phy/u_ddrphy_top/u_ddrphy_clk/ioclk[0]$u_ioclk_0, location = x0y59z0.
PHY-1001 : Processing 2 clock pins of DDR instance u_ph1p35_324_ddr_wrapper/u_ddr2/ph1p_ddrmc_wrapper/ph1p_ddrmc_top/u_ddr_phy/u_ddrphy_top/u_ddrphy/ac_byte[2]$ac_byte_used$u_ddrphy_ac_byte_wrapper/u_ddrphy_byte, location = x0y50z0.
PHY-1001 :   Placed ioclk instance u_ph1p35_324_ddr_wrapper/u_ddr2/ph1p_ddrmc_wrapper/ph1p_ddrmc_top/u_ddr_phy/u_ddrphy_top/u_ddrphy_clk/ioclk[0]$u_ioclk_1, location = x0y59z1.
PHY-1001 :   Placed ioclk instance u_ph1p35_324_ddr_wrapper/u_ddr2/ph1p_ddrmc_wrapper/ph1p_ddrmc_top/u_ddr_phy/u_ddrphy_top/u_ddrphy_clk/ioclk[0]$u_ioclk_0, location = x0y59z0.
PHY-1001 : Processing 2 clock pins of DDR instance u_ph1p35_324_ddr_wrapper/u_ddr2/ph1p_ddrmc_wrapper/ph1p_ddrmc_top/u_ddr_phy/u_ddrphy_top/u_ddrphy/ac_byte[3]$ac_byte_used$u_ddrphy_ac_byte_wrapper/u_ddrphy_byte, location = x0y40z0.
PHY-1001 :   Placed ioclk instance u_ph1p35_324_ddr_wrapper/u_ddr2/ph1p_ddrmc_wrapper/ph1p_ddrmc_top/u_ddr_phy/u_ddrphy_top/u_ddrphy_clk/ioclk[0]$u_ioclk_1, location = x0y59z1.
PHY-1001 :   Placed ioclk instance u_ph1p35_324_ddr_wrapper/u_ddr2/ph1p_ddrmc_wrapper/ph1p_ddrmc_top/u_ddr_phy/u_ddrphy_top/u_ddrphy_clk/ioclk[0]$u_ioclk_0, location = x0y59z0.
PHY-1001 : Processing 2 clock pins of DDR instance u_ph1p35_324_ddr_wrapper/u_ddr2/ph1p_ddrmc_wrapper/ph1p_ddrmc_top/u_ddr_phy/u_ddrphy_top/u_ddrphy/dx_byte[0]$dx_byte_used$u_ddrphy_dx_byte_wrapper/u_ddrphy_byte, location = x0y30z0.
PHY-1001 :   User location X0Y19Z1 of ioclk instance u_ph1p35_324_ddr_wrapper/u_ddr2/ph1p_ddrmc_wrapper/ph1p_ddrmc_top/u_ddr_phy/u_ddrphy_top/u_ddrphy_clk/ioclk[1]$u_ioclk_1.
PHY-1001 :   Placement of ioclk instance u_ph1p35_324_ddr_wrapper/u_ddr2/ph1p_ddrmc_wrapper/ph1p_ddrmc_top/u_ddr_phy/u_ddrphy_top/u_ddrphy_clk/ioclk[1]$u_ioclk_1; location = x0y19z1.
PHY-1001 :   User location X0Y19Z0 of ioclk instance u_ph1p35_324_ddr_wrapper/u_ddr2/ph1p_ddrmc_wrapper/ph1p_ddrmc_top/u_ddr_phy/u_ddrphy_top/u_ddrphy_clk/ioclk[1]$u_ioclk_0.
PHY-1001 :   Placement of ioclk instance u_ph1p35_324_ddr_wrapper/u_ddr2/ph1p_ddrmc_wrapper/ph1p_ddrmc_top/u_ddr_phy/u_ddrphy_top/u_ddrphy_clk/ioclk[1]$u_ioclk_0; location = x0y19z0.
PHY-1001 : Processing 2 clock pins of DDR instance u_ph1p35_324_ddr_wrapper/u_ddr2/ph1p_ddrmc_wrapper/ph1p_ddrmc_top/u_ddr_phy/u_ddrphy_top/u_ddrphy/dx_byte[1]$dx_byte_used$u_ddrphy_dx_byte_wrapper/u_ddrphy_byte, location = x0y10z0.
PHY-1001 :   Placed ioclk instance u_ph1p35_324_ddr_wrapper/u_ddr2/ph1p_ddrmc_wrapper/ph1p_ddrmc_top/u_ddr_phy/u_ddrphy_top/u_ddrphy_clk/ioclk[1]$u_ioclk_1, location = x0y19z1.
PHY-1001 :   Placed ioclk instance u_ph1p35_324_ddr_wrapper/u_ddr2/ph1p_ddrmc_wrapper/ph1p_ddrmc_top/u_ddr_phy/u_ddrphy_top/u_ddrphy_clk/ioclk[1]$u_ioclk_0, location = x0y19z0.
PHY-1001 : DDR MLCLK topology u_ph1p35_324_ddr_wrapper/u_ddr2/ph1p_ddrmc_wrapper/ph1p_ddrmc_top/u_ddr_phy/u_ddrphy_top/u_ddrphy_clk/u_mlclk_1.
PHY-1001 :   Driver: PH1P_PHY_PLL_V2 u_ph1p35_324_ddr_wrapper/u_ddr2/ph1p_ddrmc_wrapper/ph1p_ddrmc_top/u_ddr_phy/u_ddrphy_top/u_ddrphy_clk/u_pll0/u_pll_inst.clkc[1], user location :X0Y40Z0.
PHY-1001 :   Sink: PH1P_PHY_IOCLK u_ph1p35_324_ddr_wrapper/u_ddr2/ph1p_ddrmc_wrapper/ph1p_ddrmc_top/u_ddr_phy/u_ddrphy_top/u_ddrphy_clk/ioclk[0]$u_ioclk_0, location = x0y59z0, sectorID = 1.
PHY-1001 :   Sink: PH1P_PHY_IOCLK u_ph1p35_324_ddr_wrapper/u_ddr2/ph1p_ddrmc_wrapper/ph1p_ddrmc_top/u_ddr_phy/u_ddrphy_top/u_ddrphy_clk/ioclk[1]$u_ioclk_0, location = x0y19z0, sectorID = 0.
PHY-1001 : Placement of MLCLK instance u_ph1p35_324_ddr_wrapper/u_ddr2/ph1p_ddrmc_wrapper/ph1p_ddrmc_top/u_ddr_phy/u_ddrphy_top/u_ddrphy_clk/u_mlclk_1; location = x0y59z0,  sectorID = 1.
PHY-1001 : DDR MLCLK topology u_ph1p35_324_ddr_wrapper/u_ddr2/ph1p_ddrmc_wrapper/ph1p_ddrmc_top/u_ddr_phy/u_ddrphy_top/u_ddrphy_clk/u_mlclk_2.
PHY-1001 :   Driver: PH1P_PHY_PLL_V2 u_ph1p35_324_ddr_wrapper/u_ddr2/ph1p_ddrmc_wrapper/ph1p_ddrmc_top/u_ddr_phy/u_ddrphy_top/u_ddrphy_clk/u_pll0/u_pll_inst.clkc[2], user location :X0Y40Z0.
PHY-1001 :   Sink: PH1P_PHY_IOCLK u_ph1p35_324_ddr_wrapper/u_ddr2/ph1p_ddrmc_wrapper/ph1p_ddrmc_top/u_ddr_phy/u_ddrphy_top/u_ddrphy_clk/ioclk[0]$u_ioclk_1, location = x0y59z1, sectorID = 1.
PHY-1001 :   Sink: PH1P_PHY_IOCLK u_ph1p35_324_ddr_wrapper/u_ddr2/ph1p_ddrmc_wrapper/ph1p_ddrmc_top/u_ddr_phy/u_ddrphy_top/u_ddrphy_clk/ioclk[1]$u_ioclk_1, location = x0y19z1, sectorID = 0.
PHY-1001 : Placement of MLCLK instance u_ph1p35_324_ddr_wrapper/u_ddr2/ph1p_ddrmc_wrapper/ph1p_ddrmc_top/u_ddr_phy/u_ddrphy_top/u_ddrphy_clk/u_mlclk_2; location = x0y59z1,  sectorID = 1.
PHY-5016 WARNING: PLL clkc is driving an IO without location.
PHY-5016 WARNING: PLL clkc is not driving a clock-capable IO.
PHY-5016 WARNING: PLL clkc is driving an IO without location.
PHY-5016 WARNING: PLL clkc is driving an IO without location.
PHY-5016 WARNING: PLL clkc is driving an IO without location.
PHY-5016 WARNING: PLL clkc is not driving a clock-capable IO.
PHY-1001 : End Stage 2.1 | Place Fixed Instances; Time: 0.101258s wall, 0.078125s user + 0.000000s system = 0.078125s CPU (77.2%); Memory(MB): used = 880, reserved = 872, peak = 880;

PHY-1001 : Stage 2.2 | Pre-Place DRC Check
PHY-1001 : Stage 2.2.1 | Force Route Constraint Check
PHY-1001 : Check Pass.
PHY-1001 : End Stage 2.2.1 | Force Route Constraint Check; Time: 0.003801s wall, 0.000000s user + 0.000000s system = 0.000000s CPU (n/a%); Memory(MB): used = 880, reserved = 872, peak = 880;

PHY-1001 : End Stage 2.2 | Pre-Place DRC Check; Time: 0.004420s wall, 0.000000s user + 0.000000s system = 0.000000s CPU (n/a%); Memory(MB): used = 880, reserved = 872, peak = 880;

PHY-1001 : Clock GCLK Statistics:
RUN-1001 : GCLK Index: 
RUN-1001 : -------------------------------------------------------------------------------------------------------------------------------------------------------
RUN-1001 :   Index  |                                                          Clock GCLK                                                           |  Location   
RUN-1001 : -------------------------------------------------------------------------------------------------------------------------------------------------------
RUN-1001 :     1    |                           u_mipi_dphy_rx_ph1p_mipiio_wrapper/u_ph1p_mipiio_rx_wrapper/bufg_feedback                           |  x23y39z1   
RUN-1001 :     2    |   u_ph1p35_324_ddr_wrapper/u_ddr2/ph1p_ddrmc_wrapper/ph1p_ddrmc_top/u_ddr_phy/u_ddrphy_top/u_ddrphy_clk/u_pll1/u_bufg_fbclk   |  x23y39z16  
RUN-1001 :     3    |                                               S_hdmi_pixel_clk_created_gclkinst                                               |  x23y39z17  
RUN-1001 :     4    |                                            u_lens_i2c_ctrl/I_clk_created_gclkinst                                             |  x23y39z18  
RUN-1001 :     5    |                                                   cwc_jtck_created_gclkinst                                                   |  x23y39z0   
RUN-1001 :     6    |                                               O_cam_24m_dup_1_created_gclkinst                                                |  x23y39z19  
RUN-1001 :     7    |                                               I_sys_clk_dup_6_created_gclkinst                                                |  x23y39z24  
RUN-1001 :     8    |                          u_hdmi_tx/u_hdmi2phy_wrapper/u0_lane_lvds_8_1/I_serial_clk_created_gclkinst                          |  x23y39z20  
RUN-1001 :     9    |  u_ph1p35_324_ddr_wrapper/u_ddr2/ph1p_ddrmc_wrapper/ph1p_ddrmc_top/u_ddr_phy/u_ddrphy_top/u_ddrphy/apb_pclk_created_gclkinst  |  x23y39z21  
RUN-1001 :    10    |                                      u_lens_i2c_ctrl/u_lens_i2c/scl_clk_created_gclkinst                                      |  x23y39z3   
RUN-1001 :    11    |                                       u_uicfgcs500/uii2c_inst/scl_clk_created_gclkinst                                        |  x23y39z2   
RUN-1001 :    12    |                                                      u_PLL/bufg_feedback                                                      |  x23y39z22  
RUN-1001 :    13    |                                                S_mcu_ahb_clk_created_gclkinst                                                 |  x23y39z4   
RUN-1001 :    14    |                                     u_mcu/MCU_521bd43d073e_Inst/core_clk_created_gclkinst                                     |  x23y39z23  
RUN-1001 : -------------------------------------------------------------------------------------------------------------------------------------------------------
RUN-1001 : Clock Nets Connect To GCLK Statistics: 
RUN-1001 : -----------------------------------------------------------------------------------------------------------------------------------------------------------------------------------------
RUN-1001 :   Index  |                        Leading Net                        |  CLK/DATA/IO/PLL Sink(s)  |                       Following Net                       |  CLK/DATA/IO/PLL Sink(s)  
RUN-1001 : -----------------------------------------------------------------------------------------------------------------------------------------------------------------------------------------
RUN-1001 :     1    | u_mipi_dphy_rx_ph1p_mipiio_wrapper/u_ph1p_mipiio_rx_w...  |          1/0/0/0          | u_isp_top/u_rgb96_downscale_crop/u_scale_line_buffer/...  |        8723/0/0/0         
RUN-1001 :     2    | u_ph1p35_324_ddr_wrapper/u_ddr2/ph1p_ddrmc_wrapper/ph...  |          1/0/0/0          | u_ph1p35_324_ddr_wrapper/u_ddr2/ph1p_ddrmc_wrapper/ph...  |        3545/0/0/0         
RUN-1001 :     3    |                     S_hdmi_pixel_clk                      |          1/0/0/0          |                 S_hdmi_pixel_clk_syn_652                  |        1582/0/0/0         
RUN-1001 :     4    |                   u_lens_i2c_ctrl/I_clk                   |          1/0/0/0          |                u_lens_i2c_ctrl/I_clk_syn_1                |         694/0/0/0         
RUN-1001 :     5    |                         cwc_jtck                          |          1/0/0/0          |                      cwc_jtck_syn_1                       |         285/0/0/0         
RUN-1001 :     6    |                      O_cam_24m_dup_1                      |          1/0/0/0          |                      O_cam_24m_syn_3                      |         150/1/0/0         
RUN-1001 :     7    |                      I_sys_clk_dup_6                      |          3/0/0/0          |                      I_sys_clk_syn_8                      |         137/0/0/0         
RUN-1001 :     8    | u_hdmi_tx/u_hdmi2phy_wrapper/u0_lane_lvds_8_1/I_seria...  |          1/0/0/0          | u_hdmi_tx/u_hdmi2phy_wrapper/u0_lane_lvds_8_1/I_seria...  |         61/0/0/0          
RUN-1001 :     9    | u_ph1p35_324_ddr_wrapper/u_ddr2/ph1p_ddrmc_wrapper/ph...  |          1/0/0/0          | u_ph1p35_324_ddr_wrapper/u_ddr2/ph1p_ddrmc_wrapper/ph...  |         43/0/0/0          
RUN-1001 :    10    |            u_lens_i2c_ctrl/u_lens_i2c/scl_clk             |          1/2/0/0          |         u_lens_i2c_ctrl/u_lens_i2c/scl_clk_syn_9          |         24/0/0/0          
RUN-1001 :    11    |              u_uicfgcs500/uii2c_inst/scl_clk              |          1/2/0/0          |           u_uicfgcs500/uii2c_inst/scl_clk_syn_9           |         24/0/0/0          
RUN-1001 :    12    |                      u_PLL/clk0_buf                       |          1/0/0/0          | u_mipi_dphy_rx_ph1p_mipiio_wrapper/u_ph1p_mipiio_rx_w...  |         14/0/0/0          
RUN-1001 :    13    |                       S_mcu_ahb_clk                       |          1/0/0/0          |                    S_mcu_ahb_clk_syn_5                    |          1/0/0/0          
RUN-1001 :    14    |           u_mcu/MCU_521bd43d073e_Inst/core_clk            |          1/0/0/0          |        u_mcu/MCU_521bd43d073e_Inst/core_clk_syn_1         |          1/0/0/0          
RUN-1001 : -----------------------------------------------------------------------------------------------------------------------------------------------------------------------------------------
PHY-1001 : Stage 2.3 | Global Placement Step 1
PHY-3001 : Target density is 60%
PHY-1001 : Stage 2.3.1 | Update Timing
RUN-1002 : start command "start_timer"
RUN-1003 : finish command "start_timer" in  1.676282s wall, 1.671875s user + 0.000000s system = 1.671875s CPU (99.7%)

RUN-1004 : used memory is 916 MB, reserved memory is 910 MB, peak memory is 916 MB
PHY-1001 : SWNS: 113, STNS: 0, FEP: 0
PHY-3001 : tot_pins 288751 tot_hfn_pins 21725 perc. 7 tot_hhfn_pins 6179 perc. 2
PHY-1001 : End Stage 2.3.1 | Update Timing; Time: 3.215433s wall, 3.218750s user + 0.000000s system = 3.218750s CPU (100.1%); Memory(MB): used = 917, reserved = 910, peak = 917;

PHY-0007 : Cell area utilization is 53%
RUN-1001 : Huge Net Statistic
RUN-1001 : ----------------------------------------------------------------------------------------------------------------------------------------------------------------------------------------
RUN-1001 :   Fanout  |  Slack  |                                                                                Net                                                                                
RUN-1001 : ----------------------------------------------------------------------------------------------------------------------------------------------------------------------------------------
RUN-1001 :    3618   |   Inf   |                                u_ph1p35_324_ddr_wrapper/u_ddr2/ph1p_ddrmc_wrapper/ph1p_ddrmc_top/u_ddr_phy/u_ddrphy_top/sys_rst_n                                 
RUN-1001 :    1472   |  11982  |                                u_ph1p35_324_ddr_wrapper/u_ddr2/ph1p_ddrmc_wrapper/ph1p_ddrmc_top/u_alc_mc_top/u_rbuf_addr_fifo/rst                                
RUN-1001 :    1089   |   Inf   |  u_ph1p35_324_ddr_wrapper/u_ddr2/ph1p_ddrmc_wrapper/ph1p_ddrmc_top/u_ddr_phy/u_ddrphy_top/u_ddrphy/dx_byte[1]$dx_byte_used$u_ddrphy_dx_byte_wrapper/dx_phy_rst_n  
RUN-1001 : ----------------------------------------------------------------------------------------------------------------------------------------------------------------------------------------
PHY-3001 : Clustering ...
PHY-3001 : End clustering;  0.170058s wall, 0.453125s user + 0.515625s system = 0.968750s CPU (569.7%)

PHY-3001 : Target density is 60%
PHY-1001 : Stage 2.3.2 | GP Iteration
PHY-1001 : End Stage 2.3.2 | GP Iteration; Time: 2.960989s wall, 12.578125s user + 2.937500s system = 15.515625s CPU (524.0%); Memory(MB): used = 928, reserved = 921, peak = 928;

PHY-3001 : Multithread accelerating rate: 5.21
RUN-1002 : start command "start_timer"
USR-1002 : Derived clock:  create_generated_clock -name {u_PLL/ph1p_phy_pll_wrapper_25a56e5ce2f9_Inst/u_PH1P_PHY_PLL.clkc[0]} -source [get_ports {I_sys_clk}] -master_clock {sys_clk_50m} -multiply_by 2.0000 -duty_cycle 50.0000 [get_pins {u_PLL/ph1p_phy_pll_wrapper_25a56e5ce2f9_Inst/u_PH1P_PHY_PLL.clkc[0]}]
USR-1002 : Derived clock:  create_generated_clock -name {u_PLL/ph1p_phy_pll_wrapper_25a56e5ce2f9_Inst/u_PH1P_PHY_PLL.clkc[1]} -source [get_ports {I_sys_clk}] -master_clock {sys_clk_50m} -divide_by 2.1000 -duty_cycle 50.0000 [get_pins {u_PLL/ph1p_phy_pll_wrapper_25a56e5ce2f9_Inst/u_PH1P_PHY_PLL.clkc[1]}]
USR-1002 : Derived clock:  create_generated_clock -name {u_PLL/ph1p_phy_pll_wrapper_25a56e5ce2f9_Inst/u_PH1P_PHY_PLL.clkc[2]} -source [get_ports {I_sys_clk}] -master_clock {sys_clk_50m} -multiply_by 1.0000 -duty_cycle 50.0000 [get_pins {u_PLL/ph1p_phy_pll_wrapper_25a56e5ce2f9_Inst/u_PH1P_PHY_PLL.clkc[2]}]
USR-1002 : Derived clock:  create_generated_clock -name {u_PLL/ph1p_phy_pll_wrapper_25a56e5ce2f9_Inst/u_PH1P_PHY_PLL.clkc[3]} -source [get_ports {I_sys_clk}] -master_clock {sys_clk_50m} -multiply_by 6.0000 -duty_cycle 50.0000 [get_pins {u_PLL/ph1p_phy_pll_wrapper_25a56e5ce2f9_Inst/u_PH1P_PHY_PLL.clkc[3]}]
USR-1002 : Derived clock:  create_generated_clock -name {u_PLL/ph1p_phy_pll_wrapper_25a56e5ce2f9_Inst/u_PH1P_PHY_PLL.clkc[4]} -source [get_ports {I_sys_clk}] -master_clock {sys_clk_50m} -multiply_by 1.5000 -duty_cycle 50.0000 [get_pins {u_PLL/ph1p_phy_pll_wrapper_25a56e5ce2f9_Inst/u_PH1P_PHY_PLL.clkc[4]}]
USR-1002 : Derived clock:  create_generated_clock -name {u_PLL/ph1p_phy_pll_wrapper_25a56e5ce2f9_Inst/u_PH1P_PHY_PLL.clkc[5]} -source [get_ports {I_sys_clk}] -master_clock {sys_clk_50m} -multiply_by 7.5000 -duty_cycle 50.0000 [get_pins {u_PLL/ph1p_phy_pll_wrapper_25a56e5ce2f9_Inst/u_PH1P_PHY_PLL.clkc[5]}]
USR-1002 : Derived clock:  create_generated_clock -name {u_ph1p35_324_ddr_wrapper/u_ddr2/ph1p_ddrmc_wrapper/ph1p_ddrmc_top/u_ddr_phy/u_ddrphy_top/u_ddrphy_clk/u_pll0/u_pll_inst.clkc[0]} -source [get_ports {I_sys_clk}] -master_clock {sys_clk_50m} -multiply_by 1.3333 -duty_cycle 50.0000 [get_pins {u_ph1p35_324_ddr_wrapper/u_ddr2/ph1p_ddrmc_wrapper/ph1p_ddrmc_top/u_ddr_phy/u_ddrphy_top/u_ddrphy_clk/u_pll0/u_pll_inst.clkc[0]}]
USR-1002 : Derived clock:  create_generated_clock -name {u_ph1p35_324_ddr_wrapper/u_ddr2/ph1p_ddrmc_wrapper/ph1p_ddrmc_top/u_ddr_phy/u_ddrphy_top/u_ddrphy_clk/u_pll0/u_pll_inst.clkc[1]} -source [get_ports {I_sys_clk}] -master_clock {sys_clk_50m} -multiply_by 1.3333 -duty_cycle 50.0000 [get_pins {u_ph1p35_324_ddr_wrapper/u_ddr2/ph1p_ddrmc_wrapper/ph1p_ddrmc_top/u_ddr_phy/u_ddrphy_top/u_ddrphy_clk/u_pll0/u_pll_inst.clkc[1]}]
USR-1002 : Derived clock:  create_generated_clock -name {u_ph1p35_324_ddr_wrapper/u_ddr2/ph1p_ddrmc_wrapper/ph1p_ddrmc_top/u_ddr_phy/u_ddrphy_top/u_ddrphy_clk/u_pll0/u_pll_inst.clkc[2]} -source [get_ports {I_sys_clk}] -master_clock {sys_clk_50m} -multiply_by 5.3333 -duty_cycle 50.0000 [get_pins {u_ph1p35_324_ddr_wrapper/u_ddr2/ph1p_ddrmc_wrapper/ph1p_ddrmc_top/u_ddr_phy/u_ddrphy_top/u_ddrphy_clk/u_pll0/u_pll_inst.clkc[2]}]
USR-1002 : Derived clock:  create_generated_clock -name {u_ph1p35_324_ddr_wrapper/u_ddr2/ph1p_ddrmc_wrapper/ph1p_ddrmc_top/u_ddr_phy/u_ddrphy_top/u_ddrphy_clk/u_pll0/u_pll_inst.clkc[3]} -source [get_ports {I_sys_clk}] -master_clock {sys_clk_50m} -divide_by 1.9687 -duty_cycle 50.0000 [get_pins {u_ph1p35_324_ddr_wrapper/u_ddr2/ph1p_ddrmc_wrapper/ph1p_ddrmc_top/u_ddr_phy/u_ddrphy_top/u_ddrphy_clk/u_pll0/u_pll_inst.clkc[3]}]
USR-1002 : Derived clock:  create_generated_clock -name {u_ph1p35_324_ddr_wrapper/u_ddr2/ph1p_ddrmc_wrapper/ph1p_ddrmc_top/u_ddr_phy/u_ddrphy_top/u_ddrphy_clk/u_pll1/u_pll_inst.clkc[0]} -source [get_pins {u_ph1p35_324_ddr_wrapper/u_ddr2/ph1p_ddrmc_wrapper/ph1p_ddrmc_top/u_ddr_phy/u_ddrphy_top/u_ddrphy_clk/u_pll0/u_pll_inst.clkc[0]}] -master_clock {u_ph1p35_324_ddr_wrapper/u_ddr2/ph1p_ddrmc_wrapper/ph1p_ddrmc_top/u_ddr_phy/u_ddrphy_top/u_ddrphy_clk/u_pll0/u_pll_inst.clkc[0]} -multiply_by 1.0000 -duty_cycle 50.0000 [get_pins {u_ph1p35_324_ddr_wrapper/u_ddr2/ph1p_ddrmc_wrapper/ph1p_ddrmc_top/u_ddr_phy/u_ddrphy_top/u_ddrphy_clk/u_pll1/u_pll_inst.clkc[0]}]
8.888000
15.000000
15.000000
13.333000
RUN-1003 : finish command "start_timer" in  2.618052s wall, 2.578125s user + 0.031250s system = 2.609375s CPU (99.7%)

RUN-1004 : used memory is 928 MB, reserved memory is 921 MB, peak memory is 928 MB
TMR-2502 : Net delay update with mode: Placed
PHY-3001 : No need to merge 9x9 Dsps.
PHY-1001 : Populate physical database on model design_top_wrapper.
PHY-1001 : End Stage 2.3 | Global Placement Step 1; Time: 11.057614s wall, 20.828125s user + 3.562500s system = 24.390625s CPU (220.6%); Memory(MB): used = 987, reserved = 980, peak = 987;

PHY-1001 : Stage 2.4 | RAM/DSP Legalization and Detailed Placement
PHY-1001 : Stage 2.4.1 | Legalization
PHY-3001 : Before Legalized: Len = 1.92891e+06
PHY-3001 : After Legalized: Len = 1.92069e+06, Over = 123.062
PHY-1001 : End Stage 2.4.1 | Legalization; Time: 1.849671s wall, 1.843750s user + 0.000000s system = 1.843750s CPU (99.7%); Memory(MB): used = 990, reserved = 982, peak = 990;

PHY-1001 : Stage 2.4.2 | Detailed Placement
PHY-1001 : Stage 2.4.2.1 | Simulated Annealing Based DP
PHY-0007 : Initial: WL Cost = 158029, TD Cost = 244028, SWNS = 380, STNS = 0, Nums per T = 580, Range Limit = 2x32
PHY-0007 : Finally: WL Cost = 155623, TD Cost = 243353, WL Ratio = 0.984771, TD Ratio = 0.997234, SWNS = 380, STNS = 0
RUN-1001 : Print Detailed placement's Summary information
RUN-1001 : -------------------------------------------------------------------------------------------------------------------------------
RUN-1001 :             |  Total  |  Accept  |  Reject by overFlow  |  Reject by worseCost  |  Failed by noTarget  |  Failed by gridCheck  
RUN-1001 : -------------------------------------------------------------------------------------------------------------------------------
RUN-1001 :   RAM/DSPs  |  2900   |    80    |          0           |         2820          |          0           |           0           
RUN-1001 :    Macros   |   383   |    7     |          0           |          376          |          0           |           0           
RUN-1001 : -------------------------------------------------------------------------------------------------------------------------------
PHY-1001 : End Stage 2.4.2.1 | Simulated Annealing Based DP; Time: 2.155189s wall, 3.437500s user + 0.281250s system = 3.718750s CPU (172.5%); Memory(MB): used = 992, reserved = 983, peak = 992;

PHY-3001 : End Detailed Place; 
PHY-1001 : End Stage 2.4.2 | Detailed Placement; Time: 2.363861s wall, 3.640625s user + 0.281250s system = 3.921875s CPU (165.9%); Memory(MB): used = 992, reserved = 983, peak = 992;

PHY-1001 : End Stage 2.4 | RAM/DSP Legalization and Detailed Placement; Time: 4.214096s wall, 5.484375s user + 0.281250s system = 5.765625s CPU (136.8%); Memory(MB): used = 992, reserved = 983, peak = 992;

PHY-1001 : Stage 2.5 | Global Placement Step 2
PHY-3001 : Target density is 60%
PHY-1001 : Stage 2.5.1 | Update Timing
PHY-1001 : SWNS: 380, STNS: 0, FEP: 0
PHY-1001 : End Stage 2.5.1 | Update Timing; Time: 0.177759s wall, 0.187500s user + 0.000000s system = 0.187500s CPU (105.5%); Memory(MB): used = 992, reserved = 983, peak = 992;

PHY-1001 : Stage 2.5.2 | Refresh Congestion
RUN-1001 : Generating global routing grids ...
RUN-1001 : Building simple global routing graph ...
PHY-1001 : Generate routing nets ...
PHY-1001 : Reuse net number 0/13754.
PHY-1001 : Global iterations in 32 thread ...
PHY-1002 : len = 1.96168e+06, over cnt = 2464(3%), over = 14014, worst = 90
PHY-1001 : End global iterations;  0.602064s wall, 1.140625s user + 0.000000s system = 1.140625s CPU (189.5%)

PHY-1001 : Congestion index:
PHY-1001 : top1  = 190.34(S 163.28, N 107.24, E 150.82, W 123.11, I 335.22, O 418.26)
PHY-1001 : top5  = 125.46(S 98.65, N 68.61, E 92.21, W 82.12, I 176.89, O 236.33)
PHY-1001 : top10 = 102.23(S 73.25, N 52.86, E 71.55, W 63.76, I 124.38, O 170.05)
PHY-1001 : top15 = 88.67(S 59.96, N 44.11, E 59.92, W 53.11, I 97.34, O 133.92)
PHY-1001 : End Stage 2.5.2 | Refresh Congestion; Time: 1.119976s wall, 1.625000s user + 0.000000s system = 1.625000s CPU (145.1%); Memory(MB): used = 1075, reserved = 1066, peak = 1075;

PHY-1001 : Stage 2.5.3 | GP Iteration
PHY-1001 : End Stage 2.5.3 | GP Iteration; Time: 3.378936s wall, 29.984375s user + 1.093750s system = 31.078125s CPU (919.8%); Memory(MB): used = 1081, reserved = 1072, peak = 1081;

PHY-3001 : Multithread accelerating rate: 9.10
PHY-1001 : End Stage 2.5 | Global Placement Step 2; Time: 6.537559s wall, 33.640625s user + 1.093750s system = 34.734375s CPU (531.3%); Memory(MB): used = 1084, reserved = 1075, peak = 1084;

PHY-1001 : Stage 2.6 | RAM/DSP Detailed Placement
PHY-1001 : Stage 2.6.1 | Detailed Placement
PHY-1001 : Stage 2.6.1.1 | Simulated Annealing Based DP
PHY-0007 : Initial: WL Cost = 138641, TD Cost = 222490, SWNS = 75, STNS = 0, Nums per T = 580, Range Limit = 2x32
PHY-0007 : Finally: WL Cost = 138513, TD Cost = 221958, WL Ratio = 0.999079, TD Ratio = 0.997605, SWNS = 75, STNS = 0
RUN-1001 : Print Detailed placement's Summary information
RUN-1001 : -------------------------------------------------------------------------------------------------------------------------------
RUN-1001 :             |  Total  |  Accept  |  Reject by overFlow  |  Reject by worseCost  |  Failed by noTarget  |  Failed by gridCheck  
RUN-1001 : -------------------------------------------------------------------------------------------------------------------------------
RUN-1001 :   RAM/DSPs  |  1740   |    14    |          0           |         1726          |          0           |           0           
RUN-1001 :    Macros   |   255   |    2     |          0           |          253          |          0           |           0           
RUN-1001 : -------------------------------------------------------------------------------------------------------------------------------
PHY-1001 : End Stage 2.6.1.1 | Simulated Annealing Based DP; Time: 1.832299s wall, 1.781250s user + 0.015625s system = 1.796875s CPU (98.1%); Memory(MB): used = 1085, reserved = 1077, peak = 1085;

PHY-3001 : End Detailed Place; 
PHY-1001 : End Stage 2.6.1 | Detailed Placement; Time: 2.035749s wall, 1.984375s user + 0.015625s system = 2.000000s CPU (98.2%); Memory(MB): used = 1085, reserved = 1077, peak = 1085;

PHY-1001 : Stage 2.6.2 | Spreading
OPT-1001 : Total overflow 551.66 peak overflow 5.09
PHY-3001 : Spreading for sector grids.
PHY-3001 : Iter 1, total overflow: 0
PHY-3001 : tot_capacity: 24, usage_cnt: 16, movable_cnt: 15
PHY-3001 : End spreading;  0.110041s wall, 0.109375s user + 0.000000s system = 0.109375s CPU (99.4%)

PHY-1001 : End Stage 2.6.2 | Spreading; Time: 0.110155s wall, 0.109375s user + 0.000000s system = 0.109375s CPU (99.3%); Memory(MB): used = 1085, reserved = 1077, peak = 1085;

PHY-1001 : End Stage 2.6 | RAM/DSP Detailed Placement; Time: 2.377303s wall, 2.328125s user + 0.015625s system = 2.343750s CPU (98.6%); Memory(MB): used = 1085, reserved = 1077, peak = 1085;

PHY-1001 : Stage 2.7 | Optimize Design
OPT-1001 : Start physical optimization ...
OPT-1001 : Total overflow 551.66 peak overflow 5.09
OPT-1001 : Stage 2.7.1 | Synthesize High-fanout Net
OPT-1001 : Start high-fanout net optimization in pre-pack flow with medium effort ...
OPT-1001 : Update timing in Manhattan mode
OPT-1001 : End timing update;  1.761992s wall, 1.765625s user + 0.000000s system = 1.765625s CPU (100.2%)

OPT-1001 : Start: SWNS 75 STNS 0 NUM_FEPS 0
OPT-1001 : Total overflow 551.66 peak overflow 5.09
PHY-1001 : Populate physical database on model design_top_wrapper.
OPT-1001 : 37 high-fanout net processed.
PHY-3001 : Start incremental placement ...
PHY-1001 : Populate physical database on model design_top_wrapper.
PHY-1001 : Processing 2 clock pins of DDR instance u_ph1p35_324_ddr_wrapper/u_ddr2/ph1p_ddrmc_wrapper/ph1p_ddrmc_top/u_ddr_phy/u_ddrphy_top/u_ddrphy/ac_byte[0]$ac_byte_used$u_ddrphy_ac_byte_wrapper/u_ddrphy_byte, location = x0y70z0.
PHY-1001 :   Placed ioclk instance u_ph1p35_324_ddr_wrapper/u_ddr2/ph1p_ddrmc_wrapper/ph1p_ddrmc_top/u_ddr_phy/u_ddrphy_top/u_ddrphy_clk/ioclk[0]$u_ioclk_1, location = x0y59z1.
PHY-1001 :   Placed ioclk instance u_ph1p35_324_ddr_wrapper/u_ddr2/ph1p_ddrmc_wrapper/ph1p_ddrmc_top/u_ddr_phy/u_ddrphy_top/u_ddrphy_clk/ioclk[0]$u_ioclk_0, location = x0y59z0.
PHY-1001 : Processing 2 clock pins of DDR instance u_ph1p35_324_ddr_wrapper/u_ddr2/ph1p_ddrmc_wrapper/ph1p_ddrmc_top/u_ddr_phy/u_ddrphy_top/u_ddrphy/ac_byte[1]$ac_byte_used$u_ddrphy_ac_byte_wrapper/u_ddrphy_byte, location = x0y60z0.
PHY-1001 :   Placed ioclk instance u_ph1p35_324_ddr_wrapper/u_ddr2/ph1p_ddrmc_wrapper/ph1p_ddrmc_top/u_ddr_phy/u_ddrphy_top/u_ddrphy_clk/ioclk[0]$u_ioclk_1, location = x0y59z1.
PHY-1001 :   Placed ioclk instance u_ph1p35_324_ddr_wrapper/u_ddr2/ph1p_ddrmc_wrapper/ph1p_ddrmc_top/u_ddr_phy/u_ddrphy_top/u_ddrphy_clk/ioclk[0]$u_ioclk_0, location = x0y59z0.
PHY-1001 : Processing 2 clock pins of DDR instance u_ph1p35_324_ddr_wrapper/u_ddr2/ph1p_ddrmc_wrapper/ph1p_ddrmc_top/u_ddr_phy/u_ddrphy_top/u_ddrphy/ac_byte[2]$ac_byte_used$u_ddrphy_ac_byte_wrapper/u_ddrphy_byte, location = x0y50z0.
PHY-1001 :   Placed ioclk instance u_ph1p35_324_ddr_wrapper/u_ddr2/ph1p_ddrmc_wrapper/ph1p_ddrmc_top/u_ddr_phy/u_ddrphy_top/u_ddrphy_clk/ioclk[0]$u_ioclk_1, location = x0y59z1.
PHY-1001 :   Placed ioclk instance u_ph1p35_324_ddr_wrapper/u_ddr2/ph1p_ddrmc_wrapper/ph1p_ddrmc_top/u_ddr_phy/u_ddrphy_top/u_ddrphy_clk/ioclk[0]$u_ioclk_0, location = x0y59z0.
PHY-1001 : Processing 2 clock pins of DDR instance u_ph1p35_324_ddr_wrapper/u_ddr2/ph1p_ddrmc_wrapper/ph1p_ddrmc_top/u_ddr_phy/u_ddrphy_top/u_ddrphy/ac_byte[3]$ac_byte_used$u_ddrphy_ac_byte_wrapper/u_ddrphy_byte, location = x0y40z0.
PHY-1001 :   Placed ioclk instance u_ph1p35_324_ddr_wrapper/u_ddr2/ph1p_ddrmc_wrapper/ph1p_ddrmc_top/u_ddr_phy/u_ddrphy_top/u_ddrphy_clk/ioclk[0]$u_ioclk_1, location = x0y59z1.
PHY-1001 :   Placed ioclk instance u_ph1p35_324_ddr_wrapper/u_ddr2/ph1p_ddrmc_wrapper/ph1p_ddrmc_top/u_ddr_phy/u_ddrphy_top/u_ddrphy_clk/ioclk[0]$u_ioclk_0, location = x0y59z0.
PHY-1001 : Processing 2 clock pins of DDR instance u_ph1p35_324_ddr_wrapper/u_ddr2/ph1p_ddrmc_wrapper/ph1p_ddrmc_top/u_ddr_phy/u_ddrphy_top/u_ddrphy/dx_byte[0]$dx_byte_used$u_ddrphy_dx_byte_wrapper/u_ddrphy_byte, location = x0y30z0.
PHY-1001 :   Placed ioclk instance u_ph1p35_324_ddr_wrapper/u_ddr2/ph1p_ddrmc_wrapper/ph1p_ddrmc_top/u_ddr_phy/u_ddrphy_top/u_ddrphy_clk/ioclk[1]$u_ioclk_1, location = x0y19z1.
PHY-1001 :   Placed ioclk instance u_ph1p35_324_ddr_wrapper/u_ddr2/ph1p_ddrmc_wrapper/ph1p_ddrmc_top/u_ddr_phy/u_ddrphy_top/u_ddrphy_clk/ioclk[1]$u_ioclk_0, location = x0y19z0.
PHY-1001 : Processing 2 clock pins of DDR instance u_ph1p35_324_ddr_wrapper/u_ddr2/ph1p_ddrmc_wrapper/ph1p_ddrmc_top/u_ddr_phy/u_ddrphy_top/u_ddrphy/dx_byte[1]$dx_byte_used$u_ddrphy_dx_byte_wrapper/u_ddrphy_byte, location = x0y10z0.
PHY-1001 :   Placed ioclk instance u_ph1p35_324_ddr_wrapper/u_ddr2/ph1p_ddrmc_wrapper/ph1p_ddrmc_top/u_ddr_phy/u_ddrphy_top/u_ddrphy_clk/ioclk[1]$u_ioclk_1, location = x0y19z1.
PHY-1001 :   Placed ioclk instance u_ph1p35_324_ddr_wrapper/u_ddr2/ph1p_ddrmc_wrapper/ph1p_ddrmc_top/u_ddr_phy/u_ddrphy_top/u_ddrphy_clk/ioclk[1]$u_ioclk_0, location = x0y19z0.
PHY-3001 : Target density is 60%
PHY-3001 : Target density is 60%
PHY-1001 : Stage 2.7.1.1 | Update Timing
PHY-1001 : SWNS: 122, STNS: 0, FEP: 0
PHY-1001 : End Stage 2.7.1.1 | Update Timing; Time: 1.839162s wall, 1.796875s user + 0.015625s system = 1.812500s CPU (98.6%); Memory(MB): used = 1086, reserved = 1077, peak = 1086;

PHY-1001 : Stage 2.7.1.2 | Refresh Congestion
RUN-1001 : Generating global routing grids ...
PHY-1001 : Generate routing nets ...
PHY-1001 : Reuse net number 235/26006.
PHY-1001 : Global iterations in 32 thread ...
PHY-1002 : len = 1.75216e+06, over cnt = 3404(4%), over = 17757, worst = 56
PHY-1001 : End global iterations;  1.063460s wall, 2.031250s user + 0.046875s system = 2.078125s CPU (195.4%)

PHY-1001 : Congestion index:
PHY-1001 : top1  = 165.70(S 122.79, N 122.42, E 146.86, W 130.92, I 175.08, O 205.18)
PHY-1001 : top5  = 124.63(S 88.39, N 81.81, E 98.67, W 91.67, I 105.63, O 132.55)
PHY-1001 : top10 = 106.49(S 71.23, N 64.07, E 79.47, W 73.84, I 80.63, O 104.49)
PHY-1001 : top15 = 95.37(S 61.27, N 53.86, E 68.39, W 62.95, I 67.86, O 89.03)
PHY-1001 : End Stage 2.7.1.2 | Refresh Congestion; Time: 1.341659s wall, 2.281250s user + 0.046875s system = 2.328125s CPU (173.5%); Memory(MB): used = 1098, reserved = 1089, peak = 1098;

PHY-1001 : Stage 2.7.1.3 | GP Iteration
PHY-1001 : End Stage 2.7.1.3 | GP Iteration; Time: 1.669969s wall, 15.296875s user + 0.453125s system = 15.750000s CPU (943.1%); Memory(MB): used = 1100, reserved = 1091, peak = 1100;

PHY-3001 : Multithread accelerating rate: 9.26
OPT-1001 : Total overflow 593.12 peak overflow 5.22
PHY-3001 : Spreading for sector grids.
PHY-3001 : Iter 1, total overflow: 0
PHY-3001 : tot_capacity: 36, usage_cnt: 21, movable_cnt: 26
PHY-3001 : End spreading;  0.125615s wall, 0.093750s user + 0.015625s system = 0.109375s CPU (87.1%)

PHY-3001 : Final: Len = 1.32268e+06, Over = 128.625
PHY-3001 : End incremental placement;  5.351923s wall, 19.828125s user + 0.546875s system = 20.375000s CPU (380.7%)

OPT-1001 : Total overflow 593.12 peak overflow 5.22
RUN-1001 : HFN opt statistic
RUN-1001 : ------------------------------------------------------
RUN-1001 :   DriverCell type  |  HFN count  |  Duplicated count  
RUN-1001 : ------------------------------------------------------
RUN-1001 :         REG        |     21      |         92         
RUN-1001 :        LUT6        |      3      |         15         
RUN-1001 :        LUT5        |      3      |         11         
RUN-1001 :        LUT4        |      1      |         3          
RUN-1001 :        LUT3        |      3      |         9          
RUN-1001 :        LUT2        |      6      |         23         
RUN-1001 :        TOTAL       |     37      |        153         
RUN-1001 : ------------------------------------------------------
OPT-1001 : End high-fanout net optimization;  8.803432s wall, 23.468750s user + 0.578125s system = 24.046875s CPU (273.2%)

OPT-1001 : Update timing in Manhattan mode
OPT-1001 : End timing update;  1.825710s wall, 1.812500s user + 0.000000s system = 1.812500s CPU (99.3%)

OPT-1001 : Current memory(MB): used = 1100, reserved = 1091, peak = 1100.
OPT-1001 : End Stage 2.7.1 | Synthesize High-fanout Net; Time: 10.847123s wall, 25.500000s user + 0.578125s system = 26.078125s CPU (240.4%); Memory(MB): used = 1100, reserved = 1091, peak = 1100;

OPT-1001 : Stage 2.7.2 | Global Optimization
OPT-1001 : Start global optimization ...
OPT-0007 : Start: SWNS 523 STNS 0 NUM_FEPS 0
OPT-1001 : Start congestion update ...
RUN-1001 : Generating global routing grids ...
PHY-1001 : Generate routing nets ...
PHY-1001 : Reuse net number 2282/23946.
PHY-1001 : Global iterations in 32 thread ...
PHY-1002 : len = 1.51072e+06, over cnt = 3086(4%), over = 10483, worst = 20
PHY-1002 : len = 1.6433e+06, over cnt = 2592(3%), over = 6638, worst = 20
PHY-1002 : len = 1.79267e+06, over cnt = 984(1%), over = 2118, worst = 20
PHY-1002 : len = 1.83235e+06, over cnt = 404(0%), over = 829, worst = 16
PHY-1002 : len = 1.85944e+06, over cnt = 26(0%), over = 50, worst = 3
PHY-1001 : End global iterations;  2.972841s wall, 4.562500s user + 0.046875s system = 4.609375s CPU (155.0%)

PHY-1001 : Congestion index:
PHY-1001 : top1  = 91.67(S 78.37, N 73.51, E 85.96, W 86.22, I 176.29, O 195.97)
PHY-1001 : top5  = 77.62(S 64.32, N 60.15, E 65.43, W 71.18, I 109.11, O 134.11)
PHY-1001 : top10 = 70.87(S 56.67, N 51.16, E 55.04, W 60.99, I 84.10, O 106.70)
PHY-1001 : top15 = 66.16(S 51.20, N 45.36, E 48.46, W 54.11, I 70.40, O 91.19)
OPT-1001 : End congestion update;  3.392134s wall, 4.984375s user + 0.046875s system = 5.031250s CPU (148.3%)

OPT-0007 : Iter 1: improved SWNS 523 STNS 0 NUM_FEPS 0 with 78 cells processed and 6759 slack improved
OPT-0007 : Iter 2: improved SWNS 523 STNS 0 NUM_FEPS 0 with 15 cells processed and 321 slack improved
OPT-1001 : Overall commit ratio 0.65
OPT-1001 : End global optimization;  3.552142s wall, 5.125000s user + 0.046875s system = 5.171875s CPU (145.6%)

OPT-1001 : Current memory(MB): used = 1100, reserved = 1091, peak = 1100.
OPT-1001 : End Stage 2.7.2 | Global Optimization; Time: 4.270223s wall, 5.843750s user + 0.046875s system = 5.890625s CPU (137.9%); Memory(MB): used = 1100, reserved = 1091, peak = 1100;

OPT-0007 : End flow prepack: SWNS 523 STNS 0 NUM_FEPS 0
OPT-1001 : End physical optimization;  15.173780s wall, 31.484375s user + 0.625000s system = 32.109375s CPU (211.6%)

PHY-1001 : End Stage 2.7 | Optimize Design; Time: 15.177448s wall, 31.484375s user + 0.625000s system = 32.109375s CPU (211.6%); Memory(MB): used = 1100, reserved = 1091, peak = 1100;

PHY-1001 : Stage 2.8 | Pack and Legalization
PHY-1001 : Stage 2.8.1 | Direct Legalization
PHY-3001 : Start Direct Legalization ...
PHY-3001 : Get top1 grid util = 0.705284, top1_avg = 0.705284.
PHY-1001 : Populate physical database on model design_top_wrapper.
PHY-3001 : Target density is 60%
PHY-3001 : Before Legalization for Slice Macros, Len = 1.32555e+06.
RUN-1001 : Legalization top10 inst displacement:
RUN-1001 : -------------------------------------------------------------------------------------------------------------------------------------------------------------------------------------------------------------------------
RUN-1001 :   Index  |  Bounded  |  Height  |       Location       |  Disp. (slots)  |  Disp. (grids)  |                                                            Name                                                             
RUN-1001 : -------------------------------------------------------------------------------------------------------------------------------------------------------------------------------------------------------------------------
RUN-1001 :     1    |     N     |    8     |  x2y71z5 to x5y69z0  |       45        |        5        |   u_ph1p35_324_ddr_wrapper/u_ddr2/ph1p_ddrmc_wrapper/ph1p_ddrmc_top/u_ddr_phy/u_ddrphy_top/u_ddrphy_init/ramread0_syn_91    
RUN-1001 :     2    |     N     |    8     |  x2y70z1 to x5y68z0  |       41        |        5        |   u_ph1p35_324_ddr_wrapper/u_ddr2/ph1p_ddrmc_wrapper/ph1p_ddrmc_top/u_ddr_phy/u_ddrphy_top/u_ddrphy_init/ramread0_syn_131   
RUN-1001 :     3    |     N     |    8     |  x2y71z6 to x5y70z0  |       38        |        4        |   u_ph1p35_324_ddr_wrapper/u_ddr2/ph1p_ddrmc_wrapper/ph1p_ddrmc_top/u_ddr_phy/u_ddrphy_top/u_ddrphy_init/ramread0_syn_71    
RUN-1001 :     4    |     N     |    8     |  x2y72z1 to x5y73z0  |       31        |        4        |   u_ph1p35_324_ddr_wrapper/u_ddr2/ph1p_ddrmc_wrapper/ph1p_ddrmc_top/u_ddr_phy/u_ddrphy_top/u_ddrphy_init/ramread0_syn_111   
RUN-1001 :     5    |     N     |    8     |  x2y71z6 to x5y71z0  |       30        |        3        |   u_ph1p35_324_ddr_wrapper/u_ddr2/ph1p_ddrmc_wrapper/ph1p_ddrmc_top/u_ddr_phy/u_ddrphy_top/u_ddrphy_init/ramread0_syn_51    
RUN-1001 :     6    |     N     |    8     |   x3y6z2 to x5y5z0   |       26        |        3        |  u_ph1p35_324_ddr_wrapper/u_ddr2/ph1p_ddrmc_wrapper/ph1p_ddrmc_top/u_phy2mc_fifo/byteIdx_1[1]$u_wfifo_sync/ramread0_syn_48  
RUN-1001 :     7    |     N     |    8     |  x2y71z7 to x5y72z0  |       25        |        4        |   u_ph1p35_324_ddr_wrapper/u_ddr2/ph1p_ddrmc_wrapper/ph1p_ddrmc_top/u_ddr_phy/u_ddrphy_top/u_ddrphy_init/ramread0_syn_31    
RUN-1001 :     8    |     N     |    8     |   x3y8z3 to x5y9z0   |       21        |        3        |  u_ph1p35_324_ddr_wrapper/u_ddr2/ph1p_ddrmc_wrapper/ph1p_ddrmc_top/u_phy2mc_fifo/byteIdx_1[1]$u_wfifo_sync/ramread0_syn_28  
RUN-1001 :     9    |     N     |    8     |  x7y12z5 to x5y12z0  |       21        |        2        |  u_ph1p35_324_ddr_wrapper/u_ddr2/ph1p_ddrmc_wrapper/ph1p_ddrmc_top/u_phy2mc_fifo/byteIdx_1[0]$u_wfifo_sync/ramread0_syn_68  
RUN-1001 :    10    |     N     |    8     |  x3y73z4 to x5y74z0  |       20        |        3        |   u_ph1p35_324_ddr_wrapper/u_ddr2/ph1p_ddrmc_wrapper/ph1p_ddrmc_top/u_ddr_phy/u_ddrphy_top/u_ddrphy_init/ramread0_syn_151   
RUN-1001 : -------------------------------------------------------------------------------------------------------------------------------------------------------------------------------------------------------------------------
PHY-3001 : After Legalization for Slice Macros, Len = 1.36467e+06.
RUN-1001 : Generating global routing grids ...
PHY-1001 : Generate routing nets ...
PHY-1001 : Reuse net number 21323/23916.
RUN-1002 : start command "update_timing -mode MANHATTAN"
RUN-1002 : start command "start_timer"
RUN-1003 : finish command "start_timer" in  1.783919s wall, 1.765625s user + 0.015625s system = 1.781250s CPU (99.9%)

RUN-1004 : used memory is 1143 MB, reserved memory is 1141 MB, peak memory is 1143 MB
RUN-1003 : finish command "update_timing -mode MANHATTAN" in  3.446560s wall, 3.437500s user + 0.015625s system = 3.453125s CPU (100.2%)

RUN-1004 : used memory is 1143 MB, reserved memory is 1141 MB, peak memory is 1143 MB
PHY-1001 : Global iterations in 32 thread ...
PHY-1002 : len = 1.85501e+06, over cnt = 866(1%), over = 1970, worst = 12
PHY-1002 : len = 1.86613e+06, over cnt = 743(1%), over = 1443, worst = 12
PHY-1002 : len = 1.88973e+06, over cnt = 309(0%), over = 518, worst = 9
PHY-1002 : len = 1.9016e+06, over cnt = 114(0%), over = 155, worst = 5
PHY-1002 : len = 1.90658e+06, over cnt = 28(0%), over = 53, worst = 3
PHY-1001 : End global iterations;  1.020004s wall, 1.203125s user + 0.046875s system = 1.250000s CPU (122.5%)

PHY-1001 : Congestion index:
PHY-1001 : top1  = 91.51(S 76.60, N 72.72, E 86.35, W 87.78, I 167.13, O 184.46)
PHY-1001 : top5  = 77.70(S 63.78, N 59.56, E 66.47, W 71.98, I 103.82, O 129.22)
PHY-1001 : top10 = 71.09(S 56.48, N 50.76, E 55.90, W 61.50, I 81.91, O 105.41)
PHY-1001 : top15 = 66.43(S 51.16, N 45.22, E 49.28, W 54.58, I 69.53, O 90.73)
PHY-3001 : Total Iter 119, legal = 25051 / 25051 (100.00%), avg_move = 30.52, max_move = 342.
PHY-3001 : There are no illegal insts.
PHY-1001 : Populate physical database on model design_top_wrapper.
PHY-3001 : End Direct Legalization;  25.736507s wall, 259.015625s user + 1.984375s system = 261.000000s CPU (1014.1%)

RUN-1001 : Summary of LUT-FF Pairs
RUN-1001 : ---------------------------------------------------------------
RUN-1001 :   Num of Fanout Seqs  |   1x   |  2x  |  3~5  |  6~10  |  >10  
RUN-1001 : ---------------------------------------------------------------
RUN-1001 :         Total         |  7176  |  5   |  54   |   2    |  23   
RUN-1001 :          Grid         |  7173  |  5   |  50   |   2    |  23   
RUN-1001 :          Bank         |  6990  |  5   |  47   |   2    |  21   
RUN-1001 :         Paired        |  6961  |  5   |  45   |   2    |  21   
RUN-1001 : ---------------------------------------------------------------
RUN-1001 : Summary of LUT Pairs
RUN-1001 : ---------------------------------------------------------------------------------------------------------------------
RUN-1001 :            |           |           |           |           |           |  O5 + O6  |  Only O5  |  Only O6  |  Total  
RUN-1001 : ---------------------------------------------------------------------------------------------------------------------
RUN-1001 :   5 Share  |  4 Share  |  3 Share  |  2 Share  |  1 Share  |  0 Share  |           |           |           |         
RUN-1001 :     49     |    165    |    254    |    434    |   1759    |   3573    |   6234    |   2594    |   2108    |  10936  
RUN-1001 : ---------------------------------------------------------------------------------------------------------------------
PHY-1001 : End Stage 2.8.1 | Direct Legalization; Time: 25.804544s wall, 259.078125s user + 1.984375s system = 261.062500s CPU (1011.7%); Memory(MB): used = 1229, reserved = 1226, peak = 1229;

PHY-3001 : Target density is 60%
PHY-3001 : After Direct Legalization, Len = 1.71447e+06.
PHY-1001 : End Stage 2.8 | Pack and Legalization; Time: 26.007477s wall, 259.281250s user + 1.984375s system = 261.265625s CPU (1004.6%); Memory(MB): used = 1229, reserved = 1226, peak = 1229;

RUN-1002 : start command "start_timer"
RUN-1003 : finish command "start_timer" in  3.609916s wall, 3.562500s user + 0.000000s system = 3.562500s CPU (98.7%)

RUN-1004 : used memory is 1229 MB, reserved memory is 1226 MB, peak memory is 1229 MB
PHY-1001 : End Stage 2 | Global Placement; Time: 70.913868s wall, 358.515625s user + 7.562500s system = 366.078125s CPU (516.2%); Memory(MB): used = 1229, reserved = 1226, peak = 1229;

PHY-1001 : Stage 3 | Detailed Placement
PHY-1001 : Stage 3.1 | SLICE Detailed Placement
PHY-1001 : Stage 3.1.1 | Spreading
PHY-3001 : Design contains 190 ce signals.
PHY-3001 : Spreading for sector grids.
PHY-3001 : Iter 1, total overflow: 0
PHY-3001 : tot_capacity: 24, usage_cnt: 17, movable_cnt: 14
PHY-3001 : Spreading for clock grids.
PHY-3001 : clock grid count for 24 x 4 grids
PHY-3001 : Spreading for plb grids.
PHY-3001 : total displace: 0, max displace: 0.
PHY-3001 : End spreading;  0.387795s wall, 0.390625s user + 0.000000s system = 0.390625s CPU (100.7%)

PHY-1001 : End Stage 3.1.1 | Spreading; Time: 0.387912s wall, 0.390625s user + 0.000000s system = 0.390625s CPU (100.7%); Memory(MB): used = 1232, reserved = 1230, peak = 1232;

PHY-1001 : Stage 3.1.2 | Simulated Annealing Based DP
RUN-1001 : Generating global routing grids ...
PHY-1001 : Generate routing nets ...
PHY-1001 : Reuse net number 2285/18909.
PHY-1001 : Global iterations in 32 thread ...
PHY-1002 : len = 1.85264e+06, over cnt = 1531(2%), over = 3056, worst = 9
PHY-1002 : len = 1.87757e+06, over cnt = 1064(1%), over = 1849, worst = 9
PHY-1002 : len = 1.90275e+06, over cnt = 486(0%), over = 864, worst = 9
PHY-1002 : len = 1.91661e+06, over cnt = 198(0%), over = 322, worst = 8
PHY-1002 : len = 1.92202e+06, over cnt = 21(0%), over = 40, worst = 6
PHY-1001 : End global iterations;  2.111083s wall, 2.812500s user + 0.140625s system = 2.953125s CPU (139.9%)

PHY-1001 : Congestion index:
PHY-1001 : top1  = 83.42(S 62.70, N 61.35, E 75.58, W 77.80, I 63.16, O 74.18)
PHY-1001 : top5  = 69.27(S 52.34, N 50.88, E 58.00, W 61.87, I 52.70, O 62.35)
PHY-1001 : top10 = 62.66(S 46.43, N 44.31, E 50.09, W 53.52, I 47.07, O 56.05)
PHY-1001 : top15 = 58.72(S 42.20, N 39.45, E 45.26, W 48.15, I 43.01, O 51.65)
PHY-0007 : Initial: WL Cost = 133870, TD Cost = 114196, SWNS = 189, STNS = 0, Nums per T = 103760, Range Limit = 4x8
PHY-0007 : Finally: WL Cost = 120297, TD Cost = 89952.4, WL Ratio = 0.898609, TD Ratio = 0.787701, SWNS = 189, STNS = 0
RUN-1001 : Print Detailed placement's Summary information
RUN-1001 : -------------------------------------------------------------------------------------------------------------------------------
RUN-1001 :           |   Total   |  Accept  |  Reject by overFlow  |  Reject by worseCost  |  Failed by noTarget  |  Failed by gridCheck  
RUN-1001 : -------------------------------------------------------------------------------------------------------------------------------
RUN-1001 :   Slices  |  1037600  |  28454   |         3661         |        986654         |         363          |         18468         
RUN-1001 :   Macros  |   23599   |   176    |         545          |         22786         |          70          |          22           
RUN-1001 : -------------------------------------------------------------------------------------------------------------------------------
PHY-1001 : End Stage 3.1.2 | Simulated Annealing Based DP; Time: 27.544158s wall, 30.671875s user + 0.281250s system = 30.953125s CPU (112.4%); Memory(MB): used = 1244, reserved = 1241, peak = 1244;

PHY-3001 : End Detailed Place; 
PHY-3001 : Final: Len = 1.51857e+06, Over = 0
PHY-1001 : End Stage 3.1 | SLICE Detailed Placement; Time: 28.335591s wall, 31.453125s user + 0.281250s system = 31.734375s CPU (112.0%); Memory(MB): used = 1244, reserved = 1241, peak = 1244;

PHY-3001 : End Detailed Place; 
PHY-1001 : Stage 3.2 | Optimize Design
OPT-1001 : Start physical optimization ...
OPT-1001 : Total overflow 0.00 peak overflow 0.00
OPT-1001 : Stage 3.2.1 | Physical Optimization
OPT-1001 : Start high-fanout net optimization in optimize equivalent flow with medium effort ...
OPT-1001 : Clean unloaded insts before merging registers
PHY-1001 : Populate physical database on model design_top_wrapper.
PHY-1001 : Populate physical database on model design_top_wrapper.
OPT-1001 : Total overflow 0.00 peak overflow 0.00
OPT-1001 : End optimize duplicated nets. Total 83 instances are merged and 856 sinks are reconnected,  2.597609s wall, 2.578125s user + 0.015625s system = 2.593750s CPU (99.9%)

OPT-1001 : End high-fanout net optimization;  2.599565s wall, 2.578125s user + 0.015625s system = 2.593750s CPU (99.8%)

OPT-1001 : Update timing in Manhattan mode
RUN-1002 : start command "start_timer"
RUN-1003 : finish command "start_timer" in  2.823036s wall, 2.828125s user + 0.000000s system = 2.828125s CPU (100.2%)

RUN-1004 : used memory is 1244 MB, reserved memory is 1241 MB, peak memory is 1244 MB
OPT-1001 : End timing update;  4.530164s wall, 4.531250s user + 0.000000s system = 4.531250s CPU (100.0%)

OPT-1001 : Current memory(MB): used = 1244, reserved = 1241, peak = 1244.
OPT-1001 : End Stage 3.2.1 | Physical Optimization; Time: 7.317444s wall, 7.312500s user + 0.015625s system = 7.328125s CPU (100.1%); Memory(MB): used = 1244, reserved = 1241, peak = 1244;

OPT-1001 : Stage 3.2.2 | Synthesize High-fanout Net
OPT-1001 : Start high-fanout net optimization in post-pack flow with medium effort ...
OPT-1001 : Start: SWNS 189 STNS 0 NUM_FEPS 0
OPT-1001 : Total overflow 0.00 peak overflow 0.00
PHY-1001 : Populate physical database on model design_top_wrapper.
OPT-1001 : 15 high-fanout net processed.
OPT-1001 : Total overflow 0.00 peak overflow 0.00
RUN-1001 : HFN opt statistic
RUN-1001 : ------------------------------------------------------
RUN-1001 :   DriverCell type  |  HFN count  |  Duplicated count  
RUN-1001 : ------------------------------------------------------
RUN-1001 :       LSLICE       |      0      |         0          
RUN-1001 :       MSLICE       |      0      |         0          
RUN-1001 :        OTHER       |     15      |         21         
RUN-1001 :        TOTAL       |     15      |         21         
RUN-1001 : ------------------------------------------------------
OPT-1001 : End high-fanout net optimization;  0.888317s wall, 0.890625s user + 0.000000s system = 0.890625s CPU (100.3%)

OPT-1001 : Current memory(MB): used = 1244, reserved = 1241, peak = 1244.
OPT-1001 : End Stage 3.2.2 | Synthesize High-fanout Net; Time: 1.075240s wall, 1.062500s user + 0.000000s system = 1.062500s CPU (98.8%); Memory(MB): used = 1244, reserved = 1241, peak = 1244;

OPT-1001 : Stage 3.2.3 | Optimize Path
OPT-1001 : Start unpack path based optimization ...
OPT-0007 : Start: SWNS 189 STNS 0 NUM_FEPS 0 with mode 2
OPT-1001 : Start congestion update ...
RUN-1001 : Generating global routing grids ...
PHY-1001 : Generate routing nets ...
PHY-1001 : Reuse net number 6298/19595.
PHY-1001 : Global iterations in 32 thread ...
PHY-1002 : len = 1.73269e+06, over cnt = 1854(2%), over = 3758, worst = 9
PHY-1002 : len = 1.77478e+06, over cnt = 1203(1%), over = 2041, worst = 9
PHY-1002 : len = 1.81157e+06, over cnt = 400(0%), over = 689, worst = 7
PHY-1002 : len = 1.82309e+06, over cnt = 154(0%), over = 261, worst = 7
PHY-1002 : len = 1.83088e+06, over cnt = 0(0%), over = 0, worst = 0
PHY-1001 : End global iterations;  1.863106s wall, 2.828125s user + 0.062500s system = 2.890625s CPU (155.2%)

PHY-1001 : Congestion index:
PHY-1001 : top1  = 81.80(S 64.43, N 62.29, E 71.22, W 79.77, I 62.61, O 72.20)
PHY-1001 : top5  = 69.01(S 53.38, N 51.99, E 55.31, W 63.40, I 51.37, O 60.04)
PHY-1001 : top10 = 62.65(S 47.50, N 45.10, E 47.83, W 54.72, I 45.99, O 54.26)
PHY-1001 : top15 = 58.80(S 43.35, N 40.06, E 43.33, W 49.13, I 42.18, O 50.48)
OPT-1001 : End congestion update;  2.363909s wall, 3.328125s user + 0.062500s system = 3.390625s CPU (143.4%)

OPT-0007 : Iter 1: improved SWNS 277 STNS 0 NUM_FEPS 0 with 92(726) cells and 363(363) paths processed with 11059 slack improved, crit_thod: 3000 ratio: 0.96(109/113) rt: 0.9s
OPT-0007 : Iter 2: improved SWNS 277 STNS 0 NUM_FEPS 0 with 8(524) cells and 262(262) paths processed with 351 slack improved, crit_thod: 3000 ratio: 0.62(10/16) rt: 0.6s
OPT-1001 : End path based optimization;  3.883240s wall, 4.812500s user + 0.078125s system = 4.890625s CPU (125.9%)

OPT-1001 : Current memory(MB): used = 1245, reserved = 1241, peak = 1245.
OPT-1001 : End Stage 3.2.3 | Optimize Path; Time: 4.072807s wall, 5.000000s user + 0.078125s system = 5.078125s CPU (124.7%); Memory(MB): used = 1245, reserved = 1241, peak = 1245;

OPT-1001 : Stage 3.2.4 | Optimize Duplicated Nets
OPT-1001 : Start: WNS 277 TNS 0 NUM_FEPS 0
OPT-1001 : Clean unloaded insts before merging registers
PHY-1001 : Populate physical database on model design_top_wrapper.
PHY-1001 : Populate physical database on model design_top_wrapper.
OPT-1001 : Total overflow 0.00 peak overflow 0.00
OPT-1001 : End optimize duplicated nets. Total 2 instances are merged and 214 sinks are reconnected,  2.529924s wall, 2.515625s user + 0.015625s system = 2.531250s CPU (100.1%)

OPT-1001 : Update timing in Manhattan mode
RUN-1002 : start command "start_timer"
RUN-1003 : finish command "start_timer" in  2.929727s wall, 2.859375s user + 0.015625s system = 2.875000s CPU (98.1%)

RUN-1004 : used memory is 1245 MB, reserved memory is 1241 MB, peak memory is 1245 MB
OPT-1001 : End timing update;  4.667780s wall, 4.562500s user + 0.015625s system = 4.578125s CPU (98.1%)

OPT-1001 : Current memory(MB): used = 1245, reserved = 1241, peak = 1245.
OPT-1001 : End Stage 3.2.4 | Optimize Duplicated Nets; Time: 7.389734s wall, 7.265625s user + 0.031250s system = 7.296875s CPU (98.7%); Memory(MB): used = 1245, reserved = 1241, peak = 1245;

OPT-1001 : Stage 3.2.5 | Swap Pins
OPT-1001 : Start pin optimization...
OPT-1001 : Start: SWNS 277 STNS 0 NUM_FEPS 0
OPT-1001 : Successfully optimized 729 instances
OPT-1001 : Successfully optimized 192 instances
OPT-1001 : End pin optimization;  1.466264s wall, 1.468750s user + 0.000000s system = 1.468750s CPU (100.2%)

OPT-1001 : Current memory(MB): used = 1245, reserved = 1241, peak = 1245.
OPT-1001 : End Stage 3.2.5 | Swap Pins; Time: 1.654427s wall, 1.656250s user + 0.000000s system = 1.656250s CPU (100.1%); Memory(MB): used = 1245, reserved = 1241, peak = 1245;

OPT-1001 : Stage 3.2.6 | Optimize Beeline
OPT-1001 : Start beeline optimization...
OPT-1001 : Start: SWNS 277 STNS 0 NUM_FEPS 0
PHY-1001 : Beeline DP, 709 out of 5251 (13.50)%; hop = 934.
PHY-1001 : Beeline DP, 237 out of 4577 (5.18)%; hop = 329.
PHY-1001 : Beeline DP, 144 out of 4456 (3.23)%; hop = 205.
PHY-1001 : Beeline DP, 95 out of 4398 (2.16)%; hop = 133.
PHY-1001 : Beeline DP, 80 out of 4397 (1.82)%; hop = 110.
PHY-1001 : Beeline optimization intraPLB, 2385 1-hop(38.55%), 2591 2-hop(41.88%), 491 3-hop( 7.94%), 719 others (11.62%)
PHY-1001 :  12.278984s wall, 12.234375s user + 0.015625s system = 12.250000s CPU (99.8%)

RUN-1001 : Beeline optimization outerPLB: 1-hop 2183, 2-hop 3809, 3-hop 2178, 4-hop 759, other 1953 
OPT-1001 : End beeline optimization;  13.030313s wall, 12.984375s user + 0.015625s system = 13.000000s CPU (99.8%)

OPT-1001 : Update timing in Manhattan mode
OPT-1001 : End timing update;  1.768117s wall, 1.765625s user + 0.000000s system = 1.765625s CPU (99.9%)

OPT-1001 : End Stage 3.2.6 | Optimize Beeline; Time: 15.148181s wall, 15.093750s user + 0.015625s system = 15.109375s CPU (99.7%); Memory(MB): used = 1245, reserved = 1241, peak = 1245;

OPT-0007 : End flow postpack: SWNS 277 STNS 0 NUM_FEPS 0
RUN-1001 : Generating global routing grids ...
PHY-1001 : Generate routing nets ...
PHY-1001 : Reuse net number 17206/18967.
PHY-1001 : Global iterations in 32 thread ...
PHY-1002 : len = 1.84285e+06, over cnt = 419(0%), over = 606, worst = 7
PHY-1002 : len = 1.85181e+06, over cnt = 184(0%), over = 243, worst = 4
PHY-1002 : len = 1.85446e+06, over cnt = 76(0%), over = 101, worst = 4
PHY-1002 : len = 1.85525e+06, over cnt = 45(0%), over = 56, worst = 3
PHY-1002 : len = 1.8568e+06, over cnt = 3(0%), over = 3, worst = 1
PHY-1001 : End global iterations;  0.687208s wall, 0.750000s user + 0.031250s system = 0.781250s CPU (113.7%)

PHY-1001 : Congestion index:
PHY-1001 : top1  = 82.05(S 64.06, N 61.43, E 72.45, W 79.61, I 62.55, O 72.04)
PHY-1001 : top5  = 69.10(S 53.57, N 51.91, E 55.59, W 63.26, I 51.61, O 60.12)
PHY-1001 : top10 = 62.74(S 47.82, N 45.07, E 48.01, W 54.66, I 46.14, O 54.39)
PHY-1001 : top15 = 58.94(S 43.57, N 40.05, E 43.55, W 49.00, I 42.29, O 50.53)
RUN-1001 : top one percent high-util tile is with util 75 and average util is 81.736842
RUN-1001 : QoR Analysis:
OPT-0007 :   SWNS 277 STNS 0 NUM_FEPS 0
RUN-1001 :   Local congestion issue exists, and most congested 1% tile average routing util is 81.736842
OPT-1002 :   please consider adjusting placer strategy to avoid the congestion issue
RUN-1001 :   Top critical paths
RUN-1001 :       #1 path slack 277ps with logic level 1 
RUN-1001 :       #2 path slack 286ps with logic level 1 
RUN-1001 :       #3 path slack 288ps with logic level 1 
RUN-1001 :       #4 path slack 306ps with logic level 1 
RUN-1001 :       #5 path slack 338ps with logic level 1 
RUN-1001 :       #6 path slack 338ps with logic level 1 
RUN-1001 :       #7 path slack 376ps with logic level 1 
RUN-1001 :       #8 path slack 376ps with logic level 1 
OPT-1001 : End physical optimization;  38.066794s wall, 39.265625s user + 0.203125s system = 39.468750s CPU (103.7%)

PHY-1001 : End Stage 3.2 | Optimize Design; Time: 38.067057s wall, 39.265625s user + 0.203125s system = 39.468750s CPU (103.7%); Memory(MB): used = 1245, reserved = 1241, peak = 1245;

RUN-1001 : Report Control nets information:
RUN-1001 : DFF Distribution
RUN-1001 : -------------------------------------
RUN-1001 :   CE   |  SSR  |  ASR  |  DFF Count  
RUN-1001 : -------------------------------------
RUN-1001 :   No   |  No   |  No   |     240     
RUN-1001 :   No   |  No   |  Yes  |      0      
RUN-1001 :   No   |  Yes  |  No   |      0      
RUN-1001 :   Yes  |  No   |  No   |    7055     
RUN-1001 :   Yes  |  No   |  Yes  |    7612     
RUN-1001 :   Yes  |  Yes  |  No   |     380     
RUN-1001 : -------------------------------------
RUN-1001 : Control Group Statistic
RUN-1001 : -----------------------------
RUN-1001 :   #CLK  |  #CE  |  #SSR/ASR  
RUN-1001 : -----------------------------
RUN-1001 :    15   |  541  |     40     
RUN-1001 : -----------------------------
RUN-0007 : Control Set = 659
PHY-1001 : End Stage 3 | Detailed Placement; Time: 66.618101s wall, 70.921875s user + 0.484375s system = 71.406250s CPU (107.2%); Memory(MB): used = 1245, reserved = 1241, peak = 1245;

PHY-1001 : Populate physical database on model design_top_wrapper.
PHY-1001 : Stage 4 | Optimize Design
PHY-3001 : Start incremental legalization ...
PHY-1001 : Populate physical database on model design_top_wrapper.
PHY-1001 : Processing 2 clock pins of DDR instance u_ph1p35_324_ddr_wrapper/u_ddr2/ph1p_ddrmc_wrapper/ph1p_ddrmc_top/u_ddr_phy/u_ddrphy_top/u_ddrphy/ac_byte[0]$ac_byte_used$u_ddrphy_ac_byte_wrapper/u_ddrphy_byte, location = x0y70z0.
PHY-1001 :   Placed ioclk instance u_ph1p35_324_ddr_wrapper/u_ddr2/ph1p_ddrmc_wrapper/ph1p_ddrmc_top/u_ddr_phy/u_ddrphy_top/u_ddrphy_clk/ioclk[0]$u_ioclk_1, location = x0y59z1.
PHY-1001 :   Placed ioclk instance u_ph1p35_324_ddr_wrapper/u_ddr2/ph1p_ddrmc_wrapper/ph1p_ddrmc_top/u_ddr_phy/u_ddrphy_top/u_ddrphy_clk/ioclk[0]$u_ioclk_0, location = x0y59z0.
PHY-1001 : Processing 2 clock pins of DDR instance u_ph1p35_324_ddr_wrapper/u_ddr2/ph1p_ddrmc_wrapper/ph1p_ddrmc_top/u_ddr_phy/u_ddrphy_top/u_ddrphy/ac_byte[1]$ac_byte_used$u_ddrphy_ac_byte_wrapper/u_ddrphy_byte, location = x0y60z0.
PHY-1001 :   Placed ioclk instance u_ph1p35_324_ddr_wrapper/u_ddr2/ph1p_ddrmc_wrapper/ph1p_ddrmc_top/u_ddr_phy/u_ddrphy_top/u_ddrphy_clk/ioclk[0]$u_ioclk_1, location = x0y59z1.
PHY-1001 :   Placed ioclk instance u_ph1p35_324_ddr_wrapper/u_ddr2/ph1p_ddrmc_wrapper/ph1p_ddrmc_top/u_ddr_phy/u_ddrphy_top/u_ddrphy_clk/ioclk[0]$u_ioclk_0, location = x0y59z0.
PHY-1001 : Processing 2 clock pins of DDR instance u_ph1p35_324_ddr_wrapper/u_ddr2/ph1p_ddrmc_wrapper/ph1p_ddrmc_top/u_ddr_phy/u_ddrphy_top/u_ddrphy/ac_byte[2]$ac_byte_used$u_ddrphy_ac_byte_wrapper/u_ddrphy_byte, location = x0y50z0.
PHY-1001 :   Placed ioclk instance u_ph1p35_324_ddr_wrapper/u_ddr2/ph1p_ddrmc_wrapper/ph1p_ddrmc_top/u_ddr_phy/u_ddrphy_top/u_ddrphy_clk/ioclk[0]$u_ioclk_1, location = x0y59z1.
PHY-1001 :   Placed ioclk instance u_ph1p35_324_ddr_wrapper/u_ddr2/ph1p_ddrmc_wrapper/ph1p_ddrmc_top/u_ddr_phy/u_ddrphy_top/u_ddrphy_clk/ioclk[0]$u_ioclk_0, location = x0y59z0.
PHY-1001 : Processing 2 clock pins of DDR instance u_ph1p35_324_ddr_wrapper/u_ddr2/ph1p_ddrmc_wrapper/ph1p_ddrmc_top/u_ddr_phy/u_ddrphy_top/u_ddrphy/ac_byte[3]$ac_byte_used$u_ddrphy_ac_byte_wrapper/u_ddrphy_byte, location = x0y40z0.
PHY-1001 :   Placed ioclk instance u_ph1p35_324_ddr_wrapper/u_ddr2/ph1p_ddrmc_wrapper/ph1p_ddrmc_top/u_ddr_phy/u_ddrphy_top/u_ddrphy_clk/ioclk[0]$u_ioclk_1, location = x0y59z1.
PHY-1001 :   Placed ioclk instance u_ph1p35_324_ddr_wrapper/u_ddr2/ph1p_ddrmc_wrapper/ph1p_ddrmc_top/u_ddr_phy/u_ddrphy_top/u_ddrphy_clk/ioclk[0]$u_ioclk_0, location = x0y59z0.
PHY-1001 : Processing 2 clock pins of DDR instance u_ph1p35_324_ddr_wrapper/u_ddr2/ph1p_ddrmc_wrapper/ph1p_ddrmc_top/u_ddr_phy/u_ddrphy_top/u_ddrphy/dx_byte[0]$dx_byte_used$u_ddrphy_dx_byte_wrapper/u_ddrphy_byte, location = x0y30z0.
PHY-1001 :   Placed ioclk instance u_ph1p35_324_ddr_wrapper/u_ddr2/ph1p_ddrmc_wrapper/ph1p_ddrmc_top/u_ddr_phy/u_ddrphy_top/u_ddrphy_clk/ioclk[1]$u_ioclk_1, location = x0y19z1.
PHY-1001 :   Placed ioclk instance u_ph1p35_324_ddr_wrapper/u_ddr2/ph1p_ddrmc_wrapper/ph1p_ddrmc_top/u_ddr_phy/u_ddrphy_top/u_ddrphy_clk/ioclk[1]$u_ioclk_0, location = x0y19z0.
PHY-1001 : Processing 2 clock pins of DDR instance u_ph1p35_324_ddr_wrapper/u_ddr2/ph1p_ddrmc_wrapper/ph1p_ddrmc_top/u_ddr_phy/u_ddrphy_top/u_ddrphy/dx_byte[1]$dx_byte_used$u_ddrphy_dx_byte_wrapper/u_ddrphy_byte, location = x0y10z0.
PHY-1001 :   Placed ioclk instance u_ph1p35_324_ddr_wrapper/u_ddr2/ph1p_ddrmc_wrapper/ph1p_ddrmc_top/u_ddr_phy/u_ddrphy_top/u_ddrphy_clk/ioclk[1]$u_ioclk_1, location = x0y19z1.
PHY-1001 :   Placed ioclk instance u_ph1p35_324_ddr_wrapper/u_ddr2/ph1p_ddrmc_wrapper/ph1p_ddrmc_top/u_ddr_phy/u_ddrphy_top/u_ddrphy_clk/ioclk[1]$u_ioclk_0, location = x0y19z0.
PHY-3001 : Target density is 60%
PHY-3001 : Target density is 60%
PHY-3001 : Initial: Len = 1.55787e+06, Over = 0
PHY-1001 : Stage 4.1 | Spreading
PHY-3001 : Design contains 176 ce signals.
PHY-3001 : Spreading for sector grids.
PHY-3001 : Iter 1, total overflow: 0
PHY-3001 : tot_capacity: 36, usage_cnt: 21, movable_cnt: 23
PHY-3001 : Spreading for clock grids.
PHY-3001 : clock grid count for 24 x 4 grids
PHY-3001 : Spreading for plb grids.
PHY-3001 : total displace: 0, max displace: 0.
PHY-3001 : End spreading;  0.391792s wall, 0.375000s user + 0.015625s system = 0.390625s CPU (99.7%)

PHY-1001 : End Stage 4.1 | Spreading; Time: 0.391913s wall, 0.375000s user + 0.015625s system = 0.390625s CPU (99.7%); Memory(MB): used = 1245, reserved = 1241, peak = 1245;

PHY-3001 : Final: Len = 1.55787e+06, Over = 0
PHY-3001 : End incremental legalization;  0.731977s wall, 0.718750s user + 0.015625s system = 0.734375s CPU (100.3%)

RUN-1002 : start command "report_qor -step place -file place.qor"
RUN-1002 : start command "start_timer"
RUN-1003 : finish command "start_timer" in  2.139406s wall, 2.140625s user + 0.000000s system = 2.140625s CPU (100.1%)

RUN-1004 : used memory is 1245 MB, reserved memory is 1241 MB, peak memory is 1245 MB
RUN-1001 : Generating global routing grids ...
-----------------------------------------------------------
| QoR metrics               |         value               |
-----------------------------------------------------------
| Timing                    |                             |
|     Setup WNS             |          277                |
|     Setup TNS             |            0                |
|     Num of violated S-EP  |            0                |
|     FMAX                  |    50.702MHz                |
|     SWNS path clock period |      20000ps                |
|     Hold WNS              |         -284                |
|     Hold TNS              |       -75462                |
|     Num of violated H-EP  |          596                |
-----------------------------------------------------------
| Routing Resource          |                             |
|     Wire length           |      1553085                |
|     Route Net Num         |        23947                |
|     DontRoute Net Num     |         9453                |
|     RouteSinks Num        |        72329                |
-----------------------------------------------------------
| Utilization               |                             |
|     #slices               |        13926                |
|     slices percentage     |       65.64%                |
|     #RAMs                 |           50                |
|     #DSPs                 |            8                |
|     #DRAMHARDCON          |           37                |
-----------------------------------------------------------
| Congestion                |                             |
|     Top 1% tile util      |           75                |
|     Top 1% tile avg util  |       81.74%                |
|     Over 100% util #tile  |            0                |
|     Max level             |            1                |
|     Window                |  [ 17  14] - [ 21  14]      |
-----------------------------------------------------------
Report place stage QoR done.

RUN-1003 : finish command "report_qor -step place -file place.qor" in  4.905825s wall, 4.890625s user + 0.015625s system = 4.906250s CPU (100.0%)

RUN-1004 : used memory is 1245 MB, reserved memory is 1241 MB, peak memory is 1245 MB
PHY-1001 : End Stage 4 | Optimize Design; Time: 5.663435s wall, 5.640625s user + 0.031250s system = 5.671875s CPU (100.1%); Memory(MB): used = 1245, reserved = 1241, peak = 1245;

PHY-1001 : Stage 5 | DRC Check
PHY-1001 : Stage 5.1 | Slice Attributes Check
PHY-1035 : Redundant attributes/nets in slice detected. You can use tcl "check_slice_attr -verbose" to get full message.
PHY-1039 : Found 120 mslices getting no used reg attributes, eg: u_hdmi_tx/u_hdmi_1_4b_transmitter_core_wrapper/u_hdmi_tx_controller_wrapper/u_hdmi_video_data_assemble/S_island_guard_band_1d_syn_10.
PHY-1039 : Found 120 mslices getting no used ce attributes, eg: u_hdmi_tx/u_hdmi_1_4b_transmitter_core_wrapper/u_hdmi_tx_controller_wrapper/u_hdmi_video_data_assemble/S_island_guard_band_1d_syn_10.
PHY-1001 : End Stage 5.1 | Slice Attributes Check; Time: 0.066233s wall, 0.062500s user + 0.000000s system = 0.062500s CPU (94.4%); Memory(MB): used = 1245, reserved = 1241, peak = 1245;

PHY-1001 : Stage 5.2 | Clock Bound Check
PHY-1001 : Check pass.
PHY-1001 : End Stage 5.2 | Clock Bound Check; Time: 0.002803s wall, 0.000000s user + 0.000000s system = 0.000000s CPU (n/a%); Memory(MB): used = 1245, reserved = 1241, peak = 1245;

PHY-1001 : Stage 5.3 | Force Route Constraint Check
PHY-1001 : Check Pass.
PHY-1001 : End Stage 5.3 | Force Route Constraint Check; Time: 0.003050s wall, 0.015625s user + 0.000000s system = 0.015625s CPU (512.4%); Memory(MB): used = 1245, reserved = 1241, peak = 1245;

PHY-1001 : Stage 5.4 | Sigmap Check
PHY-1001 : Check pass.
PHY-1001 : End Stage 5.4 | Sigmap Check; Time: 0.110128s wall, 0.109375s user + 0.000000s system = 0.109375s CPU (99.3%); Memory(MB): used = 1245, reserved = 1241, peak = 1245;

PHY-1001 : Stage 5.5 | Duplicated SelfDriven Check
PHY-1001 : Check pass.
PHY-1001 : End Stage 5.5 | Duplicated SelfDriven Check; Time: 0.457512s wall, 0.390625s user + 0.031250s system = 0.421875s CPU (92.2%); Memory(MB): used = 1245, reserved = 1241, peak = 1245;

PHY-1001 : Stage 5.6 | Clock Rule Check
PHY-5088 WARNING: Clock_Analyzer: Detected 2 buffer(s) clkin net because they drive non-clock sinks. Run "analyze_clock -detail" for more infomation.
PHY-5088 WARNING: Clock_Analyzer: Detected 1 buffer(s) clkout net because they drive non-clock sinks. Run "analyze_clock -detail" for more infomation.
PHY-5088 WARNING: Clock_Analyzer: 4 clock-net(s) because they drive other clock net, may cause clock skew. Run "analyze_clock -detail" for more infomation.
PHY-1001 : End Stage 5.6 | Clock Rule Check; Time: 0.103427s wall, 0.093750s user + 0.000000s system = 0.093750s CPU (90.6%); Memory(MB): used = 1245, reserved = 1241, peak = 1245;

PHY-1001 : End Stage 5 | DRC Check; Time: 0.825308s wall, 0.750000s user + 0.031250s system = 0.781250s CPU (94.7%); Memory(MB): used = 1245, reserved = 1241, peak = 1245;

OPT-1001 : QoR tracer report on placement steps:
    SWNS [   incr ]    STNS [   incr ]    FEPS [   incr ]    CRIT [   incr ]      CELL [     incr ]        WL [     incr ]    CONG [   incr ]    PDES [   incr ]   RT(s) [   incr ]   MEM(mb) [     incr ]
       0 [      0 ]       0 [      0 ]       0 [      0 ]       0 [      0 ]     29389 [        0 ]         0 [        0 ]    0.00 [   0.00 ]       0 [      0 ]       0 [      0 ]       809 [        0 ] : preplace:simplify_lut
       0 [      0 ]       0 [      0 ]       0 [      0 ]       0 [      0 ]     29389 [        0 ]         0 [        0 ]    0.00 [   0.00 ]       0 [      0 ]       0 [      0 ]       809 [        0 ] : preplace:sweep
       0 [      0 ]       0 [      0 ]       0 [      0 ]       0 [      0 ]     29389 [        0 ]         0 [        0 ]    0.00 [   0.00 ]       0 [      0 ]       0 [      0 ]       809 [        0 ] : preplace:lut_merge
       0 [      0 ]       0 [      0 ]       0 [      0 ]       0 [      0 ]     29389 [        0 ]         0 [        0 ]    0.00 [   0.00 ]       0 [      0 ]       0 [      0 ]       809 [        0 ] : preplace:hfn_opt
     380 [    380 ]       0 [      0 ]       0 [      0 ]    4471 [   4471 ]     31180 [     1791 ]   1922717 [  1922717 ]    0.00 [   0.00 ]       0 [      0 ]      15 [     15 ]       984 [      175 ] : step1_gp
     380 [      0 ]       0 [      0 ]       0 [      0 ]    4482 [     11 ]     31180 [        0 ]   1914500 [    -8217 ]    0.00 [   0.00 ]       0 [      0 ]      16 [      1 ]       990 [        6 ] : step1_legal
     380 [      0 ]       0 [      0 ]       0 [      0 ]    4483 [      1 ]     31180 [        0 ]   1881589 [   -32911 ]    0.00 [   0.00 ]       0 [      0 ]      19 [      3 ]       992 [        2 ] : step1_dp
      75 [   -305 ]       0 [      0 ]       0 [      0 ]    4611 [    128 ]     31180 [        0 ]   1613453 [  -268136 ]  189.89 [ 189.89 ]       0 [      0 ]      25 [      6 ]      1084 [       92 ] : step2_gp
      75 [      0 ]       0 [      0 ]       0 [      0 ]    4609 [     -2 ]     31180 [        0 ]   1611754 [    -1699 ]  189.89 [   0.00 ]       0 [      0 ]      27 [      2 ]      1085 [        1 ] : step2_dp
      75 [      0 ]       0 [      0 ]       0 [      0 ]    4609 [      0 ]     31180 [        0 ]   1611754 [        0 ]  189.89 [   0.00 ]       0 [      0 ]      28 [      1 ]      1085 [        0 ] : prepack_spreading
     523 [    448 ]       0 [      0 ]       0 [      0 ]    4830 [    221 ]     31333 [      153 ]   1316172 [  -295582 ]  165.24 [ -24.66 ]       0 [      0 ]      39 [     11 ]      1100 [       15 ] : prepack:hfn_opt
     523 [      0 ]       0 [      0 ]       0 [      0 ]    4829 [     -1 ]     31333 [        0 ]   1319117 [     2945 ]   91.13 [ -74.11 ]       0 [      0 ]      43 [      4 ]      1100 [        0 ] : prepack:global_opt
     189 [   -334 ]       0 [      0 ]       0 [      0 ]    5099 [    270 ]     15907 [   -15426 ]   1709676 [   390559 ]   90.95 [  -0.18 ]       0 [      0 ]      74 [     31 ]      1229 [      129 ] : direct_legalization
     189 [      0 ]       0 [      0 ]       0 [      0 ]    5099 [      0 ]     15907 [        0 ]   1709676 [        0 ]   90.95 [   0.00 ]       0 [      0 ]      75 [      1 ]      1232 [        3 ] : post_pack_spreading
     189 [      0 ]       0 [      0 ]       0 [      0 ]    5205 [    106 ]     15907 [        0 ]   1513779 [  -195897 ]   83.11 [  -7.84 ]       0 [      0 ]     103 [     28 ]      1244 [       12 ] : post_pack_dp
     189 [      0 ]       0 [      0 ]       0 [      0 ]    5207 [      2 ]     15891 [      -16 ]   1505156 [    -8623 ]   83.11 [   0.00 ]       0 [      0 ]     110 [      7 ]      1244 [        0 ] : postpack:optimize_equivalent_quick
     189 [      0 ]       0 [      0 ]       0 [      0 ]    5205 [     -2 ]     15912 [       21 ]   1507969 [     2813 ]   83.11 [   0.00 ]       0 [      0 ]     111 [      1 ]      1244 [        0 ] : postpack:hfn_opt
     277 [     88 ]       0 [      0 ]       0 [      0 ]    5207 [      2 ]     15938 [       26 ]   1515963 [     7994 ]   81.53 [  -1.58 ]       0 [      0 ]     115 [      4 ]      1245 [        1 ] : postpack:path_opt
     277 [      0 ]       0 [      0 ]       0 [      0 ]    5207 [      0 ]     15937 [       -1 ]   1515331 [     -632 ]   81.53 [   0.00 ]       0 [      0 ]     123 [      8 ]      1245 [        0 ] : postpack:optimize_equivalent
     277 [      0 ]       0 [      0 ]       0 [      0 ]    5371 [    164 ]     15937 [        0 ]   1515331 [        0 ]   81.53 [   0.00 ]       0 [      0 ]     124 [      1 ]      1245 [        0 ] : postpack:pin_opt
     277 [      0 ]       0 [      0 ]       0 [      0 ]    5347 [    -24 ]     15937 [        0 ]   1550499 [    35168 ]   81.53 [   0.00 ]       0 [      0 ]     139 [     15 ]      1245 [        0 ] : postpack:beeline_opt

RUN-1003 : finish command "place" in  148.039874s wall, 439.812500s user + 8.125000s system = 447.937500s CPU (302.6%)

RUN-1004 : used memory is 1245 MB, reserved memory is 1241 MB, peak memory is 1245 MB
RUN-1002 : start command "update_timing -mode manhattan"
RUN-1002 : start command "start_timer"
RUN-1003 : finish command "start_timer" in  2.131571s wall, 2.125000s user + 0.000000s system = 2.125000s CPU (99.7%)

RUN-1004 : used memory is 1245 MB, reserved memory is 1241 MB, peak memory is 1245 MB
RUN-1003 : finish command "update_timing -mode manhattan" in  3.825435s wall, 3.796875s user + 0.031250s system = 3.828125s CPU (100.1%)

RUN-1004 : used memory is 1245 MB, reserved memory is 1241 MB, peak memory is 1245 MB
RUN-1002 : start command "report_timing_summary -file camera_to_dsi_display_place.timing"
RUN-1002 : start command "report_area -io_info -file camera_to_dsi_display_phy.area"
SYN-4034 : The count of slices with lut is 7625.
SYN-4035 : The count of slices with lut+ripple is 3321.
RUN-1001 : standard
***Report Model: design_top_wrapper Device: PH1P35MDG324***

Design Statistics
#IO                        70   out of    160   43.75%
  #input                    9
  #output                  37
  #inout                   24
#lut6                   11362   out of  21216   53.55%
#reg                    15047
  #slice reg            15047   out of  42432   35.46%
  #pad reg                  0

Utilization Statistics
#slice                  13926   out of  21216   65.64%
  #used ram               416
    #dram lut             296
    #shifter lut          120
  #used logic           13510
    #with luts           7625
    #with adder          3321
    #reg only            2564
#f7mux                      0   out of  10608    0.00%
#f8mux                      0   out of   5304    0.00%
#eram                      50   out of    108   46.30%
  #eram20k                 50
  #fifo20k                  0
#dsp                        8   out of     40   20.00%
#mcu                        1   out of      1  100.00%
#ddr_byte                   6   out of     12   50.00%
#mipi_tx                    0   out of      2    0.00%
#mipi_rx                    1   out of      2   50.00%
#pad                       29   out of    160   18.12%
#pll                        3   out of      6   50.00%
#gclk                      14   out of     32   43.75%
#lclk                       0   out of     12    0.00%
#sclk                       0   out of     48    0.00%
#mlclk                      2   out of      6   33.33%
#ioclk                      4   out of     18   22.22%

RUN-1002 : start command "flow_status -file place_flow.status"
Location         : D:\2026fpga\lab_hd_1_mipi_hdmi\td_project\camera_to_dsi_display_Runs\phy_1
Running with     : Tang Dynasty v6.2.168116
                   Copyright (c) 2012-2025 Anlogic Inc.
Top Model        : design_top_wrapper
Device           : PH1P35MDG324
Speed            : 3

Timing Mode      : manhattan
Setup            : WNS   277ps  TNS        0ps  NUM_FEPS     0
Hold             : WNS  -284ps  TNS   -75462ps  NUM_FEPS   596

Flow Statistics  :
RUN-1001 : Flow Statistics:
RUN-1001 : ---------------------------------------------------------------------------------------------------
RUN-1001 :      command     |  #calls  |  wall time   |  cpu time(s)  |  used memory(mb)  |  peak memory(mb)  
RUN-1001 : ---------------------------------------------------------------------------------------------------
RUN-1001 :       place      |    1     |  2m28s(98%)  |   447(99%)    |       1245        |       1245        
RUN-1001 :   import_device  |    1     |    2s(1%)    |     2(0%)     |        323        |        323        
RUN-1001 :     import_db    |    3     |    1s(0%)    |     0(0%)     |        805        |        805        
RUN-1001 :       pack       |    1     |    0s(0%)    |     0(0%)     |        806        |        806        
RUN-1001 : ---------------------------------------------------------------------------------------------------
RUN-1001 :       total      |    6     |    2m31s     |      449      |       1245        |       1245        
RUN-1001 : ---------------------------------------------------------------------------------------------------
RUN-1002 : start command "report_clock_utilization -file place_clock_utilization.txt"
RUN-1002 : start command "export_db camera_to_dsi_display_place.db"
RUN-1001 : Exported flow parameters
RUN-1001 : Exported /
RUN-1001 : Exported libs
RUN-1001 : Exported entities
RUN-1001 : Exported ports
RUN-1001 : Exported pins
RUN-1001 : Exported instances
RUN-1001 : Exported nets
RUN-1001 : Exported buses
RUN-1001 : Exported models
RUN-1001 : Exported phy database
RUN-1001 : Exported packer
RUN-1001 : Exported congestions
RUN-1001 : Exported violations
RUN-1001 : Exported ATMR Setting
RUN-1001 : Exported timing constraints
RUN-1001 : Exported IO constraints
RUN-1001 : Exported Inst constraints
RUN-1001 : Exported ChipWatcher
RUN-1003 : finish command "export_db camera_to_dsi_display_place.db" in  1.088635s wall, 1.625000s user + 0.000000s system = 1.625000s CPU (149.3%)

RUN-1004 : used memory is 1264 MB, reserved memory is 1353 MB, peak memory is 1265 MB
RUN-1002 : start command "commit_param -step route"
RUN-1001 : Print Global Property
RUN-1001 : -------------------------------------------------------------
RUN-1001 :     Parameters    |   Settings   |  Default Values  |  Note  
RUN-1001 : -------------------------------------------------------------
RUN-1001 :    enable_seed    |     off      |       off        |        
RUN-1001 :    hfn_to_clock   |  1000000000  |    1000000000    |        
RUN-1001 :      message      |   standard   |     standard     |        
RUN-1001 :    qor_monitor    |      on      |        on        |        
RUN-1001 :   speedup_effort  |      0       |        0         |        
RUN-1001 :    syn_ip_flow    |     off      |       off        |        
RUN-1001 :       thread      |      32      |       auto       |   *    
RUN-1001 : -------------------------------------------------------------
RUN-1001 : Print Route Property
RUN-1001 : ---------------------------------------------------------------
RUN-1001 :       Parameters      |  Settings  |  Default Values  |  Note  
RUN-1001 : ---------------------------------------------------------------
RUN-1001 :         effort        |   normal   |      normal      |        
RUN-1001 :        fix_hold       |     on     |        on        |        
RUN-1001 :   hold_fix_iteration  |     5      |        5         |        
RUN-1001 :     post_route_opt    |    auto    |       auto       |        
RUN-1001 :         timing        |     on     |        on        |        
RUN-1001 : ---------------------------------------------------------------
RUN-1002 : start command "route"
RUN-1001 : Open license file F:/AnlogicFpga/TD_6.2.1_Engineer_6.2.168.116/license/Anlogic.lic
PHY-1001 : Reconnected 30 VDD pins with routing demanding
PHY-1001 : Populate physical database on model design_top_wrapper.
RUN-1001 : Dedicate pll clock connection statistics:
RUN-1001 : Clock Region s_1_l [0,40][23,79]; Utilization: 1 out of 12
RUN-1001 : ----------------------------------------------------------------------------------------------------------------------------------------------------------------------------------------------------------------------------------
RUN-1001 :   Index  |                                    Leading Clock                                     |                                                          Special Sink                                                           
RUN-1001 : ----------------------------------------------------------------------------------------------------------------------------------------------------------------------------------------------------------------------------------
RUN-1001 :     1    |  u_ph1p35_324_ddr_wrapper/u_ddr2/ph1p_ddrmc_wrapper/ph1p_ddrmc_top/u_alc_mc_top/clk  |  u_ph1p35_324_ddr_wrapper/u_ddr2/ph1p_ddrmc_wrapper/ph1p_ddrmc_top/u_ddr_phy/u_ddrphy_top/u_ddrphy_clk/u_pll1/u_pll_inst.fbclk  
RUN-1001 : ----------------------------------------------------------------------------------------------------------------------------------------------------------------------------------------------------------------------------------
RUN-1001 : Clock Region s_1_r [24,40][43,79]; Utilization: 1 out of 12
RUN-1001 : -----------------------------------------------------------------------------------------------------------------------------------------------------------------------
RUN-1001 :   Index  |                                     Leading Clock                                     |                            Special Sink                             
RUN-1001 : -----------------------------------------------------------------------------------------------------------------------------------------------------------------------
RUN-1001 :     1    |  u_mipi_dphy_rx_ph1p_mipiio_wrapper/u_ph1p_mipiio_rx_wrapper/u_lane0_hs_detect/I_clk  |  u_PLL/ph1p_phy_pll_wrapper_25a56e5ce2f9_Inst/u_PH1P_PHY_PLL.fbclk  
RUN-1001 : -----------------------------------------------------------------------------------------------------------------------------------------------------------------------
PHY-1001 : Working orders of clock nets being processed in bank assignment:
PHY-1001 : u_ph1p35_324_ddr_wrapper/u_ddr2/ph1p_ddrmc_wrapper/ph1p_ddrmc_top/u_alc_mc_top/clk;
PHY-1001 : u_mipi_dphy_rx_ph1p_mipiio_wrapper/u_ph1p_mipiio_rx_wrapper/u_lane0_hs_detect/I_clk;
PHY-1001 : u_isp_top/u_rgb96_downscale_crop/u_scale_line_buffer/ram_f84573da5ab5_Inst/clkb;
PHY-1001 : S_hdmi_pixel_clk_syn_652;
PHY-1001 : u_lens_i2c_ctrl/I_clk_syn_1;
PHY-1001 : cwc_jtck_syn_1;
PHY-1001 : O_cam_24m_syn_3;
PHY-1001 : I_sys_clk_syn_8;
PHY-1001 : u_hdmi_tx/u_hdmi2phy_wrapper/u0_lane_lvds_8_1/I_serial_clk_syn_1;
PHY-1001 : u_ph1p35_324_ddr_wrapper/u_ddr2/ph1p_ddrmc_wrapper/ph1p_ddrmc_top/u_ddr_phy/u_ddrphy_top/u_ddrphy/apb_pclk_syn_1;
PHY-1001 : u_uicfgcs500/uii2c_inst/scl_clk_syn_9;
PHY-1001 : u_lens_i2c_ctrl/u_lens_i2c/scl_clk_syn_9;
PHY-1001 : S_mcu_ahb_clk_syn_5;
PHY-1001 : u_mcu/MCU_521bd43d073e_Inst/core_clk_syn_1;
PHY-1001 : Internal bound Intnl_0_0_25_40 is being created by clock u_ph1p35_324_ddr_wrapper/u_ddr2/usr_clk through SCLK.
PHY-1001 : Internal bound Intnl_25_0_23_40 is being created by clock MIPI_RX_BYTE_CLK through SCLK.
PHY-1001 : Internal bound Intnl_0_40_25_40 is being created by clock u_ph1p35_324_ddr_wrapper/u_ddr2/usr_clk through SCLK.
PHY-1001 : Internal bound Intnl_25_40_19_40 is being created by clock MIPI_RX_BYTE_CLK through SCLK.
RUN-1001 : Clock region assignment statistics:
RUN-1001 : Clock Region s_0_l [0,0][23,39]; Utilization: 7 out of 12
RUN-1001 : ----------------------------------------------------------------------------------------------------------------------------------------------------------------------------------------------------------------------------------------------------------------------------------------------------------------------------------------
RUN-1001 :   Bank  |                                                   Leading Clock                                                    |       Type        |                                                                          Buffer                                                                           |  Regional Clock Fanouts  
RUN-1001 : ----------------------------------------------------------------------------------------------------------------------------------------------------------------------------------------------------------------------------------------------------------------------------------------------------------------------------------------
RUN-1001 :    1    |                 u_ph1p35_324_ddr_wrapper/u_ddr2/ph1p_ddrmc_wrapper/ph1p_ddrmc_top/u_alc_mc_top/clk                 |  (infered sclk)   |   u_ph1p35_324_ddr_wrapper/u_ddr2/ph1p_ddrmc_wrapper/ph1p_ddrmc_top/u_ddr_phy/u_ddrphy_top/u_ddrphy_clk/u_pll1/u_bufg_fbclk_auto_created_sclk_s_0_l_bk1   |           1131           
RUN-1001 :    2    |                  u_isp_top/u_rgb96_downscale_crop/u_scale_line_buffer/ram_f84573da5ab5_Inst/clkb                   |  (infered sclk)   |                           u_mipi_dphy_rx_ph1p_mipiio_wrapper/u_ph1p_mipiio_rx_wrapper/bufg_feedback_auto_created_sclk_s_0_l_bk2                           |           1104           
RUN-1001 :    3    |                                              S_hdmi_pixel_clk_syn_652                                              |  (infered sclk)   |                                               S_hdmi_pixel_clk_created_gclkinst_auto_created_sclk_s_0_l_bk3                                               |           201            
RUN-1001 :    4    |                                                  I_sys_clk_syn_8                                                   |  (infered sclk)   |                                               I_sys_clk_dup_6_created_gclkinst_auto_created_sclk_s_0_l_bk4                                                |            83            
RUN-1001 :    5    |                                                  O_cam_24m_syn_3                                                   |  (infered sclk)   |                                               O_cam_24m_dup_1_created_gclkinst_auto_created_sclk_s_0_l_bk5                                                |            6             
RUN-1001 :    6    |  u_ph1p35_324_ddr_wrapper/u_ddr2/ph1p_ddrmc_wrapper/ph1p_ddrmc_top/u_ddr_phy/u_ddrphy_top/u_ddrphy/apb_pclk_syn_1  |  (infered sclk)   |  u_ph1p35_324_ddr_wrapper/u_ddr2/ph1p_ddrmc_wrapper/ph1p_ddrmc_top/u_ddr_phy/u_ddrphy_top/u_ddrphy/apb_pclk_created_gclkinst_auto_created_sclk_s_0_l_bk6  |            3             
RUN-1001 :    7    |                                            u_lens_i2c_ctrl/I_clk_syn_1                                             |  (infered sclk)   |                                            u_lens_i2c_ctrl/I_clk_created_gclkinst_auto_created_sclk_s_0_l_bk7                                             |            1             
RUN-1001 : ----------------------------------------------------------------------------------------------------------------------------------------------------------------------------------------------------------------------------------------------------------------------------------------------------------------------------------------
RUN-1001 : Clock Region s_0_r [24,0][47,39]; Utilization: 10 out of 12
RUN-1001 : ---------------------------------------------------------------------------------------------------------------------------------------------------------------------------------------------------------------------------------------------------------
RUN-1001 :   Bank  |                                     Leading Clock                                     |       Type        |                                                 Buffer                                                  |  Regional Clock Fanouts  
RUN-1001 : ---------------------------------------------------------------------------------------------------------------------------------------------------------------------------------------------------------------------------------------------------------
RUN-1001 :    1    |    u_isp_top/u_rgb96_downscale_crop/u_scale_line_buffer/ram_f84573da5ab5_Inst/clkb    |  (infered sclk)   |  u_mipi_dphy_rx_ph1p_mipiio_wrapper/u_ph1p_mipiio_rx_wrapper/bufg_feedback_auto_created_sclk_s_0_r_bk1  |           1444           
RUN-1001 :    2    |                              u_lens_i2c_ctrl/I_clk_syn_1                              |  (infered sclk)   |                   u_lens_i2c_ctrl/I_clk_created_gclkinst_auto_created_sclk_s_0_r_bk2                    |           420            
RUN-1001 :    3    |                                    cwc_jtck_syn_1                                     |  (infered sclk)   |                          cwc_jtck_created_gclkinst_auto_created_sclk_s_0_r_bk3                          |           168            
RUN-1001 :    4    |                               S_hdmi_pixel_clk_syn_652                                |  (infered sclk)   |                      S_hdmi_pixel_clk_created_gclkinst_auto_created_sclk_s_0_r_bk4                      |           105            
RUN-1001 :    5    |                                    O_cam_24m_syn_3                                    |  (infered sclk)   |                      O_cam_24m_dup_1_created_gclkinst_auto_created_sclk_s_0_r_bk5                       |            90            
RUN-1001 :    6    |                         u_uicfgcs500/uii2c_inst/scl_clk_syn_9                         |  (infered sclk)   |              u_uicfgcs500/uii2c_inst/scl_clk_created_gclkinst_auto_created_sclk_s_0_r_bk6               |            15            
RUN-1001 :    7    |                       u_lens_i2c_ctrl/u_lens_i2c/scl_clk_syn_9                        |  (infered sclk)   |             u_lens_i2c_ctrl/u_lens_i2c/scl_clk_created_gclkinst_auto_created_sclk_s_0_r_bk7             |            14            
RUN-1001 :    8    |  u_mipi_dphy_rx_ph1p_mipiio_wrapper/u_ph1p_mipiio_rx_wrapper/u_lane0_hs_detect/I_clk  |  (infered sclk)   |                             u_PLL/bufg_feedback_auto_created_sclk_s_0_r_bk8                             |            8             
RUN-1001 :    9    |                                  S_mcu_ahb_clk_syn_5                                  |  (infered sclk)   |                       S_mcu_ahb_clk_created_gclkinst_auto_created_sclk_s_0_r_bk9                        |            1             
RUN-1001 :    10   |                      u_mcu/MCU_521bd43d073e_Inst/core_clk_syn_1                       |  (infered sclk)   |           u_mcu/MCU_521bd43d073e_Inst/core_clk_created_gclkinst_auto_created_sclk_s_0_r_bk10            |            1             
RUN-1001 : ---------------------------------------------------------------------------------------------------------------------------------------------------------------------------------------------------------------------------------------------------------
RUN-1001 : Clock Region s_1_l [0,40][23,79]; Utilization: 4 out of 12
RUN-1001 : ----------------------------------------------------------------------------------------------------------------------------------------------------------------------------------------------------------------------------------------------------------------------------------------------------------------------------------------
RUN-1001 :   Bank  |                                                   Leading Clock                                                    |       Type        |                                                                          Buffer                                                                           |  Regional Clock Fanouts  
RUN-1001 : ----------------------------------------------------------------------------------------------------------------------------------------------------------------------------------------------------------------------------------------------------------------------------------------------------------------------------------------
RUN-1001 :    1    |                 u_ph1p35_324_ddr_wrapper/u_ddr2/ph1p_ddrmc_wrapper/ph1p_ddrmc_top/u_alc_mc_top/clk                 |  (infered sclk)   |   u_ph1p35_324_ddr_wrapper/u_ddr2/ph1p_ddrmc_wrapper/ph1p_ddrmc_top/u_ddr_phy/u_ddrphy_top/u_ddrphy_clk/u_pll1/u_bufg_fbclk_auto_created_sclk_s_1_l_bk1   |           1043           
RUN-1001 :    2    |                  u_isp_top/u_rgb96_downscale_crop/u_scale_line_buffer/ram_f84573da5ab5_Inst/clkb                   |  (infered sclk)   |                           u_mipi_dphy_rx_ph1p_mipiio_wrapper/u_ph1p_mipiio_rx_wrapper/bufg_feedback_auto_created_sclk_s_1_l_bk2                           |           1604           
RUN-1001 :    3    |  u_ph1p35_324_ddr_wrapper/u_ddr2/ph1p_ddrmc_wrapper/ph1p_ddrmc_top/u_ddr_phy/u_ddrphy_top/u_ddrphy/apb_pclk_syn_1  |  (infered sclk)   |  u_ph1p35_324_ddr_wrapper/u_ddr2/ph1p_ddrmc_wrapper/ph1p_ddrmc_top/u_ddr_phy/u_ddrphy_top/u_ddrphy/apb_pclk_created_gclkinst_auto_created_sclk_s_1_l_bk3  |            29            
RUN-1001 :    4    |                                              S_hdmi_pixel_clk_syn_652                                              |  (infered sclk)   |                                               S_hdmi_pixel_clk_created_gclkinst_auto_created_sclk_s_1_l_bk4                                               |            7             
RUN-1001 : ----------------------------------------------------------------------------------------------------------------------------------------------------------------------------------------------------------------------------------------------------------------------------------------------------------------------------------------
RUN-1001 : Clock Region s_1_r [24,40][43,79]; Utilization: 4 out of 12
RUN-1001 : -----------------------------------------------------------------------------------------------------------------------------------------------------------------------------------------------------------------------------------------------------------
RUN-1001 :   Bank  |                                     Leading Clock                                     |       Type        |                                                  Buffer                                                   |  Regional Clock Fanouts  
RUN-1001 : -----------------------------------------------------------------------------------------------------------------------------------------------------------------------------------------------------------------------------------------------------------
RUN-1001 :    1    |  u_mipi_dphy_rx_ph1p_mipiio_wrapper/u_ph1p_mipiio_rx_wrapper/u_lane0_hs_detect/I_clk  |  (infered sclk)   |                              u_PLL/bufg_feedback_auto_created_sclk_s_1_r_bk1                              |            1             
RUN-1001 :    2    |    u_isp_top/u_rgb96_downscale_crop/u_scale_line_buffer/ram_f84573da5ab5_Inst/clkb    |  (infered sclk)   |   u_mipi_dphy_rx_ph1p_mipiio_wrapper/u_ph1p_mipiio_rx_wrapper/bufg_feedback_auto_created_sclk_s_1_r_bk2   |           992            
RUN-1001 :    3    |                               S_hdmi_pixel_clk_syn_652                                |  (infered sclk)   |                       S_hdmi_pixel_clk_created_gclkinst_auto_created_sclk_s_1_r_bk3                       |           648            
RUN-1001 :    4    |           u_hdmi_tx/u_hdmi2phy_wrapper/u0_lane_lvds_8_1/I_serial_clk_syn_1            |  (infered sclk)   |  u_hdmi_tx/u_hdmi2phy_wrapper/u0_lane_lvds_8_1/I_serial_clk_created_gclkinst_auto_created_sclk_s_1_r_bk4  |            37            
RUN-1001 : -----------------------------------------------------------------------------------------------------------------------------------------------------------------------------------------------------------------------------------------------------------
PHY-1001 : Populate physical database on model design_top_wrapper.
PHY-1001 : Route runs in 32 thread(s)
RUN-1001 : There are total 14481 instances
RUN-1001 : 416 mslices, 13510 lslices, 54 pads, 50 brams, 8 dsps
RUN-1001 : There are total 33739 nets
RUN-1001 : 21497 nets have 2 pins
RUN-1001 : 9584 nets have [3 - 5] pins
RUN-1001 : 1790 nets have [6 - 10] pins
RUN-1001 : 556 nets have [11 - 20] pins
RUN-1001 : 289 nets have [21 - 99] pins
RUN-1001 : 23 nets have 100+ pins
RUN-1002 : start command "start_timer"
RUN-1003 : finish command "start_timer" in  3.614683s wall, 3.593750s user + 0.000000s system = 3.593750s CPU (99.4%)

RUN-1004 : used memory is 1265 MB, reserved memory is 1353 MB, peak memory is 1265 MB
PHY-1001 : 416 mslices, 13510 lslices, 54 pads, 50 brams, 8 dsps

PHY-1001 : Stage 1 | Global Routing
PHY-1001 : Start global routing, caller is route ...
RUN-1001 : Generating global routing grids ...
PHY-1001 : Generate routing nets ...
RUN-1001 : Generate nets statistics:
RUN-1001 : ----------------------------
RUN-1001 :        Type       |  Nets   
RUN-1001 : ----------------------------
RUN-1001 :   TotalRouteNets  |  23972  
RUN-1001 :   DontRouteNets   |  5005   
RUN-1001 :     RouteNets     |  18967  
RUN-1001 :     RouteSinks    |  35597  
RUN-1001 : ----------------------------
PHY-1001 : Global iterations in 32 thread ...
PHY-1002 : len = 1.69674e+06, over cnt = 2062(2%), over = 4488, worst = 9
PHY-1002 : len = 1.75698e+06, over cnt = 1364(1%), over = 2395, worst = 9
PHY-1002 : len = 1.80218e+06, over cnt = 374(0%), over = 727, worst = 9
PHY-1002 : len = 1.8203e+06, over cnt = 0(0%), over = 0, worst = 0
PHY-1001 : End global iterations;  2.330306s wall, 3.484375s user + 0.062500s system = 3.546875s CPU (152.2%)

PHY-1001 : Congestion index:
PHY-1001 : top1  = 78.39(S 63.01, N 62.71, E 71.22, W 75.41, I 69.38, O 79.61)
PHY-1001 : top5  = 67.56(S 53.29, N 51.74, E 55.51, W 61.46, I 53.30, O 61.56)
PHY-1001 : top10 = 61.77(S 47.33, N 44.94, E 47.82, W 53.46, I 47.08, O 55.09)
PHY-1001 : top15 = 58.17(S 43.10, N 39.91, E 43.23, W 48.07, I 42.98, O 50.98)
PHY-1001 : End global routing;  2.798740s wall, 4.359375s user + 0.078125s system = 4.437500s CPU (158.6%)

PHY-1001 : End Stage 1 | Global Routing; Time: 2.799353s wall, 4.359375s user + 0.078125s system = 4.437500s CPU (158.5%); Memory(MB): used = 1289, reserved = 1353, peak = 1289;

PHY-1001 : Stage 2 | Detail Routing
PHY-1001 : Stage 2.1 | Build Routing Design
PHY-1001 : Routing in high effort: false
PHY-1001 : Routing Mode: normal
PHY-1001 : Generate detailed routing grids ...
RUN-1001 : Constructing routing connections ...
PHY-1001 : End build routing graph; 3.363003s wall, 23.546875s user + 0.234375s system = 23.781250s CPU (707.1%)

PHY-1001 : Generate nets ...
RUN-1001 : Generate nets statistics:
RUN-1001 : ------------------------------
RUN-1001 :         Type        |  Nets   
RUN-1001 : ------------------------------
RUN-1001 :        Route        |  24289  
RUN-1001 :      DontRoute      |  9450   
RUN-1001 :      RouteSinks     |  74329  
RUN-1001 :   RouteEntitySinks  |    0    
RUN-1001 :       Lut2Dff       |    0    
RUN-1001 :       Ram2Dff       |    0    
RUN-1001 :      Carry2Dff      |    0    
RUN-1001 : ------------------------------
RUN-1001 : DR clock net summary:
RUN-1001 : ---------------------------------------------------------------------------------------------------------------------------------------------------
RUN-1001 :   Net Idx  |                                                        Net Name                                                        |  Clock Type  
RUN-1001 : ---------------------------------------------------------------------------------------------------------------------------------------------------
RUN-1001 :      1     |                                                    I_sys_clk_dup_6                                                     |    Normal    
RUN-1001 :      2     |                                                    I_sys_clk_syn_8                                                     |    Normal    
RUN-1001 :      3     |                                                    O_cam_24m_dup_1                                                     |    Normal    
RUN-1001 :      4     |                                                    O_cam_24m_syn_3                                                     |    Normal    
RUN-1001 :      5     |                                                    S_hdmi_pixel_clk                                                    |    Normal    
RUN-1001 :      6     |                                                S_hdmi_pixel_clk_syn_652                                                |    Normal    
RUN-1001 :      7     |                                                     S_mcu_ahb_clk                                                      |    Normal    
RUN-1001 :      8     |                                                  S_mcu_ahb_clk_syn_5                                                   |    Normal    
RUN-1001 :      9     |                                                        cwc_jtck                                                        |    Normal    
RUN-1001 :     10     |                                                     cwc_jtck_syn_1                                                     |    Normal    
RUN-1001 :     11     |                                                     u_PLL/clk0_buf                                                     |    Normal    
RUN-1001 :     12     |                               u_hdmi_tx/u_hdmi2phy_wrapper/u0_lane_lvds_8_1/I_serial_clk                               |    Normal    
RUN-1001 :     13     |                            u_hdmi_tx/u_hdmi2phy_wrapper/u0_lane_lvds_8_1/I_serial_clk_syn_1                            |    Normal    
RUN-1001 :     14     |                    u_isp_top/u_rgb96_downscale_crop/u_scale_line_buffer/ram_f84573da5ab5_Inst/clkb                     |    Normal    
RUN-1001 :     15     |                                                 u_lens_i2c_ctrl/I_clk                                                  |    Normal    
RUN-1001 :     16     |                                              u_lens_i2c_ctrl/I_clk_syn_1                                               |    Normal    
RUN-1001 :     17     |                                           u_lens_i2c_ctrl/u_lens_i2c/scl_clk                                           |    Normal    
RUN-1001 :     18     |                                        u_lens_i2c_ctrl/u_lens_i2c/scl_clk_syn_9                                        |    Normal    
RUN-1001 :     19     |                                          u_mcu/MCU_521bd43d073e_Inst/core_clk                                          |    Normal    
RUN-1001 :     20     |                                       u_mcu/MCU_521bd43d073e_Inst/core_clk_syn_1                                       |    Normal    
RUN-1001 :     21     |                     u_mipi_dphy_rx_ph1p_mipiio_wrapper/u_ph1p_mipiio_rx_wrapper/S_mipiio_hs_rx_clk                     |    Normal    
RUN-1001 :     22     |                  u_mipi_dphy_rx_ph1p_mipiio_wrapper/u_ph1p_mipiio_rx_wrapper/u_lane0_hs_detect/I_clk                   |    Normal    
RUN-1001 :     23     |                   u_ph1p35_324_ddr_wrapper/u_ddr2/ph1p_ddrmc_wrapper/ph1p_ddrmc_top/u_alc_mc_top/clk                   |    Normal    
RUN-1001 :     24     |       u_ph1p35_324_ddr_wrapper/u_ddr2/ph1p_ddrmc_wrapper/ph1p_ddrmc_top/u_ddr_phy/u_ddrphy_top/u_ddrphy/apb_pclk       |    Normal    
RUN-1001 :     25     |    u_ph1p35_324_ddr_wrapper/u_ddr2/ph1p_ddrmc_wrapper/ph1p_ddrmc_top/u_ddr_phy/u_ddrphy_top/u_ddrphy/apb_pclk_syn_1    |    Normal    
RUN-1001 :     26     |      u_ph1p35_324_ddr_wrapper/u_ddr2/ph1p_ddrmc_wrapper/ph1p_ddrmc_top/u_ddr_phy/u_ddrphy_top/u_ddrphy/ctl_clk[0]      |    Normal    
RUN-1001 :     27     |      u_ph1p35_324_ddr_wrapper/u_ddr2/ph1p_ddrmc_wrapper/ph1p_ddrmc_top/u_ddr_phy/u_ddrphy_top/u_ddrphy/ctl_clk[1]      |    Normal    
RUN-1001 :     28     |      u_ph1p35_324_ddr_wrapper/u_ddr2/ph1p_ddrmc_wrapper/ph1p_ddrmc_top/u_ddr_phy/u_ddrphy_top/u_ddrphy/ddr_clk[0]      |    Normal    
RUN-1001 :     29     |      u_ph1p35_324_ddr_wrapper/u_ddr2/ph1p_ddrmc_wrapper/ph1p_ddrmc_top/u_ddr_phy/u_ddrphy_top/u_ddrphy/ddr_clk[1]      |    Normal    
RUN-1001 :     30     |    u_ph1p35_324_ddr_wrapper/u_ddr2/ph1p_ddrmc_wrapper/ph1p_ddrmc_top/u_ddr_phy/u_ddrphy_top/u_ddrphy_clk/pll0_clk_1    |    Normal    
RUN-1001 :     31     |    u_ph1p35_324_ddr_wrapper/u_ddr2/ph1p_ddrmc_wrapper/ph1p_ddrmc_top/u_ddr_phy/u_ddrphy_top/u_ddrphy_clk/pll0_clk_2    |    Normal    
RUN-1001 :     32     |   u_ph1p35_324_ddr_wrapper/u_ddr2/ph1p_ddrmc_wrapper/ph1p_ddrmc_top/u_ddr_phy/u_ddrphy_top/u_ddrphy_clk/pll0_mlclk_1   |    Normal    
RUN-1001 :     33     |   u_ph1p35_324_ddr_wrapper/u_ddr2/ph1p_ddrmc_wrapper/ph1p_ddrmc_top/u_ddr_phy/u_ddrphy_top/u_ddrphy_clk/pll0_mlclk_2   |    Normal    
RUN-1001 :     34     |  u_ph1p35_324_ddr_wrapper/u_ddr2/ph1p_ddrmc_wrapper/ph1p_ddrmc_top/u_ddr_phy/u_ddrphy_top/u_ddrphy_clk/u_pll1/clkc[0]  |    Normal    
RUN-1001 :     35     |  u_ph1p35_324_ddr_wrapper/u_ddr2/ph1p_ddrmc_wrapper/ph1p_ddrmc_top/u_ddr_phy/u_ddrphy_top/u_ddrphy_clk/u_pll1/refclk   |    Normal    
RUN-1001 :     36     |                                            u_uicfgcs500/uii2c_inst/scl_clk                                             |    Normal    
RUN-1001 :     37     |                                         u_uicfgcs500/uii2c_inst/scl_clk_syn_9                                          |    Normal    
RUN-1001 : ---------------------------------------------------------------------------------------------------------------------------------------------------
RUN-1001 : DR clock buffer summary:
RUN-1001 : -------------------------------------------------------------------------------------------------------------------------------------------------------------------
RUN-1001 :   Idx  |                                                                           Name                                                                            
RUN-1001 : -------------------------------------------------------------------------------------------------------------------------------------------------------------------
RUN-1001 :    1   |   u_ph1p35_324_ddr_wrapper/u_ddr2/ph1p_ddrmc_wrapper/ph1p_ddrmc_top/u_ddr_phy/u_ddrphy_top/u_ddrphy_clk/u_pll1/u_bufg_fbclk_auto_created_sclk_s_0_l_bk1   
RUN-1001 :    2   |                           u_mipi_dphy_rx_ph1p_mipiio_wrapper/u_ph1p_mipiio_rx_wrapper/bufg_feedback_auto_created_sclk_s_0_l_bk2                           
RUN-1001 :    3   |                                               S_hdmi_pixel_clk_created_gclkinst_auto_created_sclk_s_0_l_bk3                                               
RUN-1001 :    4   |                                               I_sys_clk_dup_6_created_gclkinst_auto_created_sclk_s_0_l_bk4                                                
RUN-1001 :    5   |                                               O_cam_24m_dup_1_created_gclkinst_auto_created_sclk_s_0_l_bk5                                                
RUN-1001 :    6   |  u_ph1p35_324_ddr_wrapper/u_ddr2/ph1p_ddrmc_wrapper/ph1p_ddrmc_top/u_ddr_phy/u_ddrphy_top/u_ddrphy/apb_pclk_created_gclkinst_auto_created_sclk_s_0_l_bk6  
RUN-1001 :    7   |                                            u_lens_i2c_ctrl/I_clk_created_gclkinst_auto_created_sclk_s_0_l_bk7                                             
RUN-1001 :    8   |                           u_mipi_dphy_rx_ph1p_mipiio_wrapper/u_ph1p_mipiio_rx_wrapper/bufg_feedback_auto_created_sclk_s_0_r_bk1                           
RUN-1001 :    9   |                                            u_lens_i2c_ctrl/I_clk_created_gclkinst_auto_created_sclk_s_0_r_bk2                                             
RUN-1001 :   10   |                                                   cwc_jtck_created_gclkinst_auto_created_sclk_s_0_r_bk3                                                   
RUN-1001 :   11   |                                               S_hdmi_pixel_clk_created_gclkinst_auto_created_sclk_s_0_r_bk4                                               
RUN-1001 :   12   |                                               O_cam_24m_dup_1_created_gclkinst_auto_created_sclk_s_0_r_bk5                                                
RUN-1001 :   13   |                                       u_uicfgcs500/uii2c_inst/scl_clk_created_gclkinst_auto_created_sclk_s_0_r_bk6                                        
RUN-1001 :   14   |                                      u_lens_i2c_ctrl/u_lens_i2c/scl_clk_created_gclkinst_auto_created_sclk_s_0_r_bk7                                      
RUN-1001 :   15   |                                                      u_PLL/bufg_feedback_auto_created_sclk_s_0_r_bk8                                                      
RUN-1001 :   16   |                                                S_mcu_ahb_clk_created_gclkinst_auto_created_sclk_s_0_r_bk9                                                 
RUN-1001 :   17   |                                    u_mcu/MCU_521bd43d073e_Inst/core_clk_created_gclkinst_auto_created_sclk_s_0_r_bk10                                     
RUN-1001 :   18   |   u_ph1p35_324_ddr_wrapper/u_ddr2/ph1p_ddrmc_wrapper/ph1p_ddrmc_top/u_ddr_phy/u_ddrphy_top/u_ddrphy_clk/u_pll1/u_bufg_fbclk_auto_created_sclk_s_1_l_bk1   
RUN-1001 :   19   |                           u_mipi_dphy_rx_ph1p_mipiio_wrapper/u_ph1p_mipiio_rx_wrapper/bufg_feedback_auto_created_sclk_s_1_l_bk2                           
RUN-1001 :   20   |  u_ph1p35_324_ddr_wrapper/u_ddr2/ph1p_ddrmc_wrapper/ph1p_ddrmc_top/u_ddr_phy/u_ddrphy_top/u_ddrphy/apb_pclk_created_gclkinst_auto_created_sclk_s_1_l_bk3  
RUN-1001 :   21   |                                               S_hdmi_pixel_clk_created_gclkinst_auto_created_sclk_s_1_l_bk4                                               
RUN-1001 :   22   |                                                      u_PLL/bufg_feedback_auto_created_sclk_s_1_r_bk1                                                      
RUN-1001 :   23   |                           u_mipi_dphy_rx_ph1p_mipiio_wrapper/u_ph1p_mipiio_rx_wrapper/bufg_feedback_auto_created_sclk_s_1_r_bk2                           
RUN-1001 :   24   |                                               S_hdmi_pixel_clk_created_gclkinst_auto_created_sclk_s_1_r_bk3                                               
RUN-1001 :   25   |                          u_hdmi_tx/u_hdmi2phy_wrapper/u0_lane_lvds_8_1/I_serial_clk_created_gclkinst_auto_created_sclk_s_1_r_bk4                          
RUN-1001 : -------------------------------------------------------------------------------------------------------------------------------------------------------------------
PHY-1001 : End Stage 2.1 | Build Routing Design; Time: 4.002498s wall, 24.093750s user + 0.281250s system = 24.375000s CPU (609.0%); Memory(MB): used = 1621, reserved = 1614, peak = 1621;

RUN-1001 : Top Percentage Crit. Net Stat.
RUN-1001 : -------------------------------------------------------
RUN-1001 :   Top %  |  Net Count  |  Avg. Fanout  |  Avg. Slack   
RUN-1001 : -------------------------------------------------------
RUN-1001 :     1    |     337     |   2.347181    |  2212.543027  
RUN-1001 :     2    |     674     |   3.256677    |  3388.298220  
RUN-1001 :     3    |    1012     |   3.216403    |  3911.233202  
RUN-1001 :     4    |    1349     |   3.197924    |  4217.415122  
RUN-1001 :     5    |    1686     |   3.042705    |  4426.278173  
RUN-1001 :     6    |    2024     |   2.925395    |  4585.870059  
RUN-1001 :     7    |    2361     |   2.864464    |  4715.073698  
RUN-1001 :     8    |    2699     |   2.849574    |  4823.880326  
RUN-1001 :     9    |    3036     |   2.844862    |  4918.895916  
RUN-1001 :    10    |    3373     |   2.758672    |  5003.777646  
RUN-1001 : -------------------------------------------------------
PHY-1001 : Stage 2.2 | Tile Base Routing
PHY-1001 : 229 nets need to preroute.
PHY-1001 : len = 0, over cnt = 0(0%), over = 0, worst = 0, crit = 0
PHY-1001 : End Stage 2.2 | Tile Base Routing; Time: 0.344158s wall, 8.093750s user + 0.062500s system = 8.156250s CPU (2369.9%); Memory(MB): used = 1624, reserved = 1617, peak = 1624;

PHY-1001 : Stage 2.3 | Clock Nets Routing
PHY-1001 : Routed 0% nets.
PHY-1001 : len = 422800, over cnt = 0(0%), over = 0, worst = 0, crit = 0
PHY-1001 : End Stage 2.3 | Clock Nets Routing; Time: 3.605705s wall, 3.578125s user + 0.000000s system = 3.578125s CPU (99.2%); Memory(MB): used = 1668, reserved = 1662, peak = 1668;

PHY-1001 : Stage 2.4 | Routing Initialization
PHY-1001 : Mark 1% net(place mode slack < 3824ps) as critical nets.
PHY-1001 : Stage 2.4.1 | Normal Nets Routing
PHY-1001 : Routed 71% nets.
PHY-1001 : len = 2.89306e+06, over cnt = 14312(0%), over = 15355, worst = 4, crit = 0
PHY-1001 : End Stage 2.4.1 | Normal Nets Routing; Time: 10.654680s wall, 22.593750s user + 0.421875s system = 23.015625s CPU (216.0%); Memory(MB): used = 1704, reserved = 1698, peak = 1704;

PHY-1001 : Stage 2.4.2 | Update Timing
RUN-1002 : start command "start_timer"
USR-1002 : Derived clock:  create_generated_clock -name {u_PLL/ph1p_phy_pll_wrapper_25a56e5ce2f9_Inst/u_PH1P_PHY_PLL.clkc[0]} -source [get_ports {I_sys_clk}] -master_clock {sys_clk_50m} -multiply_by 2.0000 -duty_cycle 50.0000 [get_pins {u_PLL/ph1p_phy_pll_wrapper_25a56e5ce2f9_Inst/u_PH1P_PHY_PLL.clkc[0]}]
USR-1002 : Derived clock:  create_generated_clock -name {u_PLL/ph1p_phy_pll_wrapper_25a56e5ce2f9_Inst/u_PH1P_PHY_PLL.clkc[1]} -source [get_ports {I_sys_clk}] -master_clock {sys_clk_50m} -divide_by 2.1000 -duty_cycle 50.0000 [get_pins {u_PLL/ph1p_phy_pll_wrapper_25a56e5ce2f9_Inst/u_PH1P_PHY_PLL.clkc[1]}]
USR-1002 : Derived clock:  create_generated_clock -name {u_PLL/ph1p_phy_pll_wrapper_25a56e5ce2f9_Inst/u_PH1P_PHY_PLL.clkc[2]} -source [get_ports {I_sys_clk}] -master_clock {sys_clk_50m} -multiply_by 1.0000 -duty_cycle 50.0000 [get_pins {u_PLL/ph1p_phy_pll_wrapper_25a56e5ce2f9_Inst/u_PH1P_PHY_PLL.clkc[2]}]
USR-1002 : Derived clock:  create_generated_clock -name {u_PLL/ph1p_phy_pll_wrapper_25a56e5ce2f9_Inst/u_PH1P_PHY_PLL.clkc[3]} -source [get_ports {I_sys_clk}] -master_clock {sys_clk_50m} -multiply_by 6.0000 -duty_cycle 50.0000 [get_pins {u_PLL/ph1p_phy_pll_wrapper_25a56e5ce2f9_Inst/u_PH1P_PHY_PLL.clkc[3]}]
USR-1002 : Derived clock:  create_generated_clock -name {u_PLL/ph1p_phy_pll_wrapper_25a56e5ce2f9_Inst/u_PH1P_PHY_PLL.clkc[4]} -source [get_ports {I_sys_clk}] -master_clock {sys_clk_50m} -multiply_by 1.5000 -duty_cycle 50.0000 [get_pins {u_PLL/ph1p_phy_pll_wrapper_25a56e5ce2f9_Inst/u_PH1P_PHY_PLL.clkc[4]}]
USR-1002 : Derived clock:  create_generated_clock -name {u_PLL/ph1p_phy_pll_wrapper_25a56e5ce2f9_Inst/u_PH1P_PHY_PLL.clkc[5]} -source [get_ports {I_sys_clk}] -master_clock {sys_clk_50m} -multiply_by 7.5000 -duty_cycle 50.0000 [get_pins {u_PLL/ph1p_phy_pll_wrapper_25a56e5ce2f9_Inst/u_PH1P_PHY_PLL.clkc[5]}]
USR-1002 : Derived clock:  create_generated_clock -name {u_ph1p35_324_ddr_wrapper/u_ddr2/ph1p_ddrmc_wrapper/ph1p_ddrmc_top/u_ddr_phy/u_ddrphy_top/u_ddrphy_clk/u_pll0/u_pll_inst.clkc[0]} -source [get_ports {I_sys_clk}] -master_clock {sys_clk_50m} -multiply_by 1.3333 -duty_cycle 50.0000 [get_pins {u_ph1p35_324_ddr_wrapper/u_ddr2/ph1p_ddrmc_wrapper/ph1p_ddrmc_top/u_ddr_phy/u_ddrphy_top/u_ddrphy_clk/u_pll0/u_pll_inst.clkc[0]}]
USR-1002 : Derived clock:  create_generated_clock -name {u_ph1p35_324_ddr_wrapper/u_ddr2/ph1p_ddrmc_wrapper/ph1p_ddrmc_top/u_ddr_phy/u_ddrphy_top/u_ddrphy_clk/u_pll0/u_pll_inst.clkc[1]} -source [get_ports {I_sys_clk}] -master_clock {sys_clk_50m} -multiply_by 1.3333 -duty_cycle 50.0000 [get_pins {u_ph1p35_324_ddr_wrapper/u_ddr2/ph1p_ddrmc_wrapper/ph1p_ddrmc_top/u_ddr_phy/u_ddrphy_top/u_ddrphy_clk/u_pll0/u_pll_inst.clkc[1]}]
USR-1002 : Derived clock:  create_generated_clock -name {u_ph1p35_324_ddr_wrapper/u_ddr2/ph1p_ddrmc_wrapper/ph1p_ddrmc_top/u_ddr_phy/u_ddrphy_top/u_ddrphy_clk/u_pll0/u_pll_inst.clkc[2]} -source [get_ports {I_sys_clk}] -master_clock {sys_clk_50m} -multiply_by 5.3333 -duty_cycle 50.0000 [get_pins {u_ph1p35_324_ddr_wrapper/u_ddr2/ph1p_ddrmc_wrapper/ph1p_ddrmc_top/u_ddr_phy/u_ddrphy_top/u_ddrphy_clk/u_pll0/u_pll_inst.clkc[2]}]
USR-1002 : Derived clock:  create_generated_clock -name {u_ph1p35_324_ddr_wrapper/u_ddr2/ph1p_ddrmc_wrapper/ph1p_ddrmc_top/u_ddr_phy/u_ddrphy_top/u_ddrphy_clk/u_pll0/u_pll_inst.clkc[3]} -source [get_ports {I_sys_clk}] -master_clock {sys_clk_50m} -divide_by 1.9687 -duty_cycle 50.0000 [get_pins {u_ph1p35_324_ddr_wrapper/u_ddr2/ph1p_ddrmc_wrapper/ph1p_ddrmc_top/u_ddr_phy/u_ddrphy_top/u_ddrphy_clk/u_pll0/u_pll_inst.clkc[3]}]
USR-1002 : Derived clock:  create_generated_clock -name {u_ph1p35_324_ddr_wrapper/u_ddr2/ph1p_ddrmc_wrapper/ph1p_ddrmc_top/u_ddr_phy/u_ddrphy_top/u_ddrphy_clk/u_pll1/u_pll_inst.clkc[0]} -source [get_pins {u_ph1p35_324_ddr_wrapper/u_ddr2/ph1p_ddrmc_wrapper/ph1p_ddrmc_top/u_ddr_phy/u_ddrphy_top/u_ddrphy_clk/u_pll0/u_pll_inst.clkc[0]}] -master_clock {u_ph1p35_324_ddr_wrapper/u_ddr2/ph1p_ddrmc_wrapper/ph1p_ddrmc_top/u_ddr_phy/u_ddrphy_top/u_ddrphy_clk/u_pll0/u_pll_inst.clkc[0]} -multiply_by 1.0000 -duty_cycle 50.0000 [get_pins {u_ph1p35_324_ddr_wrapper/u_ddr2/ph1p_ddrmc_wrapper/ph1p_ddrmc_top/u_ddr_phy/u_ddrphy_top/u_ddrphy_clk/u_pll1/u_pll_inst.clkc[0]}]
8.888000
15.000000
15.000000
13.333000
RUN-1003 : finish command "start_timer" in  2.961788s wall, 2.953125s user + 0.000000s system = 2.953125s CPU (99.7%)

RUN-1004 : used memory is 1705 MB, reserved memory is 1698 MB, peak memory is 1705 MB
TMR-2502 : Net delay update with mode: Routed
PHY-1001 : 1/23972(0%) critical/total net(s).
PHY-1001 : Setup: WNS(ns) = -0.039, TNS(ns) = -0.039, FEP = 1 | Hold: WNS(ns) = -0.243, TNS(ns) = -10.241, FEP = 261.
PHY-1001 : End Stage 2.4.2 | Update Timing; Time: 7.755469s wall, 7.671875s user + 0.078125s system = 7.750000s CPU (99.9%); Memory(MB): used = 1826, reserved = 1820, peak = 1826;

PHY-1001 : Stage 2.4.3 | Deskew Clock Tree
RUN-1001 : Deskew Summary
RUN-1001 : ---------------------------------------------------------------------------------------------------------------------------------
RUN-1001 :                                                 Clock                                                 |  Pre-Skew  |  Post-Skew  
RUN-1001 : ---------------------------------------------------------------------------------------------------------------------------------
RUN-1001 :                                             mipi_rx_ck_pad                                            |     34     |     34      
RUN-1001 :   u_mipi_dphy_rx_ph1p_mipiio_wrapper/u_ph1p_mipiio_rx_wrapper/u_PH1P_LOGIC_DPHY_MIPI_RX.io_clk_pad_p  |     34     |     34      
RUN-1001 :                                            MIPI_RX_BYTE_CLK                                           |     34     |     34      
RUN-1001 :                                              pll_clk_100m                                             |     8      |      8      
RUN-1001 :                                             HDMI_PIXEL_CLK                                            |     16     |     16      
RUN-1001 :                                u_ph1p35_324_ddr_wrapper/u_ddr2/usr_clk                                |     12     |     12      
RUN-1001 :                  u_PLL/ph1p_phy_pll_wrapper_25a56e5ce2f9_Inst/u_PH1P_PHY_PLL.clkc[2]                  |     4      |      4      
RUN-1001 :                                u_ph1p35_324_ddr_wrapper/u_ddr2/mcu_clk                                |     17     |     17      
RUN-1001 :                                              pll_clk_24m                                              |     3      |      3      
RUN-1001 : ---------------------------------------------------------------------------------------------------------------------------------
PHY-1001 : 1/23972(0%) critical/total net(s).
PHY-1001 : Setup: WNS(ns) = -0.039, TNS(ns) = -0.039, FEP = 1 | Hold: WNS(ns) = -0.243, TNS(ns) = -10.241, FEP = 261.
PHY-1001 : End Stage 2.4.3 | Deskew Clock Tree; Time: 4.893518s wall, 4.890625s user + 0.000000s system = 4.890625s CPU (99.9%); Memory(MB): used = 1861, reserved = 1853, peak = 1861;

PHY-1001 : End Stage 2.4 | Routing Initialization; Time: 23.413964s wall, 35.265625s user + 0.500000s system = 35.765625s CPU (152.8%); Memory(MB): used = 1861, reserved = 1853, peak = 1861;

PHY-1001 : Stage 2.5 | Routing Optimization
PHY-1001 : Build lut bridge;  0.169788s wall, 0.171875s user + 0.000000s system = 0.171875s CPU (101.2%)

PHY-1001 : Stage 2.5.1 | Phase 1
PHY-1001 : Stage 2.5.1.1 | Hold TimeOptimization
PHY-1001 : Iter 0; Processed 348 pins with HWNS -0.243ns HTNS -5.900ns FEP 134 took 0.562765 seconds.
PHY-1001 : Iter 1; Processed 499 pins with HWNS 0.016ns HTNS 0.000ns FEP 0 took 1.32204 seconds.
PHY-1001 : len = 2.92608e+06, over cnt = 14250(0%), over = 15302, worst = 4, crit = 0
PHY-1001 : End Stage 2.5.1.1 | Hold TimeOptimization; Time: 1.986127s wall, 2.015625s user + 0.015625s system = 2.031250s CPU (102.3%); Memory(MB): used = 1863, reserved = 1855, peak = 1863;

PHY-1001 : Stage 2.5.1.2 | High Fanout Nets Optimization
PHY-1001 : High fanout net optimize summary:
PHY-1001 : Process 0 nets and 0 pins with SWNS -0.039ns STNS -0.039ns FEP 1.
PHY-1001 : len = 2.92608e+06, over cnt = 14250(0%), over = 15302, worst = 4, crit = 0
PHY-1001 : End Stage 2.5.1.2 | High Fanout Nets Optimization; Time: 0.275864s wall, 0.265625s user + 0.000000s system = 0.265625s CPU (96.3%); Memory(MB): used = 1863, reserved = 1855, peak = 1863;

PHY-1001 : Stage 2.5.1.3 | Setup TimeOptimization
PHY-1001 : Start to optimize setup violation with net base ...
PHY-1001 : Iter 1; Processed 1 pins with SWNS 0.186ns STNS 0.000ns FEP 0 took 0.126365 seconds.
PHY-1001 : len = 2.92608e+06, over cnt = 14249(0%), over = 15301, worst = 4, crit = 0
PHY-1001 : End Stage 2.5.1.3 | Setup TimeOptimization; Time: 0.413999s wall, 0.453125s user + 0.015625s system = 0.468750s CPU (113.2%); Memory(MB): used = 1863, reserved = 1855, peak = 1863;

PHY-1001 : Stage 2.5.1.4 | Rip-up And ReRoute
PHY-0007 : Congestion: {81.48, 71.21, 66.39, 63.32}; Timing: {0.186ns, 0.000ns, 0}
PHY-1001 : Iter 1: len = 3.02642e+06, over cnt = 7352(0%), over = 7639, worst = 3, crit = 0, time(s) = 7.79
PHY-1001 : Iter 2: len = 3.05734e+06, over cnt = 4478(0%), over = 4539, worst = 2, crit = 0, time(s) = 4.29
PHY-1001 : Iter 3: len = 3.06818e+06, over cnt = 3346(0%), over = 3362, worst = 2, crit = 0, time(s) = 2.73
PHY-1001 : Iter 4: len = 3.11576e+06, over cnt = 1702(0%), over = 1704, worst = 2, crit = 0, time(s) = 3.29
PHY-1001 : Iter 5: len = 3.12605e+06, over cnt = 1284(0%), over = 1285, worst = 2, crit = 0, time(s) = 1.32
PHY-1001 : Iter 6: len = 3.1355e+06, over cnt = 966(0%), over = 966, worst = 1, crit = 0, time(s) = 1.46
PHY-1001 : Iter 7: len = 3.13749e+06, over cnt = 887(0%), over = 887, worst = 1, crit = 0, time(s) = 0.94
PHY-1001 : Marking 20 (0.52%) hot zones with cutoff utilization 81.08.
PHY-1001 : Iter 8: len = 3.18021e+06, over cnt = 187(0%), over = 187, worst = 1, crit = 0, time(s) = 0.93
PHY-1001 : Iter 9: len = 3.18459e+06, over cnt = 110(0%), over = 110, worst = 1, crit = 0, time(s) = 0.25
PHY-1001 : Iter 10: len = 3.19275e+06, over cnt = 36(0%), over = 36, worst = 1, crit = 0, time(s) = 0.21
PHY-1001 : Iter 11: len = 3.1944e+06, over cnt = 12(0%), over = 12, worst = 1, crit = 0, time(s) = 0.22
PHY-1001 : Iter 12: len = 3.19526e+06, over cnt = 2(0%), over = 2, worst = 1, crit = 0, time(s) = 0.11
PHY-1001 : Marking 20 (0.52%) hot zones with cutoff utilization 81.08.
PHY-1001 : Iter 13: len = 3.19528e+06, over cnt = 1(0%), over = 1, worst = 1, crit = 0, time(s) = 0.05
PHY-1001 : Iter 14: len = 3.19528e+06, over cnt = 1(0%), over = 1, worst = 1, crit = 0, time(s) = 0.05
PHY-1001 : Iter 15: len = 3.19528e+06, over cnt = 1(0%), over = 1, worst = 1, crit = 0, time(s) = 0.05
PHY-1001 : Iter 16: len = 3.1953e+06, over cnt = 0(0%), over = 0, worst = 0, crit = 0, time(s) = 0.09
PHY-1001 : Marking 20 (0.52%) hot zones with cutoff utilization 81.08.
PHY-1001 : Update congestion ...
PHY-1001 : Marking 20 (0.52%) hot zones with cutoff utilization 81.08.
PHY-1001 : Congestion index:
PHY-1001 : top1  = 84.82(S 69.56, N 68.54, E 74.34, W 84.06, I 69.38, O 79.61)
PHY-1001 : top5  = 75.87(S 60.18, N 61.13, E 64.48, W 73.96, I 53.30, O 61.56)
PHY-1001 : top10 = 71.20(S 55.55, N 56.08, E 58.89, W 68.03, I 47.08, O 55.09)
PHY-1001 : top15 = 68.25(S 52.52, N 52.15, E 54.90, W 63.85, I 42.98, O 50.98)
PHY-1001 : End update congestion; 0.027338s wall, 0.468750s user + 0.015625s system = 0.484375s CPU (1771.8%)

PHY-1001 : End Stage 2.5.1.4 | Rip-up And ReRoute; Time: 23.983648s wall, 53.453125s user + 0.546875s system = 54.000000s CPU (225.2%); Memory(MB): used = 1863, reserved = 1855, peak = 1863;

PHY-1001 : Stage 2.5.1.5 | Update Timing
PHY-1001 : 5/23972(0%) critical/total net(s).
PHY-1001 : Setup: WNS(ns) = -0.385, TNS(ns) = -1.032, FEP = 5 | Hold: WNS(ns) = -0.069, TNS(ns) = -1.951, FEP = 56.
PHY-1001 : End Stage 2.5.1.5 | Update Timing; Time: 2.939390s wall, 2.937500s user + 0.000000s system = 2.937500s CPU (99.9%); Memory(MB): used = 1876, reserved = 1868, peak = 1876;

PHY-1001 : Stage 2.5.1.6 | Commit Data
PHY-1001 : Commit better result to database ...
PHY-1001 : End Stage 2.5.1.6 | Commit Data; Time: 0.147132s wall, 0.125000s user + 0.015625s system = 0.140625s CPU (95.6%); Memory(MB): used = 1897, reserved = 1889, peak = 1897;

PHY-1001 : End Stage 2.5.1 | Phase 1; Time: 30.370066s wall, 60.781250s user + 0.593750s system = 61.375000s CPU (202.1%); Memory(MB): used = 1897, reserved = 1889, peak = 1897;

PHY-1001 : Stage 2.5.2 | Phase 2
PHY-1001 : Stage 2.5.2.1 | Hold TimeOptimization
PHY-1001 : Iter 0; Processed 87 pins with HWNS -0.064ns HTNS -0.342ns FEP 12 took 1.18992 seconds.
PHY-1001 : Iter 1; Processed 105 pins with HWNS 0.020ns HTNS 0.000ns FEP 0 took 0.1814 seconds.
PHY-1001 : len = 3.20496e+06, over cnt = 34(0%), over = 49, worst = 3, crit = 0
PHY-1001 : End Stage 2.5.2.1 | Hold TimeOptimization; Time: 1.478847s wall, 1.640625s user + 0.000000s system = 1.640625s CPU (110.9%); Memory(MB): used = 1897, reserved = 1889, peak = 1897;

PHY-1001 : Stage 2.5.2.2 | High Fanout Nets Optimization
PHY-1001 : High fanout net optimize summary:
PHY-1001 : Process 0 nets and 0 pins with SWNS -0.385ns STNS -1.032ns FEP 5.
PHY-1001 : len = 3.20496e+06, over cnt = 34(0%), over = 49, worst = 3, crit = 0
PHY-1001 : End Stage 2.5.2.2 | High Fanout Nets Optimization; Time: 0.281219s wall, 1.140625s user + 0.000000s system = 1.140625s CPU (405.6%); Memory(MB): used = 1897, reserved = 1889, peak = 1897;

PHY-1001 : Stage 2.5.2.3 | Setup TimeOptimization
PHY-1001 : Start to optimize setup violation with net base ...
PHY-1001 : Iter 1; Processed 7 pins with SWNS 0.125ns STNS 0.000ns FEP 0 took 0.221203 seconds.
PHY-1001 : len = 3.20472e+06, over cnt = 46(0%), over = 61, worst = 3, crit = 0
PHY-1001 : End Stage 2.5.2.3 | Setup TimeOptimization; Time: 0.501325s wall, 0.937500s user + 0.000000s system = 0.937500s CPU (187.0%); Memory(MB): used = 1897, reserved = 1889, peak = 1897;

PHY-1001 : Stage 2.5.2.4 | Rip-up And ReRoute
PHY-1001 : Iter 1: len = 3.20206e+06, over cnt = 14(0%), over = 19, worst = 3, crit = 0, time(s) = 0.08
PHY-1001 : Iter 2: len = 3.20043e+06, over cnt = 2(0%), over = 2, worst = 1, crit = 0, time(s) = 0.06
PHY-1001 : Iter 3: len = 3.2003e+06, over cnt = 1(0%), over = 1, worst = 1, crit = 0, time(s) = 0.05
PHY-1001 : Iter 4: len = 3.20046e+06, over cnt = 0(0%), over = 0, worst = 0, crit = 0, time(s) = 0.05
PHY-1001 : Update congestion ...
PHY-1001 : Marking 53 (1.38%) hot zones with cutoff utilization 81.08.
PHY-1001 : Congestion index:
PHY-1001 : top1  = 84.66(S 69.99, N 68.54, E 74.34, W 83.90, I 69.38, O 79.61)
PHY-1001 : top5  = 75.97(S 60.36, N 61.16, E 64.55, W 74.05, I 53.30, O 61.56)
PHY-1001 : top10 = 71.27(S 55.67, N 56.11, E 58.94, W 68.14, I 47.08, O 55.09)
PHY-1001 : top15 = 68.33(S 52.60, N 52.20, E 54.95, W 64.00, I 42.98, O 50.98)
PHY-1001 : End update congestion; 0.027269s wall, 0.031250s user + 0.000000s system = 0.031250s CPU (114.6%)

PHY-1001 : End Stage 2.5.2.4 | Rip-up And ReRoute; Time: 0.317542s wall, 0.781250s user + 0.000000s system = 0.781250s CPU (246.0%); Memory(MB): used = 1897, reserved = 1889, peak = 1897;

PHY-1001 : Stage 2.5.2.5 | Update Timing
PHY-1001 : 0/23972(0%) critical/total net(s).
PHY-1001 : Setup: WNS(ns) = 0.125, TNS(ns) = 0.000, FEP = 0 | Hold: WNS(ns) = -0.087, TNS(ns) = -0.999, FEP = 30.
PHY-1001 : End Stage 2.5.2.5 | Update Timing; Time: 0.337685s wall, 0.328125s user + 0.000000s system = 0.328125s CPU (97.2%); Memory(MB): used = 1897, reserved = 1889, peak = 1897;

PHY-1001 : Stage 2.5.2.6 | Commit Data
PHY-1001 : Commit better result to database ...
PHY-1001 : End Stage 2.5.2.6 | Commit Data; Time: 0.046202s wall, 0.046875s user + 0.000000s system = 0.046875s CPU (101.5%); Memory(MB): used = 1897, reserved = 1889, peak = 1897;

PHY-1001 : End Stage 2.5.2 | Phase 2; Time: 3.384392s wall, 5.296875s user + 0.000000s system = 5.296875s CPU (156.5%); Memory(MB): used = 1897, reserved = 1889, peak = 1897;

PHY-1001 : End Stage 2.5 | Routing Optimization; Time: 38.911935s wall, 71.171875s user + 0.593750s system = 71.765625s CPU (184.4%); Memory(MB): used = 1897, reserved = 1889, peak = 1897;

PHY-1001 : Stage 2.6 | Multi-try route Optimization
PHY-1001 : End Stage 2.6 | Multi-try route Optimization; Time: 0.076710s wall, 0.062500s user + 0.000000s system = 0.062500s CPU (81.5%); Memory(MB): used = 1897, reserved = 1889, peak = 1897;

PHY-1003 : Routed, final wirelength = 3.20046e+06
RUN-1001 : Clock region assignment statistics:
RUN-1001 : Clock Region s_0_l [0,0][23,39]; Utilization: 7 out of 12
RUN-1001 : -----------------------------------------------------------------------------------------------------------------------------------------------------------------------------------------------------------------------------------------------------------------------------------------------------------------------------------------------------------------------------------------------------------------------------------------------------
RUN-1001 :   Bank  |                                                   Assigned Clock                                                   |                                                    Route Clock                                                     |  Marking  |                                                                          Buffer                                                                           |  Regional Clock Fanouts  
RUN-1001 : -----------------------------------------------------------------------------------------------------------------------------------------------------------------------------------------------------------------------------------------------------------------------------------------------------------------------------------------------------------------------------------------------------------------------------------------------------
RUN-1001 :    1    |                 u_ph1p35_324_ddr_wrapper/u_ddr2/ph1p_ddrmc_wrapper/ph1p_ddrmc_top/u_alc_mc_top/clk                 |                 u_ph1p35_324_ddr_wrapper/u_ddr2/ph1p_ddrmc_wrapper/ph1p_ddrmc_top/u_alc_mc_top/clk                 |           |   u_ph1p35_324_ddr_wrapper/u_ddr2/ph1p_ddrmc_wrapper/ph1p_ddrmc_top/u_ddr_phy/u_ddrphy_top/u_ddrphy_clk/u_pll1/u_bufg_fbclk_auto_created_sclk_s_0_l_bk1   |           1131           
RUN-1001 :    2    |                  u_isp_top/u_rgb96_downscale_crop/u_scale_line_buffer/ram_f84573da5ab5_Inst/clkb                   |                  u_isp_top/u_rgb96_downscale_crop/u_scale_line_buffer/ram_f84573da5ab5_Inst/clkb                   |           |                           u_mipi_dphy_rx_ph1p_mipiio_wrapper/u_ph1p_mipiio_rx_wrapper/bufg_feedback_auto_created_sclk_s_0_l_bk2                           |           1104           
RUN-1001 :    3    |                                              S_hdmi_pixel_clk_syn_652                                              |                                              S_hdmi_pixel_clk_syn_652                                              |           |                                               S_hdmi_pixel_clk_created_gclkinst_auto_created_sclk_s_0_l_bk3                                               |           201            
RUN-1001 :    4    |                                                  I_sys_clk_syn_8                                                   |                                                  I_sys_clk_syn_8                                                   |           |                                               I_sys_clk_dup_6_created_gclkinst_auto_created_sclk_s_0_l_bk4                                                |            83            
RUN-1001 :    5    |                                                  O_cam_24m_syn_3                                                   |                                                  O_cam_24m_syn_3                                                   |           |                                               O_cam_24m_dup_1_created_gclkinst_auto_created_sclk_s_0_l_bk5                                                |            6             
RUN-1001 :    6    |  u_ph1p35_324_ddr_wrapper/u_ddr2/ph1p_ddrmc_wrapper/ph1p_ddrmc_top/u_ddr_phy/u_ddrphy_top/u_ddrphy/apb_pclk_syn_1  |  u_ph1p35_324_ddr_wrapper/u_ddr2/ph1p_ddrmc_wrapper/ph1p_ddrmc_top/u_ddr_phy/u_ddrphy_top/u_ddrphy/apb_pclk_syn_1  |           |  u_ph1p35_324_ddr_wrapper/u_ddr2/ph1p_ddrmc_wrapper/ph1p_ddrmc_top/u_ddr_phy/u_ddrphy_top/u_ddrphy/apb_pclk_created_gclkinst_auto_created_sclk_s_0_l_bk6  |            3             
RUN-1001 :    7    |                                            u_lens_i2c_ctrl/I_clk_syn_1                                             |                                            u_lens_i2c_ctrl/I_clk_syn_1                                             |           |                                            u_lens_i2c_ctrl/I_clk_created_gclkinst_auto_created_sclk_s_0_l_bk7                                             |            1             
RUN-1001 : -----------------------------------------------------------------------------------------------------------------------------------------------------------------------------------------------------------------------------------------------------------------------------------------------------------------------------------------------------------------------------------------------------------------------------------------------------
RUN-1001 : Clock Region s_0_r [24,0][47,39]; Utilization: 10 out of 12
RUN-1001 : -----------------------------------------------------------------------------------------------------------------------------------------------------------------------------------------------------------------------------------------------------------------------------------------------------------------------------------------
RUN-1001 :   Bank  |                                    Assigned Clock                                     |                                      Route Clock                                      |  Marking  |                                                 Buffer                                                  |  Regional Clock Fanouts  
RUN-1001 : -----------------------------------------------------------------------------------------------------------------------------------------------------------------------------------------------------------------------------------------------------------------------------------------------------------------------------------------
RUN-1001 :    1    |    u_isp_top/u_rgb96_downscale_crop/u_scale_line_buffer/ram_f84573da5ab5_Inst/clkb    |    u_isp_top/u_rgb96_downscale_crop/u_scale_line_buffer/ram_f84573da5ab5_Inst/clkb    |           |  u_mipi_dphy_rx_ph1p_mipiio_wrapper/u_ph1p_mipiio_rx_wrapper/bufg_feedback_auto_created_sclk_s_0_r_bk1  |           1444           
RUN-1001 :    2    |                              u_lens_i2c_ctrl/I_clk_syn_1                              |                              u_lens_i2c_ctrl/I_clk_syn_1                              |           |                   u_lens_i2c_ctrl/I_clk_created_gclkinst_auto_created_sclk_s_0_r_bk2                    |           420            
RUN-1001 :    3    |                                    cwc_jtck_syn_1                                     |                                    cwc_jtck_syn_1                                     |           |                          cwc_jtck_created_gclkinst_auto_created_sclk_s_0_r_bk3                          |           168            
RUN-1001 :    4    |                               S_hdmi_pixel_clk_syn_652                                |                               S_hdmi_pixel_clk_syn_652                                |           |                      S_hdmi_pixel_clk_created_gclkinst_auto_created_sclk_s_0_r_bk4                      |           105            
RUN-1001 :    5    |                                    O_cam_24m_syn_3                                    |                                    O_cam_24m_syn_3                                    |           |                      O_cam_24m_dup_1_created_gclkinst_auto_created_sclk_s_0_r_bk5                       |            90            
RUN-1001 :    6    |                         u_uicfgcs500/uii2c_inst/scl_clk_syn_9                         |                         u_uicfgcs500/uii2c_inst/scl_clk_syn_9                         |           |              u_uicfgcs500/uii2c_inst/scl_clk_created_gclkinst_auto_created_sclk_s_0_r_bk6               |            15            
RUN-1001 :    7    |                       u_lens_i2c_ctrl/u_lens_i2c/scl_clk_syn_9                        |                       u_lens_i2c_ctrl/u_lens_i2c/scl_clk_syn_9                        |           |             u_lens_i2c_ctrl/u_lens_i2c/scl_clk_created_gclkinst_auto_created_sclk_s_0_r_bk7             |            14            
RUN-1001 :    8    |  u_mipi_dphy_rx_ph1p_mipiio_wrapper/u_ph1p_mipiio_rx_wrapper/u_lane0_hs_detect/I_clk  |  u_mipi_dphy_rx_ph1p_mipiio_wrapper/u_ph1p_mipiio_rx_wrapper/u_lane0_hs_detect/I_clk  |           |                             u_PLL/bufg_feedback_auto_created_sclk_s_0_r_bk8                             |            8             
RUN-1001 :    9    |                                  S_mcu_ahb_clk_syn_5                                  |                                  S_mcu_ahb_clk_syn_5                                  |           |                       S_mcu_ahb_clk_created_gclkinst_auto_created_sclk_s_0_r_bk9                        |            1             
RUN-1001 :    10   |                      u_mcu/MCU_521bd43d073e_Inst/core_clk_syn_1                       |                      u_mcu/MCU_521bd43d073e_Inst/core_clk_syn_1                       |           |           u_mcu/MCU_521bd43d073e_Inst/core_clk_created_gclkinst_auto_created_sclk_s_0_r_bk10            |            1             
RUN-1001 : -----------------------------------------------------------------------------------------------------------------------------------------------------------------------------------------------------------------------------------------------------------------------------------------------------------------------------------------
RUN-1001 : Clock Region s_1_l [0,40][23,79]; Utilization: 4 out of 12
RUN-1001 : -----------------------------------------------------------------------------------------------------------------------------------------------------------------------------------------------------------------------------------------------------------------------------------------------------------------------------------------------------------------------------------------------------------------------------------------------------
RUN-1001 :   Bank  |                                                   Assigned Clock                                                   |                                                    Route Clock                                                     |  Marking  |                                                                          Buffer                                                                           |  Regional Clock Fanouts  
RUN-1001 : -----------------------------------------------------------------------------------------------------------------------------------------------------------------------------------------------------------------------------------------------------------------------------------------------------------------------------------------------------------------------------------------------------------------------------------------------------
RUN-1001 :    1    |                 u_ph1p35_324_ddr_wrapper/u_ddr2/ph1p_ddrmc_wrapper/ph1p_ddrmc_top/u_alc_mc_top/clk                 |                 u_ph1p35_324_ddr_wrapper/u_ddr2/ph1p_ddrmc_wrapper/ph1p_ddrmc_top/u_alc_mc_top/clk                 |           |   u_ph1p35_324_ddr_wrapper/u_ddr2/ph1p_ddrmc_wrapper/ph1p_ddrmc_top/u_ddr_phy/u_ddrphy_top/u_ddrphy_clk/u_pll1/u_bufg_fbclk_auto_created_sclk_s_1_l_bk1   |           1043           
RUN-1001 :    2    |                  u_isp_top/u_rgb96_downscale_crop/u_scale_line_buffer/ram_f84573da5ab5_Inst/clkb                   |                  u_isp_top/u_rgb96_downscale_crop/u_scale_line_buffer/ram_f84573da5ab5_Inst/clkb                   |           |                           u_mipi_dphy_rx_ph1p_mipiio_wrapper/u_ph1p_mipiio_rx_wrapper/bufg_feedback_auto_created_sclk_s_1_l_bk2                           |           1604           
RUN-1001 :    3    |  u_ph1p35_324_ddr_wrapper/u_ddr2/ph1p_ddrmc_wrapper/ph1p_ddrmc_top/u_ddr_phy/u_ddrphy_top/u_ddrphy/apb_pclk_syn_1  |  u_ph1p35_324_ddr_wrapper/u_ddr2/ph1p_ddrmc_wrapper/ph1p_ddrmc_top/u_ddr_phy/u_ddrphy_top/u_ddrphy/apb_pclk_syn_1  |           |  u_ph1p35_324_ddr_wrapper/u_ddr2/ph1p_ddrmc_wrapper/ph1p_ddrmc_top/u_ddr_phy/u_ddrphy_top/u_ddrphy/apb_pclk_created_gclkinst_auto_created_sclk_s_1_l_bk3  |            29            
RUN-1001 :    4    |                                              S_hdmi_pixel_clk_syn_652                                              |                                              S_hdmi_pixel_clk_syn_652                                              |           |                                               S_hdmi_pixel_clk_created_gclkinst_auto_created_sclk_s_1_l_bk4                                               |            7             
RUN-1001 : -----------------------------------------------------------------------------------------------------------------------------------------------------------------------------------------------------------------------------------------------------------------------------------------------------------------------------------------------------------------------------------------------------------------------------------------------------
RUN-1001 : Clock Region s_1_r [24,40][43,79]; Utilization: 4 out of 12
RUN-1001 : -------------------------------------------------------------------------------------------------------------------------------------------------------------------------------------------------------------------------------------------------------------------------------------------------------------------------------------------
RUN-1001 :   Bank  |                                    Assigned Clock                                     |                                      Route Clock                                      |  Marking  |                                                  Buffer                                                   |  Regional Clock Fanouts  
RUN-1001 : -------------------------------------------------------------------------------------------------------------------------------------------------------------------------------------------------------------------------------------------------------------------------------------------------------------------------------------------
RUN-1001 :    1    |  u_mipi_dphy_rx_ph1p_mipiio_wrapper/u_ph1p_mipiio_rx_wrapper/u_lane0_hs_detect/I_clk  |  u_mipi_dphy_rx_ph1p_mipiio_wrapper/u_ph1p_mipiio_rx_wrapper/u_lane0_hs_detect/I_clk  |           |                              u_PLL/bufg_feedback_auto_created_sclk_s_1_r_bk1                              |            1             
RUN-1001 :    2    |    u_isp_top/u_rgb96_downscale_crop/u_scale_line_buffer/ram_f84573da5ab5_Inst/clkb    |    u_isp_top/u_rgb96_downscale_crop/u_scale_line_buffer/ram_f84573da5ab5_Inst/clkb    |           |   u_mipi_dphy_rx_ph1p_mipiio_wrapper/u_ph1p_mipiio_rx_wrapper/bufg_feedback_auto_created_sclk_s_1_r_bk2   |           992            
RUN-1001 :    3    |                               S_hdmi_pixel_clk_syn_652                                |                               S_hdmi_pixel_clk_syn_652                                |           |                       S_hdmi_pixel_clk_created_gclkinst_auto_created_sclk_s_1_r_bk3                       |           648            
RUN-1001 :    4    |           u_hdmi_tx/u_hdmi2phy_wrapper/u0_lane_lvds_8_1/I_serial_clk_syn_1            |           u_hdmi_tx/u_hdmi2phy_wrapper/u0_lane_lvds_8_1/I_serial_clk_syn_1            |           |  u_hdmi_tx/u_hdmi2phy_wrapper/u0_lane_lvds_8_1/I_serial_clk_created_gclkinst_auto_created_sclk_s_1_r_bk4  |            37            
RUN-1001 : -------------------------------------------------------------------------------------------------------------------------------------------------------------------------------------------------------------------------------------------------------------------------------------------------------------------------------------------
RUN-1002 : start command "export_db camera_to_dsi_display_pr.db"
RUN-1001 : Exported flow parameters
RUN-1001 : Exported /
RUN-1001 : Exported libs
RUN-1001 : Exported entities
RUN-1001 : Exported ports
RUN-1001 : Exported pins
RUN-1001 : Exported instances
RUN-1001 : Exported nets
RUN-1001 : Exported buses
RUN-1001 : Exported models
RUN-1001 : Exported phy database
RUN-1001 : Exported packer
RUN-1001 : Exported congestions
RUN-1001 : Exported violations
RUN-1001 : Exported ATMR Setting
RUN-1001 : Exported timing constraints
RUN-1001 : Exported IO constraints
RUN-1001 : Exported Inst constraints
RUN-1001 : Exported ChipWatcher
RUN-1003 : finish command "export_db camera_to_dsi_display_pr.db" in  1.462659s wall, 2.062500s user + 0.015625s system = 2.078125s CPU (142.1%)

RUN-1004 : used memory is 1973 MB, reserved memory is 2079 MB, peak memory is 1973 MB
PHY-1001 : Current memory(MB): used = 1973, reserved = 2079, peak = 1973.
PHY-1001 : End export database. 1.539740s wall, 2.140625s user + 0.015625s system = 2.156250s CPU (140.0%)

PHY-1001 : End detail routing;  74.126379s wall, 146.609375s user + 1.484375s system = 148.093750s CPU (199.8%)

PHY-1001 : End Stage 2 | Detail Routing; Time: 74.131141s wall, 146.609375s user + 1.484375s system = 148.093750s CPU (199.8%); Memory(MB): used = 1973, reserved = 2079, peak = 1973;

RUN-1002 : start command "fix_hold"

PHY-1001 : Stage 3 | Hold Fix
PHY-1001 : Stage 3.1 | Load Design Data
PHY-1034 : Refresh detailed routing grids ...
PHY-1001 : Generate nets ...
PHY-1001 : eco open net = 0
PHY-1001 : End Stage 3.1 | Load Design Data; Time: 0.494744s wall, 0.500000s user + 0.000000s system = 0.500000s CPU (101.1%); Memory(MB): used = 1974, reserved = 2079, peak = 1974;

PHY-1001 : Stage 3.2 | Hold Fix Optimization
RUN-1002 : start command "start_timer"
RUN-1003 : finish command "start_timer" in  2.201158s wall, 2.203125s user + 0.000000s system = 2.203125s CPU (100.1%)

RUN-1004 : used memory is 1974 MB, reserved memory is 2079 MB, peak memory is 1974 MB
PHY-1001 : Timing info: SWNS 0.125ns | STNS 0.000ns | HWNS -0.087ns | HTNS -0.999ns.
PHY-1001 : Processing hold violation on 43 end-point, worst slack = -87ps, best slack = 18ps.
PHY-1001 : End timing refresh.  6.750211s wall, 6.734375s user + 0.000000s system = 6.734375s CPU (99.8%)

PHY-1001 : Stage 3.2.1 | Phase 1
PHY-1001 : Stage 3.2.1.1 | Hold Fix By LutBridge
PHY-1001 : len = 3.20315e+06, over cnt = 0(0%), over = 0, worst = 0, crit = 0
PHY-1001 : Bridge count = 8; unresolved count = 0.
PHY-1001 : 0 out of 43 ((0.00)%) EP fixed by LB.
PHY-1001 : End Stage 3.2.1.1 | Hold Fix By LutBridge; Time: 1.492175s wall, 1.500000s user + 0.000000s system = 1.500000s CPU (100.5%); Memory(MB): used = 1974, reserved = 2079, peak = 1974;

PHY-1001 : Timing info: SWNS 0.125ns | STNS 0.000ns | HWNS -0.024ns | HTNS -0.035ns.
PHY-1001 : Processing hold violation on 9 end-point, worst slack = -24ps, best slack = 13ps.
PHY-1001 : End timing refresh.  0.112618s wall, 0.109375s user + 0.000000s system = 0.109375s CPU (97.1%)

PHY-1001 : Stage 3.2.1.2 | Hold Fix By Pin
PHY-1001 : len = 3.20366e+06, over cnt = 0(0%), over = 0, worst = 0, crit = 0
PHY-1001 : 8 out of 9 ((88.89)%) EP fixed by pin delay.
PHY-1001 : End Stage 3.2.1.2 | Hold Fix By Pin; Time: 0.383867s wall, 0.390625s user + 0.000000s system = 0.390625s CPU (101.8%); Memory(MB): used = 1974, reserved = 2079, peak = 1974;

PHY-1001 : Timing info: SWNS 0.125ns | STNS 0.000ns | HWNS 0.004ns | HTNS 0.000ns.
PHY-1001 : Processing hold violation on 1 end-point, worst slack = 4ps, best slack = 4ps.
PHY-1001 : End timing refresh.  0.112998s wall, 0.109375s user + 0.000000s system = 0.109375s CPU (96.8%)

PHY-1001 : Stage 3.2.1.3 | Hold Fix By Net
PHY-1001 : len = 3.2037e+06, over cnt = 0(0%), over = 0, worst = 0, crit = 0
PHY-1001 : 1 out of 1 ((100.00)%) EP fixed by net delay.
PHY-1001 : End Stage 3.2.1.3 | Hold Fix By Net; Time: 0.108192s wall, 0.109375s user + 0.000000s system = 0.109375s CPU (101.1%); Memory(MB): used = 1974, reserved = 2079, peak = 1974;

PHY-1001 : Timing info: SWNS 0.125ns | STNS 0.000ns | HWNS 0.020ns | HTNS 0.000ns.
PHY-1001 : End timing refresh.  0.113432s wall, 0.109375s user + 0.000000s system = 0.109375s CPU (96.4%)

PHY-1001 : End Stage 3.2.1 | Phase 1; Time: 2.362178s wall, 2.359375s user + 0.000000s system = 2.359375s CPU (99.9%); Memory(MB): used = 1974, reserved = 2079, peak = 1974;

PHY-1001 : End Stage 3.2 | Hold Fix Optimization; Time: 9.113405s wall, 9.093750s user + 0.000000s system = 9.093750s CPU (99.8%); Memory(MB): used = 1974, reserved = 2079, peak = 1974;

PHY-1001 : End Stage 3 | Hold Fix; Time: 9.817503s wall, 9.796875s user + 0.000000s system = 9.796875s CPU (99.8%); Memory(MB): used = 1974, reserved = 2079, peak = 1974;

RUN-1003 : finish command "fix_hold" in  9.852383s wall, 9.828125s user + 0.000000s system = 9.828125s CPU (99.8%)

RUN-1004 : used memory is 1974 MB, reserved memory is 2079 MB, peak memory is 1974 MB
PHY-1001 : Stage 4 | Report Route Qor
RUN-1002 : start command "report_qor -step route -file route.qor"
RUN-1002 : start command "start_timer"
RUN-1003 : finish command "start_timer" in  2.166433s wall, 2.171875s user + 0.000000s system = 2.171875s CPU (100.3%)

RUN-1004 : used memory is 1974 MB, reserved memory is 2079 MB, peak memory is 1974 MB
-----------------------------------------------------------
| QoR metrics               |         value               |
-----------------------------------------------------------
| Timing                    |                             |
|     Setup WNS             |          125                |
|     Setup TNS             |            0                |
|     Num of violated S-EP  |            0                |
|     Hold WNS              |           20                |
|     Hold TNS              |            0                |
|     Num of violated H-EP  |            0                |
-----------------------------------------------------------
| Routing Resource          |                             |
|     Wire length           |      3203696                |
-----------------------------------------------------------
| Utilization               |                             |
|     #slices               |        13926                |
|     slices percentage     |       65.64%                |
|     #RAMs                 |           50                |
|     #DSPs                 |            8                |
|     #DRAMHARDCON          |           37                |
-----------------------------------------------------------
Report route stage QoR done.

RUN-1003 : finish command "report_qor -step route -file route.qor" in  6.748323s wall, 6.734375s user + 0.000000s system = 6.734375s CPU (99.8%)

RUN-1004 : used memory is 1974 MB, reserved memory is 2079 MB, peak memory is 1974 MB
RUN-1002 : start command "update_timing -mode final"
RUN-1002 : start command "start_timer"
RUN-1003 : finish command "start_timer" in  2.177233s wall, 2.156250s user + 0.000000s system = 2.156250s CPU (99.0%)

RUN-1004 : used memory is 1974 MB, reserved memory is 2079 MB, peak memory is 1974 MB
RUN-1003 : finish command "update_timing -mode final" in  6.606005s wall, 6.593750s user + 0.000000s system = 6.593750s CPU (99.8%)

RUN-1004 : used memory is 1974 MB, reserved memory is 2079 MB, peak memory is 1974 MB
RUN-1002 : start command "report_timing_summary -file final_timing.rpt"
OPT-1001 : QoR tracer report on route step:
    SWNS [   incr ]    STNS [   incr ]  S-FEPS [   incr ]    HWNS [   incr ]      HTNS [     incr ]    H-FEPS [     incr ]    CELL [   incr ]       WL [    incr ]   RT(s) [   incr ]   MEM(mb) [     incr ]
     -39 [      0 ]     -39 [      0 ]       1 [      0 ]    -243 [      0 ]    -10241 [        0 ]       261 [        0 ]   14481 [      0 ]  2893056 [       0 ]      41 [      0 ]      1861 [        0 ] : dr_initialization
     186 [    225 ]       0 [     39 ]       0 [     -1 ]      16 [    259 ]         0 [    10241 ]         0 [     -261 ]   14481 [      0 ]  2926080 [   33024 ]      50 [      9 ]      1863 [        2 ] : dr_timing_opt_phase1
    -385 [   -571 ]   -1032 [  -1032 ]       5 [      5 ]     -69 [    -85 ]     -1951 [    -1951 ]        56 [       56 ]   14481 [      0 ]  3195296 [  269216 ]      77 [     27 ]      1897 [       34 ] : dr_opt_phase1
     125 [    510 ]       0 [   1032 ]       0 [     -5 ]      20 [     89 ]         0 [     1951 ]         0 [      -56 ]   14481 [      0 ]  3204720 [    9424 ]      79 [      2 ]      1897 [        0 ] : dr_timing_opt_phase2
     125 [      0 ]       0 [      0 ]       0 [      0 ]     -87 [   -107 ]      -999 [     -999 ]        30 [       30 ]   14481 [      0 ]  3200464 [   -4256 ]      80 [      1 ]      1897 [        0 ] : dr_opt_phase2
     125 [      0 ]       0 [      0 ]       0 [      0 ]     -87 [      0 ]      -999 [        0 ]        30 [        0 ]   14481 [      0 ]  3200464 [       0 ]      80 [      0 ]      1897 [        0 ] : multi_try_opt
     125 [      0 ]       0 [      0 ]       0 [      0 ]      20 [    107 ]         0 [      999 ]         0 [      -30 ]   14481 [      0 ]  3203696 [    3232 ]      92 [     12 ]      1974 [       77 ] : fix_hold_opt

PHY-1001 : End Stage 4 | Report Route Qor; Time: 13.564772s wall, 13.515625s user + 0.015625s system = 13.531250s CPU (99.8%); Memory(MB): used = 1974, reserved = 2079, peak = 1974;

PHY-1001 : Stage 5 | Routing DRC
PHY-1001 : Stage 5.1 | Check And Add Lut-bridge
PHY-1001 : End Stage 5.1 | Check And Add Lut-bridge; Time: 0.114003s wall, 0.125000s user + 0.000000s system = 0.125000s CPU (109.6%); Memory(MB): used = 1974, reserved = 2079, peak = 1974;

PHY-1001 : Stage 5.2 | Lut Bridge Check
PHY-1001 : End Stage 5.2 | Lut Bridge Check; Time: 0.260570s wall, 0.250000s user + 0.000000s system = 0.250000s CPU (95.9%); Memory(MB): used = 1974, reserved = 2079, peak = 1974;

PHY-1001 : Stage 5.3 | Physical Net Status Check
PHY-1001 : End Stage 5.3 | Physical Net Status Check; Time: 0.067973s wall, 0.078125s user + 0.000000s system = 0.078125s CPU (114.9%); Memory(MB): used = 1974, reserved = 2079, peak = 1974;

PHY-1001 : Start multi-drive drc check......
PHY-1001 : No multi-drive.
PHY-1001 : Stage 5.4 | Clock Net Status Check
PHY-1001 : 4 clock net(s) utilize local routing resource.
PHY-5079 CRITICAL-WARNING: Marked 1 clock net(s) utilize the local routing resources. Please check log message and the sinks of clock nets.
RUN-1001 : CTS Local Wire Summary
RUN-1001 : ----------------------------------------------------------------------------------------------------------------------------------------------------------------------
RUN-1001 :         ClockName         |   DriverType    |  Clock/Fanout  |  LocalWireNum  |                                  NetName                                   |  Marked  
RUN-1001 : ----------------------------------------------------------------------------------------------------------------------------------------------------------------------
RUN-1001 :   config_inst.cwc_tck_o   |  AL_PHY_CONFIG  |      1/1       |       10       |                                  cwc_jtck                                  |    -     
RUN-1001 :             -             |  AL_PHY_LSLICE  |      1/3       |       15       |                      u_uicfgcs500/uii2c_inst/scl_clk                       |    -     
RUN-1001 :             -             |  AL_PHY_LSLICE  |      1/3       |       16       |                     u_lens_i2c_ctrl/u_lens_i2c/scl_clk                     |    -     
RUN-1001 :        pll_clk_24m        |   AL_PHY_SCLK   |      5/6       |       3        |  O_cam_24m_dup_1_created_gclkinst_auto_created_sclk_s_0_l_bk5_sclk_outnet  |   true   
RUN-1001 : ----------------------------------------------------------------------------------------------------------------------------------------------------------------------
PHY-5088 WARNING: Clock_Analyzer: Detected 2 buffer(s) clkin net because they drive non-clock sinks. Run "analyze_clock -detail" for more infomation.
PHY-5088 WARNING: Clock_Analyzer: Detected 1 buffer(s) clkout net because they drive non-clock sinks. Run "analyze_clock -detail" for more infomation.
PHY-5088 WARNING: Clock_Analyzer: 3 clock-net(s) because they drive other clock net, may cause clock skew. Run "analyze_clock -detail" for more infomation.
PHY-1001 : End Stage 5.4 | Clock Net Status Check; Time: 0.095129s wall, 0.093750s user + 0.000000s system = 0.093750s CPU (98.6%); Memory(MB): used = 1974, reserved = 2079, peak = 1974;

PHY-1001 : Stage 5.5 | Abnormal Timing Path check
PHY-1001 : No abnormal timing path.
PHY-1001 : End Stage 5.5 | Abnormal Timing Path check; Time: 0.291756s wall, 0.296875s user + 0.000000s system = 0.296875s CPU (101.8%); Memory(MB): used = 1974, reserved = 2079, peak = 1974;

PHY-1001 : Stage 5.6 | Bound Check
PHY-1001 : Check Pass.
PHY-1001 : End Stage 5.6 | Bound Check; Time: 0.003344s wall, 0.000000s user + 0.000000s system = 0.000000s CPU (n/a%); Memory(MB): used = 1974, reserved = 2079, peak = 1974;

PHY-1001 : End Stage 5 | Routing DRC; Time: 0.896574s wall, 0.906250s user + 0.000000s system = 0.906250s CPU (101.1%); Memory(MB): used = 1974, reserved = 2079, peak = 1974;

RUN-1003 : finish command "route" in  107.115772s wall, 181.093750s user + 1.578125s system = 182.671875s CPU (170.5%)

RUN-1004 : used memory is 1974 MB, reserved memory is 2079 MB, peak memory is 1974 MB
RUN-1002 : start command "report_area -io_info -file camera_to_dsi_display_phy.area"
SYN-4034 : The count of slices with lut is 7625.
SYN-4035 : The count of slices with lut+ripple is 3321.
RUN-1001 : standard
***Report Model: design_top_wrapper Device: PH1P35MDG324***

Design Statistics
#IO                        70   out of    160   43.75%
  #input                    9
  #output                  37
  #inout                   24
#lut6                   11362   out of  21216   53.55%
#reg                    15047
  #slice reg            15047   out of  42432   35.46%
  #pad reg                  0

Utilization Statistics
#slice                  13926   out of  21216   65.64%
  #used ram               416
    #dram lut             296
    #shifter lut          120
  #used logic           13510
    #with luts           7625
    #with adder          3321
    #reg only            2564
#feedthrough             2355
#f7mux                      0   out of  10608    0.00%
#f8mux                      0   out of   5304    0.00%
#eram                      50   out of    108   46.30%
  #eram20k                 50
  #fifo20k                  0
#dsp                        8   out of     40   20.00%
#mcu                        1   out of      1  100.00%
#ddr_byte                   6   out of     12   50.00%
#mipi_tx                    0   out of      2    0.00%
#mipi_rx                    1   out of      2   50.00%
#pad                       29   out of    160   18.12%
#pll                        3   out of      6   50.00%
#gclk                      14   out of     32   43.75%
#lclk                       0   out of     12    0.00%
#sclk                      25   out of     48   52.08%
#mlclk                      2   out of      6   33.33%
#ioclk                      4   out of     18   22.22%


DataNet Average Fanout:

   Index     Fanout     Nets   
    #1          1       21296  
    #2          2       7678   
    #3          3       1123   
    #4          4        681   
    #5        5-10      1779   
    #6        11-50      467   
    #7       51-100      43    
    #8       101-500      3    
  Average     2.04             

RUN-1002 : start command "update_timing -mode final"
RUN-1002 : start command "start_timer"
RUN-1003 : finish command "start_timer" in  2.191855s wall, 2.140625s user + 0.031250s system = 2.171875s CPU (99.1%)

RUN-1004 : used memory is 1974 MB, reserved memory is 2079 MB, peak memory is 1974 MB
RUN-1003 : finish command "update_timing -mode final" in  6.651936s wall, 6.546875s user + 0.046875s system = 6.593750s CPU (99.1%)

RUN-1004 : used memory is 1974 MB, reserved memory is 2079 MB, peak memory is 1974 MB
RUN-1002 : start command "report_timing_status -file camera_to_dsi_display_phy.ts"
RUN-1002 : start command "report_timing_summary -file camera_to_dsi_display_pr.timing"
RUN-1002 : start command "report_timing_exception -file camera_to_dsi_display_exception.timing"
RUN-1002 : start command "flow_status -file route_flow.status"
Location         : D:\2026fpga\lab_hd_1_mipi_hdmi\td_project\camera_to_dsi_display_Runs\phy_1
Running with     : Tang Dynasty v6.2.168116
                   Copyright (c) 2012-2025 Anlogic Inc.
Top Model        : design_top_wrapper
Device           : PH1P35MDG324
Speed            : 3

Timing Mode      : final
Setup            : WNS   125ps  TNS        0ps  NUM_FEPS     0
Hold             : WNS    20ps  TNS        0ps  NUM_FEPS     0

Flow Statistics  :
RUN-1001 : Flow Statistics:
RUN-1001 : ---------------------------------------------------------------------------------------------------
RUN-1001 :      command     |  #calls  |  wall time   |  cpu time(s)  |  used memory(mb)  |  peak memory(mb)  
RUN-1001 : ---------------------------------------------------------------------------------------------------
RUN-1001 :       place      |    1     |  2m28s(57%)  |   447(70%)    |       1245        |       1245        
RUN-1001 :       route      |    1     |  1m38s(37%)  |   173(27%)    |       1974        |       1974        
RUN-1001 :     fix_hold     |    1     |    9s(3%)    |     9(1%)     |       1974        |       1974        
RUN-1001 :   import_device  |    1     |    2s(0%)    |     2(0%)     |        323        |        323        
RUN-1001 :     import_db    |    3     |    1s(0%)    |     0(0%)     |        805        |        805        
RUN-1001 :       pack       |    1     |    0s(0%)    |     0(0%)     |        806        |        806        
RUN-1001 : ---------------------------------------------------------------------------------------------------
RUN-1001 :       total      |    8     |    4m18s     |      631      |       1974        |       1974        
RUN-1001 : ---------------------------------------------------------------------------------------------------
RUN-1002 : start command "report_clock_utilization -file route_clock_utilization.txt"
RUN-1002 : start command "export_db camera_to_dsi_display_pr.db"
RUN-1001 : Exported flow parameters
RUN-1001 : Exported /
RUN-1001 : Exported libs
RUN-1001 : Exported entities
RUN-1001 : Exported ports
RUN-1001 : Exported pins
RUN-1001 : Exported instances
RUN-1001 : Exported nets
RUN-1001 : Exported buses
RUN-1001 : Exported models
RUN-1001 : Exported phy database
RUN-1001 : Exported packer
RUN-1001 : Exported congestions
RUN-1001 : Exported violations
RUN-1001 : Exported ATMR Setting
RUN-1001 : Exported timing constraints
RUN-1001 : Exported IO constraints
RUN-1001 : Exported Inst constraints
RUN-1001 : Exported ChipWatcher
RUN-1003 : finish command "export_db camera_to_dsi_display_pr.db" in  1.508244s wall, 2.093750s user + 0.031250s system = 2.125000s CPU (140.9%)

RUN-1004 : used memory is 1976 MB, reserved memory is 2079 MB, peak memory is 1976 MB
RUN-1002 : start command "commit_param -step bitgen"
RUN-1001 : Print Global Property
RUN-1001 : -------------------------------------------------------------
RUN-1001 :     Parameters    |   Settings   |  Default Values  |  Note  
RUN-1001 : -------------------------------------------------------------
RUN-1001 :    enable_seed    |     off      |       off        |        
RUN-1001 :    hfn_to_clock   |  1000000000  |    1000000000    |        
RUN-1001 :      message      |   standard   |     standard     |        
RUN-1001 :    qor_monitor    |      on      |        on        |        
RUN-1001 :   speedup_effort  |      0       |        0         |        
RUN-1001 :    syn_ip_flow    |     off      |       off        |        
RUN-1001 :       thread      |      32      |       auto       |   *    
RUN-1001 : -------------------------------------------------------------
RUN-1002 : start command "set_param bitgen compress on"
RUN-1001 : Print Bitgen Property
RUN-1001 : -------------------------------------------------------------
RUN-1001 :      Parameters     |  Settings  |  Default Values  |  Note  
RUN-1001 : -------------------------------------------------------------
RUN-1001 :         bin         |    off     |       off        |        
RUN-1001 :       compress      |     on     |       off        |   *    
RUN-1001 :       gen_mask      |    off     |       off        |        
RUN-1001 :      max_stream     |     on     |        on        |        
RUN-1001 :      time_info      |     on     |        on        |        
RUN-1001 :   unused_io_status  |   pullup   |      pullup      |        
RUN-1001 :       version       |    0x00    |       0x00       |        
RUN-1001 : -------------------------------------------------------------
RUN-1002 : start command "bitgen -bit camera_to_dsi_display.bit"
RUN-1002 : start command "export_bid camera_to_dsi_display_inst.bid"
BIT-1003 : Start to generate bitstream. 
BIT-1002 : Bitgen processed 3 pll_pd instances.
BIT-1002 : Init instances with 32 threads.
BIT-1002 : Init instances completely, inst num: 14479
BIT-1002 : Init pips with 32 threads.
BIT-1002 : Init pips completely, net num: 24289, pip num: 227695
BIT-1002 : Init feedthrough with 32 threads.
BIT-1002 : Init feedthrough completely, num: 2355
BIT-1003 : Multithreading accelaration with 32 threads.
BIT-1003 : Generate bitstream completely, there are 759675 bits set as '1'.
PRG-1501 : Bit compressed, frame number changed from 3481 to 3472, ratio 0.26%
BIT-1004 : Generate file camera_to_dsi_display_compress.bit.
BIT-1004 : Generate file camera_to_dsi_display.bit.
RUN-1003 : finish command "bitgen -bit camera_to_dsi_display.bit" in  4.776033s wall, 53.843750s user + 2.328125s system = 56.171875s CPU (1176.1%)

RUN-1004 : used memory is 1977 MB, reserved memory is 2079 MB, peak memory is 1978 MB
RUN-1002 : start command "setup_debugger ../../chip_debugger"
KIT-1004 : Update chipwatcher trigger condition
KIT-1004 : Generate chipwatcher configuration file: cw/compiled.cwc
KIT-1004 : Generate chipwatcher bit file: cw/compiled.bit
RUN-1002 : start command "export_bitgen_param -file .bitgen_param.f"
RUN-1002 : start command "export_flow_status -s opt_place -e bitgen"
RUN-1002 : start command "flow_status"

Location         : D:\2026fpga\lab_hd_1_mipi_hdmi\td_project\camera_to_dsi_display_Runs\phy_1
Running with     : Tang Dynasty v6.2.168116
                   Copyright (c) 2012-2025 Anlogic Inc.
Top Model        : design_top_wrapper
Device           : PH1P35MDG324
Speed            : 3

Timing Mode      : final
Setup            : WNS   125ps  TNS        0ps  NUM_FEPS     0
Hold             : WNS    20ps  TNS        0ps  NUM_FEPS     0

RUN-1001 : Flow Statistics:
RUN-1001 : ---------------------------------------------------------------------------------------------------
RUN-1001 :      command     |  #calls  |  wall time   |  cpu time(s)  |  used memory(mb)  |  peak memory(mb)  
RUN-1001 : ---------------------------------------------------------------------------------------------------
RUN-1001 :       place      |    1     |  2m28s(56%)  |   447(65%)    |       1245        |       1245        
RUN-1001 :       route      |    1     |  1m38s(37%)  |   173(25%)    |       1974        |       1974        
RUN-1001 :     fix_hold     |    1     |    9s(3%)    |     9(1%)     |       1974        |       1974        
RUN-1001 :      bitgen      |    1     |    4s(1%)    |    55(8%)     |       1977        |       1978        
RUN-1001 :   import_device  |    1     |    2s(0%)    |     2(0%)     |        323        |        323        
RUN-1001 :     import_db    |    3     |    1s(0%)    |     0(0%)     |        805        |        805        
RUN-1001 :       pack       |    1     |    0s(0%)    |     0(0%)     |        806        |        806        
RUN-1001 : ---------------------------------------------------------------------------------------------------
RUN-1001 :       total      |    9     |    4m22s     |      686      |       1977        |       1978        
RUN-1001 : ---------------------------------------------------------------------------------------------------

