============================================================
   Tang Dynasty, V6.2.168116
   Copyright (c) 2012-2025 Anlogic Inc.
   Executable = F:/AnlogicFpga/TD_6.2.1_Engineer_6.2.168.116/bin/run.exe
   Built at =   16:32:07 Jun 12 2025
   Run by =     pc
   Run Date =   Wed Sep 16 15:18:16 2026

   Run on =     CIRBUG
============================================================
RUN-1002 : start command "import_device ph1_35p.db -package PH1P35MDG324 -speed 3"
ARC-1001 : Device Initialization.
ARC-1001 : ----------------------------------------------------------------
ARC-1001 :           OPTION          |          IO           |   SETTING   
ARC-1001 : ----------------------------------------------------------------
ARC-1001 :   non_jtag_persist(none)  |        35 IOs         |    gpio    
ARC-1001 :            jtag           |  P13/P15/L14/R13/T13  |  dedicate  
ARC-1001 : ----------------------------------------------------------------
RUN-1003 : finish command "import_device ph1_35p.db -package PH1P35MDG324 -speed 3" in  2.349512s wall, 2.031250s user + 0.046875s system = 2.078125s CPU (88.4%)

RUN-1004 : used memory is 323 MB, reserved memory is 321 MB, peak memory is 323 MB
RUN-1002 : start command "open_project camera_to_dsi_display.prj -noanalyze"
RUN-1002 : start command "import_db ../syn_1/camera_to_dsi_display_gate.db"
RUN-1001 : Importing database generated by Tang Dynasty, V6.2.168116.
RUN-1001 : Database version number 46207
RUN-1001 : Import flow parameters
RUN-1001 : Import netlist
RUN-1001 : Import timing constraints
RUN-1001 : Import IO constraints
RUN-1001 : Import Inst constraints
RUN-1001 : Import ChipWatcher
RUN-1001 : Import design success TD_VERSION=6.2.168116 , DB_VERSION=46207
RUN-1003 : finish command "import_db ../syn_1/camera_to_dsi_display_gate.db" in  1.097201s wall, 0.625000s user + 0.078125s system = 0.703125s CPU (64.1%)

RUN-1004 : used memory is 520 MB, reserved memory is 518 MB, peak memory is 520 MB
RUN-1002 : start command "commit_param -step place"
RUN-1001 : Print Global Property
RUN-1001 : -------------------------------------------------------------
RUN-1001 :     Parameters    |   Settings   |  Default Values  |  Note  
RUN-1001 : -------------------------------------------------------------
RUN-1001 :    enable_seed    |     off      |       off        |        
RUN-1001 :    hfn_to_clock   |  1000000000  |    1000000000    |        
RUN-1001 :      message      |   standard   |     standard     |        
RUN-1001 :    qor_monitor    |      on      |        on        |        
RUN-1001 :   speedup_effort  |      0       |        0         |        
RUN-1001 :    syn_ip_flow    |     off      |       off        |        
RUN-1001 :       thread      |     auto     |       auto       |        
RUN-1001 : -------------------------------------------------------------
RUN-1001 : Print Place Property
RUN-1001 : ---------------------------------------------------------------
RUN-1001 :       Parameters      |  Settings  |  Default Values  |  Note  
RUN-1001 : ---------------------------------------------------------------
RUN-1001 :         effort        |   medium   |      medium      |        
RUN-1001 :     hfn_opt_effort    |   medium   |      medium      |        
RUN-1001 :    logic_level_opt    |    off     |       off        |        
RUN-1001 :   macro_performance   |    auto    |       auto       |        
RUN-1001 :       max_fanout      |   999999   |      999999      |        
RUN-1001 :       opt_timing      |   medium   |      medium      |        
RUN-1001 :     post_place_opt    |    auto    |       auto       |        
RUN-1001 :      pr_strategy      |     1      |        1         |        
RUN-1001 :   preplace_floorplan  |    off     |       off        |        
RUN-1001 : ---------------------------------------------------------------
RUN-1002 : start command "insert_debugger"
RUN-1002 : start command "place"
RUN-1001 : Open license file F:/AnlogicFpga/TD_6.2.1_Engineer_6.2.168.116/license/Anlogic.lic
PHY-3001 : Placer runs in 32 thread(s).
PHY-1001 : Stage 1 | Initialize Design
PHY-1001 : Stage 1.1 | Build Design
PHY-1001 : 9906 luts, 14099 seqs, 408 mslices, 3213 lslices, 54 pads, 50 brams, 8 dsps
RUN-1002 : start command "legalize_phy_inst"
SYN-1011 : Flatten model design_top_wrapper
SYN-1001 : ADC: Instance "u_ph1p35_324_ddr_wrapper/u_ddr2/ph1p_ddrmc_wrapper/ph1p_ddrmc_top/u_ddr_phy/u_ddrphy_top/u_ddrphy/ac_byte[0]$ac_byte_used$u_ddrphy_ac_byte_wrapper/u_ddrphy_byte" LOCATION="X0Y70Z0"
SYN-1001 : ADC: Instance "u_ph1p35_324_ddr_wrapper/u_ddr2/ph1p_ddrmc_wrapper/ph1p_ddrmc_top/u_ddr_phy/u_ddrphy_top/u_ddrphy/ac_byte[1]$ac_byte_used$u_ddrphy_ac_byte_wrapper/u_ddrphy_byte" LOCATION="X0Y60Z0"
SYN-1001 : ADC: Instance "u_ph1p35_324_ddr_wrapper/u_ddr2/ph1p_ddrmc_wrapper/ph1p_ddrmc_top/u_ddr_phy/u_ddrphy_top/u_ddrphy/ac_byte[2]$ac_byte_used$u_ddrphy_ac_byte_wrapper/u_ddrphy_byte" LOCATION="X0Y50Z0"
SYN-1001 : ADC: Instance "u_ph1p35_324_ddr_wrapper/u_ddr2/ph1p_ddrmc_wrapper/ph1p_ddrmc_top/u_ddr_phy/u_ddrphy_top/u_ddrphy/ac_byte[3]$ac_byte_used$u_ddrphy_ac_byte_wrapper/u_ddrphy_byte" LOCATION="X0Y40Z0"
SYN-1001 : ADC: Instance "u_ph1p35_324_ddr_wrapper/u_ddr2/ph1p_ddrmc_wrapper/ph1p_ddrmc_top/u_ddr_phy/u_ddrphy_top/u_ddrphy/bkref[0]$u_ddrphy_bankref" LOCATION="X0Y19Z0"
SYN-1001 : ADC: Instance "u_ph1p35_324_ddr_wrapper/u_ddr2/ph1p_ddrmc_wrapper/ph1p_ddrmc_top/u_ddr_phy/u_ddrphy_top/u_ddrphy/bkref[1]$u_ddrphy_bankref" LOCATION="X0Y59Z0"
SYN-1001 : ADC: Instance "u_ph1p35_324_ddr_wrapper/u_ddr2/ph1p_ddrmc_wrapper/ph1p_ddrmc_top/u_ddr_phy/u_ddrphy_top/u_ddrphy/dx_byte[0]$dx_byte_used$u_ddrphy_dx_byte_wrapper/u_ddrphy_byte" LOCATION="X0Y30Z0"
SYN-1001 : ADC: Instance "u_ph1p35_324_ddr_wrapper/u_ddr2/ph1p_ddrmc_wrapper/ph1p_ddrmc_top/u_ddr_phy/u_ddrphy_top/u_ddrphy/dx_byte[1]$dx_byte_used$u_ddrphy_dx_byte_wrapper/u_ddrphy_byte" LOCATION="X0Y10Z0"
SYN-1001 : ADC: Instance "u_ph1p35_324_ddr_wrapper/u_ddr2/ph1p_ddrmc_wrapper/ph1p_ddrmc_top/u_ddr_phy/u_ddrphy_top/u_ddrphy_clk/ioclk[0]$u_ioclk_0" LOCATION="X0Y59Z0"
SYN-1001 : ADC: Instance "u_ph1p35_324_ddr_wrapper/u_ddr2/ph1p_ddrmc_wrapper/ph1p_ddrmc_top/u_ddr_phy/u_ddrphy_top/u_ddrphy_clk/ioclk[0]$u_ioclk_1" LOCATION="X0Y59Z1"
SYN-1001 : ADC: Instance "u_ph1p35_324_ddr_wrapper/u_ddr2/ph1p_ddrmc_wrapper/ph1p_ddrmc_top/u_ddr_phy/u_ddrphy_top/u_ddrphy_clk/ioclk[1]$u_ioclk_0" LOCATION="X0Y19Z0"
SYN-1001 : ADC: Instance "u_ph1p35_324_ddr_wrapper/u_ddr2/ph1p_ddrmc_wrapper/ph1p_ddrmc_top/u_ddr_phy/u_ddrphy_top/u_ddrphy_clk/ioclk[1]$u_ioclk_1" LOCATION="X0Y19Z1"
SYN-1001 : ADC: Instance "u_ph1p35_324_ddr_wrapper/u_ddr2/ph1p_ddrmc_wrapper/ph1p_ddrmc_top/u_ddr_phy/u_ddrphy_top/u_ddrphy_clk/u_mlclk_1" LOCATION="X0Y59Z0"
SYN-1001 : ADC: Instance "u_ph1p35_324_ddr_wrapper/u_ddr2/ph1p_ddrmc_wrapper/ph1p_ddrmc_top/u_ddr_phy/u_ddrphy_top/u_ddrphy_clk/u_mlclk_2" LOCATION="X0Y59Z1"
SYN-1001 : ADC: Instance "u_ph1p35_324_ddr_wrapper/u_ddr2/ph1p_ddrmc_wrapper/ph1p_ddrmc_top/u_ddr_phy/u_ddrphy_top/u_ddrphy_clk/u_pll0/u_pll_inst" LOCATION="X0Y40Z0"
SYN-1001 : ADC: Instance "u_ph1p35_324_ddr_wrapper/u_ddr2/ph1p_ddrmc_wrapper/ph1p_ddrmc_top/u_ddr_phy/u_ddrphy_top/u_ddrphy_clk/u_pll1/u_pll_inst" LOCATION="X0Y79Z0"
PHY-1001 : Remove keep and sweep redundant instances ...
PHY-1001 : 9593 luts, 13757 seqs, 408 mslices, 3182 lslices, 54 pads, 50 brams, 8 dsps
PHY-1001 : End Stage 1.1 | Build Design; Time: 0.473872s wall, 0.453125s user + 0.015625s system = 0.468750s CPU (98.9%); Memory(MB): used = 521, reserved = 518, peak = 521;

PHY-1001 : Stage 1.2 | Optimize Design
OPT-1001 : Stage 1.2.1 | Simplify Lut
OPT-1001 : End Stage 1.2.1 | Simplify Lut; Time: 0.066981s wall, 0.062500s user + 0.000000s system = 0.062500s CPU (93.3%); Memory(MB): used = 521, reserved = 518, peak = 521;

OPT-1001 : Stage 1.2.2 | Sweep
OPT-1001 : End Stage 1.2.2 | Sweep; Time: 0.024105s wall, 0.031250s user + 0.000000s system = 0.031250s CPU (129.6%); Memory(MB): used = 521, reserved = 518, peak = 521;

OPT-1001 : Stage 1.2.3 | Merge Lut
OPT-1001 : Start remap optimization ...
RUN-1001 :   Added 0 lut1 for undup drivers
OPT-1001 : skip lut merge since lut number 9591 is similar to or less than reg number 13757
OPT-1001 : End Stage 1.2.3 | Merge Lut; Time: 0.038227s wall, 0.031250s user + 0.000000s system = 0.031250s CPU (81.7%); Memory(MB): used = 521, reserved = 518, peak = 521;

OPT-1001 : Stage 1.2.4 | Synthesize High-fanout Net
OPT-1001 : Start high-fanout net optimization in pre-place flow with medium effort ...
RUN-1001 : HFN opt statistic
RUN-1001 : ------------------------------------------------------
RUN-1001 :   DriverCell type  |  HFN count  |  Duplicated count  
RUN-1001 : ------------------------------------------------------
RUN-1001 :       LSLICE       |      0      |         0          
RUN-1001 :       MSLICE       |      0      |         0          
RUN-1001 :        TOTAL       |      0      |         0          
RUN-1001 : ------------------------------------------------------
OPT-1001 : End high-fanout net optimization;  0.000105s wall, 0.000000s user + 0.000000s system = 0.000000s CPU (n/a%)

OPT-1001 : Current memory(MB): used = 522, reserved = 518, peak = 522.
OPT-1001 : End Stage 1.2.4 | Synthesize High-fanout Net; Time: 0.000194s wall, 0.000000s user + 0.000000s system = 0.000000s CPU (n/a%); Memory(MB): used = 522, reserved = 518, peak = 522;

OPT-1001 : End physical optimization;  0.129752s wall, 0.125000s user + 0.000000s system = 0.125000s CPU (96.3%)

PHY-1001 : End Stage 1.2 | Optimize Design; Time: 0.129832s wall, 0.125000s user + 0.000000s system = 0.125000s CPU (96.3%); Memory(MB): used = 522, reserved = 518, peak = 522;

PHY-1001 : Stage 1.3 | Initialize Clock
PHY-1001 : Start to synthesize physical clock networks.
RUN-1002 : start command "start_timer"
USR-1002 : Derived clock:  create_generated_clock -name {u_PLL/ph1p_phy_pll_wrapper_25a56e5ce2f9_Inst/u_PH1P_PHY_PLL.clkc[0]} -source [get_ports {I_sys_clk}] -master_clock {sys_clk_50m} -multiply_by 2.0000 -duty_cycle 50.0000 [get_pins {u_PLL/ph1p_phy_pll_wrapper_25a56e5ce2f9_Inst/u_PH1P_PHY_PLL.clkc[0]}]
USR-1002 : Derived clock:  create_generated_clock -name {u_PLL/ph1p_phy_pll_wrapper_25a56e5ce2f9_Inst/u_PH1P_PHY_PLL.clkc[1]} -source [get_ports {I_sys_clk}] -master_clock {sys_clk_50m} -divide_by 2.1000 -duty_cycle 50.0000 [get_pins {u_PLL/ph1p_phy_pll_wrapper_25a56e5ce2f9_Inst/u_PH1P_PHY_PLL.clkc[1]}]
USR-1002 : Derived clock:  create_generated_clock -name {u_PLL/ph1p_phy_pll_wrapper_25a56e5ce2f9_Inst/u_PH1P_PHY_PLL.clkc[4]} -source [get_ports {I_sys_clk}] -master_clock {sys_clk_50m} -multiply_by 1.5000 -duty_cycle 50.0000 [get_pins {u_PLL/ph1p_phy_pll_wrapper_25a56e5ce2f9_Inst/u_PH1P_PHY_PLL.clkc[4]}]
USR-1002 : Derived clock:  create_generated_clock -name {u_PLL/ph1p_phy_pll_wrapper_25a56e5ce2f9_Inst/u_PH1P_PHY_PLL.clkc[5]} -source [get_ports {I_sys_clk}] -master_clock {sys_clk_50m} -multiply_by 7.5000 -duty_cycle 50.0000 [get_pins {u_PLL/ph1p_phy_pll_wrapper_25a56e5ce2f9_Inst/u_PH1P_PHY_PLL.clkc[5]}]
USR-1002 : Derived clock:  create_generated_clock -name {u_ph1p35_324_ddr_wrapper/u_ddr2/ph1p_ddrmc_wrapper/ph1p_ddrmc_top/u_ddr_phy/u_ddrphy_top/u_ddrphy_clk/u_pll0/u_pll_inst.clkc[0]} -source [get_ports {I_sys_clk}] -master_clock {sys_clk_50m} -multiply_by 1.3333 -duty_cycle 50.0000 [get_pins {u_ph1p35_324_ddr_wrapper/u_ddr2/ph1p_ddrmc_wrapper/ph1p_ddrmc_top/u_ddr_phy/u_ddrphy_top/u_ddrphy_clk/u_pll0/u_pll_inst.clkc[0]}]
USR-1002 : Derived clock:  create_generated_clock -name {u_ph1p35_324_ddr_wrapper/u_ddr2/ph1p_ddrmc_wrapper/ph1p_ddrmc_top/u_ddr_phy/u_ddrphy_top/u_ddrphy_clk/u_pll0/u_pll_inst.clkc[1]} -source [get_ports {I_sys_clk}] -master_clock {sys_clk_50m} -multiply_by 1.3333 -duty_cycle 50.0000 [get_pins {u_ph1p35_324_ddr_wrapper/u_ddr2/ph1p_ddrmc_wrapper/ph1p_ddrmc_top/u_ddr_phy/u_ddrphy_top/u_ddrphy_clk/u_pll0/u_pll_inst.clkc[1]}]
USR-1002 : Derived clock:  create_generated_clock -name {u_ph1p35_324_ddr_wrapper/u_ddr2/ph1p_ddrmc_wrapper/ph1p_ddrmc_top/u_ddr_phy/u_ddrphy_top/u_ddrphy_clk/u_pll0/u_pll_inst.clkc[2]} -source [get_ports {I_sys_clk}] -master_clock {sys_clk_50m} -multiply_by 5.3333 -duty_cycle 50.0000 [get_pins {u_ph1p35_324_ddr_wrapper/u_ddr2/ph1p_ddrmc_wrapper/ph1p_ddrmc_top/u_ddr_phy/u_ddrphy_top/u_ddrphy_clk/u_pll0/u_pll_inst.clkc[2]}]
USR-1002 : Derived clock:  create_generated_clock -name {u_ph1p35_324_ddr_wrapper/u_ddr2/ph1p_ddrmc_wrapper/ph1p_ddrmc_top/u_ddr_phy/u_ddrphy_top/u_ddrphy_clk/u_pll0/u_pll_inst.clkc[3]} -source [get_ports {I_sys_clk}] -master_clock {sys_clk_50m} -divide_by 1.9687 -duty_cycle 50.0000 [get_pins {u_ph1p35_324_ddr_wrapper/u_ddr2/ph1p_ddrmc_wrapper/ph1p_ddrmc_top/u_ddr_phy/u_ddrphy_top/u_ddrphy_clk/u_pll0/u_pll_inst.clkc[3]}]
USR-1002 : Derived clock:  create_generated_clock -name {u_ph1p35_324_ddr_wrapper/u_ddr2/ph1p_ddrmc_wrapper/ph1p_ddrmc_top/u_ddr_phy/u_ddrphy_top/u_ddrphy_clk/u_pll1/u_pll_inst.clkc[0]} -source [get_pins {u_ph1p35_324_ddr_wrapper/u_ddr2/ph1p_ddrmc_wrapper/ph1p_ddrmc_top/u_ddr_phy/u_ddrphy_top/u_ddrphy_clk/u_pll0/u_pll_inst.clkc[0]}] -master_clock {u_ph1p35_324_ddr_wrapper/u_ddr2/ph1p_ddrmc_wrapper/ph1p_ddrmc_top/u_ddr_phy/u_ddrphy_top/u_ddrphy_clk/u_pll0/u_pll_inst.clkc[0]} -multiply_by 1.0000 -duty_cycle 50.0000 [get_pins {u_ph1p35_324_ddr_wrapper/u_ddr2/ph1p_ddrmc_wrapper/ph1p_ddrmc_top/u_ddr_phy/u_ddrphy_top/u_ddrphy_clk/u_pll1/u_pll_inst.clkc[0]}]
8.888000
15.000000
15.000000
13.333000
RUN-1003 : finish command "start_timer" in  2.023017s wall, 2.015625s user + 0.000000s system = 2.015625s CPU (99.6%)

RUN-1004 : used memory is 703 MB, reserved memory is 698 MB, peak memory is 703 MB
TMR-2502 : Net delay update with mode: Synthesized
PHY-5060 CRITICAL-WARNING: Clock net candidate u_uicfgcs500/uii2c_inst/scl_clk has mixed fanouts of 1 clock pins; 2 data/ctrl pins. Please check connection of the net in design.
PHY-5060 CRITICAL-WARNING: Clock net candidate O_cam_24m_syn_3 has mixed fanouts of 102 clock pins; 1 data/ctrl pins. Please check connection of the net in design.
PHY-1001 : Populate physical database on model design_top_wrapper.
RUN-1001 : There are total 27147 instances
RUN-0007 : 9591 luts, 13757 seqs, 408 mslices, 3182 lslices, 54 pads, 50 brams, 8 dsps
RUN-1001 : There are total 37384 nets
RUN-1001 : 25427 nets have 2 pins
RUN-1001 : 9536 nets have [3 - 5] pins
RUN-1001 : 1713 nets have [6 - 10] pins
RUN-1001 : 401 nets have [11 - 20] pins
RUN-1001 : 264 nets have [21 - 99] pins
RUN-1001 : 43 nets have 100+ pins
PHY-1001 : Start to check user instance location assignments; please refer to ADC constraint.
PHY-1001 : End Stage 1.3 | Initialize Clock; Time: 3.315026s wall, 3.328125s user + 0.000000s system = 3.328125s CPU (100.4%); Memory(MB): used = 790, reserved = 789, peak = 790;

PHY-1001 : End Stage 1 | Initialize Design; Time: 3.965267s wall, 3.953125s user + 0.015625s system = 3.968750s CPU (100.1%); Memory(MB): used = 790, reserved = 789, peak = 790;

PHY-1001 : Stage 2 | Global Placement
RUN-1001 : Report Control nets information:
RUN-1001 : DFF Distribution
RUN-1001 : -------------------------------------
RUN-1001 :   CE   |  SSR  |  ASR  |  DFF Count  
RUN-1001 : -------------------------------------
RUN-1001 :   No   |  No   |  No   |    6678     
RUN-1001 :   No   |  No   |  Yes  |    3709     
RUN-1001 :   No   |  Yes  |  No   |     218     
RUN-1001 :   Yes  |  No   |  No   |     376     
RUN-1001 :   Yes  |  No   |  Yes  |    2854     
RUN-1001 :   Yes  |  Yes  |  No   |     146     
RUN-1001 : -------------------------------------
RUN-1001 : Control Group Statistic
RUN-1001 : -----------------------------
RUN-1001 :   #CLK  |  #CE  |  #SSR/ASR  
RUN-1001 : -----------------------------
RUN-1001 :    9    |  120  |     26     
RUN-1001 : -----------------------------
RUN-0007 : Control Set = 156
PHY-1001 : Stage 2.1 | Place Fixed Instances
PHY-1001 : Processing 2 clock pins of DDR instance u_ph1p35_324_ddr_wrapper/u_ddr2/ph1p_ddrmc_wrapper/ph1p_ddrmc_top/u_ddr_phy/u_ddrphy_top/u_ddrphy/ac_byte[0]$ac_byte_used$u_ddrphy_ac_byte_wrapper/u_ddrphy_byte, location = x0y70z0.
PHY-1001 :   User location X0Y59Z1 of ioclk instance u_ph1p35_324_ddr_wrapper/u_ddr2/ph1p_ddrmc_wrapper/ph1p_ddrmc_top/u_ddr_phy/u_ddrphy_top/u_ddrphy_clk/ioclk[0]$u_ioclk_1.
PHY-1001 :   Placement of ioclk instance u_ph1p35_324_ddr_wrapper/u_ddr2/ph1p_ddrmc_wrapper/ph1p_ddrmc_top/u_ddr_phy/u_ddrphy_top/u_ddrphy_clk/ioclk[0]$u_ioclk_1; location = x0y59z1.
PHY-1001 :   User location X0Y59Z0 of ioclk instance u_ph1p35_324_ddr_wrapper/u_ddr2/ph1p_ddrmc_wrapper/ph1p_ddrmc_top/u_ddr_phy/u_ddrphy_top/u_ddrphy_clk/ioclk[0]$u_ioclk_0.
PHY-1001 :   Placement of ioclk instance u_ph1p35_324_ddr_wrapper/u_ddr2/ph1p_ddrmc_wrapper/ph1p_ddrmc_top/u_ddr_phy/u_ddrphy_top/u_ddrphy_clk/ioclk[0]$u_ioclk_0; location = x0y59z0.
PHY-1001 : Processing 2 clock pins of DDR instance u_ph1p35_324_ddr_wrapper/u_ddr2/ph1p_ddrmc_wrapper/ph1p_ddrmc_top/u_ddr_phy/u_ddrphy_top/u_ddrphy/ac_byte[1]$ac_byte_used$u_ddrphy_ac_byte_wrapper/u_ddrphy_byte, location = x0y60z0.
PHY-1001 :   Placed ioclk instance u_ph1p35_324_ddr_wrapper/u_ddr2/ph1p_ddrmc_wrapper/ph1p_ddrmc_top/u_ddr_phy/u_ddrphy_top/u_ddrphy_clk/ioclk[0]$u_ioclk_1, location = x0y59z1.
PHY-1001 :   Placed ioclk instance u_ph1p35_324_ddr_wrapper/u_ddr2/ph1p_ddrmc_wrapper/ph1p_ddrmc_top/u_ddr_phy/u_ddrphy_top/u_ddrphy_clk/ioclk[0]$u_ioclk_0, location = x0y59z0.
PHY-1001 : Processing 2 clock pins of DDR instance u_ph1p35_324_ddr_wrapper/u_ddr2/ph1p_ddrmc_wrapper/ph1p_ddrmc_top/u_ddr_phy/u_ddrphy_top/u_ddrphy/ac_byte[2]$ac_byte_used$u_ddrphy_ac_byte_wrapper/u_ddrphy_byte, location = x0y50z0.
PHY-1001 :   Placed ioclk instance u_ph1p35_324_ddr_wrapper/u_ddr2/ph1p_ddrmc_wrapper/ph1p_ddrmc_top/u_ddr_phy/u_ddrphy_top/u_ddrphy_clk/ioclk[0]$u_ioclk_1, location = x0y59z1.
PHY-1001 :   Placed ioclk instance u_ph1p35_324_ddr_wrapper/u_ddr2/ph1p_ddrmc_wrapper/ph1p_ddrmc_top/u_ddr_phy/u_ddrphy_top/u_ddrphy_clk/ioclk[0]$u_ioclk_0, location = x0y59z0.
PHY-1001 : Processing 2 clock pins of DDR instance u_ph1p35_324_ddr_wrapper/u_ddr2/ph1p_ddrmc_wrapper/ph1p_ddrmc_top/u_ddr_phy/u_ddrphy_top/u_ddrphy/ac_byte[3]$ac_byte_used$u_ddrphy_ac_byte_wrapper/u_ddrphy_byte, location = x0y40z0.
PHY-1001 :   Placed ioclk instance u_ph1p35_324_ddr_wrapper/u_ddr2/ph1p_ddrmc_wrapper/ph1p_ddrmc_top/u_ddr_phy/u_ddrphy_top/u_ddrphy_clk/ioclk[0]$u_ioclk_1, location = x0y59z1.
PHY-1001 :   Placed ioclk instance u_ph1p35_324_ddr_wrapper/u_ddr2/ph1p_ddrmc_wrapper/ph1p_ddrmc_top/u_ddr_phy/u_ddrphy_top/u_ddrphy_clk/ioclk[0]$u_ioclk_0, location = x0y59z0.
PHY-1001 : Processing 2 clock pins of DDR instance u_ph1p35_324_ddr_wrapper/u_ddr2/ph1p_ddrmc_wrapper/ph1p_ddrmc_top/u_ddr_phy/u_ddrphy_top/u_ddrphy/dx_byte[0]$dx_byte_used$u_ddrphy_dx_byte_wrapper/u_ddrphy_byte, location = x0y30z0.
PHY-1001 :   User location X0Y19Z1 of ioclk instance u_ph1p35_324_ddr_wrapper/u_ddr2/ph1p_ddrmc_wrapper/ph1p_ddrmc_top/u_ddr_phy/u_ddrphy_top/u_ddrphy_clk/ioclk[1]$u_ioclk_1.
PHY-1001 :   Placement of ioclk instance u_ph1p35_324_ddr_wrapper/u_ddr2/ph1p_ddrmc_wrapper/ph1p_ddrmc_top/u_ddr_phy/u_ddrphy_top/u_ddrphy_clk/ioclk[1]$u_ioclk_1; location = x0y19z1.
PHY-1001 :   User location X0Y19Z0 of ioclk instance u_ph1p35_324_ddr_wrapper/u_ddr2/ph1p_ddrmc_wrapper/ph1p_ddrmc_top/u_ddr_phy/u_ddrphy_top/u_ddrphy_clk/ioclk[1]$u_ioclk_0.
PHY-1001 :   Placement of ioclk instance u_ph1p35_324_ddr_wrapper/u_ddr2/ph1p_ddrmc_wrapper/ph1p_ddrmc_top/u_ddr_phy/u_ddrphy_top/u_ddrphy_clk/ioclk[1]$u_ioclk_0; location = x0y19z0.
PHY-1001 : Processing 2 clock pins of DDR instance u_ph1p35_324_ddr_wrapper/u_ddr2/ph1p_ddrmc_wrapper/ph1p_ddrmc_top/u_ddr_phy/u_ddrphy_top/u_ddrphy/dx_byte[1]$dx_byte_used$u_ddrphy_dx_byte_wrapper/u_ddrphy_byte, location = x0y10z0.
PHY-1001 :   Placed ioclk instance u_ph1p35_324_ddr_wrapper/u_ddr2/ph1p_ddrmc_wrapper/ph1p_ddrmc_top/u_ddr_phy/u_ddrphy_top/u_ddrphy_clk/ioclk[1]$u_ioclk_1, location = x0y19z1.
PHY-1001 :   Placed ioclk instance u_ph1p35_324_ddr_wrapper/u_ddr2/ph1p_ddrmc_wrapper/ph1p_ddrmc_top/u_ddr_phy/u_ddrphy_top/u_ddrphy_clk/ioclk[1]$u_ioclk_0, location = x0y19z0.
PHY-1001 : DDR MLCLK topology u_ph1p35_324_ddr_wrapper/u_ddr2/ph1p_ddrmc_wrapper/ph1p_ddrmc_top/u_ddr_phy/u_ddrphy_top/u_ddrphy_clk/u_mlclk_1.
PHY-1001 :   Driver: PH1P_PHY_PLL_V2 u_ph1p35_324_ddr_wrapper/u_ddr2/ph1p_ddrmc_wrapper/ph1p_ddrmc_top/u_ddr_phy/u_ddrphy_top/u_ddrphy_clk/u_pll0/u_pll_inst.clkc[1], user location :X0Y40Z0.
PHY-1001 :   Sink: PH1P_PHY_IOCLK u_ph1p35_324_ddr_wrapper/u_ddr2/ph1p_ddrmc_wrapper/ph1p_ddrmc_top/u_ddr_phy/u_ddrphy_top/u_ddrphy_clk/ioclk[0]$u_ioclk_0, location = x0y59z0, sectorID = 1.
PHY-1001 :   Sink: PH1P_PHY_IOCLK u_ph1p35_324_ddr_wrapper/u_ddr2/ph1p_ddrmc_wrapper/ph1p_ddrmc_top/u_ddr_phy/u_ddrphy_top/u_ddrphy_clk/ioclk[1]$u_ioclk_0, location = x0y19z0, sectorID = 0.
PHY-1001 : Placement of MLCLK instance u_ph1p35_324_ddr_wrapper/u_ddr2/ph1p_ddrmc_wrapper/ph1p_ddrmc_top/u_ddr_phy/u_ddrphy_top/u_ddrphy_clk/u_mlclk_1; location = x0y59z0,  sectorID = 1.
PHY-1001 : DDR MLCLK topology u_ph1p35_324_ddr_wrapper/u_ddr2/ph1p_ddrmc_wrapper/ph1p_ddrmc_top/u_ddr_phy/u_ddrphy_top/u_ddrphy_clk/u_mlclk_2.
PHY-1001 :   Driver: PH1P_PHY_PLL_V2 u_ph1p35_324_ddr_wrapper/u_ddr2/ph1p_ddrmc_wrapper/ph1p_ddrmc_top/u_ddr_phy/u_ddrphy_top/u_ddrphy_clk/u_pll0/u_pll_inst.clkc[2], user location :X0Y40Z0.
PHY-1001 :   Sink: PH1P_PHY_IOCLK u_ph1p35_324_ddr_wrapper/u_ddr2/ph1p_ddrmc_wrapper/ph1p_ddrmc_top/u_ddr_phy/u_ddrphy_top/u_ddrphy_clk/ioclk[0]$u_ioclk_1, location = x0y59z1, sectorID = 1.
PHY-1001 :   Sink: PH1P_PHY_IOCLK u_ph1p35_324_ddr_wrapper/u_ddr2/ph1p_ddrmc_wrapper/ph1p_ddrmc_top/u_ddr_phy/u_ddrphy_top/u_ddrphy_clk/ioclk[1]$u_ioclk_1, location = x0y19z1, sectorID = 0.
PHY-1001 : Placement of MLCLK instance u_ph1p35_324_ddr_wrapper/u_ddr2/ph1p_ddrmc_wrapper/ph1p_ddrmc_top/u_ddr_phy/u_ddrphy_top/u_ddrphy_clk/u_mlclk_2; location = x0y59z1,  sectorID = 1.
PHY-5016 WARNING: PLL clkc is driving an IO without location.
PHY-5016 WARNING: PLL clkc is not driving a clock-capable IO.
PHY-5016 WARNING: PLL clkc is driving an IO without location.
PHY-5016 WARNING: PLL clkc is not driving a clock-capable IO.
PHY-1001 : End Stage 2.1 | Place Fixed Instances; Time: 0.072821s wall, 0.078125s user + 0.000000s system = 0.078125s CPU (107.3%); Memory(MB): used = 819, reserved = 818, peak = 819;

PHY-1001 : Stage 2.2 | Pre-Place DRC Check
PHY-1001 : Stage 2.2.1 | Force Route Constraint Check
PHY-1001 : Check Pass.
PHY-1001 : End Stage 2.2.1 | Force Route Constraint Check; Time: 0.003278s wall, 0.000000s user + 0.000000s system = 0.000000s CPU (n/a%); Memory(MB): used = 819, reserved = 818, peak = 819;

PHY-1001 : End Stage 2.2 | Pre-Place DRC Check; Time: 0.003319s wall, 0.000000s user + 0.000000s system = 0.000000s CPU (n/a%); Memory(MB): used = 819, reserved = 818, peak = 819;

PHY-1001 : Clock GCLK Statistics:
RUN-1001 : GCLK Index: 
RUN-1001 : -------------------------------------------------------------------------------------------------------------------------------------------------------
RUN-1001 :   Index  |                                                          Clock GCLK                                                           |  Location   
RUN-1001 : -------------------------------------------------------------------------------------------------------------------------------------------------------
RUN-1001 :     1    |                           u_mipi_dphy_rx_ph1p_mipiio_wrapper/u_ph1p_mipiio_rx_wrapper/bufg_feedback                           |  x23y39z0   
RUN-1001 :     2    |   u_ph1p35_324_ddr_wrapper/u_ddr2/ph1p_ddrmc_wrapper/ph1p_ddrmc_top/u_ddr_phy/u_ddrphy_top/u_ddrphy_clk/u_pll1/u_bufg_fbclk   |  x23y39z16  
RUN-1001 :     3    |                                              u_hdmi_mixer/I_clk_created_gclkinst                                              |  x23y39z17  
RUN-1001 :     4    |                                               I_sys_clk_dup_6_created_gclkinst                                                |  x23y39z22  
RUN-1001 :     5    |                                               O_cam_24m_dup_1_created_gclkinst                                                |  x23y39z18  
RUN-1001 :     6    |                          u_hdmi_tx/u_hdmi2phy_wrapper/u0_lane_lvds_8_1/I_serial_clk_created_gclkinst                          |  x23y39z19  
RUN-1001 :     7    |  u_ph1p35_324_ddr_wrapper/u_ddr2/ph1p_ddrmc_wrapper/ph1p_ddrmc_top/u_ddr_phy/u_ddrphy_top/u_ddrphy/apb_pclk_created_gclkinst  |  x23y39z20  
RUN-1001 :     8    |                                       u_uicfgcs500/uii2c_inst/scl_clk_created_gclkinst                                        |  x23y39z1   
RUN-1001 :     9    |                                                      u_PLL/bufg_feedback                                                      |  x23y39z21  
RUN-1001 : -------------------------------------------------------------------------------------------------------------------------------------------------------
RUN-1001 : Clock Nets Connect To GCLK Statistics: 
RUN-1001 : -----------------------------------------------------------------------------------------------------------------------------------------------------------------------------------------
RUN-1001 :   Index  |                        Leading Net                        |  CLK/DATA/IO/PLL Sink(s)  |                       Following Net                       |  CLK/DATA/IO/PLL Sink(s)  
RUN-1001 : -----------------------------------------------------------------------------------------------------------------------------------------------------------------------------------------
RUN-1001 :     1    | u_mipi_dphy_rx_ph1p_mipiio_wrapper/u_ph1p_mipiio_rx_w...  |          1/0/0/0          | u_isp_top/u_rgb96_downscale_crop/u_scale_line_buffer/...  |        8723/0/0/0         
RUN-1001 :     2    | u_ph1p35_324_ddr_wrapper/u_ddr2/ph1p_ddrmc_wrapper/ph...  |          1/0/0/0          | u_ph1p35_324_ddr_wrapper/u_ddr2/ph1p_ddrmc_wrapper/ph...  |        3545/0/0/0         
RUN-1001 :     3    |                    u_hdmi_mixer/I_clk                     |          1/0/0/0          |                u_hdmi_mixer/I_clk_syn_652                 |        1397/0/0/0         
RUN-1001 :     4    |                      I_sys_clk_dup_6                      |          3/0/0/0          |                      I_sys_clk_syn_8                      |         137/0/0/0         
RUN-1001 :     5    |                      O_cam_24m_dup_1                      |          1/0/0/0          |                      O_cam_24m_syn_3                      |         102/1/0/0         
RUN-1001 :     6    | u_hdmi_tx/u_hdmi2phy_wrapper/u0_lane_lvds_8_1/I_seria...  |          1/0/0/0          | u_hdmi_tx/u_hdmi2phy_wrapper/u0_lane_lvds_8_1/I_seria...  |         61/0/0/0          
RUN-1001 :     7    | u_ph1p35_324_ddr_wrapper/u_ddr2/ph1p_ddrmc_wrapper/ph...  |          1/0/0/0          | u_ph1p35_324_ddr_wrapper/u_ddr2/ph1p_ddrmc_wrapper/ph...  |         43/0/0/0          
RUN-1001 :     8    |              u_uicfgcs500/uii2c_inst/scl_clk              |          1/2/0/0          |           u_uicfgcs500/uii2c_inst/scl_clk_syn_9           |         24/0/0/0          
RUN-1001 :     9    |                      u_PLL/clk0_buf                       |          1/0/0/0          | u_mipi_dphy_rx_ph1p_mipiio_wrapper/u_ph1p_mipiio_rx_w...  |         13/0/0/0          
RUN-1001 : -----------------------------------------------------------------------------------------------------------------------------------------------------------------------------------------
PHY-1001 : Stage 2.3 | Global Placement Step 1
PHY-3001 : Target density is 60%
PHY-1001 : Stage 2.3.1 | Update Timing
RUN-1002 : start command "start_timer"
RUN-1003 : finish command "start_timer" in  1.461876s wall, 1.437500s user + 0.000000s system = 1.437500s CPU (98.3%)

RUN-1004 : used memory is 855 MB, reserved memory is 854 MB, peak memory is 855 MB
PHY-1001 : SWNS: 261, STNS: 0, FEP: 0
PHY-3001 : tot_pins 266103 tot_hfn_pins 21848 perc. 8 tot_hhfn_pins 5704 perc. 2
PHY-1001 : End Stage 2.3.1 | Update Timing; Time: 2.763979s wall, 2.734375s user + 0.000000s system = 2.734375s CPU (98.9%); Memory(MB): used = 866, reserved = 866, peak = 866;

PHY-0007 : Cell area utilization is 49%
RUN-1001 : Huge Net Statistic
RUN-1001 : ----------------------------------------------------------------------------------------------------------------------------------------------------------------------------------------
RUN-1001 :   Fanout  |  Slack  |                                                                                Net                                                                                
RUN-1001 : ----------------------------------------------------------------------------------------------------------------------------------------------------------------------------------------
RUN-1001 :    3143   |   Inf   |                                u_ph1p35_324_ddr_wrapper/u_ddr2/ph1p_ddrmc_wrapper/ph1p_ddrmc_top/u_ddr_phy/u_ddrphy_top/sys_rst_n                                 
RUN-1001 :    1472   |  11982  |                                u_ph1p35_324_ddr_wrapper/u_ddr2/ph1p_ddrmc_wrapper/ph1p_ddrmc_top/u_alc_mc_top/u_rbuf_addr_fifo/rst                                
RUN-1001 :    1089   |   Inf   |  u_ph1p35_324_ddr_wrapper/u_ddr2/ph1p_ddrmc_wrapper/ph1p_ddrmc_top/u_ddr_phy/u_ddrphy_top/u_ddrphy/dx_byte[1]$dx_byte_used$u_ddrphy_dx_byte_wrapper/dx_phy_rst_n  
RUN-1001 : ----------------------------------------------------------------------------------------------------------------------------------------------------------------------------------------
PHY-3001 : Clustering ...
PHY-3001 : End clustering;  0.151603s wall, 0.546875s user + 0.500000s system = 1.046875s CPU (690.5%)

PHY-3001 : Target density is 60%
PHY-1001 : Stage 2.3.2 | GP Iteration
PHY-1001 : End Stage 2.3.2 | GP Iteration; Time: 2.517066s wall, 10.859375s user + 2.656250s system = 13.515625s CPU (537.0%); Memory(MB): used = 877, reserved = 876, peak = 877;

PHY-3001 : Multithread accelerating rate: 5.46
RUN-1002 : start command "start_timer"
USR-1002 : Derived clock:  create_generated_clock -name {u_PLL/ph1p_phy_pll_wrapper_25a56e5ce2f9_Inst/u_PH1P_PHY_PLL.clkc[0]} -source [get_ports {I_sys_clk}] -master_clock {sys_clk_50m} -multiply_by 2.0000 -duty_cycle 50.0000 [get_pins {u_PLL/ph1p_phy_pll_wrapper_25a56e5ce2f9_Inst/u_PH1P_PHY_PLL.clkc[0]}]
USR-1002 : Derived clock:  create_generated_clock -name {u_PLL/ph1p_phy_pll_wrapper_25a56e5ce2f9_Inst/u_PH1P_PHY_PLL.clkc[1]} -source [get_ports {I_sys_clk}] -master_clock {sys_clk_50m} -divide_by 2.1000 -duty_cycle 50.0000 [get_pins {u_PLL/ph1p_phy_pll_wrapper_25a56e5ce2f9_Inst/u_PH1P_PHY_PLL.clkc[1]}]
USR-1002 : Derived clock:  create_generated_clock -name {u_PLL/ph1p_phy_pll_wrapper_25a56e5ce2f9_Inst/u_PH1P_PHY_PLL.clkc[4]} -source [get_ports {I_sys_clk}] -master_clock {sys_clk_50m} -multiply_by 1.5000 -duty_cycle 50.0000 [get_pins {u_PLL/ph1p_phy_pll_wrapper_25a56e5ce2f9_Inst/u_PH1P_PHY_PLL.clkc[4]}]
USR-1002 : Derived clock:  create_generated_clock -name {u_PLL/ph1p_phy_pll_wrapper_25a56e5ce2f9_Inst/u_PH1P_PHY_PLL.clkc[5]} -source [get_ports {I_sys_clk}] -master_clock {sys_clk_50m} -multiply_by 7.5000 -duty_cycle 50.0000 [get_pins {u_PLL/ph1p_phy_pll_wrapper_25a56e5ce2f9_Inst/u_PH1P_PHY_PLL.clkc[5]}]
USR-1002 : Derived clock:  create_generated_clock -name {u_ph1p35_324_ddr_wrapper/u_ddr2/ph1p_ddrmc_wrapper/ph1p_ddrmc_top/u_ddr_phy/u_ddrphy_top/u_ddrphy_clk/u_pll0/u_pll_inst.clkc[0]} -source [get_ports {I_sys_clk}] -master_clock {sys_clk_50m} -multiply_by 1.3333 -duty_cycle 50.0000 [get_pins {u_ph1p35_324_ddr_wrapper/u_ddr2/ph1p_ddrmc_wrapper/ph1p_ddrmc_top/u_ddr_phy/u_ddrphy_top/u_ddrphy_clk/u_pll0/u_pll_inst.clkc[0]}]
USR-1002 : Derived clock:  create_generated_clock -name {u_ph1p35_324_ddr_wrapper/u_ddr2/ph1p_ddrmc_wrapper/ph1p_ddrmc_top/u_ddr_phy/u_ddrphy_top/u_ddrphy_clk/u_pll0/u_pll_inst.clkc[1]} -source [get_ports {I_sys_clk}] -master_clock {sys_clk_50m} -multiply_by 1.3333 -duty_cycle 50.0000 [get_pins {u_ph1p35_324_ddr_wrapper/u_ddr2/ph1p_ddrmc_wrapper/ph1p_ddrmc_top/u_ddr_phy/u_ddrphy_top/u_ddrphy_clk/u_pll0/u_pll_inst.clkc[1]}]
USR-1002 : Derived clock:  create_generated_clock -name {u_ph1p35_324_ddr_wrapper/u_ddr2/ph1p_ddrmc_wrapper/ph1p_ddrmc_top/u_ddr_phy/u_ddrphy_top/u_ddrphy_clk/u_pll0/u_pll_inst.clkc[2]} -source [get_ports {I_sys_clk}] -master_clock {sys_clk_50m} -multiply_by 5.3333 -duty_cycle 50.0000 [get_pins {u_ph1p35_324_ddr_wrapper/u_ddr2/ph1p_ddrmc_wrapper/ph1p_ddrmc_top/u_ddr_phy/u_ddrphy_top/u_ddrphy_clk/u_pll0/u_pll_inst.clkc[2]}]
USR-1002 : Derived clock:  create_generated_clock -name {u_ph1p35_324_ddr_wrapper/u_ddr2/ph1p_ddrmc_wrapper/ph1p_ddrmc_top/u_ddr_phy/u_ddrphy_top/u_ddrphy_clk/u_pll0/u_pll_inst.clkc[3]} -source [get_ports {I_sys_clk}] -master_clock {sys_clk_50m} -divide_by 1.9687 -duty_cycle 50.0000 [get_pins {u_ph1p35_324_ddr_wrapper/u_ddr2/ph1p_ddrmc_wrapper/ph1p_ddrmc_top/u_ddr_phy/u_ddrphy_top/u_ddrphy_clk/u_pll0/u_pll_inst.clkc[3]}]
USR-1002 : Derived clock:  create_generated_clock -name {u_ph1p35_324_ddr_wrapper/u_ddr2/ph1p_ddrmc_wrapper/ph1p_ddrmc_top/u_ddr_phy/u_ddrphy_top/u_ddrphy_clk/u_pll1/u_pll_inst.clkc[0]} -source [get_pins {u_ph1p35_324_ddr_wrapper/u_ddr2/ph1p_ddrmc_wrapper/ph1p_ddrmc_top/u_ddr_phy/u_ddrphy_top/u_ddrphy_clk/u_pll0/u_pll_inst.clkc[0]}] -master_clock {u_ph1p35_324_ddr_wrapper/u_ddr2/ph1p_ddrmc_wrapper/ph1p_ddrmc_top/u_ddr_phy/u_ddrphy_top/u_ddrphy_clk/u_pll0/u_pll_inst.clkc[0]} -multiply_by 1.0000 -duty_cycle 50.0000 [get_pins {u_ph1p35_324_ddr_wrapper/u_ddr2/ph1p_ddrmc_wrapper/ph1p_ddrmc_top/u_ddr_phy/u_ddrphy_top/u_ddrphy_clk/u_pll1/u_pll_inst.clkc[0]}]
8.888000
15.000000
15.000000
13.333000
RUN-1003 : finish command "start_timer" in  1.783693s wall, 1.765625s user + 0.000000s system = 1.765625s CPU (99.0%)

RUN-1004 : used memory is 877 MB, reserved memory is 876 MB, peak memory is 877 MB
TMR-2502 : Net delay update with mode: Placed
PHY-3001 : No need to merge 9x9 Dsps.
PHY-1001 : Populate physical database on model design_top_wrapper.
PHY-1001 : End Stage 2.3 | Global Placement Step 1; Time: 9.104161s wall, 17.828125s user + 3.265625s system = 21.093750s CPU (231.7%); Memory(MB): used = 932, reserved = 930, peak = 932;

PHY-1001 : Stage 2.4 | RAM/DSP Legalization and Detailed Placement
PHY-1001 : Stage 2.4.1 | Legalization
PHY-3001 : Before Legalized: Len = 1.81974e+06
PHY-3001 : After Legalized: Len = 1.8274e+06, Over = 97
PHY-1001 : End Stage 2.4.1 | Legalization; Time: 1.636521s wall, 1.625000s user + 0.000000s system = 1.625000s CPU (99.3%); Memory(MB): used = 935, reserved = 933, peak = 935;

PHY-1001 : Stage 2.4.2 | Detailed Placement
PHY-1001 : Stage 2.4.2.1 | Simulated Annealing Based DP
PHY-0007 : Initial: WL Cost = 151429, TD Cost = 222719, SWNS = 987, STNS = 0, Nums per T = 580, Range Limit = 2x32
PHY-0007 : Finally: WL Cost = 146489, TD Cost = 212198, WL Ratio = 0.967375, TD Ratio = 0.952762, SWNS = 987, STNS = 0
RUN-1001 : Print Detailed placement's Summary information
RUN-1001 : -------------------------------------------------------------------------------------------------------------------------------
RUN-1001 :             |  Total  |  Accept  |  Reject by overFlow  |  Reject by worseCost  |  Failed by noTarget  |  Failed by gridCheck  
RUN-1001 : -------------------------------------------------------------------------------------------------------------------------------
RUN-1001 :   RAM/DSPs  |  3480   |   145    |          0           |         3335          |          0           |           0           
RUN-1001 :    Macros   |   491   |    30    |          0           |          461          |          0           |           0           
RUN-1001 : -------------------------------------------------------------------------------------------------------------------------------
PHY-1001 : End Stage 2.4.2.1 | Simulated Annealing Based DP; Time: 2.419069s wall, 4.875000s user + 0.234375s system = 5.109375s CPU (211.2%); Memory(MB): used = 936, reserved = 934, peak = 936;

PHY-3001 : End Detailed Place; 
PHY-1001 : End Stage 2.4.2 | Detailed Placement; Time: 2.599859s wall, 5.046875s user + 0.234375s system = 5.281250s CPU (203.1%); Memory(MB): used = 936, reserved = 934, peak = 936;

PHY-1001 : End Stage 2.4 | RAM/DSP Legalization and Detailed Placement; Time: 4.236881s wall, 6.671875s user + 0.234375s system = 6.906250s CPU (163.0%); Memory(MB): used = 936, reserved = 934, peak = 936;

PHY-1001 : Stage 2.5 | Global Placement Step 2
PHY-3001 : Target density is 60%
PHY-1001 : Stage 2.5.1 | Update Timing
PHY-1001 : SWNS: 987, STNS: 0, FEP: 0
PHY-1001 : End Stage 2.5.1 | Update Timing; Time: 0.154701s wall, 0.156250s user + 0.000000s system = 0.156250s CPU (101.0%); Memory(MB): used = 936, reserved = 934, peak = 936;

PHY-1001 : Stage 2.5.2 | Refresh Congestion
RUN-1001 : Generating global routing grids ...
RUN-1001 : Building simple global routing graph ...
PHY-1001 : Generate routing nets ...
PHY-1001 : Reuse net number 0/13190.
PHY-1001 : Global iterations in 32 thread ...
PHY-1002 : len = 1.8124e+06, over cnt = 2338(3%), over = 12310, worst = 84
PHY-1001 : End global iterations;  0.539524s wall, 0.968750s user + 0.031250s system = 1.000000s CPU (185.3%)

PHY-1001 : Congestion index:
PHY-1001 : top1  = 202.18(S 126.43, N 116.27, E 172.37, W 142.76, I 350.93, O 408.96)
PHY-1001 : top5  = 131.62(S 81.06, N 70.19, E 100.32, W 89.15, I 170.76, O 222.61)
PHY-1001 : top10 = 105.18(S 60.73, N 54.57, E 74.50, W 69.91, I 117.50, O 158.63)
PHY-1001 : top15 = 90.42(S 49.26, N 45.73, E 60.68, W 58.59, I 91.17, O 124.90)
PHY-1001 : End Stage 2.5.2 | Refresh Congestion; Time: 1.028071s wall, 1.468750s user + 0.031250s system = 1.500000s CPU (145.9%); Memory(MB): used = 1017, reserved = 1014, peak = 1017;

PHY-1001 : Stage 2.5.3 | GP Iteration
PHY-1001 : End Stage 2.5.3 | GP Iteration; Time: 4.531183s wall, 34.734375s user + 1.031250s system = 35.765625s CPU (789.3%); Memory(MB): used = 1022, reserved = 1020, peak = 1022;

PHY-3001 : Multithread accelerating rate: 7.85
PHY-1001 : End Stage 2.5 | Global Placement Step 2; Time: 7.360490s wall, 38.000000s user + 1.062500s system = 39.062500s CPU (530.7%); Memory(MB): used = 1026, reserved = 1024, peak = 1026;

PHY-1001 : Stage 2.6 | RAM/DSP Detailed Placement
PHY-1001 : Stage 2.6.1 | Detailed Placement
PHY-1001 : Stage 2.6.1.1 | Simulated Annealing Based DP
PHY-0007 : Initial: WL Cost = 131955, TD Cost = 198016, SWNS = 1210, STNS = 0, Nums per T = 580, Range Limit = 2x32
PHY-0007 : Finally: WL Cost = 131660, TD Cost = 197685, WL Ratio = 0.997767, TD Ratio = 0.998329, SWNS = 1210, STNS = 0
RUN-1001 : Print Detailed placement's Summary information
RUN-1001 : -------------------------------------------------------------------------------------------------------------------------------
RUN-1001 :             |  Total  |  Accept  |  Reject by overFlow  |  Reject by worseCost  |  Failed by noTarget  |  Failed by gridCheck  
RUN-1001 : -------------------------------------------------------------------------------------------------------------------------------
RUN-1001 :   RAM/DSPs  |  1740   |    13    |          0           |         1727          |          0           |           0           
RUN-1001 :    Macros   |   250   |    2     |          0           |          248          |          0           |           0           
RUN-1001 : -------------------------------------------------------------------------------------------------------------------------------
PHY-1001 : End Stage 2.6.1.1 | Simulated Annealing Based DP; Time: 1.668391s wall, 1.906250s user + 0.015625s system = 1.921875s CPU (115.2%); Memory(MB): used = 1027, reserved = 1025, peak = 1027;

PHY-3001 : End Detailed Place; 
PHY-1001 : End Stage 2.6.1 | Detailed Placement; Time: 1.855805s wall, 2.109375s user + 0.015625s system = 2.125000s CPU (114.5%); Memory(MB): used = 1027, reserved = 1025, peak = 1027;

PHY-1001 : Stage 2.6.2 | Spreading
OPT-1001 : Total overflow 517.00 peak overflow 4.38
PHY-3001 : Spreading for sector grids.
PHY-3001 : Iter 1, total overflow: 0
PHY-3001 : tot_capacity: 36, usage_cnt: 15, movable_cnt: 26
PHY-3001 : End spreading;  0.086668s wall, 0.515625s user + 0.000000s system = 0.515625s CPU (594.9%)

PHY-1001 : End Stage 2.6.2 | Spreading; Time: 0.086736s wall, 0.515625s user + 0.000000s system = 0.515625s CPU (594.5%); Memory(MB): used = 1028, reserved = 1025, peak = 1028;

PHY-1001 : End Stage 2.6 | RAM/DSP Detailed Placement; Time: 2.155940s wall, 2.796875s user + 0.015625s system = 2.812500s CPU (130.5%); Memory(MB): used = 1026, reserved = 1024, peak = 1028;

PHY-1001 : Stage 2.7 | Optimize Design
OPT-1001 : Start physical optimization ...
OPT-1001 : Total overflow 517.00 peak overflow 4.38
OPT-1001 : Stage 2.7.1 | Synthesize High-fanout Net
OPT-1001 : Start high-fanout net optimization in pre-pack flow with medium effort ...
OPT-1001 : Update timing in Manhattan mode
OPT-1001 : End timing update;  1.570416s wall, 1.562500s user + 0.000000s system = 1.562500s CPU (99.5%)

OPT-1001 : Start: SWNS 1210 STNS 0 NUM_FEPS 0
OPT-1001 : Total overflow 517.00 peak overflow 4.38
PHY-1001 : Populate physical database on model design_top_wrapper.
OPT-1001 : 34 high-fanout net processed.
PHY-3001 : Start incremental placement ...
PHY-1001 : Populate physical database on model design_top_wrapper.
PHY-1001 : Processing 2 clock pins of DDR instance u_ph1p35_324_ddr_wrapper/u_ddr2/ph1p_ddrmc_wrapper/ph1p_ddrmc_top/u_ddr_phy/u_ddrphy_top/u_ddrphy/ac_byte[0]$ac_byte_used$u_ddrphy_ac_byte_wrapper/u_ddrphy_byte, location = x0y70z0.
PHY-1001 :   Placed ioclk instance u_ph1p35_324_ddr_wrapper/u_ddr2/ph1p_ddrmc_wrapper/ph1p_ddrmc_top/u_ddr_phy/u_ddrphy_top/u_ddrphy_clk/ioclk[0]$u_ioclk_1, location = x0y59z1.
PHY-1001 :   Placed ioclk instance u_ph1p35_324_ddr_wrapper/u_ddr2/ph1p_ddrmc_wrapper/ph1p_ddrmc_top/u_ddr_phy/u_ddrphy_top/u_ddrphy_clk/ioclk[0]$u_ioclk_0, location = x0y59z0.
PHY-1001 : Processing 2 clock pins of DDR instance u_ph1p35_324_ddr_wrapper/u_ddr2/ph1p_ddrmc_wrapper/ph1p_ddrmc_top/u_ddr_phy/u_ddrphy_top/u_ddrphy/ac_byte[1]$ac_byte_used$u_ddrphy_ac_byte_wrapper/u_ddrphy_byte, location = x0y60z0.
PHY-1001 :   Placed ioclk instance u_ph1p35_324_ddr_wrapper/u_ddr2/ph1p_ddrmc_wrapper/ph1p_ddrmc_top/u_ddr_phy/u_ddrphy_top/u_ddrphy_clk/ioclk[0]$u_ioclk_1, location = x0y59z1.
PHY-1001 :   Placed ioclk instance u_ph1p35_324_ddr_wrapper/u_ddr2/ph1p_ddrmc_wrapper/ph1p_ddrmc_top/u_ddr_phy/u_ddrphy_top/u_ddrphy_clk/ioclk[0]$u_ioclk_0, location = x0y59z0.
PHY-1001 : Processing 2 clock pins of DDR instance u_ph1p35_324_ddr_wrapper/u_ddr2/ph1p_ddrmc_wrapper/ph1p_ddrmc_top/u_ddr_phy/u_ddrphy_top/u_ddrphy/ac_byte[2]$ac_byte_used$u_ddrphy_ac_byte_wrapper/u_ddrphy_byte, location = x0y50z0.
PHY-1001 :   Placed ioclk instance u_ph1p35_324_ddr_wrapper/u_ddr2/ph1p_ddrmc_wrapper/ph1p_ddrmc_top/u_ddr_phy/u_ddrphy_top/u_ddrphy_clk/ioclk[0]$u_ioclk_1, location = x0y59z1.
PHY-1001 :   Placed ioclk instance u_ph1p35_324_ddr_wrapper/u_ddr2/ph1p_ddrmc_wrapper/ph1p_ddrmc_top/u_ddr_phy/u_ddrphy_top/u_ddrphy_clk/ioclk[0]$u_ioclk_0, location = x0y59z0.
PHY-1001 : Processing 2 clock pins of DDR instance u_ph1p35_324_ddr_wrapper/u_ddr2/ph1p_ddrmc_wrapper/ph1p_ddrmc_top/u_ddr_phy/u_ddrphy_top/u_ddrphy/ac_byte[3]$ac_byte_used$u_ddrphy_ac_byte_wrapper/u_ddrphy_byte, location = x0y40z0.
PHY-1001 :   Placed ioclk instance u_ph1p35_324_ddr_wrapper/u_ddr2/ph1p_ddrmc_wrapper/ph1p_ddrmc_top/u_ddr_phy/u_ddrphy_top/u_ddrphy_clk/ioclk[0]$u_ioclk_1, location = x0y59z1.
PHY-1001 :   Placed ioclk instance u_ph1p35_324_ddr_wrapper/u_ddr2/ph1p_ddrmc_wrapper/ph1p_ddrmc_top/u_ddr_phy/u_ddrphy_top/u_ddrphy_clk/ioclk[0]$u_ioclk_0, location = x0y59z0.
PHY-1001 : Processing 2 clock pins of DDR instance u_ph1p35_324_ddr_wrapper/u_ddr2/ph1p_ddrmc_wrapper/ph1p_ddrmc_top/u_ddr_phy/u_ddrphy_top/u_ddrphy/dx_byte[0]$dx_byte_used$u_ddrphy_dx_byte_wrapper/u_ddrphy_byte, location = x0y30z0.
PHY-1001 :   Placed ioclk instance u_ph1p35_324_ddr_wrapper/u_ddr2/ph1p_ddrmc_wrapper/ph1p_ddrmc_top/u_ddr_phy/u_ddrphy_top/u_ddrphy_clk/ioclk[1]$u_ioclk_1, location = x0y19z1.
PHY-1001 :   Placed ioclk instance u_ph1p35_324_ddr_wrapper/u_ddr2/ph1p_ddrmc_wrapper/ph1p_ddrmc_top/u_ddr_phy/u_ddrphy_top/u_ddrphy_clk/ioclk[1]$u_ioclk_0, location = x0y19z0.
PHY-1001 : Processing 2 clock pins of DDR instance u_ph1p35_324_ddr_wrapper/u_ddr2/ph1p_ddrmc_wrapper/ph1p_ddrmc_top/u_ddr_phy/u_ddrphy_top/u_ddrphy/dx_byte[1]$dx_byte_used$u_ddrphy_dx_byte_wrapper/u_ddrphy_byte, location = x0y10z0.
PHY-1001 :   Placed ioclk instance u_ph1p35_324_ddr_wrapper/u_ddr2/ph1p_ddrmc_wrapper/ph1p_ddrmc_top/u_ddr_phy/u_ddrphy_top/u_ddrphy_clk/ioclk[1]$u_ioclk_1, location = x0y19z1.
PHY-1001 :   Placed ioclk instance u_ph1p35_324_ddr_wrapper/u_ddr2/ph1p_ddrmc_wrapper/ph1p_ddrmc_top/u_ddr_phy/u_ddrphy_top/u_ddrphy_clk/ioclk[1]$u_ioclk_0, location = x0y19z0.
PHY-3001 : Target density is 60%
PHY-3001 : Target density is 60%
PHY-1001 : Stage 2.7.1.1 | Update Timing
PHY-1001 : SWNS: 1210, STNS: 0, FEP: 0
PHY-1001 : End Stage 2.7.1.1 | Update Timing; Time: 0.167721s wall, 0.156250s user + 0.000000s system = 0.156250s CPU (93.2%); Memory(MB): used = 1028, reserved = 1025, peak = 1028;

PHY-1001 : Stage 2.7.1.2 | Refresh Congestion
RUN-1001 : Generating global routing grids ...
PHY-1001 : Generate routing nets ...
PHY-1001 : Reuse net number 81/24751.
PHY-1001 : Global iterations in 32 thread ...
PHY-1002 : len = 1.66408e+06, over cnt = 3217(4%), over = 16732, worst = 51
PHY-1001 : End global iterations;  0.976169s wall, 2.000000s user + 0.109375s system = 2.109375s CPU (216.1%)

PHY-1001 : Congestion index:
PHY-1001 : top1  = 175.16(S 143.29, N 126.19, E 150.01, W 109.90, I 166.97, O 181.00)
PHY-1001 : top5  = 126.76(S 92.12, N 87.21, E 97.27, W 78.43, I 104.94, O 124.02)
PHY-1001 : top10 = 106.18(S 70.53, N 70.83, E 77.38, W 64.04, I 79.45, O 98.61)
PHY-1001 : top15 = 94.50(S 58.56, N 60.49, E 66.35, W 55.37, I 65.96, O 83.99)
PHY-1001 : End Stage 2.7.1.2 | Refresh Congestion; Time: 1.230136s wall, 2.296875s user + 0.109375s system = 2.406250s CPU (195.6%); Memory(MB): used = 1038, reserved = 1037, peak = 1038;

PHY-1001 : Stage 2.7.1.3 | GP Iteration
PHY-1001 : End Stage 2.7.1.3 | GP Iteration; Time: 0.844366s wall, 7.031250s user + 0.265625s system = 7.296875s CPU (864.2%); Memory(MB): used = 1041, reserved = 1039, peak = 1041;

PHY-3001 : Multithread accelerating rate: 8.40
OPT-1001 : Total overflow 538.75 peak overflow 6.56
PHY-3001 : Spreading for sector grids.
PHY-3001 : Iter 1, total overflow: 0
PHY-3001 : tot_capacity: 48, usage_cnt: 18, movable_cnt: 39
PHY-3001 : End spreading;  0.085725s wall, 0.062500s user + 0.015625s system = 0.078125s CPU (91.1%)

PHY-3001 : Final: Len = 1.20249e+06, Over = 103.406
PHY-3001 : End incremental placement;  2.667958s wall, 9.890625s user + 0.390625s system = 10.281250s CPU (385.4%)

OPT-1001 : Total overflow 538.75 peak overflow 6.56
RUN-1001 : HFN opt statistic
RUN-1001 : ------------------------------------------------------
RUN-1001 :   DriverCell type  |  HFN count  |  Duplicated count  
RUN-1001 : ------------------------------------------------------
RUN-1001 :         REG        |     19      |         92         
RUN-1001 :        LUT6        |      2      |         10         
RUN-1001 :        LUT5        |      4      |         17         
RUN-1001 :        LUT4        |      1      |         4          
RUN-1001 :        LUT3        |      3      |         10         
RUN-1001 :        LUT2        |      5      |         21         
RUN-1001 :        TOTAL       |     34      |        154         
RUN-1001 : ------------------------------------------------------
OPT-1001 : End high-fanout net optimization;  5.660475s wall, 12.890625s user + 0.390625s system = 13.281250s CPU (234.6%)

OPT-1001 : Update timing in Manhattan mode
OPT-1001 : End timing update;  1.635907s wall, 1.640625s user + 0.000000s system = 1.640625s CPU (100.3%)

OPT-1001 : Current memory(MB): used = 1041, reserved = 1039, peak = 1041.
OPT-1001 : End Stage 2.7.1 | Synthesize High-fanout Net; Time: 7.482960s wall, 14.718750s user + 0.390625s system = 15.109375s CPU (201.9%); Memory(MB): used = 1041, reserved = 1039, peak = 1041;

OPT-1001 : Stage 2.7.2 | Global Optimization
OPT-1001 : Start global optimization ...
OPT-0007 : Start: SWNS 981 STNS 0 NUM_FEPS 0
OPT-1001 : Start congestion update ...
RUN-1001 : Generating global routing grids ...
PHY-1001 : Generate routing nets ...
PHY-1001 : Reuse net number 1765/22335.
PHY-1001 : Global iterations in 32 thread ...
PHY-1002 : len = 1.35926e+06, over cnt = 2663(3%), over = 8889, worst = 22
PHY-1002 : len = 1.46419e+06, over cnt = 2231(3%), over = 5657, worst = 16
PHY-1002 : len = 1.59035e+06, over cnt = 860(1%), over = 1897, worst = 16
PHY-1002 : len = 1.63621e+06, over cnt = 244(0%), over = 515, worst = 16
PHY-1002 : len = 1.65878e+06, over cnt = 6(0%), over = 12, worst = 4
PHY-1001 : End global iterations;  2.208175s wall, 3.531250s user + 0.046875s system = 3.578125s CPU (162.0%)

PHY-1001 : Congestion index:
PHY-1001 : top1  = 85.73(S 78.45, N 70.60, E 79.23, W 77.37, I 178.81, O 182.15)
PHY-1001 : top5  = 73.38(S 64.41, N 60.02, E 62.33, W 61.68, I 105.95, O 125.44)
PHY-1001 : top10 = 67.28(S 55.50, N 52.25, E 53.46, W 53.68, I 79.84, O 99.09)
PHY-1001 : top15 = 62.93(S 49.00, N 46.62, E 47.47, W 48.51, I 66.30, O 84.59)
OPT-1001 : End congestion update;  2.597667s wall, 3.906250s user + 0.046875s system = 3.953125s CPU (152.2%)

OPT-0007 : Iter 1: improved SWNS 1004 STNS 0 NUM_FEPS 0 with 80 cells processed and 5739 slack improved
OPT-0007 : Iter 2: improved SWNS 1004 STNS 0 NUM_FEPS 0 with 6 cells processed and 132 slack improved
OPT-1001 : Overall commit ratio 0.59
OPT-1001 : End global optimization;  2.749889s wall, 4.046875s user + 0.046875s system = 4.093750s CPU (148.9%)

OPT-1001 : Current memory(MB): used = 1041, reserved = 1039, peak = 1041.
OPT-1001 : End Stage 2.7.2 | Global Optimization; Time: 3.405287s wall, 4.703125s user + 0.046875s system = 4.750000s CPU (139.5%); Memory(MB): used = 1041, reserved = 1039, peak = 1041;

OPT-0007 : End flow prepack: SWNS 1004 STNS 0 NUM_FEPS 0
OPT-1001 : End physical optimization;  10.930547s wall, 19.890625s user + 0.437500s system = 20.328125s CPU (186.0%)

PHY-1001 : End Stage 2.7 | Optimize Design; Time: 10.934020s wall, 19.890625s user + 0.437500s system = 20.328125s CPU (185.9%); Memory(MB): used = 1041, reserved = 1039, peak = 1041;

PHY-1001 : Stage 2.8 | Pack and Legalization
PHY-1001 : Stage 2.8.1 | Direct Legalization
PHY-3001 : Start Direct Legalization ...
PHY-3001 : Get top1 grid util = 0.693411, top1_avg = 0.693411.
PHY-1001 : Populate physical database on model design_top_wrapper.
PHY-3001 : Target density is 60%
PHY-3001 : Before Legalization for Slice Macros, Len = 1.20426e+06.
RUN-1001 : Legalization top10 inst displacement:
RUN-1001 : -------------------------------------------------------------------------------------------------------------------------------------------------------------------------------------------------------------------------
RUN-1001 :   Index  |  Bounded  |  Height  |       Location       |  Disp. (slots)  |  Disp. (grids)  |                                                            Name                                                             
RUN-1001 : -------------------------------------------------------------------------------------------------------------------------------------------------------------------------------------------------------------------------
RUN-1001 :     1    |     N     |    8     |   x2y8z2 to x9y8z0   |       58        |        7        |  u_ph1p35_324_ddr_wrapper/u_ddr2/ph1p_ddrmc_wrapper/ph1p_ddrmc_top/u_phy2mc_fifo/byteIdx_1[1]$u_wfifo_sync/ramread0_syn_88  
RUN-1001 :     2    |     N     |    8     |  x2y55z7 to x5y59z0  |       49        |        7        |   u_ph1p35_324_ddr_wrapper/u_ddr2/ph1p_ddrmc_wrapper/ph1p_ddrmc_top/u_ddr_phy/u_ddrphy_top/u_ddrphy_init/ramread0_syn_51    
RUN-1001 :     3    |     N     |    8     |  x2y55z5 to x5y53z0  |       45        |        5        |   u_ph1p35_324_ddr_wrapper/u_ddr2/ph1p_ddrmc_wrapper/ph1p_ddrmc_top/u_ddr_phy/u_ddrphy_top/u_ddrphy_init/ramread0_syn_151   
RUN-1001 :     4    |     N     |    8     |  x2y55z7 to x5y58z0  |       41        |        6        |   u_ph1p35_324_ddr_wrapper/u_ddr2/ph1p_ddrmc_wrapper/ph1p_ddrmc_top/u_ddr_phy/u_ddrphy_top/u_ddrphy_init/ramread0_syn_111   
RUN-1001 :     5    |     N     |    8     |  x2y55z7 to x5y54z0  |       39        |        4        |   u_ph1p35_324_ddr_wrapper/u_ddr2/ph1p_ddrmc_wrapper/ph1p_ddrmc_top/u_ddr_phy/u_ddrphy_top/u_ddrphy_init/ramread0_syn_71    
RUN-1001 :     6    |     N     |    8     |   x2y8z2 to x5y7z0   |       34        |        4        |  u_ph1p35_324_ddr_wrapper/u_ddr2/ph1p_ddrmc_wrapper/ph1p_ddrmc_top/u_phy2mc_fifo/byteIdx_1[1]$u_wfifo_sync/ramread0_syn_48  
RUN-1001 :     7    |     N     |    8     |  x1y48z6 to x5y49z0  |       34        |        5        |     u_ph1p35_324_ddr_wrapper/u_ddr2/ph1p_ddrmc_wrapper/ph1p_ddrmc_top/u_alc_mc_top/u_wr_data/u_ptr_ram1/ramread0_syn_25     
RUN-1001 :     8    |     N     |    8     |  x2y55z7 to x5y57z0  |       33        |        5        |   u_ph1p35_324_ddr_wrapper/u_ddr2/ph1p_ddrmc_wrapper/ph1p_ddrmc_top/u_ddr_phy/u_ddrphy_top/u_ddrphy_init/ramread0_syn_31    
RUN-1001 :     9    |     N     |    8     |   x2y8z4 to x5y8z0   |       28        |        3        |  u_ph1p35_324_ddr_wrapper/u_ddr2/ph1p_ddrmc_wrapper/ph1p_ddrmc_top/u_phy2mc_fifo/byteIdx_1[1]$u_wfifo_sync/ramread0_syn_68  
RUN-1001 :    10    |     N     |    8     |  x2y45z3 to x5y45z0  |       27        |        3        |     u_ph1p35_324_ddr_wrapper/u_ddr2/ph1p_ddrmc_wrapper/ph1p_ddrmc_top/u_alc_mc_top/u_wr_data/u_ptr_ram0/ramread0_syn_25     
RUN-1001 : -------------------------------------------------------------------------------------------------------------------------------------------------------------------------------------------------------------------------
PHY-3001 : After Legalization for Slice Macros, Len = 1.24528e+06.
RUN-1001 : Generating global routing grids ...
PHY-1001 : Generate routing nets ...
PHY-1001 : Reuse net number 19866/22308.
RUN-1002 : start command "update_timing -mode MANHATTAN"
RUN-1002 : start command "start_timer"
RUN-1003 : finish command "start_timer" in  1.630195s wall, 1.593750s user + 0.015625s system = 1.609375s CPU (98.7%)

RUN-1004 : used memory is 1066 MB, reserved memory is 1065 MB, peak memory is 1066 MB
RUN-1003 : finish command "update_timing -mode MANHATTAN" in  3.137851s wall, 3.062500s user + 0.046875s system = 3.109375s CPU (99.1%)

RUN-1004 : used memory is 1067 MB, reserved memory is 1065 MB, peak memory is 1067 MB
PHY-1001 : Global iterations in 32 thread ...
PHY-1002 : len = 1.65802e+06, over cnt = 767(1%), over = 1827, worst = 10
PHY-1002 : len = 1.67446e+06, over cnt = 632(0%), over = 1162, worst = 9
PHY-1002 : len = 1.69093e+06, over cnt = 323(0%), over = 576, worst = 9
PHY-1002 : len = 1.70584e+06, over cnt = 63(0%), over = 94, worst = 5
PHY-1002 : len = 1.70914e+06, over cnt = 8(0%), over = 9, worst = 2
PHY-1001 : End global iterations;  0.857223s wall, 1.140625s user + 0.015625s system = 1.156250s CPU (134.9%)

PHY-1001 : Congestion index:
PHY-1001 : top1  = 86.52(S 79.94, N 69.64, E 80.26, W 78.03, I 169.30, O 178.29)
PHY-1001 : top5  = 74.41(S 64.66, N 59.16, E 64.33, W 63.26, I 102.11, O 123.26)
PHY-1001 : top10 = 68.14(S 55.12, N 52.01, E 55.12, W 55.13, I 78.51, O 99.06)
PHY-1001 : top15 = 63.84(S 48.57, N 46.46, E 48.95, W 49.89, I 65.96, O 85.04)
PHY-3001 : Total Iter 108, legal = 22990 / 22990 (100.00%), avg_move = 29.90, max_move = 288.
PHY-3001 : There are no illegal insts.
PHY-1001 : Populate physical database on model design_top_wrapper.
PHY-3001 : End Direct Legalization;  21.788696s wall, 240.796875s user + 1.812500s system = 242.609375s CPU (1113.5%)

RUN-1001 : Summary of LUT-FF Pairs
RUN-1001 : ---------------------------------------------------------------
RUN-1001 :   Num of Fanout Seqs  |   1x   |  2x  |  3~5  |  6~10  |  >10  
RUN-1001 : ---------------------------------------------------------------
RUN-1001 :         Total         |  6705  |  5   |  53   |   3    |  23   
RUN-1001 :          Grid         |  6704  |  5   |  50   |   3    |  23   
RUN-1001 :          Bank         |  6587  |  5   |  48   |   3    |  23   
RUN-1001 :         Paired        |  6563  |  5   |  43   |   3    |  23   
RUN-1001 : ---------------------------------------------------------------
RUN-1001 : Summary of LUT Pairs
RUN-1001 : ---------------------------------------------------------------------------------------------------------------------
RUN-1001 :            |           |           |           |           |           |  O5 + O6  |  Only O5  |  Only O6  |  Total  
RUN-1001 : ---------------------------------------------------------------------------------------------------------------------
RUN-1001 :   5 Share  |  4 Share  |  3 Share  |  2 Share  |  1 Share  |  0 Share  |           |           |           |         
RUN-1001 :     51     |    165    |    265    |    406    |   1657    |   3385    |   5929    |   2269    |   1890    |  10088  
RUN-1001 : ---------------------------------------------------------------------------------------------------------------------
PHY-1001 : End Stage 2.8.1 | Direct Legalization; Time: 21.851311s wall, 240.875000s user + 1.812500s system = 242.687500s CPU (1110.6%); Memory(MB): used = 1161, reserved = 1158, peak = 1162;

PHY-3001 : Target density is 60%
PHY-3001 : After Direct Legalization, Len = 1.53271e+06.
PHY-1001 : End Stage 2.8 | Pack and Legalization; Time: 22.035132s wall, 241.046875s user + 1.812500s system = 242.859375s CPU (1102.1%); Memory(MB): used = 1162, reserved = 1158, peak = 1162;

RUN-1002 : start command "start_timer"
RUN-1003 : finish command "start_timer" in  3.217781s wall, 3.218750s user + 0.000000s system = 3.218750s CPU (100.0%)

RUN-1004 : used memory is 1162 MB, reserved memory is 1158 MB, peak memory is 1162 MB
PHY-1001 : End Stage 2 | Global Placement; Time: 60.765447s wall, 331.171875s user + 6.828125s system = 338.000000s CPU (556.2%); Memory(MB): used = 1162, reserved = 1158, peak = 1162;

PHY-1001 : Stage 3 | Detailed Placement
PHY-1001 : Stage 3.1 | SLICE Detailed Placement
PHY-1001 : Stage 3.1.1 | Spreading
PHY-3001 : Design contains 157 ce signals.
PHY-3001 : Spreading for sector grids.
PHY-3001 : Iter 1, total overflow: 0
PHY-3001 : tot_capacity: 36, usage_cnt: 16, movable_cnt: 26
PHY-3001 : Spreading for clock grids.
PHY-3001 : clock grid count for 24 x 4 grids
PHY-3001 : Spreading for plb grids.
PHY-3001 : total displace: 0, max displace: 0.
PHY-3001 : End spreading;  0.332083s wall, 0.343750s user + 0.000000s system = 0.343750s CPU (103.5%)

PHY-1001 : End Stage 3.1.1 | Spreading; Time: 0.332174s wall, 0.343750s user + 0.000000s system = 0.343750s CPU (103.5%); Memory(MB): used = 1165, reserved = 1162, peak = 1165;

PHY-1001 : Stage 3.1.2 | Simulated Annealing Based DP
RUN-1001 : Generating global routing grids ...
PHY-1001 : Generate routing nets ...
PHY-1001 : Reuse net number 2079/17582.
PHY-1001 : Global iterations in 32 thread ...
PHY-1002 : len = 1.64416e+06, over cnt = 1405(1%), over = 2944, worst = 9
PHY-1002 : len = 1.6757e+06, over cnt = 929(1%), over = 1596, worst = 9
PHY-1002 : len = 1.69611e+06, over cnt = 472(0%), over = 822, worst = 9
PHY-1002 : len = 1.71389e+06, over cnt = 88(0%), over = 139, worst = 5
PHY-1002 : len = 1.71686e+06, over cnt = 0(0%), over = 0, worst = 0
PHY-1001 : End global iterations;  1.667066s wall, 2.515625s user + 0.078125s system = 2.593750s CPU (155.6%)

PHY-1001 : Congestion index:
PHY-1001 : top1  = 75.67(S 67.66, N 57.79, E 71.55, W 65.54, I 62.61, O 74.42)
PHY-1001 : top5  = 64.85(S 54.68, N 48.68, E 56.22, W 54.76, I 51.90, O 61.15)
PHY-1001 : top10 = 59.50(S 47.08, N 42.91, E 48.16, W 48.18, I 45.69, O 54.63)
PHY-1001 : top15 = 55.95(S 41.83, N 38.76, E 43.17, W 43.82, I 41.29, O 49.70)
PHY-0007 : Initial: WL Cost = 120383, TD Cost = 96978.4, SWNS = 1261, STNS = 0, Nums per T = 95140, Range Limit = 4x8
PHY-0007 : Finally: WL Cost = 108731, TD Cost = 72888.8, WL Ratio = 0.903208, TD Ratio = 0.751598, SWNS = 1233, STNS = 0
RUN-1001 : Print Detailed placement's Summary information
RUN-1001 : ------------------------------------------------------------------------------------------------------------------------------
RUN-1001 :           |  Total   |  Accept  |  Reject by overFlow  |  Reject by worseCost  |  Failed by noTarget  |  Failed by gridCheck  
RUN-1001 : ------------------------------------------------------------------------------------------------------------------------------
RUN-1001 :   Slices  |  856260  |  24079   |         194          |        818547         |         284          |         13156         
RUN-1001 :   Macros  |  20346   |   171    |          63          |         20045         |          36          |          31           
RUN-1001 : ------------------------------------------------------------------------------------------------------------------------------
PHY-1001 : End Stage 3.1.2 | Simulated Annealing Based DP; Time: 21.357988s wall, 23.281250s user + 0.171875s system = 23.453125s CPU (109.8%); Memory(MB): used = 1175, reserved = 1171, peak = 1175;

PHY-3001 : End Detailed Place; 
PHY-3001 : Final: Len = 1.36606e+06, Over = 0
PHY-1001 : End Stage 3.1 | SLICE Detailed Placement; Time: 22.059262s wall, 23.984375s user + 0.171875s system = 24.156250s CPU (109.5%); Memory(MB): used = 1175, reserved = 1171, peak = 1175;

PHY-3001 : End Detailed Place; 
PHY-1001 : Stage 3.2 | Optimize Design
OPT-1001 : Start physical optimization ...
OPT-1001 : Total overflow 0.00 peak overflow 0.00
OPT-1001 : Stage 3.2.1 | Physical Optimization
OPT-1001 : Start high-fanout net optimization in optimize equivalent flow with medium effort ...
OPT-1001 : Clean unloaded insts before merging registers
PHY-1001 : Populate physical database on model design_top_wrapper.
PHY-1001 : Populate physical database on model design_top_wrapper.
OPT-1001 : Total overflow 0.00 peak overflow 0.00
OPT-1001 : End optimize duplicated nets. Total 64 instances are merged and 595 sinks are reconnected,  2.315778s wall, 2.296875s user + 0.000000s system = 2.296875s CPU (99.2%)

OPT-1001 : End high-fanout net optimization;  2.317617s wall, 2.296875s user + 0.000000s system = 2.296875s CPU (99.1%)

OPT-1001 : Update timing in Manhattan mode
RUN-1002 : start command "start_timer"
RUN-1003 : finish command "start_timer" in  2.599921s wall, 2.578125s user + 0.000000s system = 2.578125s CPU (99.2%)

RUN-1004 : used memory is 1175 MB, reserved memory is 1171 MB, peak memory is 1175 MB
OPT-1001 : End timing update;  4.133318s wall, 4.125000s user + 0.000000s system = 4.125000s CPU (99.8%)

OPT-1001 : Current memory(MB): used = 1175, reserved = 1171, peak = 1175.
OPT-1001 : End Stage 3.2.1 | Physical Optimization; Time: 6.617446s wall, 6.578125s user + 0.000000s system = 6.578125s CPU (99.4%); Memory(MB): used = 1175, reserved = 1171, peak = 1175;

OPT-1001 : Stage 3.2.2 | Synthesize High-fanout Net
OPT-1001 : Start high-fanout net optimization in post-pack flow with medium effort ...
OPT-1001 : Start: SWNS 1233 STNS 0 NUM_FEPS 0
OPT-1001 : Total overflow 0.00 peak overflow 0.00
PHY-1001 : Populate physical database on model design_top_wrapper.
OPT-1001 : 12 high-fanout net processed.
OPT-1001 : Total overflow 0.00 peak overflow 0.00
RUN-1001 : HFN opt statistic
RUN-1001 : ------------------------------------------------------
RUN-1001 :   DriverCell type  |  HFN count  |  Duplicated count  
RUN-1001 : ------------------------------------------------------
RUN-1001 :       LSLICE       |      0      |         0          
RUN-1001 :       MSLICE       |      0      |         0          
RUN-1001 :        OTHER       |     12      |         11         
RUN-1001 :        TOTAL       |     12      |         11         
RUN-1001 : ------------------------------------------------------
OPT-1001 : End high-fanout net optimization;  0.753787s wall, 0.750000s user + 0.000000s system = 0.750000s CPU (99.5%)

OPT-1001 : Current memory(MB): used = 1175, reserved = 1171, peak = 1175.
OPT-1001 : End Stage 3.2.2 | Synthesize High-fanout Net; Time: 0.918375s wall, 0.921875s user + 0.000000s system = 0.921875s CPU (100.4%); Memory(MB): used = 1175, reserved = 1171, peak = 1175;

OPT-1001 : Stage 3.2.3 | Optimize Path
OPT-1001 : Start unpack path based optimization ...
OPT-0007 : Start: SWNS 1233 STNS 0 NUM_FEPS 0 with mode 2
OPT-1001 : Start congestion update ...
RUN-1001 : Generating global routing grids ...
PHY-1001 : Generate routing nets ...
PHY-1001 : Reuse net number 6121/18216.
PHY-1001 : Global iterations in 32 thread ...
PHY-1002 : len = 1.54744e+06, over cnt = 1662(2%), over = 3411, worst = 9
PHY-1002 : len = 1.58216e+06, over cnt = 1144(1%), over = 2002, worst = 9
PHY-1002 : len = 1.61749e+06, over cnt = 438(0%), over = 763, worst = 8
PHY-1002 : len = 1.63726e+06, over cnt = 40(0%), over = 76, worst = 8
PHY-1002 : len = 1.63912e+06, over cnt = 0(0%), over = 0, worst = 0
PHY-1001 : End global iterations;  1.580845s wall, 2.578125s user + 0.000000s system = 2.578125s CPU (163.1%)

PHY-1001 : Congestion index:
PHY-1001 : top1  = 72.11(S 65.78, N 58.64, E 66.94, W 66.58, I 62.03, O 72.29)
PHY-1001 : top5  = 63.62(S 54.75, N 49.42, E 53.63, W 54.67, I 51.00, O 59.23)
PHY-1001 : top10 = 58.72(S 47.36, N 43.79, E 46.55, W 48.22, I 45.05, O 52.83)
PHY-1001 : top15 = 55.36(S 42.13, N 39.82, E 41.93, W 43.89, I 40.94, O 48.61)
OPT-1001 : End congestion update;  2.035999s wall, 3.046875s user + 0.000000s system = 3.046875s CPU (149.7%)

OPT-0007 : Iter 1: improved SWNS 1548 STNS 0 NUM_FEPS 0 with 63(986) cells and 493(493) paths processed with 10255 slack improved, crit_thod: 3000 ratio: 0.95(73/77) rt: 0.5s
OPT-0007 : Iter 2: improved SWNS 1548 STNS 0 NUM_FEPS 0 with 1(288) cells and 144(144) paths processed with 18 slack improved, crit_thod: 3000 ratio: 0.33(1/3) rt: 0.2s
OPT-1001 : End path based optimization;  2.835913s wall, 3.828125s user + 0.000000s system = 3.828125s CPU (135.0%)

OPT-1001 : Current memory(MB): used = 1176, reserved = 1171, peak = 1176.
OPT-1001 : End Stage 3.2.3 | Optimize Path; Time: 3.003918s wall, 4.000000s user + 0.000000s system = 4.000000s CPU (133.2%); Memory(MB): used = 1176, reserved = 1171, peak = 1176;

OPT-1001 : Stage 3.2.4 | Optimize Duplicated Nets
OPT-1001 : Start: WNS 1548 TNS 0 NUM_FEPS 0
OPT-1001 : Clean unloaded insts before merging registers
PHY-1001 : Populate physical database on model design_top_wrapper.
PHY-1001 : Populate physical database on model design_top_wrapper.
OPT-1001 : Total overflow 0.00 peak overflow 0.00
OPT-1001 : End optimize duplicated nets. Total 2 instances are merged and 159 sinks are reconnected,  2.247285s wall, 2.250000s user + 0.000000s system = 2.250000s CPU (100.1%)

OPT-1001 : Update timing in Manhattan mode
RUN-1002 : start command "start_timer"
RUN-1003 : finish command "start_timer" in  2.619900s wall, 2.625000s user + 0.000000s system = 2.625000s CPU (100.2%)

RUN-1004 : used memory is 1176 MB, reserved memory is 1171 MB, peak memory is 1176 MB
OPT-1001 : End timing update;  4.191304s wall, 4.187500s user + 0.000000s system = 4.187500s CPU (99.9%)

OPT-1001 : Current memory(MB): used = 1176, reserved = 1171, peak = 1176.
OPT-1001 : End Stage 3.2.4 | Optimize Duplicated Nets; Time: 6.609483s wall, 6.609375s user + 0.000000s system = 6.609375s CPU (100.0%); Memory(MB): used = 1176, reserved = 1171, peak = 1176;

OPT-1001 : Stage 3.2.5 | Swap Pins
OPT-1001 : Start pin optimization...
OPT-1001 : Start: SWNS 1548 STNS 0 NUM_FEPS 0
OPT-1001 : Successfully optimized 679 instances
OPT-1001 : Successfully optimized 149 instances
OPT-1001 : End pin optimization;  1.371743s wall, 1.375000s user + 0.000000s system = 1.375000s CPU (100.2%)

OPT-1001 : Current memory(MB): used = 1176, reserved = 1171, peak = 1176.
OPT-1001 : End Stage 3.2.5 | Swap Pins; Time: 1.538521s wall, 1.546875s user + 0.000000s system = 1.546875s CPU (100.5%); Memory(MB): used = 1176, reserved = 1171, peak = 1176;

OPT-1001 : Stage 3.2.6 | Optimize Beeline
OPT-1001 : Start beeline optimization...
OPT-1001 : Start: SWNS 1548 STNS 0 NUM_FEPS 0
PHY-1001 : Beeline DP, 685 out of 4895 (13.99)%; hop = 914.
PHY-1001 : Beeline DP, 190 out of 4211 (4.51)%; hop = 254.
PHY-1001 : Beeline DP, 96 out of 4107 (2.34)%; hop = 127.
PHY-1001 : Beeline DP, 68 out of 4076 (1.67)%; hop = 90.
PHY-1001 : Beeline DP, 67 out of 4074 (1.64)%; hop = 85.
PHY-1001 : Beeline optimization intraPLB, 2172 1-hop(38.88%), 2365 2-hop(42.34%), 422 3-hop( 7.55%), 627 others (11.22%)
PHY-1001 :  10.549721s wall, 10.546875s user + 0.000000s system = 10.546875s CPU (100.0%)

RUN-1001 : Beeline optimization outerPLB: 1-hop 1781, 2-hop 3235, 3-hop 1902, 4-hop 632, other 1699 
OPT-1001 : End beeline optimization;  11.209385s wall, 11.187500s user + 0.000000s system = 11.187500s CPU (99.8%)

OPT-1001 : Update timing in Manhattan mode
OPT-1001 : End timing update;  1.586231s wall, 1.578125s user + 0.000000s system = 1.578125s CPU (99.5%)

OPT-1001 : End Stage 3.2.6 | Optimize Beeline; Time: 13.096967s wall, 13.078125s user + 0.000000s system = 13.078125s CPU (99.9%); Memory(MB): used = 1176, reserved = 1171, peak = 1176;

OPT-0007 : End flow postpack: SWNS 1523 STNS 0 NUM_FEPS 0
RUN-1001 : Generating global routing grids ...
PHY-1001 : Generate routing nets ...
PHY-1001 : Reuse net number 16013/17576.
PHY-1001 : Global iterations in 32 thread ...
PHY-1002 : len = 1.65304e+06, over cnt = 380(0%), over = 556, worst = 7
PHY-1002 : len = 1.65731e+06, over cnt = 259(0%), over = 330, worst = 4
PHY-1002 : len = 1.66536e+06, over cnt = 78(0%), over = 96, worst = 3
PHY-1002 : len = 1.6675e+06, over cnt = 10(0%), over = 10, worst = 1
PHY-1002 : len = 1.66773e+06, over cnt = 0(0%), over = 0, worst = 0
PHY-1001 : End global iterations;  0.646735s wall, 0.750000s user + 0.000000s system = 0.750000s CPU (116.0%)

PHY-1001 : Congestion index:
PHY-1001 : top1  = 72.97(S 66.19, N 58.18, E 67.43, W 67.07, I 61.87, O 72.37)
PHY-1001 : top5  = 63.84(S 54.91, N 49.09, E 54.39, W 55.06, I 50.71, O 58.95)
PHY-1001 : top10 = 58.95(S 47.36, N 43.58, E 47.25, W 48.27, I 44.79, O 52.62)
PHY-1001 : top15 = 55.57(S 42.26, N 39.65, E 42.50, W 43.71, I 40.75, O 48.54)
RUN-1001 : QoR Analysis:
OPT-0007 :   SWNS 1523 STNS 0 NUM_FEPS 0
RUN-1001 :   No local congestion issue, and most congested 1% tile average routing util is 72.394737
RUN-1001 :   Top critical paths
RUN-1001 :       #1 path slack 1523ps with logic level 1 
RUN-1001 :       #2 path slack 1548ps with logic level 1 
RUN-1001 :       #3 path slack 1548ps with logic level 1 
RUN-1001 :       #4 path slack 1548ps with logic level 1 
RUN-1001 :       #5 path slack 1548ps with logic level 1 
RUN-1001 :       #6 path slack 1548ps with logic level 1 
RUN-1001 :       #7 path slack 1553ps with logic level 1 
RUN-1001 :       #8 path slack 1553ps with logic level 1 
RUN-1001 :       #9 path slack 1553ps with logic level 1 
RUN-1001 :       #10 path slack 1553ps with logic level 1 
OPT-1001 : End physical optimization;  33.086522s wall, 34.156250s user + 0.000000s system = 34.156250s CPU (103.2%)

PHY-1001 : End Stage 3.2 | Optimize Design; Time: 33.086728s wall, 34.156250s user + 0.000000s system = 34.156250s CPU (103.2%); Memory(MB): used = 1176, reserved = 1171, peak = 1176;

RUN-1001 : Report Control nets information:
RUN-1001 : DFF Distribution
RUN-1001 : -------------------------------------
RUN-1001 :   CE   |  SSR  |  ASR  |  DFF Count  
RUN-1001 : -------------------------------------
RUN-1001 :   No   |  No   |  No   |     224     
RUN-1001 :   No   |  No   |  Yes  |      0      
RUN-1001 :   No   |  Yes  |  No   |      0      
RUN-1001 :   Yes  |  No   |  No   |    6840     
RUN-1001 :   Yes  |  No   |  Yes  |    6619     
RUN-1001 :   Yes  |  Yes  |  No   |     364     
RUN-1001 : -------------------------------------
RUN-1001 : Control Group Statistic
RUN-1001 : -----------------------------
RUN-1001 :   #CLK  |  #CE  |  #SSR/ASR  
RUN-1001 : -----------------------------
RUN-1001 :    10   |  403  |     31     
RUN-1001 : -----------------------------
RUN-0007 : Control Set = 481
PHY-1001 : End Stage 3 | Detailed Placement; Time: 55.340803s wall, 58.328125s user + 0.171875s system = 58.500000s CPU (105.7%); Memory(MB): used = 1176, reserved = 1171, peak = 1176;

PHY-1001 : Populate physical database on model design_top_wrapper.
PHY-1001 : Stage 4 | Optimize Design
PHY-3001 : Start incremental legalization ...
PHY-1001 : Populate physical database on model design_top_wrapper.
PHY-1001 : Processing 2 clock pins of DDR instance u_ph1p35_324_ddr_wrapper/u_ddr2/ph1p_ddrmc_wrapper/ph1p_ddrmc_top/u_ddr_phy/u_ddrphy_top/u_ddrphy/ac_byte[0]$ac_byte_used$u_ddrphy_ac_byte_wrapper/u_ddrphy_byte, location = x0y70z0.
PHY-1001 :   Placed ioclk instance u_ph1p35_324_ddr_wrapper/u_ddr2/ph1p_ddrmc_wrapper/ph1p_ddrmc_top/u_ddr_phy/u_ddrphy_top/u_ddrphy_clk/ioclk[0]$u_ioclk_1, location = x0y59z1.
PHY-1001 :   Placed ioclk instance u_ph1p35_324_ddr_wrapper/u_ddr2/ph1p_ddrmc_wrapper/ph1p_ddrmc_top/u_ddr_phy/u_ddrphy_top/u_ddrphy_clk/ioclk[0]$u_ioclk_0, location = x0y59z0.
PHY-1001 : Processing 2 clock pins of DDR instance u_ph1p35_324_ddr_wrapper/u_ddr2/ph1p_ddrmc_wrapper/ph1p_ddrmc_top/u_ddr_phy/u_ddrphy_top/u_ddrphy/ac_byte[1]$ac_byte_used$u_ddrphy_ac_byte_wrapper/u_ddrphy_byte, location = x0y60z0.
PHY-1001 :   Placed ioclk instance u_ph1p35_324_ddr_wrapper/u_ddr2/ph1p_ddrmc_wrapper/ph1p_ddrmc_top/u_ddr_phy/u_ddrphy_top/u_ddrphy_clk/ioclk[0]$u_ioclk_1, location = x0y59z1.
PHY-1001 :   Placed ioclk instance u_ph1p35_324_ddr_wrapper/u_ddr2/ph1p_ddrmc_wrapper/ph1p_ddrmc_top/u_ddr_phy/u_ddrphy_top/u_ddrphy_clk/ioclk[0]$u_ioclk_0, location = x0y59z0.
PHY-1001 : Processing 2 clock pins of DDR instance u_ph1p35_324_ddr_wrapper/u_ddr2/ph1p_ddrmc_wrapper/ph1p_ddrmc_top/u_ddr_phy/u_ddrphy_top/u_ddrphy/ac_byte[2]$ac_byte_used$u_ddrphy_ac_byte_wrapper/u_ddrphy_byte, location = x0y50z0.
PHY-1001 :   Placed ioclk instance u_ph1p35_324_ddr_wrapper/u_ddr2/ph1p_ddrmc_wrapper/ph1p_ddrmc_top/u_ddr_phy/u_ddrphy_top/u_ddrphy_clk/ioclk[0]$u_ioclk_1, location = x0y59z1.
PHY-1001 :   Placed ioclk instance u_ph1p35_324_ddr_wrapper/u_ddr2/ph1p_ddrmc_wrapper/ph1p_ddrmc_top/u_ddr_phy/u_ddrphy_top/u_ddrphy_clk/ioclk[0]$u_ioclk_0, location = x0y59z0.
PHY-1001 : Processing 2 clock pins of DDR instance u_ph1p35_324_ddr_wrapper/u_ddr2/ph1p_ddrmc_wrapper/ph1p_ddrmc_top/u_ddr_phy/u_ddrphy_top/u_ddrphy/ac_byte[3]$ac_byte_used$u_ddrphy_ac_byte_wrapper/u_ddrphy_byte, location = x0y40z0.
PHY-1001 :   Placed ioclk instance u_ph1p35_324_ddr_wrapper/u_ddr2/ph1p_ddrmc_wrapper/ph1p_ddrmc_top/u_ddr_phy/u_ddrphy_top/u_ddrphy_clk/ioclk[0]$u_ioclk_1, location = x0y59z1.
PHY-1001 :   Placed ioclk instance u_ph1p35_324_ddr_wrapper/u_ddr2/ph1p_ddrmc_wrapper/ph1p_ddrmc_top/u_ddr_phy/u_ddrphy_top/u_ddrphy_clk/ioclk[0]$u_ioclk_0, location = x0y59z0.
PHY-1001 : Processing 2 clock pins of DDR instance u_ph1p35_324_ddr_wrapper/u_ddr2/ph1p_ddrmc_wrapper/ph1p_ddrmc_top/u_ddr_phy/u_ddrphy_top/u_ddrphy/dx_byte[0]$dx_byte_used$u_ddrphy_dx_byte_wrapper/u_ddrphy_byte, location = x0y30z0.
PHY-1001 :   Placed ioclk instance u_ph1p35_324_ddr_wrapper/u_ddr2/ph1p_ddrmc_wrapper/ph1p_ddrmc_top/u_ddr_phy/u_ddrphy_top/u_ddrphy_clk/ioclk[1]$u_ioclk_1, location = x0y19z1.
PHY-1001 :   Placed ioclk instance u_ph1p35_324_ddr_wrapper/u_ddr2/ph1p_ddrmc_wrapper/ph1p_ddrmc_top/u_ddr_phy/u_ddrphy_top/u_ddrphy_clk/ioclk[1]$u_ioclk_0, location = x0y19z0.
PHY-1001 : Processing 2 clock pins of DDR instance u_ph1p35_324_ddr_wrapper/u_ddr2/ph1p_ddrmc_wrapper/ph1p_ddrmc_top/u_ddr_phy/u_ddrphy_top/u_ddrphy/dx_byte[1]$dx_byte_used$u_ddrphy_dx_byte_wrapper/u_ddrphy_byte, location = x0y10z0.
PHY-1001 :   Placed ioclk instance u_ph1p35_324_ddr_wrapper/u_ddr2/ph1p_ddrmc_wrapper/ph1p_ddrmc_top/u_ddr_phy/u_ddrphy_top/u_ddrphy_clk/ioclk[1]$u_ioclk_1, location = x0y19z1.
PHY-1001 :   Placed ioclk instance u_ph1p35_324_ddr_wrapper/u_ddr2/ph1p_ddrmc_wrapper/ph1p_ddrmc_top/u_ddr_phy/u_ddrphy_top/u_ddrphy_clk/ioclk[1]$u_ioclk_0, location = x0y19z0.
PHY-3001 : Target density is 60%
PHY-3001 : Target density is 60%
PHY-3001 : Initial: Len = 1.41749e+06, Over = 0
PHY-1001 : Stage 4.1 | Spreading
PHY-3001 : Design contains 141 ce signals.
PHY-3001 : Spreading for sector grids.
PHY-3001 : Iter 1, total overflow: 0
PHY-3001 : tot_capacity: 36, usage_cnt: 16, movable_cnt: 27
PHY-3001 : Spreading for clock grids.
PHY-3001 : clock grid count for 24 x 4 grids
PHY-3001 : Spreading for plb grids.
PHY-3001 : total displace: 0, max displace: 0.
PHY-3001 : End spreading;  0.345028s wall, 0.312500s user + 0.031250s system = 0.343750s CPU (99.6%)

PHY-1001 : End Stage 4.1 | Spreading; Time: 0.345110s wall, 0.312500s user + 0.031250s system = 0.343750s CPU (99.6%); Memory(MB): used = 1176, reserved = 1171, peak = 1176;

PHY-3001 : Final: Len = 1.41749e+06, Over = 0
PHY-3001 : End incremental legalization;  0.643665s wall, 0.609375s user + 0.031250s system = 0.640625s CPU (99.5%)

RUN-1002 : start command "report_qor -step place -file place.qor"
RUN-1002 : start command "start_timer"
RUN-1003 : finish command "start_timer" in  1.923058s wall, 1.921875s user + 0.000000s system = 1.921875s CPU (99.9%)

RUN-1004 : used memory is 1176 MB, reserved memory is 1171 MB, peak memory is 1176 MB
RUN-1001 : Generating global routing grids ...
-----------------------------------------------------------
| QoR metrics               |         value               |
-----------------------------------------------------------
| Timing                    |                             |
|     Setup WNS             |         1523                |
|     Setup TNS             |            0                |
|     Num of violated S-EP  |            0                |
|     FMAX                  |   874.891MHz                |
|     SWNS path clock period |       2666ps                |
|     Hold WNS              |         -284                |
|     Hold TNS              |       -72625                |
|     Num of violated H-EP  |          545                |
-----------------------------------------------------------
| Routing Resource          |                             |
|     Wire length           |      1413084                |
|     Route Net Num         |        22054                |
|     DontRoute Net Num     |         9133                |
|     RouteSinks Num        |        66123                |
-----------------------------------------------------------
| Utilization               |                             |
|     #slices               |        12883                |
|     slices percentage     |       60.72%                |
|     #RAMs                 |           50                |
|     #DSPs                 |            8                |
|     #DRAMHARDCON          |           37                |
-----------------------------------------------------------
| Congestion                |                             |
|     Top 1% tile util      |           68                |
|     Top 1% tile avg util  |       72.39%                |
|     Over 100% util #tile  |            0                |
-----------------------------------------------------------
Report place stage QoR done.

RUN-1003 : finish command "report_qor -step place -file place.qor" in  4.289007s wall, 4.828125s user + 0.000000s system = 4.828125s CPU (112.6%)

RUN-1004 : used memory is 1176 MB, reserved memory is 1171 MB, peak memory is 1176 MB
PHY-1001 : End Stage 4 | Optimize Design; Time: 4.955080s wall, 5.468750s user + 0.031250s system = 5.500000s CPU (111.0%); Memory(MB): used = 1176, reserved = 1171, peak = 1176;

PHY-1001 : Stage 5 | DRC Check
PHY-1001 : Stage 5.1 | Slice Attributes Check
PHY-1035 : Redundant attributes/nets in slice detected. You can use tcl "check_slice_attr -verbose" to get full message.
PHY-1039 : Found 112 mslices getting no used reg attributes, eg: u_hdmi_tx/u_hdmi_1_4b_transmitter_core_wrapper/u_hdmi_tx_controller_wrapper/u_hdmi_video_data_assemble/S_island_guard_band_1d_syn_10.
PHY-1039 : Found 112 mslices getting no used ce attributes, eg: u_hdmi_tx/u_hdmi_1_4b_transmitter_core_wrapper/u_hdmi_tx_controller_wrapper/u_hdmi_video_data_assemble/S_island_guard_band_1d_syn_10.
PHY-1001 : End Stage 5.1 | Slice Attributes Check; Time: 0.059610s wall, 0.046875s user + 0.000000s system = 0.046875s CPU (78.6%); Memory(MB): used = 1176, reserved = 1171, peak = 1176;

PHY-1001 : Stage 5.2 | Clock Bound Check
PHY-1001 : Check pass.
PHY-1001 : End Stage 5.2 | Clock Bound Check; Time: 0.002639s wall, 0.015625s user + 0.000000s system = 0.015625s CPU (592.1%); Memory(MB): used = 1176, reserved = 1171, peak = 1176;

PHY-1001 : Stage 5.3 | Force Route Constraint Check
PHY-1001 : Check Pass.
PHY-1001 : End Stage 5.3 | Force Route Constraint Check; Time: 0.002792s wall, 0.000000s user + 0.000000s system = 0.000000s CPU (n/a%); Memory(MB): used = 1176, reserved = 1171, peak = 1176;

PHY-1001 : Stage 5.4 | Sigmap Check
PHY-1001 : Check pass.
PHY-1001 : End Stage 5.4 | Sigmap Check; Time: 0.098301s wall, 0.093750s user + 0.000000s system = 0.093750s CPU (95.4%); Memory(MB): used = 1176, reserved = 1171, peak = 1176;

PHY-1001 : Stage 5.5 | Duplicated SelfDriven Check
PHY-1001 : Check pass.
PHY-1001 : End Stage 5.5 | Duplicated SelfDriven Check; Time: 0.393994s wall, 0.390625s user + 0.000000s system = 0.390625s CPU (99.1%); Memory(MB): used = 1176, reserved = 1171, peak = 1176;

PHY-1001 : Stage 5.6 | Clock Rule Check
PHY-5088 WARNING: Clock_Analyzer: Detected 1 buffer(s) clkin net because they drive non-clock sinks. Run "analyze_clock -detail" for more infomation.
PHY-5088 WARNING: Clock_Analyzer: Detected 1 buffer(s) clkout net because they drive non-clock sinks. Run "analyze_clock -detail" for more infomation.
PHY-5088 WARNING: Clock_Analyzer: 3 clock-net(s) because they drive other clock net, may cause clock skew. Run "analyze_clock -detail" for more infomation.
PHY-1001 : End Stage 5.6 | Clock Rule Check; Time: 0.085013s wall, 0.093750s user + 0.000000s system = 0.093750s CPU (110.3%); Memory(MB): used = 1176, reserved = 1171, peak = 1176;

PHY-1001 : End Stage 5 | DRC Check; Time: 0.714019s wall, 0.718750s user + 0.000000s system = 0.718750s CPU (100.7%); Memory(MB): used = 1176, reserved = 1171, peak = 1176;

OPT-1001 : QoR tracer report on placement steps:
    SWNS [   incr ]    STNS [   incr ]    FEPS [   incr ]    CRIT [   incr ]      CELL [     incr ]        WL [     incr ]    CONG [   incr ]    PDES [   incr ]   RT(s) [   incr ]   MEM(mb) [     incr ]
       0 [      0 ]       0 [      0 ]       0 [      0 ]       0 [      0 ]     27141 [        0 ]         0 [        0 ]    0.00 [   0.00 ]       0 [      0 ]       0 [      0 ]       521 [        0 ] : preplace:simplify_lut
       0 [      0 ]       0 [      0 ]       0 [      0 ]       0 [      0 ]     27141 [        0 ]         0 [        0 ]    0.00 [   0.00 ]       0 [      0 ]       0 [      0 ]       521 [        0 ] : preplace:sweep
       0 [      0 ]       0 [      0 ]       0 [      0 ]       0 [      0 ]     27141 [        0 ]         0 [        0 ]    0.00 [   0.00 ]       0 [      0 ]       0 [      0 ]       521 [        0 ] : preplace:lut_merge
       0 [      0 ]       0 [      0 ]       0 [      0 ]       0 [      0 ]     27141 [        0 ]         0 [        0 ]    0.00 [   0.00 ]       0 [      0 ]       0 [      0 ]       522 [        1 ] : preplace:hfn_opt
     987 [    987 ]       0 [      0 ]       0 [      0 ]    4486 [   4486 ]     28927 [     1786 ]   1813855 [  1813855 ]    0.00 [   0.00 ]       0 [      0 ]      13 [     13 ]       929 [      407 ] : step1_gp
     987 [      0 ]       0 [      0 ]       0 [      0 ]    4492 [      6 ]     28927 [        0 ]   1821641 [     7786 ]    0.00 [   0.00 ]       0 [      0 ]      14 [      1 ]       935 [        6 ] : step1_legal
     987 [      0 ]       0 [      0 ]       0 [      0 ]    4496 [      4 ]     28927 [        0 ]   1751630 [   -70011 ]    0.00 [   0.00 ]       0 [      0 ]      17 [      3 ]       936 [        1 ] : step1_dp
    1210 [    223 ]       0 [      0 ]       0 [      0 ]    4618 [    122 ]     28927 [        0 ]   1541556 [  -210074 ]  201.71 [ 201.71 ]       0 [      0 ]      24 [      7 ]      1026 [       90 ] : step2_gp
    1210 [      0 ]       0 [      0 ]       0 [      0 ]    4621 [      3 ]     28927 [        0 ]   1538597 [    -2959 ]  201.71 [   0.00 ]       0 [      0 ]      26 [      2 ]      1027 [        1 ] : step2_dp
    1210 [      0 ]       0 [      0 ]       0 [      0 ]    4621 [      0 ]     28927 [        0 ]   1538597 [        0 ]  201.71 [   0.00 ]       0 [      0 ]      27 [      1 ]      1028 [        1 ] : prepack_spreading
     981 [   -229 ]       0 [      0 ]       0 [      0 ]    4773 [    152 ]     29081 [      154 ]   1196208 [  -342389 ]  174.68 [ -27.03 ]       0 [      0 ]      34 [      7 ]      1041 [       13 ] : prepack:hfn_opt
    1004 [     23 ]       0 [      0 ]       0 [      0 ]    4773 [      0 ]     29081 [        0 ]   1197195 [      987 ]   85.32 [ -89.37 ]       0 [      0 ]      37 [      3 ]      1041 [        0 ] : prepack:global_opt
    1261 [    257 ]       0 [      0 ]       0 [      0 ]    5058 [    285 ]     14869 [   -14212 ]   1528289 [   331094 ]   86.11 [   0.79 ]       0 [      0 ]      64 [     27 ]      1162 [      121 ] : direct_legalization
    1261 [      0 ]       0 [      0 ]       0 [      0 ]    5058 [      0 ]     14869 [        0 ]   1528289 [        0 ]   86.11 [   0.00 ]       0 [      0 ]      65 [      1 ]      1166 [        4 ] : post_pack_spreading
    1233 [    -28 ]       0 [      0 ]       0 [      0 ]    5222 [    164 ]     14869 [        0 ]   1361641 [  -166648 ]   75.24 [ -10.87 ]       0 [      0 ]      86 [     21 ]      1175 [        9 ] : post_pack_dp
    1233 [      0 ]       0 [      0 ]       0 [      0 ]    5227 [      5 ]     14852 [      -17 ]   1354493 [    -7148 ]   75.24 [   0.00 ]       0 [      0 ]      93 [      7 ]      1175 [        0 ] : postpack:optimize_equivalent_quick
    1233 [      0 ]       0 [      0 ]       0 [      0 ]    5222 [     -5 ]     14863 [       11 ]   1355690 [     1197 ]   75.24 [   0.00 ]       0 [      0 ]      94 [      1 ]      1175 [        0 ] : postpack:hfn_opt
    1548 [    315 ]       0 [      0 ]       0 [      0 ]    5227 [      5 ]     14874 [       11 ]   1361826 [     6136 ]   71.47 [  -3.76 ]       0 [      0 ]      97 [      3 ]      1176 [        1 ] : postpack:path_opt
    1548 [      0 ]       0 [      0 ]       0 [      0 ]    5228 [      1 ]     14872 [       -2 ]   1361202 [     -624 ]   71.47 [   0.00 ]       0 [      0 ]     104 [      7 ]      1176 [        0 ] : postpack:optimize_equivalent
    1548 [      0 ]       0 [      0 ]       0 [      0 ]    5364 [    136 ]     14872 [        0 ]   1361202 [        0 ]   71.47 [   0.00 ]       0 [      0 ]     105 [      1 ]      1176 [        0 ] : postpack:pin_opt
    1523 [    -25 ]       0 [      0 ]       0 [      0 ]    5347 [    -17 ]     14872 [        0 ]   1395054 [    33852 ]   71.47 [   0.00 ]       0 [      0 ]     118 [     13 ]      1176 [        0 ] : postpack:beeline_opt

RUN-1003 : finish command "place" in  125.956945s wall, 399.843750s user + 7.046875s system = 406.890625s CPU (323.0%)

RUN-1004 : used memory is 1176 MB, reserved memory is 1171 MB, peak memory is 1176 MB
RUN-1002 : start command "update_timing -mode manhattan"
RUN-1002 : start command "start_timer"
RUN-1003 : finish command "start_timer" in  1.959765s wall, 1.921875s user + 0.015625s system = 1.937500s CPU (98.9%)

RUN-1004 : used memory is 1176 MB, reserved memory is 1170 MB, peak memory is 1176 MB
RUN-1003 : finish command "update_timing -mode manhattan" in  3.452263s wall, 3.390625s user + 0.015625s system = 3.406250s CPU (98.7%)

RUN-1004 : used memory is 1176 MB, reserved memory is 1170 MB, peak memory is 1176 MB
RUN-1002 : start command "report_timing_summary -file camera_to_dsi_display_place.timing"
RUN-1002 : start command "report_area -io_info -file camera_to_dsi_display_phy.area"
SYN-4034 : The count of slices with lut is 6914.
SYN-4035 : The count of slices with lut+ripple is 3173.
RUN-1001 : standard
***Report Model: design_top_wrapper Device: PH1P35MDG324***

Design Statistics
#IO                        58   out of    160   36.25%
  #input                    2
  #output                  31
  #inout                   25
#lut6                   10495   out of  21216   49.47%
#reg                    13823
  #slice reg            13823   out of  42432   32.58%
  #pad reg                  0

Utilization Statistics
#slice                  12883   out of  21216   60.72%
  #used ram               408
    #dram lut             296
    #shifter lut          112
  #used logic           12475
    #with luts           6914
    #with adder          3173
    #reg only            2388
#f7mux                      0   out of  10608    0.00%
#f8mux                      0   out of   5304    0.00%
#eram                      50   out of    108   46.30%
  #eram20k                 50
  #fifo20k                  0
#dsp                        8   out of     40   20.00%
#ddr_byte                   6   out of     12   50.00%
#mipi_tx                    0   out of      2    0.00%
#mipi_rx                    1   out of      2   50.00%
#pad                       17   out of    160   10.62%
#pll                        3   out of      6   50.00%
#gclk                       9   out of     32   28.12%
#lclk                       0   out of     12    0.00%
#sclk                       0   out of     48    0.00%
#mlclk                      2   out of      6   33.33%
#ioclk                      4   out of     18   22.22%

RUN-1002 : start command "flow_status -file place_flow.status"
Location         : D:\2026fpga\lab_hd_1_mipi_hdmi\td_project\camera_to_dsi_display_Runs\phy_1
Running with     : Tang Dynasty v6.2.168116
                   Copyright (c) 2012-2025 Anlogic Inc.
Top Model        : design_top_wrapper
Device           : PH1P35MDG324
Speed            : 3

Timing Mode      : manhattan
Setup            : WNS  1523ps  TNS        0ps  NUM_FEPS     0
Hold             : WNS  -284ps  TNS   -72625ps  NUM_FEPS   545

Flow Statistics  :
RUN-1001 : Flow Statistics:
RUN-1001 : --------------------------------------------------------------------------------------------------
RUN-1001 :      command     |  #calls  |  wall time  |  cpu time(s)  |  used memory(mb)  |  peak memory(mb)  
RUN-1001 : --------------------------------------------------------------------------------------------------
RUN-1001 :       place      |    1     |  2m5s(97%)  |   406(99%)    |       1176        |       1176        
RUN-1001 :   import_device  |    1     |   2s(1%)    |     2(0%)     |        323        |        323        
RUN-1001 :     import_db    |    1     |   1s(0%)    |     0(0%)     |        520        |        520        
RUN-1001 : --------------------------------------------------------------------------------------------------
RUN-1001 :       total      |    3     |    2m8s     |      408      |       1176        |       1176        
RUN-1001 : --------------------------------------------------------------------------------------------------
RUN-1002 : start command "report_clock_utilization -file place_clock_utilization.txt"
RUN-1002 : start command "export_db camera_to_dsi_display_place.db"
RUN-1001 : Exported flow parameters
RUN-1001 : Exported /
RUN-1001 : Exported libs
RUN-1001 : Exported entities
RUN-1001 : Exported ports
RUN-1001 : Exported pins
RUN-1001 : Exported instances
RUN-1001 : Exported nets
RUN-1001 : Exported buses
RUN-1001 : Exported models
RUN-1001 : Exported phy database
RUN-1001 : Exported packer
RUN-1001 : Exported congestions
RUN-1001 : Exported violations
RUN-1001 : Exported ATMR Setting
RUN-1001 : Exported timing constraints
RUN-1001 : Exported IO constraints
RUN-1001 : Exported Inst constraints
RUN-1001 : Exported ChipWatcher
RUN-1002 : start command "commit_param -step route"
RUN-1001 : Print Global Property
RUN-1001 : -------------------------------------------------------------
RUN-1001 :     Parameters    |   Settings   |  Default Values  |  Note  
RUN-1001 : -------------------------------------------------------------
RUN-1001 :    enable_seed    |     off      |       off        |        
RUN-1001 :    hfn_to_clock   |  1000000000  |    1000000000    |        
RUN-1001 :      message      |   standard   |     standard     |        
RUN-1001 :    qor_monitor    |      on      |        on        |        
RUN-1001 :   speedup_effort  |      0       |        0         |        
RUN-1001 :    syn_ip_flow    |     off      |       off        |        
RUN-1001 :       thread      |     auto     |       auto       |        
RUN-1001 : -------------------------------------------------------------
RUN-1001 : Print Route Property
RUN-1001 : ---------------------------------------------------------------
RUN-1001 :       Parameters      |  Settings  |  Default Values  |  Note  
RUN-1001 : ---------------------------------------------------------------
RUN-1001 :         effort        |   normal   |      normal      |        
RUN-1001 :        fix_hold       |     on     |        on        |        
RUN-1001 :   hold_fix_iteration  |     5      |        5         |        
RUN-1001 :     post_route_opt    |    auto    |       auto       |        
RUN-1001 :         timing        |     on     |        on        |        
RUN-1001 : ---------------------------------------------------------------
RUN-1002 : start command "route"
RUN-1001 : Open license file F:/AnlogicFpga/TD_6.2.1_Engineer_6.2.168.116/license/Anlogic.lic
PHY-1001 : Reconnected 29 VDD pins with routing demanding
PHY-1001 : Populate physical database on model design_top_wrapper.
RUN-1001 : Dedicate pll clock connection statistics:
RUN-1001 : Clock Region s_1_l [0,40][23,79]; Utilization: 1 out of 12
RUN-1001 : ----------------------------------------------------------------------------------------------------------------------------------------------------------------------------------------------------------------------------------
RUN-1001 :   Index  |                                    Leading Clock                                     |                                                          Special Sink                                                           
RUN-1001 : ----------------------------------------------------------------------------------------------------------------------------------------------------------------------------------------------------------------------------------
RUN-1001 :     1    |  u_ph1p35_324_ddr_wrapper/u_ddr2/ph1p_ddrmc_wrapper/ph1p_ddrmc_top/u_alc_mc_top/clk  |  u_ph1p35_324_ddr_wrapper/u_ddr2/ph1p_ddrmc_wrapper/ph1p_ddrmc_top/u_ddr_phy/u_ddrphy_top/u_ddrphy_clk/u_pll1/u_pll_inst.fbclk  
RUN-1001 : ----------------------------------------------------------------------------------------------------------------------------------------------------------------------------------------------------------------------------------
RUN-1001 : Clock Region s_1_r [24,40][43,79]; Utilization: 1 out of 12
RUN-1001 : -----------------------------------------------------------------------------------------------------------------------------------------------------------------------
RUN-1001 :   Index  |                                     Leading Clock                                     |                            Special Sink                             
RUN-1001 : -----------------------------------------------------------------------------------------------------------------------------------------------------------------------
RUN-1001 :     1    |  u_mipi_dphy_rx_ph1p_mipiio_wrapper/u_ph1p_mipiio_rx_wrapper/u_lane0_hs_detect/I_clk  |  u_PLL/ph1p_phy_pll_wrapper_25a56e5ce2f9_Inst/u_PH1P_PHY_PLL.fbclk  
RUN-1001 : -----------------------------------------------------------------------------------------------------------------------------------------------------------------------
PHY-1001 : Working orders of clock nets being processed in bank assignment:
PHY-1001 : u_ph1p35_324_ddr_wrapper/u_ddr2/ph1p_ddrmc_wrapper/ph1p_ddrmc_top/u_alc_mc_top/clk;
PHY-1001 : u_mipi_dphy_rx_ph1p_mipiio_wrapper/u_ph1p_mipiio_rx_wrapper/u_lane0_hs_detect/I_clk;
PHY-1001 : u_isp_top/u_rgb96_downscale_crop/u_scale_line_buffer/ram_f84573da5ab5_Inst/clkb;
PHY-1001 : u_hdmi_mixer/I_clk_syn_652;
PHY-1001 : I_sys_clk_syn_8;
PHY-1001 : O_cam_24m_syn_3;
PHY-1001 : u_hdmi_tx/u_hdmi2phy_wrapper/u0_lane_lvds_8_1/I_serial_clk_syn_1;
PHY-1001 : u_ph1p35_324_ddr_wrapper/u_ddr2/ph1p_ddrmc_wrapper/ph1p_ddrmc_top/u_ddr_phy/u_ddrphy_top/u_ddrphy/apb_pclk_syn_1;
PHY-1001 : u_uicfgcs500/uii2c_inst/scl_clk_syn_9;
PHY-1001 : Internal bound Intnl_0_0_25_40 is being created by clock MIPI_RX_BYTE_CLK through SCLK.
PHY-1001 : Internal bound Intnl_25_0_23_40 is being created by clock MIPI_RX_BYTE_CLK through SCLK.
PHY-1001 : Internal bound Intnl_0_40_25_40 is being created by clock u_ph1p35_324_ddr_wrapper/u_ddr2/usr_clk through SCLK.
PHY-1001 : Internal bound Intnl_25_40_19_40 is being created by clock MIPI_RX_BYTE_CLK through SCLK.
RUN-1001 : Clock region assignment statistics:
RUN-1001 : Clock Region s_0_l [0,0][23,39]; Utilization: 7 out of 12
RUN-1001 : ----------------------------------------------------------------------------------------------------------------------------------------------------------------------------------------------------------------------------------------------------------------------------------------------------------------------------------------
RUN-1001 :   Bank  |                                                   Leading Clock                                                    |       Type        |                                                                          Buffer                                                                           |  Regional Clock Fanouts  
RUN-1001 : ----------------------------------------------------------------------------------------------------------------------------------------------------------------------------------------------------------------------------------------------------------------------------------------------------------------------------------------
RUN-1001 :    1    |                  u_isp_top/u_rgb96_downscale_crop/u_scale_line_buffer/ram_f84573da5ab5_Inst/clkb                   |  (infered sclk)   |                           u_mipi_dphy_rx_ph1p_mipiio_wrapper/u_ph1p_mipiio_rx_wrapper/bufg_feedback_auto_created_sclk_s_0_l_bk1                           |           953            
RUN-1001 :    2    |                 u_ph1p35_324_ddr_wrapper/u_ddr2/ph1p_ddrmc_wrapper/ph1p_ddrmc_top/u_alc_mc_top/clk                 |  (infered sclk)   |   u_ph1p35_324_ddr_wrapper/u_ddr2/ph1p_ddrmc_wrapper/ph1p_ddrmc_top/u_ddr_phy/u_ddrphy_top/u_ddrphy_clk/u_pll1/u_bufg_fbclk_auto_created_sclk_s_0_l_bk2   |           945            
RUN-1001 :    3    |                                             u_hdmi_mixer/I_clk_syn_652                                             |  (infered sclk)   |                                              u_hdmi_mixer/I_clk_created_gclkinst_auto_created_sclk_s_0_l_bk3                                              |           328            
RUN-1001 :    4    |                                                  I_sys_clk_syn_8                                                   |  (infered sclk)   |                                               I_sys_clk_dup_6_created_gclkinst_auto_created_sclk_s_0_l_bk4                                                |            83            
RUN-1001 :    5    |                                                  O_cam_24m_syn_3                                                   |  (infered sclk)   |                                               O_cam_24m_dup_1_created_gclkinst_auto_created_sclk_s_0_l_bk5                                                |            41            
RUN-1001 :    6    |                                       u_uicfgcs500/uii2c_inst/scl_clk_syn_9                                        |  (infered sclk)   |                                       u_uicfgcs500/uii2c_inst/scl_clk_created_gclkinst_auto_created_sclk_s_0_l_bk6                                        |            16            
RUN-1001 :    7    |  u_ph1p35_324_ddr_wrapper/u_ddr2/ph1p_ddrmc_wrapper/ph1p_ddrmc_top/u_ddr_phy/u_ddrphy_top/u_ddrphy/apb_pclk_syn_1  |  (infered sclk)   |  u_ph1p35_324_ddr_wrapper/u_ddr2/ph1p_ddrmc_wrapper/ph1p_ddrmc_top/u_ddr_phy/u_ddrphy_top/u_ddrphy/apb_pclk_created_gclkinst_auto_created_sclk_s_0_l_bk7  |            3             
RUN-1001 : ----------------------------------------------------------------------------------------------------------------------------------------------------------------------------------------------------------------------------------------------------------------------------------------------------------------------------------------
RUN-1001 : Clock Region s_0_r [24,0][47,39]; Utilization: 4 out of 12
RUN-1001 : ---------------------------------------------------------------------------------------------------------------------------------------------------------------------------------------------------------------------------------------------------------
RUN-1001 :   Bank  |                                     Leading Clock                                     |       Type        |                                                 Buffer                                                  |  Regional Clock Fanouts  
RUN-1001 : ---------------------------------------------------------------------------------------------------------------------------------------------------------------------------------------------------------------------------------------------------------
RUN-1001 :    1    |    u_isp_top/u_rgb96_downscale_crop/u_scale_line_buffer/ram_f84573da5ab5_Inst/clkb    |  (infered sclk)   |  u_mipi_dphy_rx_ph1p_mipiio_wrapper/u_ph1p_mipiio_rx_wrapper/bufg_feedback_auto_created_sclk_s_0_r_bk1  |           2155           
RUN-1001 :    2    |                              u_hdmi_mixer/I_clk_syn_652                               |  (infered sclk)   |                     u_hdmi_mixer/I_clk_created_gclkinst_auto_created_sclk_s_0_r_bk2                     |           375            
RUN-1001 :    3    |                                    O_cam_24m_syn_3                                    |  (infered sclk)   |                      O_cam_24m_dup_1_created_gclkinst_auto_created_sclk_s_0_r_bk3                       |            32            
RUN-1001 :    4    |  u_mipi_dphy_rx_ph1p_mipiio_wrapper/u_ph1p_mipiio_rx_wrapper/u_lane0_hs_detect/I_clk  |  (infered sclk)   |                             u_PLL/bufg_feedback_auto_created_sclk_s_0_r_bk4                             |            7             
RUN-1001 : ---------------------------------------------------------------------------------------------------------------------------------------------------------------------------------------------------------------------------------------------------------
RUN-1001 : Clock Region s_1_l [0,40][23,79]; Utilization: 3 out of 12
RUN-1001 : ----------------------------------------------------------------------------------------------------------------------------------------------------------------------------------------------------------------------------------------------------------------------------------------------------------------------------------------
RUN-1001 :   Bank  |                                                   Leading Clock                                                    |       Type        |                                                                          Buffer                                                                           |  Regional Clock Fanouts  
RUN-1001 : ----------------------------------------------------------------------------------------------------------------------------------------------------------------------------------------------------------------------------------------------------------------------------------------------------------------------------------------
RUN-1001 :    1    |                 u_ph1p35_324_ddr_wrapper/u_ddr2/ph1p_ddrmc_wrapper/ph1p_ddrmc_top/u_alc_mc_top/clk                 |  (infered sclk)   |   u_ph1p35_324_ddr_wrapper/u_ddr2/ph1p_ddrmc_wrapper/ph1p_ddrmc_top/u_ddr_phy/u_ddrphy_top/u_ddrphy_clk/u_pll1/u_bufg_fbclk_auto_created_sclk_s_1_l_bk1   |           1244           
RUN-1001 :    2    |                  u_isp_top/u_rgb96_downscale_crop/u_scale_line_buffer/ram_f84573da5ab5_Inst/clkb                   |  (infered sclk)   |                           u_mipi_dphy_rx_ph1p_mipiio_wrapper/u_ph1p_mipiio_rx_wrapper/bufg_feedback_auto_created_sclk_s_1_l_bk2                           |           1111           
RUN-1001 :    3    |  u_ph1p35_324_ddr_wrapper/u_ddr2/ph1p_ddrmc_wrapper/ph1p_ddrmc_top/u_ddr_phy/u_ddrphy_top/u_ddrphy/apb_pclk_syn_1  |  (infered sclk)   |  u_ph1p35_324_ddr_wrapper/u_ddr2/ph1p_ddrmc_wrapper/ph1p_ddrmc_top/u_ddr_phy/u_ddrphy_top/u_ddrphy/apb_pclk_created_gclkinst_auto_created_sclk_s_1_l_bk3  |            24            
RUN-1001 : ----------------------------------------------------------------------------------------------------------------------------------------------------------------------------------------------------------------------------------------------------------------------------------------------------------------------------------------
RUN-1001 : Clock Region s_1_r [24,40][43,79]; Utilization: 5 out of 12
RUN-1001 : ---------------------------------------------------------------------------------------------------------------------------------------------------------------------------------------------------------------------------------------------------------------------------------------------------------
RUN-1001 :   Bank  |                                     Leading Clock                                     |       Type        |                                                                         Buffer                                                                          |  Regional Clock Fanouts  
RUN-1001 : ---------------------------------------------------------------------------------------------------------------------------------------------------------------------------------------------------------------------------------------------------------------------------------------------------------
RUN-1001 :    1    |  u_mipi_dphy_rx_ph1p_mipiio_wrapper/u_ph1p_mipiio_rx_wrapper/u_lane0_hs_detect/I_clk  |  (infered sclk)   |                                                     u_PLL/bufg_feedback_auto_created_sclk_s_1_r_bk1                                                     |            1             
RUN-1001 :    2    |    u_isp_top/u_rgb96_downscale_crop/u_scale_line_buffer/ram_f84573da5ab5_Inst/clkb    |  (infered sclk)   |                          u_mipi_dphy_rx_ph1p_mipiio_wrapper/u_ph1p_mipiio_rx_wrapper/bufg_feedback_auto_created_sclk_s_1_r_bk2                          |           853            
RUN-1001 :    3    |                              u_hdmi_mixer/I_clk_syn_652                               |  (infered sclk)   |                                             u_hdmi_mixer/I_clk_created_gclkinst_auto_created_sclk_s_1_r_bk3                                             |           156            
RUN-1001 :    4    |           u_hdmi_tx/u_hdmi2phy_wrapper/u0_lane_lvds_8_1/I_serial_clk_syn_1            |  (infered sclk)   |                         u_hdmi_tx/u_hdmi2phy_wrapper/u0_lane_lvds_8_1/I_serial_clk_created_gclkinst_auto_created_sclk_s_1_r_bk4                         |            41            
RUN-1001 :    5    |  u_ph1p35_324_ddr_wrapper/u_ddr2/ph1p_ddrmc_wrapper/ph1p_ddrmc_top/u_alc_mc_top/clk   |  (infered sclk)   |  u_ph1p35_324_ddr_wrapper/u_ddr2/ph1p_ddrmc_wrapper/ph1p_ddrmc_top/u_ddr_phy/u_ddrphy_top/u_ddrphy_clk/u_pll1/u_bufg_fbclk_auto_created_sclk_s_1_r_bk5  |            14            
RUN-1001 : ---------------------------------------------------------------------------------------------------------------------------------------------------------------------------------------------------------------------------------------------------------------------------------------------------------
PHY-1001 : Populate physical database on model design_top_wrapper.
PHY-1001 : Route runs in 32 thread(s)
RUN-1001 : There are total 13386 instances
RUN-1001 : 408 mslices, 12475 lslices, 54 pads, 50 brams, 8 dsps
RUN-1001 : There are total 31498 nets
RUN-1001 : 20068 nets have 2 pins
RUN-1001 : 8996 nets have [3 - 5] pins
RUN-1001 : 1647 nets have [6 - 10] pins
RUN-1001 : 511 nets have [11 - 20] pins
RUN-1001 : 256 nets have [21 - 99] pins
RUN-1001 : 20 nets have 100+ pins
RUN-1002 : start command "start_timer"
RUN-1003 : finish command "start_timer" in  3.258510s wall, 3.250000s user + 0.000000s system = 3.250000s CPU (99.7%)

RUN-1004 : used memory is 1197 MB, reserved memory is 1291 MB, peak memory is 1197 MB
PHY-1001 : 408 mslices, 12475 lslices, 54 pads, 50 brams, 8 dsps

PHY-1001 : Stage 1 | Global Routing
PHY-1001 : Start global routing, caller is route ...
RUN-1001 : Generating global routing grids ...
PHY-1001 : Generate routing nets ...
RUN-1001 : Generate nets statistics:
RUN-1001 : ----------------------------
RUN-1001 :        Type       |  Nets   
RUN-1001 : ----------------------------
RUN-1001 :   TotalRouteNets  |  22073  
RUN-1001 :   DontRouteNets   |  4497   
RUN-1001 :     RouteNets     |  17576  
RUN-1001 :     RouteSinks    |  32885  
RUN-1001 : ----------------------------
PHY-1001 : Global iterations in 32 thread ...
PHY-1002 : len = 1.5129e+06, over cnt = 1864(2%), over = 4192, worst = 9
PHY-1002 : len = 1.55613e+06, over cnt = 1291(1%), over = 2511, worst = 9
PHY-1002 : len = 1.60786e+06, over cnt = 473(0%), over = 902, worst = 9
PHY-1002 : len = 1.63461e+06, over cnt = 0(0%), over = 0, worst = 0
PHY-1001 : End global iterations;  1.891745s wall, 2.843750s user + 0.125000s system = 2.968750s CPU (156.9%)

PHY-1001 : Congestion index:
PHY-1001 : top1  = 72.75(S 65.29, N 57.00, E 68.91, W 66.00, I 68.70, O 79.93)
PHY-1001 : top5  = 63.58(S 53.93, N 48.61, E 54.28, W 54.05, I 52.44, O 60.38)
PHY-1001 : top10 = 58.48(S 46.69, N 43.25, E 46.95, W 47.46, I 45.77, O 53.30)
PHY-1001 : top15 = 55.08(S 41.68, N 39.38, E 42.18, W 43.00, I 41.46, O 48.97)
PHY-1001 : End global routing;  2.314157s wall, 3.718750s user + 0.125000s system = 3.843750s CPU (166.1%)

PHY-1001 : End Stage 1 | Global Routing; Time: 2.314213s wall, 3.718750s user + 0.125000s system = 3.843750s CPU (166.1%); Memory(MB): used = 1215, reserved = 1209, peak = 1220;

PHY-1001 : Stage 2 | Detail Routing
PHY-1001 : Stage 2.1 | Build Routing Design
PHY-1001 : Routing in high effort: false
PHY-1001 : Routing Mode: normal
PHY-1001 : Generate detailed routing grids ...
RUN-1001 : Constructing routing connections ...
PHY-1001 : End build routing graph; 3.330028s wall, 24.062500s user + 0.296875s system = 24.359375s CPU (731.5%)

PHY-1001 : Generate nets ...
RUN-1001 : Generate nets statistics:
RUN-1001 : ------------------------------
RUN-1001 :         Type        |  Nets   
RUN-1001 : ------------------------------
RUN-1001 :        Route        |  22366  
RUN-1001 :      DontRoute      |  9132   
RUN-1001 :      RouteSinks     |  67934  
RUN-1001 :   RouteEntitySinks  |    0    
RUN-1001 :       Lut2Dff       |    0    
RUN-1001 :       Ram2Dff       |    0    
RUN-1001 :      Carry2Dff      |    0    
RUN-1001 : ------------------------------
RUN-1001 : DR clock net summary:
RUN-1001 : ---------------------------------------------------------------------------------------------------------------------------------------------------
RUN-1001 :   Net Idx  |                                                        Net Name                                                        |  Clock Type  
RUN-1001 : ---------------------------------------------------------------------------------------------------------------------------------------------------
RUN-1001 :      1     |                                                    I_sys_clk_dup_6                                                     |    Normal    
RUN-1001 :      2     |                                                    I_sys_clk_syn_8                                                     |    Normal    
RUN-1001 :      3     |                                                    O_cam_24m_dup_1                                                     |    Normal    
RUN-1001 :      4     |                                                    O_cam_24m_syn_3                                                     |    Normal    
RUN-1001 :      5     |                                                     u_PLL/clk0_buf                                                     |    Normal    
RUN-1001 :      6     |                                                   u_hdmi_mixer/I_clk                                                   |    Normal    
RUN-1001 :      7     |                                               u_hdmi_mixer/I_clk_syn_652                                               |    Normal    
RUN-1001 :      8     |                               u_hdmi_tx/u_hdmi2phy_wrapper/u0_lane_lvds_8_1/I_serial_clk                               |    Normal    
RUN-1001 :      9     |                            u_hdmi_tx/u_hdmi2phy_wrapper/u0_lane_lvds_8_1/I_serial_clk_syn_1                            |    Normal    
RUN-1001 :     10     |                    u_isp_top/u_rgb96_downscale_crop/u_scale_line_buffer/ram_f84573da5ab5_Inst/clkb                     |    Normal    
RUN-1001 :     11     |                     u_mipi_dphy_rx_ph1p_mipiio_wrapper/u_ph1p_mipiio_rx_wrapper/S_mipiio_hs_rx_clk                     |    Normal    
RUN-1001 :     12     |                  u_mipi_dphy_rx_ph1p_mipiio_wrapper/u_ph1p_mipiio_rx_wrapper/u_lane0_hs_detect/I_clk                   |    Normal    
RUN-1001 :     13     |                   u_ph1p35_324_ddr_wrapper/u_ddr2/ph1p_ddrmc_wrapper/ph1p_ddrmc_top/u_alc_mc_top/clk                   |    Normal    
RUN-1001 :     14     |       u_ph1p35_324_ddr_wrapper/u_ddr2/ph1p_ddrmc_wrapper/ph1p_ddrmc_top/u_ddr_phy/u_ddrphy_top/u_ddrphy/apb_pclk       |    Normal    
RUN-1001 :     15     |    u_ph1p35_324_ddr_wrapper/u_ddr2/ph1p_ddrmc_wrapper/ph1p_ddrmc_top/u_ddr_phy/u_ddrphy_top/u_ddrphy/apb_pclk_syn_1    |    Normal    
RUN-1001 :     16     |      u_ph1p35_324_ddr_wrapper/u_ddr2/ph1p_ddrmc_wrapper/ph1p_ddrmc_top/u_ddr_phy/u_ddrphy_top/u_ddrphy/ctl_clk[0]      |    Normal    
RUN-1001 :     17     |      u_ph1p35_324_ddr_wrapper/u_ddr2/ph1p_ddrmc_wrapper/ph1p_ddrmc_top/u_ddr_phy/u_ddrphy_top/u_ddrphy/ctl_clk[1]      |    Normal    
RUN-1001 :     18     |      u_ph1p35_324_ddr_wrapper/u_ddr2/ph1p_ddrmc_wrapper/ph1p_ddrmc_top/u_ddr_phy/u_ddrphy_top/u_ddrphy/ddr_clk[0]      |    Normal    
RUN-1001 :     19     |      u_ph1p35_324_ddr_wrapper/u_ddr2/ph1p_ddrmc_wrapper/ph1p_ddrmc_top/u_ddr_phy/u_ddrphy_top/u_ddrphy/ddr_clk[1]      |    Normal    
RUN-1001 :     20     |    u_ph1p35_324_ddr_wrapper/u_ddr2/ph1p_ddrmc_wrapper/ph1p_ddrmc_top/u_ddr_phy/u_ddrphy_top/u_ddrphy_clk/pll0_clk_1    |    Normal    
RUN-1001 :     21     |    u_ph1p35_324_ddr_wrapper/u_ddr2/ph1p_ddrmc_wrapper/ph1p_ddrmc_top/u_ddr_phy/u_ddrphy_top/u_ddrphy_clk/pll0_clk_2    |    Normal    
RUN-1001 :     22     |   u_ph1p35_324_ddr_wrapper/u_ddr2/ph1p_ddrmc_wrapper/ph1p_ddrmc_top/u_ddr_phy/u_ddrphy_top/u_ddrphy_clk/pll0_mlclk_1   |    Normal    
RUN-1001 :     23     |   u_ph1p35_324_ddr_wrapper/u_ddr2/ph1p_ddrmc_wrapper/ph1p_ddrmc_top/u_ddr_phy/u_ddrphy_top/u_ddrphy_clk/pll0_mlclk_2   |    Normal    
RUN-1001 :     24     |  u_ph1p35_324_ddr_wrapper/u_ddr2/ph1p_ddrmc_wrapper/ph1p_ddrmc_top/u_ddr_phy/u_ddrphy_top/u_ddrphy_clk/u_pll1/clkc[0]  |    Normal    
RUN-1001 :     25     |  u_ph1p35_324_ddr_wrapper/u_ddr2/ph1p_ddrmc_wrapper/ph1p_ddrmc_top/u_ddr_phy/u_ddrphy_top/u_ddrphy_clk/u_pll1/refclk   |    Normal    
RUN-1001 :     26     |                                            u_uicfgcs500/uii2c_inst/scl_clk                                             |    Normal    
RUN-1001 :     27     |                                         u_uicfgcs500/uii2c_inst/scl_clk_syn_9                                          |    Normal    
RUN-1001 : ---------------------------------------------------------------------------------------------------------------------------------------------------
RUN-1001 : DR clock buffer summary:
RUN-1001 : -------------------------------------------------------------------------------------------------------------------------------------------------------------------
RUN-1001 :   Idx  |                                                                           Name                                                                            
RUN-1001 : -------------------------------------------------------------------------------------------------------------------------------------------------------------------
RUN-1001 :    1   |                           u_mipi_dphy_rx_ph1p_mipiio_wrapper/u_ph1p_mipiio_rx_wrapper/bufg_feedback_auto_created_sclk_s_0_l_bk1                           
RUN-1001 :    2   |   u_ph1p35_324_ddr_wrapper/u_ddr2/ph1p_ddrmc_wrapper/ph1p_ddrmc_top/u_ddr_phy/u_ddrphy_top/u_ddrphy_clk/u_pll1/u_bufg_fbclk_auto_created_sclk_s_0_l_bk2   
RUN-1001 :    3   |                                              u_hdmi_mixer/I_clk_created_gclkinst_auto_created_sclk_s_0_l_bk3                                              
RUN-1001 :    4   |                                               I_sys_clk_dup_6_created_gclkinst_auto_created_sclk_s_0_l_bk4                                                
RUN-1001 :    5   |                                               O_cam_24m_dup_1_created_gclkinst_auto_created_sclk_s_0_l_bk5                                                
RUN-1001 :    6   |                                       u_uicfgcs500/uii2c_inst/scl_clk_created_gclkinst_auto_created_sclk_s_0_l_bk6                                        
RUN-1001 :    7   |  u_ph1p35_324_ddr_wrapper/u_ddr2/ph1p_ddrmc_wrapper/ph1p_ddrmc_top/u_ddr_phy/u_ddrphy_top/u_ddrphy/apb_pclk_created_gclkinst_auto_created_sclk_s_0_l_bk7  
RUN-1001 :    8   |                           u_mipi_dphy_rx_ph1p_mipiio_wrapper/u_ph1p_mipiio_rx_wrapper/bufg_feedback_auto_created_sclk_s_0_r_bk1                           
RUN-1001 :    9   |                                              u_hdmi_mixer/I_clk_created_gclkinst_auto_created_sclk_s_0_r_bk2                                              
RUN-1001 :   10   |                                               O_cam_24m_dup_1_created_gclkinst_auto_created_sclk_s_0_r_bk3                                                
RUN-1001 :   11   |                                                      u_PLL/bufg_feedback_auto_created_sclk_s_0_r_bk4                                                      
RUN-1001 :   12   |   u_ph1p35_324_ddr_wrapper/u_ddr2/ph1p_ddrmc_wrapper/ph1p_ddrmc_top/u_ddr_phy/u_ddrphy_top/u_ddrphy_clk/u_pll1/u_bufg_fbclk_auto_created_sclk_s_1_l_bk1   
RUN-1001 :   13   |                           u_mipi_dphy_rx_ph1p_mipiio_wrapper/u_ph1p_mipiio_rx_wrapper/bufg_feedback_auto_created_sclk_s_1_l_bk2                           
RUN-1001 :   14   |  u_ph1p35_324_ddr_wrapper/u_ddr2/ph1p_ddrmc_wrapper/ph1p_ddrmc_top/u_ddr_phy/u_ddrphy_top/u_ddrphy/apb_pclk_created_gclkinst_auto_created_sclk_s_1_l_bk3  
RUN-1001 :   15   |                                                      u_PLL/bufg_feedback_auto_created_sclk_s_1_r_bk1                                                      
RUN-1001 :   16   |                           u_mipi_dphy_rx_ph1p_mipiio_wrapper/u_ph1p_mipiio_rx_wrapper/bufg_feedback_auto_created_sclk_s_1_r_bk2                           
RUN-1001 :   17   |                                              u_hdmi_mixer/I_clk_created_gclkinst_auto_created_sclk_s_1_r_bk3                                              
RUN-1001 :   18   |                          u_hdmi_tx/u_hdmi2phy_wrapper/u0_lane_lvds_8_1/I_serial_clk_created_gclkinst_auto_created_sclk_s_1_r_bk4                          
RUN-1001 :   19   |   u_ph1p35_324_ddr_wrapper/u_ddr2/ph1p_ddrmc_wrapper/ph1p_ddrmc_top/u_ddr_phy/u_ddrphy_top/u_ddrphy_clk/u_pll1/u_bufg_fbclk_auto_created_sclk_s_1_r_bk5   
RUN-1001 : -------------------------------------------------------------------------------------------------------------------------------------------------------------------
PHY-1001 : End Stage 2.1 | Build Routing Design; Time: 3.879046s wall, 24.578125s user + 0.328125s system = 24.906250s CPU (642.1%); Memory(MB): used = 1542, reserved = 1535, peak = 1542;

RUN-1001 : Top Percentage Crit. Net Stat.
RUN-1001 : -------------------------------------------------------
RUN-1001 :   Top %  |  Net Count  |  Avg. Fanout  |  Avg. Slack   
RUN-1001 : -------------------------------------------------------
RUN-1001 :     1    |     314     |   2.914013    |  3349.888535  
RUN-1001 :     2    |     629     |   3.200318    |  4008.399046  
RUN-1001 :     3    |     944     |   3.063559    |  4325.911017  
RUN-1001 :     4    |    1259     |   3.092931    |  4531.723590  
RUN-1001 :     5    |    1574     |   3.090851    |  4679.543837  
RUN-1001 :     6    |    1889     |   3.082054    |  4795.425622  
RUN-1001 :     7    |    2204     |   2.956443    |  4891.120690  
RUN-1001 :     8    |    2519     |   2.911076    |  4974.815800  
RUN-1001 :     9    |    2834     |   2.875088    |  5049.716302  
RUN-1001 :    10    |    3149     |   2.826294    |  5118.245475  
RUN-1001 : -------------------------------------------------------
PHY-1001 : Stage 2.2 | Tile Base Routing
PHY-1001 : 181 nets need to preroute.
PHY-1001 : len = 0, over cnt = 0(0%), over = 0, worst = 0, crit = 0
PHY-1001 : End Stage 2.2 | Tile Base Routing; Time: 0.300863s wall, 7.515625s user + 0.031250s system = 7.546875s CPU (2508.4%); Memory(MB): used = 1546, reserved = 1540, peak = 1546;

PHY-1001 : Stage 2.3 | Clock Nets Routing
PHY-1001 : Routed 0% nets.
PHY-1001 : len = 400016, over cnt = 0(0%), over = 0, worst = 0, crit = 0
PHY-1001 : End Stage 2.3 | Clock Nets Routing; Time: 1.230823s wall, 1.281250s user + 0.015625s system = 1.296875s CPU (105.4%); Memory(MB): used = 1581, reserved = 1575, peak = 1581;

PHY-1001 : Stage 2.4 | Routing Initialization
PHY-1001 : Mark 1% net(place mode slack < 4394ps) as critical nets.
PHY-1001 : Stage 2.4.1 | Normal Nets Routing
PHY-1001 : Routed 71% nets.
PHY-1001 : len = 2.6361e+06, over cnt = 12681(0%), over = 13582, worst = 6, crit = 0
PHY-1001 : End Stage 2.4.1 | Normal Nets Routing; Time: 10.369234s wall, 19.500000s user + 0.156250s system = 19.656250s CPU (189.6%); Memory(MB): used = 1623, reserved = 1617, peak = 1623;

PHY-1001 : Stage 2.4.2 | Update Timing
RUN-1002 : start command "start_timer"
USR-1002 : Derived clock:  create_generated_clock -name {u_PLL/ph1p_phy_pll_wrapper_25a56e5ce2f9_Inst/u_PH1P_PHY_PLL.clkc[0]} -source [get_ports {I_sys_clk}] -master_clock {sys_clk_50m} -multiply_by 2.0000 -duty_cycle 50.0000 [get_pins {u_PLL/ph1p_phy_pll_wrapper_25a56e5ce2f9_Inst/u_PH1P_PHY_PLL.clkc[0]}]
USR-1002 : Derived clock:  create_generated_clock -name {u_PLL/ph1p_phy_pll_wrapper_25a56e5ce2f9_Inst/u_PH1P_PHY_PLL.clkc[1]} -source [get_ports {I_sys_clk}] -master_clock {sys_clk_50m} -divide_by 2.1000 -duty_cycle 50.0000 [get_pins {u_PLL/ph1p_phy_pll_wrapper_25a56e5ce2f9_Inst/u_PH1P_PHY_PLL.clkc[1]}]
USR-1002 : Derived clock:  create_generated_clock -name {u_PLL/ph1p_phy_pll_wrapper_25a56e5ce2f9_Inst/u_PH1P_PHY_PLL.clkc[4]} -source [get_ports {I_sys_clk}] -master_clock {sys_clk_50m} -multiply_by 1.5000 -duty_cycle 50.0000 [get_pins {u_PLL/ph1p_phy_pll_wrapper_25a56e5ce2f9_Inst/u_PH1P_PHY_PLL.clkc[4]}]
USR-1002 : Derived clock:  create_generated_clock -name {u_PLL/ph1p_phy_pll_wrapper_25a56e5ce2f9_Inst/u_PH1P_PHY_PLL.clkc[5]} -source [get_ports {I_sys_clk}] -master_clock {sys_clk_50m} -multiply_by 7.5000 -duty_cycle 50.0000 [get_pins {u_PLL/ph1p_phy_pll_wrapper_25a56e5ce2f9_Inst/u_PH1P_PHY_PLL.clkc[5]}]
USR-1002 : Derived clock:  create_generated_clock -name {u_ph1p35_324_ddr_wrapper/u_ddr2/ph1p_ddrmc_wrapper/ph1p_ddrmc_top/u_ddr_phy/u_ddrphy_top/u_ddrphy_clk/u_pll0/u_pll_inst.clkc[0]} -source [get_ports {I_sys_clk}] -master_clock {sys_clk_50m} -multiply_by 1.3333 -duty_cycle 50.0000 [get_pins {u_ph1p35_324_ddr_wrapper/u_ddr2/ph1p_ddrmc_wrapper/ph1p_ddrmc_top/u_ddr_phy/u_ddrphy_top/u_ddrphy_clk/u_pll0/u_pll_inst.clkc[0]}]
USR-1002 : Derived clock:  create_generated_clock -name {u_ph1p35_324_ddr_wrapper/u_ddr2/ph1p_ddrmc_wrapper/ph1p_ddrmc_top/u_ddr_phy/u_ddrphy_top/u_ddrphy_clk/u_pll0/u_pll_inst.clkc[1]} -source [get_ports {I_sys_clk}] -master_clock {sys_clk_50m} -multiply_by 1.3333 -duty_cycle 50.0000 [get_pins {u_ph1p35_324_ddr_wrapper/u_ddr2/ph1p_ddrmc_wrapper/ph1p_ddrmc_top/u_ddr_phy/u_ddrphy_top/u_ddrphy_clk/u_pll0/u_pll_inst.clkc[1]}]
USR-1002 : Derived clock:  create_generated_clock -name {u_ph1p35_324_ddr_wrapper/u_ddr2/ph1p_ddrmc_wrapper/ph1p_ddrmc_top/u_ddr_phy/u_ddrphy_top/u_ddrphy_clk/u_pll0/u_pll_inst.clkc[2]} -source [get_ports {I_sys_clk}] -master_clock {sys_clk_50m} -multiply_by 5.3333 -duty_cycle 50.0000 [get_pins {u_ph1p35_324_ddr_wrapper/u_ddr2/ph1p_ddrmc_wrapper/ph1p_ddrmc_top/u_ddr_phy/u_ddrphy_top/u_ddrphy_clk/u_pll0/u_pll_inst.clkc[2]}]
USR-1002 : Derived clock:  create_generated_clock -name {u_ph1p35_324_ddr_wrapper/u_ddr2/ph1p_ddrmc_wrapper/ph1p_ddrmc_top/u_ddr_phy/u_ddrphy_top/u_ddrphy_clk/u_pll0/u_pll_inst.clkc[3]} -source [get_ports {I_sys_clk}] -master_clock {sys_clk_50m} -divide_by 1.9687 -duty_cycle 50.0000 [get_pins {u_ph1p35_324_ddr_wrapper/u_ddr2/ph1p_ddrmc_wrapper/ph1p_ddrmc_top/u_ddr_phy/u_ddrphy_top/u_ddrphy_clk/u_pll0/u_pll_inst.clkc[3]}]
USR-1002 : Derived clock:  create_generated_clock -name {u_ph1p35_324_ddr_wrapper/u_ddr2/ph1p_ddrmc_wrapper/ph1p_ddrmc_top/u_ddr_phy/u_ddrphy_top/u_ddrphy_clk/u_pll1/u_pll_inst.clkc[0]} -source [get_pins {u_ph1p35_324_ddr_wrapper/u_ddr2/ph1p_ddrmc_wrapper/ph1p_ddrmc_top/u_ddr_phy/u_ddrphy_top/u_ddrphy_clk/u_pll0/u_pll_inst.clkc[0]}] -master_clock {u_ph1p35_324_ddr_wrapper/u_ddr2/ph1p_ddrmc_wrapper/ph1p_ddrmc_top/u_ddr_phy/u_ddrphy_top/u_ddrphy_clk/u_pll0/u_pll_inst.clkc[0]} -multiply_by 1.0000 -duty_cycle 50.0000 [get_pins {u_ph1p35_324_ddr_wrapper/u_ddr2/ph1p_ddrmc_wrapper/ph1p_ddrmc_top/u_ddr_phy/u_ddrphy_top/u_ddrphy_clk/u_pll1/u_pll_inst.clkc[0]}]
8.888000
15.000000
15.000000
13.333000
RUN-1003 : finish command "start_timer" in  2.156921s wall, 2.125000s user + 0.015625s system = 2.140625s CPU (99.2%)

RUN-1004 : used memory is 1624 MB, reserved memory is 1617 MB, peak memory is 1624 MB
TMR-2502 : Net delay update with mode: Routed
PHY-1001 : 0/22073(0%) critical/total net(s).
PHY-1001 : Setup: WNS(ns) = 1.201, TNS(ns) = 0.000, FEP = 0 | Hold: WNS(ns) = -0.225, TNS(ns) = -9.182, FEP = 214.
PHY-1001 : End Stage 2.4.2 | Update Timing; Time: 6.553830s wall, 6.468750s user + 0.046875s system = 6.515625s CPU (99.4%); Memory(MB): used = 1737, reserved = 1731, peak = 1737;

PHY-1001 : Stage 2.4.3 | Deskew Clock Tree
RUN-1001 : Deskew Summary
RUN-1001 : ---------------------------------------------------------------------------------------------------------------------------------
RUN-1001 :                                                 Clock                                                 |  Pre-Skew  |  Post-Skew  
RUN-1001 : ---------------------------------------------------------------------------------------------------------------------------------
RUN-1001 :                                             mipi_rx_ck_pad                                            |     32     |     32      
RUN-1001 :   u_mipi_dphy_rx_ph1p_mipiio_wrapper/u_ph1p_mipiio_rx_wrapper/u_PH1P_LOGIC_DPHY_MIPI_RX.io_clk_pad_p  |     32     |     32      
RUN-1001 :                                            MIPI_RX_BYTE_CLK                                           |     32     |     32      
RUN-1001 :                                              pll_clk_100m                                             |     20     |     20      
RUN-1001 :                                             HDMI_PIXEL_CLK                                            |     13     |     13      
RUN-1001 :                                u_ph1p35_324_ddr_wrapper/u_ddr2/usr_clk                                |     12     |     12      
RUN-1001 :                                u_ph1p35_324_ddr_wrapper/u_ddr2/mcu_clk                                |     12     |     12      
RUN-1001 :                                              pll_clk_24m                                              |     4      |      4      
RUN-1001 : ---------------------------------------------------------------------------------------------------------------------------------
PHY-1001 : 0/22073(0%) critical/total net(s).
PHY-1001 : Setup: WNS(ns) = 1.201, TNS(ns) = 0.000, FEP = 0 | Hold: WNS(ns) = -0.225, TNS(ns) = -9.182, FEP = 214.
PHY-1001 : End Stage 2.4.3 | Deskew Clock Tree; Time: 4.468808s wall, 4.453125s user + 0.031250s system = 4.484375s CPU (100.3%); Memory(MB): used = 1771, reserved = 1763, peak = 1771;

PHY-1001 : End Stage 2.4 | Routing Initialization; Time: 21.499815s wall, 30.515625s user + 0.234375s system = 30.750000s CPU (143.0%); Memory(MB): used = 1771, reserved = 1763, peak = 1771;

PHY-1001 : Stage 2.5 | Routing Optimization
PHY-1001 : Build lut bridge;  0.153979s wall, 0.156250s user + 0.000000s system = 0.156250s CPU (101.5%)

PHY-1001 : Stage 2.5.1 | Phase 1
PHY-1001 : Stage 2.5.1.1 | Hold TimeOptimization
PHY-1001 : Iter 0; Processed 297 pins with HWNS -0.225ns HTNS -6.028ns FEP 124 took 0.541996 seconds.
PHY-1001 : Iter 1; Processed 428 pins with HWNS -0.011ns HTNS -0.011ns FEP 1 took 1.31878 seconds.
PHY-1001 : len = 2.66278e+06, over cnt = 12591(0%), over = 13492, worst = 6, crit = 0
PHY-1001 : End Stage 2.5.1.1 | Hold TimeOptimization; Time: 1.959448s wall, 1.937500s user + 0.015625s system = 1.953125s CPU (99.7%); Memory(MB): used = 1772, reserved = 1764, peak = 1772;

PHY-1001 : Stage 2.5.1.2 | High Fanout Nets Optimization
PHY-1001 : High fanout net optimize summary:
PHY-1001 : Process 0 nets and 0 pins with SWNS 1.201ns STNS 0.000ns FEP 0.
PHY-1001 : len = 2.66278e+06, over cnt = 12591(0%), over = 13492, worst = 6, crit = 0
PHY-1001 : End Stage 2.5.1.2 | High Fanout Nets Optimization; Time: 0.247327s wall, 0.281250s user + 0.000000s system = 0.281250s CPU (113.7%); Memory(MB): used = 1772, reserved = 1764, peak = 1772;

PHY-1001 : Stage 2.5.1.3 | Setup TimeOptimization
PHY-1001 : len = 2.66278e+06, over cnt = 12591(0%), over = 13492, worst = 6, crit = 0
PHY-1001 : End Stage 2.5.1.3 | Setup TimeOptimization; Time: 0.248943s wall, 0.250000s user + 0.000000s system = 0.250000s CPU (100.4%); Memory(MB): used = 1772, reserved = 1764, peak = 1772;

PHY-1001 : Stage 2.5.1.4 | Rip-up And ReRoute
PHY-0007 : Congestion: {75.71, 67.16, 62.73, 59.82}; Timing: {1.201ns, 0.000ns, 0}
PHY-1001 : Iter 1: len = 2.75603e+06, over cnt = 5872(0%), over = 6063, worst = 3, crit = 0, time(s) = 5.56
PHY-1001 : Iter 2: len = 2.78362e+06, over cnt = 3410(0%), over = 3459, worst = 3, crit = 0, time(s) = 2.43
PHY-1001 : Iter 3: len = 2.79317e+06, over cnt = 2655(0%), over = 2670, worst = 3, crit = 0, time(s) = 1.79
PHY-1001 : Iter 4: len = 2.8327e+06, over cnt = 1156(0%), over = 1159, worst = 2, crit = 0, time(s) = 2.23
PHY-1001 : Iter 5: len = 2.84091e+06, over cnt = 838(0%), over = 838, worst = 1, crit = 0, time(s) = 0.85
PHY-1001 : Iter 6: len = 2.84536e+06, over cnt = 708(0%), over = 708, worst = 1, crit = 0, time(s) = 0.80
PHY-1001 : Iter 7: len = 2.84579e+06, over cnt = 693(0%), over = 693, worst = 1, crit = 0, time(s) = 0.57
PHY-1001 : Marking 9 (0.23%) hot zones with cutoff utilization 81.25.
PHY-1001 : Iter 8: len = 2.87888e+06, over cnt = 126(0%), over = 126, worst = 1, crit = 0, time(s) = 0.66
PHY-1001 : Iter 9: len = 2.88154e+06, over cnt = 79(0%), over = 79, worst = 1, crit = 0, time(s) = 0.18
PHY-1001 : Iter 10: len = 2.88698e+06, over cnt = 29(0%), over = 29, worst = 1, crit = 0, time(s) = 0.14
PHY-1001 : Iter 11: len = 2.88867e+06, over cnt = 13(0%), over = 13, worst = 1, crit = 0, time(s) = 0.10
PHY-1001 : Iter 12: len = 2.88954e+06, over cnt = 0(0%), over = 0, worst = 0, crit = 0, time(s) = 0.12
PHY-1001 : Marking 9 (0.23%) hot zones with cutoff utilization 81.25.
PHY-1001 : Update congestion ...
PHY-1001 : Marking 9 (0.23%) hot zones with cutoff utilization 81.25.
PHY-1001 : Congestion index:
PHY-1001 : top1  = 79.11(S 70.48, N 63.62, E 73.03, W 77.70, I 68.70, O 79.93)
PHY-1001 : top5  = 72.06(S 61.44, N 56.86, E 63.18, W 67.85, I 52.44, O 60.38)
PHY-1001 : top10 = 67.70(S 55.85, N 52.73, E 57.56, W 61.75, I 45.77, O 53.30)
PHY-1001 : top15 = 64.68(S 51.92, N 49.61, E 53.33, W 57.74, I 41.46, O 48.97)
PHY-1001 : End update congestion; 0.025840s wall, 0.015625s user + 0.000000s system = 0.015625s CPU (60.5%)

PHY-1001 : End Stage 2.5.1.4 | Rip-up And ReRoute; Time: 15.613860s wall, 38.406250s user + 0.640625s system = 39.046875s CPU (250.1%); Memory(MB): used = 1774, reserved = 1767, peak = 1774;

PHY-1001 : Stage 2.5.1.5 | Update Timing
PHY-1001 : 0/22073(0%) critical/total net(s).
PHY-1001 : Setup: WNS(ns) = 1.253, TNS(ns) = 0.000, FEP = 0 | Hold: WNS(ns) = -0.071, TNS(ns) = -0.733, FEP = 22.
PHY-1001 : End Stage 2.5.1.5 | Update Timing; Time: 2.640493s wall, 2.640625s user + 0.000000s system = 2.640625s CPU (100.0%); Memory(MB): used = 1788, reserved = 1780, peak = 1788;

PHY-1001 : Stage 2.5.1.6 | Commit Data
PHY-1001 : Commit better result to database ...
PHY-1001 : End Stage 2.5.1.6 | Commit Data; Time: 0.131443s wall, 0.125000s user + 0.000000s system = 0.125000s CPU (95.1%); Memory(MB): used = 1806, reserved = 1801, peak = 1806;

PHY-1001 : End Stage 2.5.1 | Phase 1; Time: 21.422959s wall, 45.093750s user + 0.656250s system = 45.750000s CPU (213.6%); Memory(MB): used = 1806, reserved = 1801, peak = 1806;

PHY-1001 : End Stage 2.5 | Routing Optimization; Time: 26.138394s wall, 49.750000s user + 0.703125s system = 50.453125s CPU (193.0%); Memory(MB): used = 1806, reserved = 1801, peak = 1806;

PHY-1001 : Stage 2.6 | Multi-try route Optimization
PHY-1001 : End Stage 2.6 | Multi-try route Optimization; Time: 0.071909s wall, 0.078125s user + 0.000000s system = 0.078125s CPU (108.6%); Memory(MB): used = 1808, reserved = 1801, peak = 1808;

PHY-1003 : Routed, final wirelength = 2.88954e+06
RUN-1001 : Clock region assignment statistics:
RUN-1001 : Clock Region s_0_l [0,0][23,39]; Utilization: 7 out of 12
RUN-1001 : -----------------------------------------------------------------------------------------------------------------------------------------------------------------------------------------------------------------------------------------------------------------------------------------------------------------------------------------------------------------------------------------------------------------------------------------------------
RUN-1001 :   Bank  |                                                   Assigned Clock                                                   |                                                    Route Clock                                                     |  Marking  |                                                                          Buffer                                                                           |  Regional Clock Fanouts  
RUN-1001 : -----------------------------------------------------------------------------------------------------------------------------------------------------------------------------------------------------------------------------------------------------------------------------------------------------------------------------------------------------------------------------------------------------------------------------------------------------
RUN-1001 :    1    |                  u_isp_top/u_rgb96_downscale_crop/u_scale_line_buffer/ram_f84573da5ab5_Inst/clkb                   |                  u_isp_top/u_rgb96_downscale_crop/u_scale_line_buffer/ram_f84573da5ab5_Inst/clkb                   |           |                           u_mipi_dphy_rx_ph1p_mipiio_wrapper/u_ph1p_mipiio_rx_wrapper/bufg_feedback_auto_created_sclk_s_0_l_bk1                           |           953            
RUN-1001 :    2    |                 u_ph1p35_324_ddr_wrapper/u_ddr2/ph1p_ddrmc_wrapper/ph1p_ddrmc_top/u_alc_mc_top/clk                 |                 u_ph1p35_324_ddr_wrapper/u_ddr2/ph1p_ddrmc_wrapper/ph1p_ddrmc_top/u_alc_mc_top/clk                 |           |   u_ph1p35_324_ddr_wrapper/u_ddr2/ph1p_ddrmc_wrapper/ph1p_ddrmc_top/u_ddr_phy/u_ddrphy_top/u_ddrphy_clk/u_pll1/u_bufg_fbclk_auto_created_sclk_s_0_l_bk2   |           945            
RUN-1001 :    3    |                                             u_hdmi_mixer/I_clk_syn_652                                             |                                             u_hdmi_mixer/I_clk_syn_652                                             |           |                                              u_hdmi_mixer/I_clk_created_gclkinst_auto_created_sclk_s_0_l_bk3                                              |           328            
RUN-1001 :    4    |                                                  I_sys_clk_syn_8                                                   |                                                  I_sys_clk_syn_8                                                   |           |                                               I_sys_clk_dup_6_created_gclkinst_auto_created_sclk_s_0_l_bk4                                                |            83            
RUN-1001 :    5    |                                                  O_cam_24m_syn_3                                                   |                                                  O_cam_24m_syn_3                                                   |           |                                               O_cam_24m_dup_1_created_gclkinst_auto_created_sclk_s_0_l_bk5                                                |            41            
RUN-1001 :    6    |                                       u_uicfgcs500/uii2c_inst/scl_clk_syn_9                                        |                                       u_uicfgcs500/uii2c_inst/scl_clk_syn_9                                        |           |                                       u_uicfgcs500/uii2c_inst/scl_clk_created_gclkinst_auto_created_sclk_s_0_l_bk6                                        |            16            
RUN-1001 :    7    |  u_ph1p35_324_ddr_wrapper/u_ddr2/ph1p_ddrmc_wrapper/ph1p_ddrmc_top/u_ddr_phy/u_ddrphy_top/u_ddrphy/apb_pclk_syn_1  |  u_ph1p35_324_ddr_wrapper/u_ddr2/ph1p_ddrmc_wrapper/ph1p_ddrmc_top/u_ddr_phy/u_ddrphy_top/u_ddrphy/apb_pclk_syn_1  |           |  u_ph1p35_324_ddr_wrapper/u_ddr2/ph1p_ddrmc_wrapper/ph1p_ddrmc_top/u_ddr_phy/u_ddrphy_top/u_ddrphy/apb_pclk_created_gclkinst_auto_created_sclk_s_0_l_bk7  |            3             
RUN-1001 : -----------------------------------------------------------------------------------------------------------------------------------------------------------------------------------------------------------------------------------------------------------------------------------------------------------------------------------------------------------------------------------------------------------------------------------------------------
RUN-1001 : Clock Region s_0_r [24,0][47,39]; Utilization: 4 out of 12
RUN-1001 : -----------------------------------------------------------------------------------------------------------------------------------------------------------------------------------------------------------------------------------------------------------------------------------------------------------------------------------------
RUN-1001 :   Bank  |                                    Assigned Clock                                     |                                      Route Clock                                      |  Marking  |                                                 Buffer                                                  |  Regional Clock Fanouts  
RUN-1001 : -----------------------------------------------------------------------------------------------------------------------------------------------------------------------------------------------------------------------------------------------------------------------------------------------------------------------------------------
RUN-1001 :    1    |    u_isp_top/u_rgb96_downscale_crop/u_scale_line_buffer/ram_f84573da5ab5_Inst/clkb    |    u_isp_top/u_rgb96_downscale_crop/u_scale_line_buffer/ram_f84573da5ab5_Inst/clkb    |           |  u_mipi_dphy_rx_ph1p_mipiio_wrapper/u_ph1p_mipiio_rx_wrapper/bufg_feedback_auto_created_sclk_s_0_r_bk1  |           2155           
RUN-1001 :    2    |                              u_hdmi_mixer/I_clk_syn_652                               |                              u_hdmi_mixer/I_clk_syn_652                               |           |                     u_hdmi_mixer/I_clk_created_gclkinst_auto_created_sclk_s_0_r_bk2                     |           375            
RUN-1001 :    3    |                                    O_cam_24m_syn_3                                    |                                    O_cam_24m_syn_3                                    |           |                      O_cam_24m_dup_1_created_gclkinst_auto_created_sclk_s_0_r_bk3                       |            32            
RUN-1001 :    4    |  u_mipi_dphy_rx_ph1p_mipiio_wrapper/u_ph1p_mipiio_rx_wrapper/u_lane0_hs_detect/I_clk  |  u_mipi_dphy_rx_ph1p_mipiio_wrapper/u_ph1p_mipiio_rx_wrapper/u_lane0_hs_detect/I_clk  |           |                             u_PLL/bufg_feedback_auto_created_sclk_s_0_r_bk4                             |            7             
RUN-1001 : -----------------------------------------------------------------------------------------------------------------------------------------------------------------------------------------------------------------------------------------------------------------------------------------------------------------------------------------
RUN-1001 : Clock Region s_1_l [0,40][23,79]; Utilization: 3 out of 12
RUN-1001 : -----------------------------------------------------------------------------------------------------------------------------------------------------------------------------------------------------------------------------------------------------------------------------------------------------------------------------------------------------------------------------------------------------------------------------------------------------
RUN-1001 :   Bank  |                                                   Assigned Clock                                                   |                                                    Route Clock                                                     |  Marking  |                                                                          Buffer                                                                           |  Regional Clock Fanouts  
RUN-1001 : -----------------------------------------------------------------------------------------------------------------------------------------------------------------------------------------------------------------------------------------------------------------------------------------------------------------------------------------------------------------------------------------------------------------------------------------------------
RUN-1001 :    1    |                 u_ph1p35_324_ddr_wrapper/u_ddr2/ph1p_ddrmc_wrapper/ph1p_ddrmc_top/u_alc_mc_top/clk                 |                 u_ph1p35_324_ddr_wrapper/u_ddr2/ph1p_ddrmc_wrapper/ph1p_ddrmc_top/u_alc_mc_top/clk                 |           |   u_ph1p35_324_ddr_wrapper/u_ddr2/ph1p_ddrmc_wrapper/ph1p_ddrmc_top/u_ddr_phy/u_ddrphy_top/u_ddrphy_clk/u_pll1/u_bufg_fbclk_auto_created_sclk_s_1_l_bk1   |           1244           
RUN-1001 :    2    |                  u_isp_top/u_rgb96_downscale_crop/u_scale_line_buffer/ram_f84573da5ab5_Inst/clkb                   |                  u_isp_top/u_rgb96_downscale_crop/u_scale_line_buffer/ram_f84573da5ab5_Inst/clkb                   |           |                           u_mipi_dphy_rx_ph1p_mipiio_wrapper/u_ph1p_mipiio_rx_wrapper/bufg_feedback_auto_created_sclk_s_1_l_bk2                           |           1111           
RUN-1001 :    3    |  u_ph1p35_324_ddr_wrapper/u_ddr2/ph1p_ddrmc_wrapper/ph1p_ddrmc_top/u_ddr_phy/u_ddrphy_top/u_ddrphy/apb_pclk_syn_1  |  u_ph1p35_324_ddr_wrapper/u_ddr2/ph1p_ddrmc_wrapper/ph1p_ddrmc_top/u_ddr_phy/u_ddrphy_top/u_ddrphy/apb_pclk_syn_1  |           |  u_ph1p35_324_ddr_wrapper/u_ddr2/ph1p_ddrmc_wrapper/ph1p_ddrmc_top/u_ddr_phy/u_ddrphy_top/u_ddrphy/apb_pclk_created_gclkinst_auto_created_sclk_s_1_l_bk3  |            24            
RUN-1001 : -----------------------------------------------------------------------------------------------------------------------------------------------------------------------------------------------------------------------------------------------------------------------------------------------------------------------------------------------------------------------------------------------------------------------------------------------------
RUN-1001 : Clock Region s_1_r [24,40][43,79]; Utilization: 5 out of 12
RUN-1001 : -----------------------------------------------------------------------------------------------------------------------------------------------------------------------------------------------------------------------------------------------------------------------------------------------------------------------------------------------------------------------------------------
RUN-1001 :   Bank  |                                    Assigned Clock                                     |                                      Route Clock                                      |  Marking  |                                                                         Buffer                                                                          |  Regional Clock Fanouts  
RUN-1001 : -----------------------------------------------------------------------------------------------------------------------------------------------------------------------------------------------------------------------------------------------------------------------------------------------------------------------------------------------------------------------------------------
RUN-1001 :    1    |  u_mipi_dphy_rx_ph1p_mipiio_wrapper/u_ph1p_mipiio_rx_wrapper/u_lane0_hs_detect/I_clk  |  u_mipi_dphy_rx_ph1p_mipiio_wrapper/u_ph1p_mipiio_rx_wrapper/u_lane0_hs_detect/I_clk  |           |                                                     u_PLL/bufg_feedback_auto_created_sclk_s_1_r_bk1                                                     |            1             
RUN-1001 :    2    |    u_isp_top/u_rgb96_downscale_crop/u_scale_line_buffer/ram_f84573da5ab5_Inst/clkb    |    u_isp_top/u_rgb96_downscale_crop/u_scale_line_buffer/ram_f84573da5ab5_Inst/clkb    |           |                          u_mipi_dphy_rx_ph1p_mipiio_wrapper/u_ph1p_mipiio_rx_wrapper/bufg_feedback_auto_created_sclk_s_1_r_bk2                          |           853            
RUN-1001 :    3    |                              u_hdmi_mixer/I_clk_syn_652                               |                              u_hdmi_mixer/I_clk_syn_652                               |           |                                             u_hdmi_mixer/I_clk_created_gclkinst_auto_created_sclk_s_1_r_bk3                                             |           156            
RUN-1001 :    4    |           u_hdmi_tx/u_hdmi2phy_wrapper/u0_lane_lvds_8_1/I_serial_clk_syn_1            |           u_hdmi_tx/u_hdmi2phy_wrapper/u0_lane_lvds_8_1/I_serial_clk_syn_1            |           |                         u_hdmi_tx/u_hdmi2phy_wrapper/u0_lane_lvds_8_1/I_serial_clk_created_gclkinst_auto_created_sclk_s_1_r_bk4                         |            41            
RUN-1001 :    5    |  u_ph1p35_324_ddr_wrapper/u_ddr2/ph1p_ddrmc_wrapper/ph1p_ddrmc_top/u_alc_mc_top/clk   |  u_ph1p35_324_ddr_wrapper/u_ddr2/ph1p_ddrmc_wrapper/ph1p_ddrmc_top/u_alc_mc_top/clk   |           |  u_ph1p35_324_ddr_wrapper/u_ddr2/ph1p_ddrmc_wrapper/ph1p_ddrmc_top/u_ddr_phy/u_ddrphy_top/u_ddrphy_clk/u_pll1/u_bufg_fbclk_auto_created_sclk_s_1_r_bk5  |            14            
RUN-1001 : -----------------------------------------------------------------------------------------------------------------------------------------------------------------------------------------------------------------------------------------------------------------------------------------------------------------------------------------------------------------------------------------
RUN-1002 : start command "export_db camera_to_dsi_display_pr.db"
RUN-1001 : Exported flow parameters
RUN-1001 : Exported /
RUN-1001 : Exported libs
RUN-1001 : Exported entities
RUN-1001 : Exported ports
RUN-1001 : Exported pins
RUN-1001 : Exported instances
RUN-1001 : Exported nets
RUN-1001 : Exported buses
RUN-1001 : Exported models
RUN-1001 : Exported phy database
RUN-1001 : Exported packer
RUN-1001 : Exported congestions
RUN-1001 : Exported violations
RUN-1001 : Exported ATMR Setting
RUN-1001 : Exported timing constraints
RUN-1001 : Exported IO constraints
RUN-1001 : Exported Inst constraints
RUN-1001 : Exported ChipWatcher
RUN-1003 : finish command "export_db camera_to_dsi_display_pr.db" in  1.322940s wall, 1.765625s user + 0.140625s system = 1.906250s CPU (144.1%)

RUN-1004 : used memory is 1877 MB, reserved memory is 1986 MB, peak memory is 1877 MB
PHY-1001 : Current memory(MB): used = 1877, reserved = 1986, peak = 1877.
PHY-1001 : End export database. 1.394551s wall, 1.859375s user + 0.140625s system = 2.000000s CPU (143.4%)

PHY-1001 : End detail routing;  56.563846s wall, 117.578125s user + 1.453125s system = 119.031250s CPU (210.4%)

PHY-1001 : End Stage 2 | Detail Routing; Time: 56.563941s wall, 117.578125s user + 1.453125s system = 119.031250s CPU (210.4%); Memory(MB): used = 1877, reserved = 1986, peak = 1877;

RUN-1002 : start command "fix_hold"

PHY-1001 : Stage 3 | Hold Fix
PHY-1001 : Stage 3.1 | Load Design Data
PHY-1034 : Refresh detailed routing grids ...
PHY-1001 : Generate nets ...
PHY-1001 : eco open net = 0
PHY-1001 : End Stage 3.1 | Load Design Data; Time: 0.458764s wall, 0.453125s user + 0.000000s system = 0.453125s CPU (98.8%); Memory(MB): used = 1878, reserved = 1986, peak = 1878;

PHY-1001 : Stage 3.2 | Hold Fix Optimization
RUN-1002 : start command "start_timer"
RUN-1003 : finish command "start_timer" in  2.015297s wall, 2.000000s user + 0.015625s system = 2.015625s CPU (100.0%)

RUN-1004 : used memory is 1878 MB, reserved memory is 1986 MB, peak memory is 1878 MB
PHY-1001 : Timing info: SWNS 1.253ns | STNS 0.000ns | HWNS -0.071ns | HTNS -0.733ns.
PHY-1001 : Processing hold violation on 37 end-point, worst slack = -71ps, best slack = 19ps.
PHY-1001 : End timing refresh.  6.180051s wall, 6.156250s user + 0.015625s system = 6.171875s CPU (99.9%)

PHY-1001 : Stage 3.2.1 | Phase 1
PHY-1001 : Stage 3.2.1.1 | Hold Fix By LutBridge
PHY-1001 : len = 2.89184e+06, over cnt = 0(0%), over = 0, worst = 0, crit = 0
PHY-1001 : Bridge count = 13; unresolved count = 0.
PHY-1001 : 1 out of 37 ((2.70)%) EP fixed by LB.
PHY-1001 : End Stage 3.2.1.1 | Hold Fix By LutBridge; Time: 1.003084s wall, 1.437500s user + 0.000000s system = 1.437500s CPU (143.3%); Memory(MB): used = 1878, reserved = 1986, peak = 1878;

PHY-1001 : Timing info: SWNS 1.253ns | STNS 0.000ns | HWNS -0.071ns | HTNS -0.319ns.
PHY-1001 : Processing hold violation on 13 end-point, worst slack = -71ps, best slack = 15ps.
PHY-1001 : End timing refresh.  0.110936s wall, 0.093750s user + 0.015625s system = 0.109375s CPU (98.6%)

PHY-1001 : Stage 3.2.1.2 | Hold Fix By Pin
PHY-1001 : len = 2.89245e+06, over cnt = 0(0%), over = 0, worst = 0, crit = 0
PHY-1001 : 10 out of 13 ((76.92)%) EP fixed by pin delay.
PHY-1001 : End Stage 3.2.1.2 | Hold Fix By Pin; Time: 0.767706s wall, 1.109375s user + 0.015625s system = 1.125000s CPU (146.5%); Memory(MB): used = 1878, reserved = 1986, peak = 1878;

PHY-1001 : Timing info: SWNS 1.253ns | STNS 0.000ns | HWNS -0.052ns | HTNS -0.103ns.
PHY-1001 : Processing hold violation on 3 end-point, worst slack = -52ps, best slack = -1ps.
PHY-1001 : End timing refresh.  0.115501s wall, 0.125000s user + 0.000000s system = 0.125000s CPU (108.2%)

PHY-1001 : Stage 3.2.1.3 | Hold Fix By Net
PHY-1001 : len = 2.89296e+06, over cnt = 0(0%), over = 0, worst = 0, crit = 0
PHY-1001 : 3 out of 3 ((100.00)%) EP fixed by net delay.
PHY-1001 : End Stage 3.2.1.3 | Hold Fix By Net; Time: 0.224317s wall, 0.203125s user + 0.015625s system = 0.218750s CPU (97.5%); Memory(MB): used = 1878, reserved = 1986, peak = 1878;

PHY-1001 : Timing info: SWNS 1.253ns | STNS 0.000ns | HWNS 0.020ns | HTNS 0.000ns.
PHY-1001 : End timing refresh.  0.112846s wall, 0.109375s user + 0.000000s system = 0.109375s CPU (96.9%)

PHY-1001 : End Stage 3.2.1 | Phase 1; Time: 2.371534s wall, 3.125000s user + 0.046875s system = 3.171875s CPU (133.7%); Memory(MB): used = 1878, reserved = 1986, peak = 1878;

PHY-1001 : End Stage 3.2 | Hold Fix Optimization; Time: 8.552572s wall, 9.281250s user + 0.062500s system = 9.343750s CPU (109.3%); Memory(MB): used = 1878, reserved = 1986, peak = 1878;

PHY-1001 : End Stage 3 | Hold Fix; Time: 9.201595s wall, 9.921875s user + 0.062500s system = 9.984375s CPU (108.5%); Memory(MB): used = 1878, reserved = 1986, peak = 1878;

RUN-1003 : finish command "fix_hold" in  9.236043s wall, 9.968750s user + 0.062500s system = 10.031250s CPU (108.6%)

RUN-1004 : used memory is 1878 MB, reserved memory is 1986 MB, peak memory is 1878 MB
PHY-1001 : Stage 4 | Report Route Qor
RUN-1002 : start command "report_qor -step route -file route.qor"
RUN-1002 : start command "start_timer"
RUN-1003 : finish command "start_timer" in  1.985874s wall, 1.984375s user + 0.000000s system = 1.984375s CPU (99.9%)

RUN-1004 : used memory is 1878 MB, reserved memory is 1986 MB, peak memory is 1878 MB
-----------------------------------------------------------
| QoR metrics               |         value               |
-----------------------------------------------------------
| Timing                    |                             |
|     Setup WNS             |         1253                |
|     Setup TNS             |            0                |
|     Num of violated S-EP  |            0                |
|     Hold WNS              |           20                |
|     Hold TNS              |            0                |
|     Num of violated H-EP  |            0                |
-----------------------------------------------------------
| Routing Resource          |                             |
|     Wire length           |      2892960                |
-----------------------------------------------------------
| Utilization               |                             |
|     #slices               |        12883                |
|     slices percentage     |       60.72%                |
|     #RAMs                 |           50                |
|     #DSPs                 |            8                |
|     #DRAMHARDCON          |           37                |
-----------------------------------------------------------
Report route stage QoR done.

RUN-1003 : finish command "report_qor -step route -file route.qor" in  6.194060s wall, 6.171875s user + 0.015625s system = 6.187500s CPU (99.9%)

RUN-1004 : used memory is 1878 MB, reserved memory is 1986 MB, peak memory is 1878 MB
RUN-1002 : start command "update_timing -mode final"
RUN-1002 : start command "start_timer"
RUN-1003 : finish command "start_timer" in  1.980478s wall, 1.984375s user + 0.000000s system = 1.984375s CPU (100.2%)

RUN-1004 : used memory is 1878 MB, reserved memory is 1986 MB, peak memory is 1878 MB
RUN-1003 : finish command "update_timing -mode final" in  6.083817s wall, 6.046875s user + 0.031250s system = 6.078125s CPU (99.9%)

RUN-1004 : used memory is 1878 MB, reserved memory is 1986 MB, peak memory is 1878 MB
RUN-1002 : start command "report_timing_summary -file final_timing.rpt"
OPT-1001 : QoR tracer report on route step:
    SWNS [   incr ]    STNS [   incr ]  S-FEPS [   incr ]    HWNS [   incr ]      HTNS [     incr ]    H-FEPS [     incr ]    CELL [   incr ]       WL [    incr ]   RT(s) [   incr ]   MEM(mb) [     incr ]
    1201 [      0 ]       0 [      0 ]       0 [      0 ]    -225 [      0 ]     -9182 [        0 ]       214 [        0 ]   13386 [      0 ]  2636096 [       0 ]      36 [      0 ]      1771 [        0 ] : dr_initialization
    1201 [      0 ]       0 [      0 ]       0 [      0 ]     -11 [    214 ]       -11 [     9171 ]         1 [     -213 ]   13386 [      0 ]  2662784 [   26688 ]      43 [      7 ]      1772 [        1 ] : dr_timing_opt_phase1
    1253 [     52 ]       0 [      0 ]       0 [      0 ]     -71 [    -60 ]      -733 [     -722 ]        22 [       21 ]   13386 [      0 ]  2889536 [  226752 ]      62 [     19 ]      1806 [       34 ] : dr_opt_phase1
    1253 [      0 ]       0 [      0 ]       0 [      0 ]     -71 [      0 ]      -733 [        0 ]        22 [        0 ]   13386 [      0 ]  2889536 [       0 ]      62 [      0 ]      1808 [        2 ] : multi_try_opt
    1253 [      0 ]       0 [      0 ]       0 [      0 ]      20 [     91 ]         0 [      733 ]         0 [      -22 ]   13386 [      0 ]  2892960 [    3424 ]      73 [     11 ]      1878 [       70 ] : fix_hold_opt

PHY-1001 : End Stage 4 | Report Route Qor; Time: 12.438939s wall, 12.359375s user + 0.062500s system = 12.421875s CPU (99.9%); Memory(MB): used = 1878, reserved = 1986, peak = 1878;

PHY-1001 : Stage 5 | Routing DRC
PHY-1001 : Stage 5.1 | Check And Add Lut-bridge
PHY-1001 : End Stage 5.1 | Check And Add Lut-bridge; Time: 0.104824s wall, 0.109375s user + 0.000000s system = 0.109375s CPU (104.3%); Memory(MB): used = 1878, reserved = 1986, peak = 1878;

PHY-1001 : Stage 5.2 | Lut Bridge Check
PHY-1001 : End Stage 5.2 | Lut Bridge Check; Time: 0.243085s wall, 0.234375s user + 0.000000s system = 0.234375s CPU (96.4%); Memory(MB): used = 1878, reserved = 1986, peak = 1878;

PHY-1001 : Stage 5.3 | Physical Net Status Check
PHY-1001 : End Stage 5.3 | Physical Net Status Check; Time: 0.060804s wall, 0.062500s user + 0.000000s system = 0.062500s CPU (102.8%); Memory(MB): used = 1878, reserved = 1986, peak = 1878;

PHY-1001 : Start multi-drive drc check......
PHY-1001 : No multi-drive.
PHY-1001 : Stage 5.4 | Clock Net Status Check
PHY-1001 : 2 clock net(s) utilize local routing resource.
PHY-5079 CRITICAL-WARNING: Marked 1 clock net(s) utilize the local routing resources. Please check log message and the sinks of clock nets.
RUN-1001 : CTS Local Wire Summary
RUN-1001 : ------------------------------------------------------------------------------------------------------------------------------------------------------------
RUN-1001 :    ClockName    |   DriverType    |  Clock/Fanout  |  LocalWireNum  |                                  NetName                                   |  Marked  
RUN-1001 : ------------------------------------------------------------------------------------------------------------------------------------------------------------
RUN-1001 :        -        |  AL_PHY_LSLICE  |      1/3       |       16       |                      u_uicfgcs500/uii2c_inst/scl_clk                       |    -     
RUN-1001 :   pll_clk_24m   |   AL_PHY_SCLK   |     40/41      |       3        |  O_cam_24m_dup_1_created_gclkinst_auto_created_sclk_s_0_l_bk5_sclk_outnet  |   true   
RUN-1001 : ------------------------------------------------------------------------------------------------------------------------------------------------------------
PHY-5088 WARNING: Clock_Analyzer: Detected 1 buffer(s) clkin net because they drive non-clock sinks. Run "analyze_clock -detail" for more infomation.
PHY-5088 WARNING: Clock_Analyzer: Detected 1 buffer(s) clkout net because they drive non-clock sinks. Run "analyze_clock -detail" for more infomation.
PHY-5088 WARNING: Clock_Analyzer: 2 clock-net(s) because they drive other clock net, may cause clock skew. Run "analyze_clock -detail" for more infomation.
PHY-1001 : End Stage 5.4 | Clock Net Status Check; Time: 0.081966s wall, 0.078125s user + 0.000000s system = 0.078125s CPU (95.3%); Memory(MB): used = 1878, reserved = 1986, peak = 1878;

PHY-1001 : Stage 5.5 | Abnormal Timing Path check
PHY-1001 : No abnormal timing path.
PHY-1001 : End Stage 5.5 | Abnormal Timing Path check; Time: 0.265263s wall, 0.265625s user + 0.000000s system = 0.265625s CPU (100.1%); Memory(MB): used = 1878, reserved = 1986, peak = 1878;

PHY-1001 : Stage 5.6 | Bound Check
PHY-1001 : Check Pass.
PHY-1001 : End Stage 5.6 | Bound Check; Time: 0.003744s wall, 0.000000s user + 0.000000s system = 0.000000s CPU (n/a%); Memory(MB): used = 1878, reserved = 1986, peak = 1878;

PHY-1001 : End Stage 5 | Routing DRC; Time: 0.819614s wall, 0.812500s user + 0.000000s system = 0.812500s CPU (99.1%); Memory(MB): used = 1878, reserved = 1986, peak = 1878;

RUN-1003 : finish command "route" in  86.675622s wall, 149.703125s user + 1.718750s system = 151.421875s CPU (174.7%)

RUN-1004 : used memory is 1878 MB, reserved memory is 1986 MB, peak memory is 1878 MB
RUN-1002 : start command "report_area -io_info -file camera_to_dsi_display_phy.area"
SYN-4034 : The count of slices with lut is 6914.
SYN-4035 : The count of slices with lut+ripple is 3173.
RUN-1001 : standard
***Report Model: design_top_wrapper Device: PH1P35MDG324***

Design Statistics
#IO                        58   out of    160   36.25%
  #input                    2
  #output                  31
  #inout                   25
#lut6                   10495   out of  21216   49.47%
#reg                    13823
  #slice reg            13823   out of  42432   32.58%
  #pad reg                  0

Utilization Statistics
#slice                  12883   out of  21216   60.72%
  #used ram               408
    #dram lut             296
    #shifter lut          112
  #used logic           12475
    #with luts           6914
    #with adder          3173
    #reg only            2388
#feedthrough             2309
#f7mux                      0   out of  10608    0.00%
#f8mux                      0   out of   5304    0.00%
#eram                      50   out of    108   46.30%
  #eram20k                 50
  #fifo20k                  0
#dsp                        8   out of     40   20.00%
#ddr_byte                   6   out of     12   50.00%
#mipi_tx                    0   out of      2    0.00%
#mipi_rx                    1   out of      2   50.00%
#pad                       17   out of    160   10.62%
#pll                        3   out of      6   50.00%
#gclk                       9   out of     32   28.12%
#lclk                       0   out of     12    0.00%
#sclk                      19   out of     48   39.58%
#mlclk                      2   out of      6   33.33%
#ioclk                      4   out of     18   22.22%


DataNet Average Fanout:

   Index     Fanout     Nets   
    #1          1       19905  
    #2          2       7279   
    #3          3        973   
    #4          4        649   
    #5        5-10      1644   
    #6        11-50      434   
    #7       51-100      39    
    #8       101-500      3    
  Average     2.03             

RUN-1002 : start command "update_timing -mode final"
RUN-1002 : start command "start_timer"
RUN-1003 : finish command "start_timer" in  1.999426s wall, 1.984375s user + 0.015625s system = 2.000000s CPU (100.0%)

RUN-1004 : used memory is 1878 MB, reserved memory is 1986 MB, peak memory is 1878 MB
RUN-1003 : finish command "update_timing -mode final" in  6.167424s wall, 6.125000s user + 0.031250s system = 6.156250s CPU (99.8%)

RUN-1004 : used memory is 1878 MB, reserved memory is 1986 MB, peak memory is 1878 MB
RUN-1002 : start command "report_timing_status -file camera_to_dsi_display_phy.ts"
RUN-1002 : start command "report_timing_summary -file camera_to_dsi_display_pr.timing"
RUN-1002 : start command "report_timing_exception -file camera_to_dsi_display_exception.timing"
RUN-1002 : start command "flow_status -file route_flow.status"
Location         : D:\2026fpga\lab_hd_1_mipi_hdmi\td_project\camera_to_dsi_display_Runs\phy_1
Running with     : Tang Dynasty v6.2.168116
                   Copyright (c) 2012-2025 Anlogic Inc.
Top Model        : design_top_wrapper
Device           : PH1P35MDG324
Speed            : 3

Timing Mode      : final
Setup            : WNS  1253ps  TNS        0ps  NUM_FEPS     0
Hold             : WNS    20ps  TNS        0ps  NUM_FEPS     0

Flow Statistics  :
RUN-1001 : Flow Statistics:
RUN-1001 : ---------------------------------------------------------------------------------------------------
RUN-1001 :      command     |  #calls  |  wall time   |  cpu time(s)  |  used memory(mb)  |  peak memory(mb)  
RUN-1001 : ---------------------------------------------------------------------------------------------------
RUN-1001 :       place      |    1     |  2m5s(58%)   |   406(72%)    |       1176        |       1176        
RUN-1001 :       route      |    1     |  1m17s(35%)  |   141(25%)    |       1878        |       1878        
RUN-1001 :     fix_hold     |    1     |    9s(4%)    |     9(1%)     |       1878        |       1878        
RUN-1001 :   import_device  |    1     |    2s(0%)    |     2(0%)     |        323        |        323        
RUN-1001 :     import_db    |    1     |    1s(0%)    |     0(0%)     |        520        |        520        
RUN-1001 : ---------------------------------------------------------------------------------------------------
RUN-1001 :       total      |    5     |    3m34s     |      558      |       1878        |       1878        
RUN-1001 : ---------------------------------------------------------------------------------------------------
RUN-1002 : start command "report_clock_utilization -file route_clock_utilization.txt"
RUN-1002 : start command "export_db camera_to_dsi_display_pr.db"
RUN-1001 : Exported flow parameters
RUN-1001 : Exported /
RUN-1001 : Exported libs
RUN-1001 : Exported entities
RUN-1001 : Exported ports
RUN-1001 : Exported pins
RUN-1001 : Exported instances
RUN-1001 : Exported nets
RUN-1001 : Exported buses
RUN-1001 : Exported models
RUN-1001 : Exported phy database
RUN-1001 : Exported packer
RUN-1001 : Exported congestions
RUN-1001 : Exported violations
RUN-1001 : Exported ATMR Setting
RUN-1001 : Exported timing constraints
RUN-1001 : Exported IO constraints
RUN-1001 : Exported Inst constraints
RUN-1001 : Exported ChipWatcher
RUN-1003 : finish command "export_db camera_to_dsi_display_pr.db" in  1.332936s wall, 1.859375s user + 0.062500s system = 1.921875s CPU (144.2%)

RUN-1004 : used memory is 1880 MB, reserved memory is 1986 MB, peak memory is 1880 MB
RUN-1002 : start command "commit_param -step bitgen"
RUN-1001 : Print Global Property
RUN-1001 : -------------------------------------------------------------
RUN-1001 :     Parameters    |   Settings   |  Default Values  |  Note  
RUN-1001 : -------------------------------------------------------------
RUN-1001 :    enable_seed    |     off      |       off        |        
RUN-1001 :    hfn_to_clock   |  1000000000  |    1000000000    |        
RUN-1001 :      message      |   standard   |     standard     |        
RUN-1001 :    qor_monitor    |      on      |        on        |        
RUN-1001 :   speedup_effort  |      0       |        0         |        
RUN-1001 :    syn_ip_flow    |     off      |       off        |        
RUN-1001 :       thread      |     auto     |       auto       |        
RUN-1001 : -------------------------------------------------------------
RUN-1002 : start command "set_param bitgen compress on"
RUN-1001 : Print Bitgen Property
RUN-1001 : -------------------------------------------------------------
RUN-1001 :      Parameters     |  Settings  |  Default Values  |  Note  
RUN-1001 : -------------------------------------------------------------
RUN-1001 :         bin         |    off     |       off        |        
RUN-1001 :       compress      |     on     |       off        |   *    
RUN-1001 :       gen_mask      |    off     |       off        |        
RUN-1001 :      max_stream     |     on     |        on        |        
RUN-1001 :      time_info      |     on     |        on        |        
RUN-1001 :   unused_io_status  |   pullup   |      pullup      |        
RUN-1001 :       version       |    0x00    |       0x00       |        
RUN-1001 : -------------------------------------------------------------
RUN-1002 : start command "bitgen -bit camera_to_dsi_display.bit"
RUN-1002 : start command "export_bid camera_to_dsi_display_inst.bid"
BIT-1003 : Start to generate bitstream. 
BIT-1002 : Bitgen processed 3 pll_pd instances.
BIT-1002 : Init instances with 32 threads.
BIT-1002 : Init instances completely, inst num: 13387
BIT-1002 : Init pips with 32 threads.
BIT-1002 : Init pips completely, net num: 22366, pip num: 209240
BIT-1002 : Init feedthrough with 32 threads.
BIT-1002 : Init feedthrough completely, num: 2309
BIT-1003 : Multithreading accelaration with 32 threads.
BIT-1003 : Generate bitstream completely, there are 707441 bits set as '1'.
PRG-1501 : Bit compressed, frame number changed from 3481 to 3439, ratio 1.21%
BIT-1004 : Generate file camera_to_dsi_display_compress.bit.
BIT-1004 : Generate file camera_to_dsi_display.bit.
RUN-1003 : finish command "bitgen -bit camera_to_dsi_display.bit" in  4.552413s wall, 50.296875s user + 2.359375s system = 52.656250s CPU (1156.7%)

RUN-1004 : used memory is 1881 MB, reserved memory is 1986 MB, peak memory is 1881 MB
RUN-1002 : start command "setup_debugger"
RUN-1002 : start command "export_bitgen_param -file .bitgen_param.f"
RUN-1002 : start command "export_flow_status -s opt_place -e bitgen"
RUN-1002 : start command "flow_status"

Location         : D:\2026fpga\lab_hd_1_mipi_hdmi\td_project\camera_to_dsi_display_Runs\phy_1
Running with     : Tang Dynasty v6.2.168116
                   Copyright (c) 2012-2025 Anlogic Inc.
Top Model        : design_top_wrapper
Device           : PH1P35MDG324
Speed            : 3

Timing Mode      : final
Setup            : WNS  1253ps  TNS        0ps  NUM_FEPS     0
Hold             : WNS    20ps  TNS        0ps  NUM_FEPS     0

RUN-1001 : Flow Statistics:
RUN-1001 : ---------------------------------------------------------------------------------------------------
RUN-1001 :      command     |  #calls  |  wall time   |  cpu time(s)  |  used memory(mb)  |  peak memory(mb)  
RUN-1001 : ---------------------------------------------------------------------------------------------------
RUN-1001 :       place      |    1     |  2m5s(57%)   |   406(66%)    |       1176        |       1176        
RUN-1001 :       route      |    1     |  1m17s(35%)  |   141(23%)    |       1878        |       1878        
RUN-1001 :     fix_hold     |    1     |    9s(4%)    |     9(1%)     |       1878        |       1878        
RUN-1001 :      bitgen      |    1     |    4s(1%)    |    52(8%)     |       1881        |       1881        
RUN-1001 :   import_device  |    1     |    2s(0%)    |     2(0%)     |        323        |        323        
RUN-1001 :     import_db    |    1     |    1s(0%)    |     0(0%)     |        520        |        520        
RUN-1001 : ---------------------------------------------------------------------------------------------------
RUN-1001 :       total      |    6     |    3m38s     |      610      |       1881        |       1881        
RUN-1001 : ---------------------------------------------------------------------------------------------------
