============================================================
   Tang Dynasty, V6.2.168116
   Copyright (c) 2012-2025 Anlogic Inc.
   Executable = F:/AnlogicFpga/TD_6.2.1_Engineer_6.2.168.116/bin/td_commands_prompt.exe
   Built at =   16:32:07 Jun 12 2025
   Run by =     pc
   Run Date =   Tue Sep 15 17:11:28 2026

   Run on =     CIRBUG
============================================================
RUN-1002 : start command "import_device ph1_35p.db -package PH1P35MDG324 -speed 3"
ARC-1001 : Device Initialization.
ARC-1001 : ----------------------------------------------------------------
ARC-1001 :           OPTION          |          IO           |   SETTING   
ARC-1001 : ----------------------------------------------------------------
ARC-1001 :   non_jtag_persist(none)  |        35 IOs         |    gpio    
ARC-1001 :            jtag           |  P13/P15/L14/R13/T13  |  dedicate  
ARC-1001 : ----------------------------------------------------------------
RUN-1003 : finish command "import_device ph1_35p.db -package PH1P35MDG324 -speed 3" in  2.350108s wall, 2.062500s user + 0.062500s system = 2.125000s CPU (90.4%)

RUN-1004 : used memory is 323 MB, reserved memory is 321 MB, peak memory is 323 MB
RUN-1002 : start command "open_project camera_to_dsi_display.prj -noanalyze"
RUN-1002 : start command "import_db ../syn_1/camera_to_dsi_display_gate.db"
RUN-1001 : Importing database generated by Tang Dynasty, V6.2.168116.
RUN-1001 : Database version number 46207
RUN-1001 : Import flow parameters
RUN-1001 : Import netlist
RUN-1001 : Import timing constraints
RUN-1001 : Import IO constraints
RUN-1001 : Import Inst constraints
RUN-1001 : Import ChipWatcher
RUN-1001 : Import design success TD_VERSION=6.2.168116 , DB_VERSION=46207
RUN-1002 : start command "commit_param -step place"
RUN-1001 : Print Global Property
RUN-1001 : -------------------------------------------------------------
RUN-1001 :     Parameters    |   Settings   |  Default Values  |  Note  
RUN-1001 : -------------------------------------------------------------
RUN-1001 :    enable_seed    |     off      |       off        |        
RUN-1001 :    hfn_to_clock   |  1000000000  |    1000000000    |        
RUN-1001 :      message      |   standard   |     standard     |        
RUN-1001 :    qor_monitor    |      on      |        on        |        
RUN-1001 :   speedup_effort  |      0       |        0         |        
RUN-1001 :    syn_ip_flow    |     off      |       off        |        
RUN-1001 :       thread      |     auto     |       auto       |        
RUN-1001 : -------------------------------------------------------------
RUN-1001 : Print Place Property
RUN-1001 : ---------------------------------------------------------------
RUN-1001 :       Parameters      |  Settings  |  Default Values  |  Note  
RUN-1001 : ---------------------------------------------------------------
RUN-1001 :         effort        |   medium   |      medium      |        
RUN-1001 :     hfn_opt_effort    |   medium   |      medium      |        
RUN-1001 :    logic_level_opt    |    off     |       off        |        
RUN-1001 :   macro_performance   |    auto    |       auto       |        
RUN-1001 :       max_fanout      |   999999   |      999999      |        
RUN-1001 :       opt_timing      |   medium   |      medium      |        
RUN-1001 :     post_place_opt    |    auto    |       auto       |        
RUN-1001 :      pr_strategy      |     1      |        1         |        
RUN-1001 :   preplace_floorplan  |    off     |       off        |        
RUN-1001 : ---------------------------------------------------------------
RUN-1002 : start command "insert_debugger"
RUN-1002 : start command "place"
RUN-1001 : Open license file F:/AnlogicFpga/TD_6.2.1_Engineer_6.2.168.116/license/Anlogic.lic
PHY-3001 : Placer runs in 32 thread(s).
PHY-1001 : Stage 1 | Initialize Design
PHY-1001 : Stage 1.1 | Build Design
PHY-1001 : 9306 luts, 13576 seqs, 408 mslices, 2977 lslices, 54 pads, 40 brams, 8 dsps
RUN-1002 : start command "legalize_phy_inst"
SYN-1011 : Flatten model design_top_wrapper
SYN-1001 : ADC: Instance "u_ph1p35_324_ddr_wrapper/u_ddr2/ph1p_ddrmc_wrapper/ph1p_ddrmc_top/u_ddr_phy/u_ddrphy_top/u_ddrphy/ac_byte[0]$ac_byte_used$u_ddrphy_ac_byte_wrapper/u_ddrphy_byte" LOCATION="X0Y70Z0"
SYN-1001 : ADC: Instance "u_ph1p35_324_ddr_wrapper/u_ddr2/ph1p_ddrmc_wrapper/ph1p_ddrmc_top/u_ddr_phy/u_ddrphy_top/u_ddrphy/ac_byte[1]$ac_byte_used$u_ddrphy_ac_byte_wrapper/u_ddrphy_byte" LOCATION="X0Y60Z0"
SYN-1001 : ADC: Instance "u_ph1p35_324_ddr_wrapper/u_ddr2/ph1p_ddrmc_wrapper/ph1p_ddrmc_top/u_ddr_phy/u_ddrphy_top/u_ddrphy/ac_byte[2]$ac_byte_used$u_ddrphy_ac_byte_wrapper/u_ddrphy_byte" LOCATION="X0Y50Z0"
SYN-1001 : ADC: Instance "u_ph1p35_324_ddr_wrapper/u_ddr2/ph1p_ddrmc_wrapper/ph1p_ddrmc_top/u_ddr_phy/u_ddrphy_top/u_ddrphy/ac_byte[3]$ac_byte_used$u_ddrphy_ac_byte_wrapper/u_ddrphy_byte" LOCATION="X0Y40Z0"
SYN-1001 : ADC: Instance "u_ph1p35_324_ddr_wrapper/u_ddr2/ph1p_ddrmc_wrapper/ph1p_ddrmc_top/u_ddr_phy/u_ddrphy_top/u_ddrphy/bkref[0]$u_ddrphy_bankref" LOCATION="X0Y19Z0"
SYN-1001 : ADC: Instance "u_ph1p35_324_ddr_wrapper/u_ddr2/ph1p_ddrmc_wrapper/ph1p_ddrmc_top/u_ddr_phy/u_ddrphy_top/u_ddrphy/bkref[1]$u_ddrphy_bankref" LOCATION="X0Y59Z0"
SYN-1001 : ADC: Instance "u_ph1p35_324_ddr_wrapper/u_ddr2/ph1p_ddrmc_wrapper/ph1p_ddrmc_top/u_ddr_phy/u_ddrphy_top/u_ddrphy/dx_byte[0]$dx_byte_used$u_ddrphy_dx_byte_wrapper/u_ddrphy_byte" LOCATION="X0Y30Z0"
SYN-1001 : ADC: Instance "u_ph1p35_324_ddr_wrapper/u_ddr2/ph1p_ddrmc_wrapper/ph1p_ddrmc_top/u_ddr_phy/u_ddrphy_top/u_ddrphy/dx_byte[1]$dx_byte_used$u_ddrphy_dx_byte_wrapper/u_ddrphy_byte" LOCATION="X0Y10Z0"
SYN-1001 : ADC: Instance "u_ph1p35_324_ddr_wrapper/u_ddr2/ph1p_ddrmc_wrapper/ph1p_ddrmc_top/u_ddr_phy/u_ddrphy_top/u_ddrphy_clk/ioclk[0]$u_ioclk_0" LOCATION="X0Y59Z0"
SYN-1001 : ADC: Instance "u_ph1p35_324_ddr_wrapper/u_ddr2/ph1p_ddrmc_wrapper/ph1p_ddrmc_top/u_ddr_phy/u_ddrphy_top/u_ddrphy_clk/ioclk[0]$u_ioclk_1" LOCATION="X0Y59Z1"
SYN-1001 : ADC: Instance "u_ph1p35_324_ddr_wrapper/u_ddr2/ph1p_ddrmc_wrapper/ph1p_ddrmc_top/u_ddr_phy/u_ddrphy_top/u_ddrphy_clk/ioclk[1]$u_ioclk_0" LOCATION="X0Y19Z0"
SYN-1001 : ADC: Instance "u_ph1p35_324_ddr_wrapper/u_ddr2/ph1p_ddrmc_wrapper/ph1p_ddrmc_top/u_ddr_phy/u_ddrphy_top/u_ddrphy_clk/ioclk[1]$u_ioclk_1" LOCATION="X0Y19Z1"
SYN-1001 : ADC: Instance "u_ph1p35_324_ddr_wrapper/u_ddr2/ph1p_ddrmc_wrapper/ph1p_ddrmc_top/u_ddr_phy/u_ddrphy_top/u_ddrphy_clk/u_mlclk_1" LOCATION="X0Y59Z0"
SYN-1001 : ADC: Instance "u_ph1p35_324_ddr_wrapper/u_ddr2/ph1p_ddrmc_wrapper/ph1p_ddrmc_top/u_ddr_phy/u_ddrphy_top/u_ddrphy_clk/u_mlclk_2" LOCATION="X0Y59Z1"
SYN-1001 : ADC: Instance "u_ph1p35_324_ddr_wrapper/u_ddr2/ph1p_ddrmc_wrapper/ph1p_ddrmc_top/u_ddr_phy/u_ddrphy_top/u_ddrphy_clk/u_pll0/u_pll_inst" LOCATION="X0Y40Z0"
SYN-1001 : ADC: Instance "u_ph1p35_324_ddr_wrapper/u_ddr2/ph1p_ddrmc_wrapper/ph1p_ddrmc_top/u_ddr_phy/u_ddrphy_top/u_ddrphy_clk/u_pll1/u_pll_inst" LOCATION="X0Y79Z0"
PHY-1001 : Remove keep and sweep redundant instances ...
PHY-1001 : 8995 luts, 13234 seqs, 408 mslices, 2946 lslices, 54 pads, 40 brams, 8 dsps
PHY-1001 : End Stage 1.1 | Build Design; Time: 0.450218s wall, 0.453125s user + 0.000000s system = 0.453125s CPU (100.6%); Memory(MB): used = 512, reserved = 509, peak = 512;

PHY-1001 : Stage 1.2 | Optimize Design
OPT-1001 : Stage 1.2.1 | Simplify Lut
OPT-1001 : End Stage 1.2.1 | Simplify Lut; Time: 0.058188s wall, 0.062500s user + 0.000000s system = 0.062500s CPU (107.4%); Memory(MB): used = 512, reserved = 509, peak = 512;

OPT-1001 : Stage 1.2.2 | Sweep
OPT-1001 : End Stage 1.2.2 | Sweep; Time: 0.020485s wall, 0.015625s user + 0.000000s system = 0.015625s CPU (76.3%); Memory(MB): used = 512, reserved = 509, peak = 512;

OPT-1001 : Stage 1.2.3 | Merge Lut
OPT-1001 : Start remap optimization ...
RUN-1001 :   Added 0 lut1 for undup drivers
OPT-1001 : skip lut merge since lut number 8993 is similar to or less than reg number 13234
OPT-1001 : End Stage 1.2.3 | Merge Lut; Time: 0.034296s wall, 0.031250s user + 0.000000s system = 0.031250s CPU (91.1%); Memory(MB): used = 512, reserved = 509, peak = 512;

OPT-1001 : Stage 1.2.4 | Synthesize High-fanout Net
OPT-1001 : Start high-fanout net optimization in pre-place flow with medium effort ...
RUN-1001 : HFN opt statistic
RUN-1001 : ------------------------------------------------------
RUN-1001 :   DriverCell type  |  HFN count  |  Duplicated count  
RUN-1001 : ------------------------------------------------------
RUN-1001 :       LSLICE       |      0      |         0          
RUN-1001 :       MSLICE       |      0      |         0          
RUN-1001 :        TOTAL       |      0      |         0          
RUN-1001 : ------------------------------------------------------
OPT-1001 : End high-fanout net optimization;  0.000116s wall, 0.000000s user + 0.000000s system = 0.000000s CPU (n/a%)

OPT-1001 : Current memory(MB): used = 512, reserved = 509, peak = 512.
OPT-1001 : End Stage 1.2.4 | Synthesize High-fanout Net; Time: 0.000217s wall, 0.000000s user + 0.000000s system = 0.000000s CPU (n/a%); Memory(MB): used = 512, reserved = 509, peak = 512;

OPT-1001 : End physical optimization;  0.113547s wall, 0.109375s user + 0.000000s system = 0.109375s CPU (96.3%)

PHY-1001 : End Stage 1.2 | Optimize Design; Time: 0.113631s wall, 0.109375s user + 0.000000s system = 0.109375s CPU (96.3%); Memory(MB): used = 512, reserved = 509, peak = 512;

PHY-1001 : Stage 1.3 | Initialize Clock
PHY-1001 : Start to synthesize physical clock networks.
RUN-1002 : start command "start_timer"
USR-1002 : Derived clock:  create_generated_clock -name {u_PLL/ph1p_phy_pll_wrapper_25a56e5ce2f9_Inst/u_PH1P_PHY_PLL.clkc[0]} -source [get_ports {I_sys_clk}] -master_clock {sys_clk_50m} -multiply_by 2.0000 -duty_cycle 50.0000 [get_pins {u_PLL/ph1p_phy_pll_wrapper_25a56e5ce2f9_Inst/u_PH1P_PHY_PLL.clkc[0]}]
USR-1002 : Derived clock:  create_generated_clock -name {u_PLL/ph1p_phy_pll_wrapper_25a56e5ce2f9_Inst/u_PH1P_PHY_PLL.clkc[1]} -source [get_ports {I_sys_clk}] -master_clock {sys_clk_50m} -divide_by 2.1000 -duty_cycle 50.0000 [get_pins {u_PLL/ph1p_phy_pll_wrapper_25a56e5ce2f9_Inst/u_PH1P_PHY_PLL.clkc[1]}]
USR-1002 : Derived clock:  create_generated_clock -name {u_PLL/ph1p_phy_pll_wrapper_25a56e5ce2f9_Inst/u_PH1P_PHY_PLL.clkc[4]} -source [get_ports {I_sys_clk}] -master_clock {sys_clk_50m} -multiply_by 1.5000 -duty_cycle 50.0000 [get_pins {u_PLL/ph1p_phy_pll_wrapper_25a56e5ce2f9_Inst/u_PH1P_PHY_PLL.clkc[4]}]
USR-1002 : Derived clock:  create_generated_clock -name {u_PLL/ph1p_phy_pll_wrapper_25a56e5ce2f9_Inst/u_PH1P_PHY_PLL.clkc[5]} -source [get_ports {I_sys_clk}] -master_clock {sys_clk_50m} -multiply_by 7.5000 -duty_cycle 50.0000 [get_pins {u_PLL/ph1p_phy_pll_wrapper_25a56e5ce2f9_Inst/u_PH1P_PHY_PLL.clkc[5]}]
USR-1002 : Derived clock:  create_generated_clock -name {u_ph1p35_324_ddr_wrapper/u_ddr2/ph1p_ddrmc_wrapper/ph1p_ddrmc_top/u_ddr_phy/u_ddrphy_top/u_ddrphy_clk/u_pll0/u_pll_inst.clkc[0]} -source [get_ports {I_sys_clk}] -master_clock {sys_clk_50m} -multiply_by 1.3333 -duty_cycle 50.0000 [get_pins {u_ph1p35_324_ddr_wrapper/u_ddr2/ph1p_ddrmc_wrapper/ph1p_ddrmc_top/u_ddr_phy/u_ddrphy_top/u_ddrphy_clk/u_pll0/u_pll_inst.clkc[0]}]
USR-1002 : Derived clock:  create_generated_clock -name {u_ph1p35_324_ddr_wrapper/u_ddr2/ph1p_ddrmc_wrapper/ph1p_ddrmc_top/u_ddr_phy/u_ddrphy_top/u_ddrphy_clk/u_pll0/u_pll_inst.clkc[1]} -source [get_ports {I_sys_clk}] -master_clock {sys_clk_50m} -multiply_by 1.3333 -duty_cycle 50.0000 [get_pins {u_ph1p35_324_ddr_wrapper/u_ddr2/ph1p_ddrmc_wrapper/ph1p_ddrmc_top/u_ddr_phy/u_ddrphy_top/u_ddrphy_clk/u_pll0/u_pll_inst.clkc[1]}]
USR-1002 : Derived clock:  create_generated_clock -name {u_ph1p35_324_ddr_wrapper/u_ddr2/ph1p_ddrmc_wrapper/ph1p_ddrmc_top/u_ddr_phy/u_ddrphy_top/u_ddrphy_clk/u_pll0/u_pll_inst.clkc[2]} -source [get_ports {I_sys_clk}] -master_clock {sys_clk_50m} -multiply_by 5.3333 -duty_cycle 50.0000 [get_pins {u_ph1p35_324_ddr_wrapper/u_ddr2/ph1p_ddrmc_wrapper/ph1p_ddrmc_top/u_ddr_phy/u_ddrphy_top/u_ddrphy_clk/u_pll0/u_pll_inst.clkc[2]}]
USR-1002 : Derived clock:  create_generated_clock -name {u_ph1p35_324_ddr_wrapper/u_ddr2/ph1p_ddrmc_wrapper/ph1p_ddrmc_top/u_ddr_phy/u_ddrphy_top/u_ddrphy_clk/u_pll0/u_pll_inst.clkc[3]} -source [get_ports {I_sys_clk}] -master_clock {sys_clk_50m} -divide_by 1.9687 -duty_cycle 50.0000 [get_pins {u_ph1p35_324_ddr_wrapper/u_ddr2/ph1p_ddrmc_wrapper/ph1p_ddrmc_top/u_ddr_phy/u_ddrphy_top/u_ddrphy_clk/u_pll0/u_pll_inst.clkc[3]}]
USR-1002 : Derived clock:  create_generated_clock -name {u_ph1p35_324_ddr_wrapper/u_ddr2/ph1p_ddrmc_wrapper/ph1p_ddrmc_top/u_ddr_phy/u_ddrphy_top/u_ddrphy_clk/u_pll1/u_pll_inst.clkc[0]} -source [get_pins {u_ph1p35_324_ddr_wrapper/u_ddr2/ph1p_ddrmc_wrapper/ph1p_ddrmc_top/u_ddr_phy/u_ddrphy_top/u_ddrphy_clk/u_pll0/u_pll_inst.clkc[0]}] -master_clock {u_ph1p35_324_ddr_wrapper/u_ddr2/ph1p_ddrmc_wrapper/ph1p_ddrmc_top/u_ddr_phy/u_ddrphy_top/u_ddrphy_clk/u_pll0/u_pll_inst.clkc[0]} -multiply_by 1.0000 -duty_cycle 50.0000 [get_pins {u_ph1p35_324_ddr_wrapper/u_ddr2/ph1p_ddrmc_wrapper/ph1p_ddrmc_top/u_ddr_phy/u_ddrphy_top/u_ddrphy_clk/u_pll1/u_pll_inst.clkc[0]}]
8.888000
15.000000
15.000000
13.333000
RUN-1003 : finish command "start_timer" in  1.872435s wall, 1.843750s user + 0.015625s system = 1.859375s CPU (99.3%)

RUN-1004 : used memory is 682 MB, reserved memory is 676 MB, peak memory is 682 MB
TMR-2502 : Net delay update with mode: Synthesized
PHY-5060 CRITICAL-WARNING: Clock net candidate u_uicfgcs500/uii2c_inst/scl_clk has mixed fanouts of 1 clock pins; 2 data/ctrl pins. Please check connection of the net in design.
PHY-5060 CRITICAL-WARNING: Clock net candidate O_cam_24m_syn_3 has mixed fanouts of 102 clock pins; 1 data/ctrl pins. Please check connection of the net in design.
PHY-1001 : Populate physical database on model design_top_wrapper.
RUN-1001 : There are total 25780 instances
RUN-0007 : 8993 luts, 13234 seqs, 408 mslices, 2946 lslices, 54 pads, 40 brams, 8 dsps
RUN-1001 : There are total 35513 nets
RUN-1001 : 24169 nets have 2 pins
RUN-1001 : 9022 nets have [3 - 5] pins
RUN-1001 : 1656 nets have [6 - 10] pins
RUN-1001 : 391 nets have [11 - 20] pins
RUN-1001 : 236 nets have [21 - 99] pins
RUN-1001 : 39 nets have 100+ pins
PHY-1001 : Start to check user instance location assignments; please refer to ADC constraint.
PHY-1001 : End Stage 1.3 | Initialize Clock; Time: 3.116397s wall, 3.062500s user + 0.031250s system = 3.093750s CPU (99.3%); Memory(MB): used = 763, reserved = 756, peak = 763;

PHY-1001 : End Stage 1 | Initialize Design; Time: 3.722169s wall, 3.671875s user + 0.031250s system = 3.703125s CPU (99.5%); Memory(MB): used = 763, reserved = 756, peak = 763;

PHY-1001 : Stage 2 | Global Placement
RUN-1001 : Report Control nets information:
RUN-1001 : DFF Distribution
RUN-1001 : -------------------------------------
RUN-1001 :   CE   |  SSR  |  ASR  |  DFF Count  
RUN-1001 : -------------------------------------
RUN-1001 :   No   |  No   |  No   |    6778     
RUN-1001 :   No   |  No   |  Yes  |    3528     
RUN-1001 :   No   |  Yes  |  No   |     346     
RUN-1001 :   Yes  |  No   |  No   |     424     
RUN-1001 :   Yes  |  No   |  Yes  |    2236     
RUN-1001 :   Yes  |  Yes  |  No   |     146     
RUN-1001 : -------------------------------------
RUN-1001 : Control Group Statistic
RUN-1001 : -----------------------------
RUN-1001 :   #CLK  |  #CE  |  #SSR/ASR  
RUN-1001 : -----------------------------
RUN-1001 :    9    |  113  |     27     
RUN-1001 : -----------------------------
RUN-0007 : Control Set = 150
PHY-1001 : Stage 2.1 | Place Fixed Instances
PHY-1001 : Processing 2 clock pins of DDR instance u_ph1p35_324_ddr_wrapper/u_ddr2/ph1p_ddrmc_wrapper/ph1p_ddrmc_top/u_ddr_phy/u_ddrphy_top/u_ddrphy/ac_byte[0]$ac_byte_used$u_ddrphy_ac_byte_wrapper/u_ddrphy_byte, location = x0y70z0.
PHY-1001 :   User location X0Y59Z1 of ioclk instance u_ph1p35_324_ddr_wrapper/u_ddr2/ph1p_ddrmc_wrapper/ph1p_ddrmc_top/u_ddr_phy/u_ddrphy_top/u_ddrphy_clk/ioclk[0]$u_ioclk_1.
PHY-1001 :   Placement of ioclk instance u_ph1p35_324_ddr_wrapper/u_ddr2/ph1p_ddrmc_wrapper/ph1p_ddrmc_top/u_ddr_phy/u_ddrphy_top/u_ddrphy_clk/ioclk[0]$u_ioclk_1; location = x0y59z1.
PHY-1001 :   User location X0Y59Z0 of ioclk instance u_ph1p35_324_ddr_wrapper/u_ddr2/ph1p_ddrmc_wrapper/ph1p_ddrmc_top/u_ddr_phy/u_ddrphy_top/u_ddrphy_clk/ioclk[0]$u_ioclk_0.
PHY-1001 :   Placement of ioclk instance u_ph1p35_324_ddr_wrapper/u_ddr2/ph1p_ddrmc_wrapper/ph1p_ddrmc_top/u_ddr_phy/u_ddrphy_top/u_ddrphy_clk/ioclk[0]$u_ioclk_0; location = x0y59z0.
PHY-1001 : Processing 2 clock pins of DDR instance u_ph1p35_324_ddr_wrapper/u_ddr2/ph1p_ddrmc_wrapper/ph1p_ddrmc_top/u_ddr_phy/u_ddrphy_top/u_ddrphy/ac_byte[1]$ac_byte_used$u_ddrphy_ac_byte_wrapper/u_ddrphy_byte, location = x0y60z0.
PHY-1001 :   Placed ioclk instance u_ph1p35_324_ddr_wrapper/u_ddr2/ph1p_ddrmc_wrapper/ph1p_ddrmc_top/u_ddr_phy/u_ddrphy_top/u_ddrphy_clk/ioclk[0]$u_ioclk_1, location = x0y59z1.
PHY-1001 :   Placed ioclk instance u_ph1p35_324_ddr_wrapper/u_ddr2/ph1p_ddrmc_wrapper/ph1p_ddrmc_top/u_ddr_phy/u_ddrphy_top/u_ddrphy_clk/ioclk[0]$u_ioclk_0, location = x0y59z0.
PHY-1001 : Processing 2 clock pins of DDR instance u_ph1p35_324_ddr_wrapper/u_ddr2/ph1p_ddrmc_wrapper/ph1p_ddrmc_top/u_ddr_phy/u_ddrphy_top/u_ddrphy/ac_byte[2]$ac_byte_used$u_ddrphy_ac_byte_wrapper/u_ddrphy_byte, location = x0y50z0.
PHY-1001 :   Placed ioclk instance u_ph1p35_324_ddr_wrapper/u_ddr2/ph1p_ddrmc_wrapper/ph1p_ddrmc_top/u_ddr_phy/u_ddrphy_top/u_ddrphy_clk/ioclk[0]$u_ioclk_1, location = x0y59z1.
PHY-1001 :   Placed ioclk instance u_ph1p35_324_ddr_wrapper/u_ddr2/ph1p_ddrmc_wrapper/ph1p_ddrmc_top/u_ddr_phy/u_ddrphy_top/u_ddrphy_clk/ioclk[0]$u_ioclk_0, location = x0y59z0.
PHY-1001 : Processing 2 clock pins of DDR instance u_ph1p35_324_ddr_wrapper/u_ddr2/ph1p_ddrmc_wrapper/ph1p_ddrmc_top/u_ddr_phy/u_ddrphy_top/u_ddrphy/ac_byte[3]$ac_byte_used$u_ddrphy_ac_byte_wrapper/u_ddrphy_byte, location = x0y40z0.
PHY-1001 :   Placed ioclk instance u_ph1p35_324_ddr_wrapper/u_ddr2/ph1p_ddrmc_wrapper/ph1p_ddrmc_top/u_ddr_phy/u_ddrphy_top/u_ddrphy_clk/ioclk[0]$u_ioclk_1, location = x0y59z1.
PHY-1001 :   Placed ioclk instance u_ph1p35_324_ddr_wrapper/u_ddr2/ph1p_ddrmc_wrapper/ph1p_ddrmc_top/u_ddr_phy/u_ddrphy_top/u_ddrphy_clk/ioclk[0]$u_ioclk_0, location = x0y59z0.
PHY-1001 : Processing 2 clock pins of DDR instance u_ph1p35_324_ddr_wrapper/u_ddr2/ph1p_ddrmc_wrapper/ph1p_ddrmc_top/u_ddr_phy/u_ddrphy_top/u_ddrphy/dx_byte[0]$dx_byte_used$u_ddrphy_dx_byte_wrapper/u_ddrphy_byte, location = x0y30z0.
PHY-1001 :   User location X0Y19Z1 of ioclk instance u_ph1p35_324_ddr_wrapper/u_ddr2/ph1p_ddrmc_wrapper/ph1p_ddrmc_top/u_ddr_phy/u_ddrphy_top/u_ddrphy_clk/ioclk[1]$u_ioclk_1.
PHY-1001 :   Placement of ioclk instance u_ph1p35_324_ddr_wrapper/u_ddr2/ph1p_ddrmc_wrapper/ph1p_ddrmc_top/u_ddr_phy/u_ddrphy_top/u_ddrphy_clk/ioclk[1]$u_ioclk_1; location = x0y19z1.
PHY-1001 :   User location X0Y19Z0 of ioclk instance u_ph1p35_324_ddr_wrapper/u_ddr2/ph1p_ddrmc_wrapper/ph1p_ddrmc_top/u_ddr_phy/u_ddrphy_top/u_ddrphy_clk/ioclk[1]$u_ioclk_0.
PHY-1001 :   Placement of ioclk instance u_ph1p35_324_ddr_wrapper/u_ddr2/ph1p_ddrmc_wrapper/ph1p_ddrmc_top/u_ddr_phy/u_ddrphy_top/u_ddrphy_clk/ioclk[1]$u_ioclk_0; location = x0y19z0.
PHY-1001 : Processing 2 clock pins of DDR instance u_ph1p35_324_ddr_wrapper/u_ddr2/ph1p_ddrmc_wrapper/ph1p_ddrmc_top/u_ddr_phy/u_ddrphy_top/u_ddrphy/dx_byte[1]$dx_byte_used$u_ddrphy_dx_byte_wrapper/u_ddrphy_byte, location = x0y10z0.
PHY-1001 :   Placed ioclk instance u_ph1p35_324_ddr_wrapper/u_ddr2/ph1p_ddrmc_wrapper/ph1p_ddrmc_top/u_ddr_phy/u_ddrphy_top/u_ddrphy_clk/ioclk[1]$u_ioclk_1, location = x0y19z1.
PHY-1001 :   Placed ioclk instance u_ph1p35_324_ddr_wrapper/u_ddr2/ph1p_ddrmc_wrapper/ph1p_ddrmc_top/u_ddr_phy/u_ddrphy_top/u_ddrphy_clk/ioclk[1]$u_ioclk_0, location = x0y19z0.
PHY-1001 : DDR MLCLK topology u_ph1p35_324_ddr_wrapper/u_ddr2/ph1p_ddrmc_wrapper/ph1p_ddrmc_top/u_ddr_phy/u_ddrphy_top/u_ddrphy_clk/u_mlclk_1.
PHY-1001 :   Driver: PH1P_PHY_PLL_V2 u_ph1p35_324_ddr_wrapper/u_ddr2/ph1p_ddrmc_wrapper/ph1p_ddrmc_top/u_ddr_phy/u_ddrphy_top/u_ddrphy_clk/u_pll0/u_pll_inst.clkc[1], user location :X0Y40Z0.
PHY-1001 :   Sink: PH1P_PHY_IOCLK u_ph1p35_324_ddr_wrapper/u_ddr2/ph1p_ddrmc_wrapper/ph1p_ddrmc_top/u_ddr_phy/u_ddrphy_top/u_ddrphy_clk/ioclk[0]$u_ioclk_0, location = x0y59z0, sectorID = 1.
PHY-1001 :   Sink: PH1P_PHY_IOCLK u_ph1p35_324_ddr_wrapper/u_ddr2/ph1p_ddrmc_wrapper/ph1p_ddrmc_top/u_ddr_phy/u_ddrphy_top/u_ddrphy_clk/ioclk[1]$u_ioclk_0, location = x0y19z0, sectorID = 0.
PHY-1001 : Placement of MLCLK instance u_ph1p35_324_ddr_wrapper/u_ddr2/ph1p_ddrmc_wrapper/ph1p_ddrmc_top/u_ddr_phy/u_ddrphy_top/u_ddrphy_clk/u_mlclk_1; location = x0y59z0,  sectorID = 1.
PHY-1001 : DDR MLCLK topology u_ph1p35_324_ddr_wrapper/u_ddr2/ph1p_ddrmc_wrapper/ph1p_ddrmc_top/u_ddr_phy/u_ddrphy_top/u_ddrphy_clk/u_mlclk_2.
PHY-1001 :   Driver: PH1P_PHY_PLL_V2 u_ph1p35_324_ddr_wrapper/u_ddr2/ph1p_ddrmc_wrapper/ph1p_ddrmc_top/u_ddr_phy/u_ddrphy_top/u_ddrphy_clk/u_pll0/u_pll_inst.clkc[2], user location :X0Y40Z0.
PHY-1001 :   Sink: PH1P_PHY_IOCLK u_ph1p35_324_ddr_wrapper/u_ddr2/ph1p_ddrmc_wrapper/ph1p_ddrmc_top/u_ddr_phy/u_ddrphy_top/u_ddrphy_clk/ioclk[0]$u_ioclk_1, location = x0y59z1, sectorID = 1.
PHY-1001 :   Sink: PH1P_PHY_IOCLK u_ph1p35_324_ddr_wrapper/u_ddr2/ph1p_ddrmc_wrapper/ph1p_ddrmc_top/u_ddr_phy/u_ddrphy_top/u_ddrphy_clk/ioclk[1]$u_ioclk_1, location = x0y19z1, sectorID = 0.
PHY-1001 : Placement of MLCLK instance u_ph1p35_324_ddr_wrapper/u_ddr2/ph1p_ddrmc_wrapper/ph1p_ddrmc_top/u_ddr_phy/u_ddrphy_top/u_ddrphy_clk/u_mlclk_2; location = x0y59z1,  sectorID = 1.
PHY-5016 WARNING: PLL clkc is driving an IO without location.
PHY-5016 WARNING: PLL clkc is not driving a clock-capable IO.
PHY-5016 WARNING: PLL clkc is driving an IO without location.
PHY-5016 WARNING: PLL clkc is not driving a clock-capable IO.
PHY-1001 : End Stage 2.1 | Place Fixed Instances; Time: 0.070046s wall, 0.062500s user + 0.015625s system = 0.078125s CPU (111.5%); Memory(MB): used = 792, reserved = 785, peak = 792;

PHY-1001 : Stage 2.2 | Pre-Place DRC Check
PHY-1001 : Stage 2.2.1 | Force Route Constraint Check
PHY-1001 : Check Pass.
PHY-1001 : End Stage 2.2.1 | Force Route Constraint Check; Time: 0.003329s wall, 0.000000s user + 0.000000s system = 0.000000s CPU (n/a%); Memory(MB): used = 792, reserved = 785, peak = 792;

PHY-1001 : End Stage 2.2 | Pre-Place DRC Check; Time: 0.003378s wall, 0.000000s user + 0.000000s system = 0.000000s CPU (n/a%); Memory(MB): used = 792, reserved = 785, peak = 792;

PHY-1001 : Clock GCLK Statistics:
RUN-1001 : GCLK Index: 
RUN-1001 : -------------------------------------------------------------------------------------------------------------------------------------------------------
RUN-1001 :   Index  |                                                          Clock GCLK                                                           |  Location   
RUN-1001 : -------------------------------------------------------------------------------------------------------------------------------------------------------
RUN-1001 :     1    |                           u_mipi_dphy_rx_ph1p_mipiio_wrapper/u_ph1p_mipiio_rx_wrapper/bufg_feedback                           |  x23y39z0   
RUN-1001 :     2    |   u_ph1p35_324_ddr_wrapper/u_ddr2/ph1p_ddrmc_wrapper/ph1p_ddrmc_top/u_ddr_phy/u_ddrphy_top/u_ddrphy_clk/u_pll1/u_bufg_fbclk   |  x23y39z16  
RUN-1001 :     3    |                                              u_hdmi_mixer/I_clk_created_gclkinst                                              |  x23y39z17  
RUN-1001 :     4    |                                               I_sys_clk_dup_6_created_gclkinst                                                |  x23y39z22  
RUN-1001 :     5    |                                               O_cam_24m_dup_1_created_gclkinst                                                |  x23y39z18  
RUN-1001 :     6    |                          u_hdmi_tx/u_hdmi2phy_wrapper/u0_lane_lvds_8_1/I_serial_clk_created_gclkinst                          |  x23y39z19  
RUN-1001 :     7    |  u_ph1p35_324_ddr_wrapper/u_ddr2/ph1p_ddrmc_wrapper/ph1p_ddrmc_top/u_ddr_phy/u_ddrphy_top/u_ddrphy/apb_pclk_created_gclkinst  |  x23y39z20  
RUN-1001 :     8    |                                       u_uicfgcs500/uii2c_inst/scl_clk_created_gclkinst                                        |  x23y39z1   
RUN-1001 :     9    |                                                      u_PLL/bufg_feedback                                                      |  x23y39z21  
RUN-1001 : -------------------------------------------------------------------------------------------------------------------------------------------------------
RUN-1001 : Clock Nets Connect To GCLK Statistics: 
RUN-1001 : -----------------------------------------------------------------------------------------------------------------------------------------------------------------------------------------
RUN-1001 :   Index  |                        Leading Net                        |  CLK/DATA/IO/PLL Sink(s)  |                       Following Net                       |  CLK/DATA/IO/PLL Sink(s)  
RUN-1001 : -----------------------------------------------------------------------------------------------------------------------------------------------------------------------------------------
RUN-1001 :     1    | u_mipi_dphy_rx_ph1p_mipiio_wrapper/u_ph1p_mipiio_rx_w...  |          1/0/0/0          | u_isp_top/u_demosaic/raw_matrix_3x3_buffer_d/zhenghe_...  |        8148/0/0/0         
RUN-1001 :     2    | u_ph1p35_324_ddr_wrapper/u_ddr2/ph1p_ddrmc_wrapper/ph...  |          1/0/0/0          | u_ph1p35_324_ddr_wrapper/u_ddr2/ph1p_ddrmc_wrapper/ph...  |        3529/0/0/0         
RUN-1001 :     3    |                    u_hdmi_mixer/I_clk                     |          1/0/0/0          |                u_hdmi_mixer/I_clk_syn_652                 |        1445/0/0/0         
RUN-1001 :     4    |                      I_sys_clk_dup_6                      |          3/0/0/0          |                      I_sys_clk_syn_8                      |         137/0/0/0         
RUN-1001 :     5    |                      O_cam_24m_dup_1                      |          1/0/0/0          |                      O_cam_24m_syn_3                      |         102/1/0/0         
RUN-1001 :     6    | u_hdmi_tx/u_hdmi2phy_wrapper/u0_lane_lvds_8_1/I_seria...  |          1/0/0/0          | u_hdmi_tx/u_hdmi2phy_wrapper/u0_lane_lvds_8_1/I_seria...  |         61/0/0/0          
RUN-1001 :     7    | u_ph1p35_324_ddr_wrapper/u_ddr2/ph1p_ddrmc_wrapper/ph...  |          1/0/0/0          | u_ph1p35_324_ddr_wrapper/u_ddr2/ph1p_ddrmc_wrapper/ph...  |         43/0/0/0          
RUN-1001 :     8    |              u_uicfgcs500/uii2c_inst/scl_clk              |          1/2/0/0          |           u_uicfgcs500/uii2c_inst/scl_clk_syn_9           |         24/0/0/0          
RUN-1001 :     9    |                      u_PLL/clk0_buf                       |          1/0/0/0          | u_mipi_dphy_rx_ph1p_mipiio_wrapper/u_ph1p_mipiio_rx_w...  |         13/0/0/0          
RUN-1001 : -----------------------------------------------------------------------------------------------------------------------------------------------------------------------------------------
PHY-1001 : Stage 2.3 | Global Placement Step 1
PHY-3001 : Target density is 60%
PHY-1001 : Stage 2.3.1 | Update Timing
RUN-1002 : start command "start_timer"
RUN-1003 : finish command "start_timer" in  1.343906s wall, 1.343750s user + 0.000000s system = 1.343750s CPU (100.0%)

RUN-1004 : used memory is 828 MB, reserved memory is 824 MB, peak memory is 828 MB
PHY-1001 : SWNS: 867, STNS: 0, FEP: 0
PHY-3001 : tot_pins 240247 tot_hfn_pins 14973 perc. 6 tot_hhfn_pins 4953 perc. 2
PHY-1001 : End Stage 2.3.1 | Update Timing; Time: 2.591876s wall, 2.593750s user + 0.000000s system = 2.593750s CPU (100.1%); Memory(MB): used = 837, reserved = 831, peak = 837;

PHY-0007 : Cell area utilization is 46%
RUN-1001 : Huge Net Statistic
RUN-1001 : ----------------------------------------------------------------------------------------------------------------------------------------------------------------------------------------
RUN-1001 :   Fanout  |  Slack  |                                                                                Net                                                                                
RUN-1001 : ----------------------------------------------------------------------------------------------------------------------------------------------------------------------------------------
RUN-1001 :    2392   |   Inf   |                                u_ph1p35_324_ddr_wrapper/u_ddr2/ph1p_ddrmc_wrapper/ph1p_ddrmc_top/u_ddr_phy/u_ddrphy_top/sys_rst_n                                 
RUN-1001 :    1472   |  11982  |                                u_ph1p35_324_ddr_wrapper/u_ddr2/ph1p_ddrmc_wrapper/ph1p_ddrmc_top/u_alc_mc_top/u_rbuf_addr_fifo/rst                                
RUN-1001 :    1089   |   Inf   |  u_ph1p35_324_ddr_wrapper/u_ddr2/ph1p_ddrmc_wrapper/ph1p_ddrmc_top/u_ddr_phy/u_ddrphy_top/u_ddrphy/dx_byte[1]$dx_byte_used$u_ddrphy_dx_byte_wrapper/dx_phy_rst_n  
RUN-1001 : ----------------------------------------------------------------------------------------------------------------------------------------------------------------------------------------
PHY-3001 : Clustering ...
PHY-3001 : End clustering;  0.138212s wall, 0.453125s user + 0.484375s system = 0.937500s CPU (678.3%)

PHY-3001 : Target density is 60%
PHY-1001 : Stage 2.3.2 | GP Iteration
PHY-1001 : End Stage 2.3.2 | GP Iteration; Time: 2.653168s wall, 12.343750s user + 3.531250s system = 15.875000s CPU (598.3%); Memory(MB): used = 848, reserved = 841, peak = 848;

PHY-3001 : Multithread accelerating rate: 5.96
RUN-1002 : start command "start_timer"
USR-1002 : Derived clock:  create_generated_clock -name {u_PLL/ph1p_phy_pll_wrapper_25a56e5ce2f9_Inst/u_PH1P_PHY_PLL.clkc[0]} -source [get_ports {I_sys_clk}] -master_clock {sys_clk_50m} -multiply_by 2.0000 -duty_cycle 50.0000 [get_pins {u_PLL/ph1p_phy_pll_wrapper_25a56e5ce2f9_Inst/u_PH1P_PHY_PLL.clkc[0]}]
USR-1002 : Derived clock:  create_generated_clock -name {u_PLL/ph1p_phy_pll_wrapper_25a56e5ce2f9_Inst/u_PH1P_PHY_PLL.clkc[1]} -source [get_ports {I_sys_clk}] -master_clock {sys_clk_50m} -divide_by 2.1000 -duty_cycle 50.0000 [get_pins {u_PLL/ph1p_phy_pll_wrapper_25a56e5ce2f9_Inst/u_PH1P_PHY_PLL.clkc[1]}]
USR-1002 : Derived clock:  create_generated_clock -name {u_PLL/ph1p_phy_pll_wrapper_25a56e5ce2f9_Inst/u_PH1P_PHY_PLL.clkc[4]} -source [get_ports {I_sys_clk}] -master_clock {sys_clk_50m} -multiply_by 1.5000 -duty_cycle 50.0000 [get_pins {u_PLL/ph1p_phy_pll_wrapper_25a56e5ce2f9_Inst/u_PH1P_PHY_PLL.clkc[4]}]
USR-1002 : Derived clock:  create_generated_clock -name {u_PLL/ph1p_phy_pll_wrapper_25a56e5ce2f9_Inst/u_PH1P_PHY_PLL.clkc[5]} -source [get_ports {I_sys_clk}] -master_clock {sys_clk_50m} -multiply_by 7.5000 -duty_cycle 50.0000 [get_pins {u_PLL/ph1p_phy_pll_wrapper_25a56e5ce2f9_Inst/u_PH1P_PHY_PLL.clkc[5]}]
USR-1002 : Derived clock:  create_generated_clock -name {u_ph1p35_324_ddr_wrapper/u_ddr2/ph1p_ddrmc_wrapper/ph1p_ddrmc_top/u_ddr_phy/u_ddrphy_top/u_ddrphy_clk/u_pll0/u_pll_inst.clkc[0]} -source [get_ports {I_sys_clk}] -master_clock {sys_clk_50m} -multiply_by 1.3333 -duty_cycle 50.0000 [get_pins {u_ph1p35_324_ddr_wrapper/u_ddr2/ph1p_ddrmc_wrapper/ph1p_ddrmc_top/u_ddr_phy/u_ddrphy_top/u_ddrphy_clk/u_pll0/u_pll_inst.clkc[0]}]
USR-1002 : Derived clock:  create_generated_clock -name {u_ph1p35_324_ddr_wrapper/u_ddr2/ph1p_ddrmc_wrapper/ph1p_ddrmc_top/u_ddr_phy/u_ddrphy_top/u_ddrphy_clk/u_pll0/u_pll_inst.clkc[1]} -source [get_ports {I_sys_clk}] -master_clock {sys_clk_50m} -multiply_by 1.3333 -duty_cycle 50.0000 [get_pins {u_ph1p35_324_ddr_wrapper/u_ddr2/ph1p_ddrmc_wrapper/ph1p_ddrmc_top/u_ddr_phy/u_ddrphy_top/u_ddrphy_clk/u_pll0/u_pll_inst.clkc[1]}]
USR-1002 : Derived clock:  create_generated_clock -name {u_ph1p35_324_ddr_wrapper/u_ddr2/ph1p_ddrmc_wrapper/ph1p_ddrmc_top/u_ddr_phy/u_ddrphy_top/u_ddrphy_clk/u_pll0/u_pll_inst.clkc[2]} -source [get_ports {I_sys_clk}] -master_clock {sys_clk_50m} -multiply_by 5.3333 -duty_cycle 50.0000 [get_pins {u_ph1p35_324_ddr_wrapper/u_ddr2/ph1p_ddrmc_wrapper/ph1p_ddrmc_top/u_ddr_phy/u_ddrphy_top/u_ddrphy_clk/u_pll0/u_pll_inst.clkc[2]}]
USR-1002 : Derived clock:  create_generated_clock -name {u_ph1p35_324_ddr_wrapper/u_ddr2/ph1p_ddrmc_wrapper/ph1p_ddrmc_top/u_ddr_phy/u_ddrphy_top/u_ddrphy_clk/u_pll0/u_pll_inst.clkc[3]} -source [get_ports {I_sys_clk}] -master_clock {sys_clk_50m} -divide_by 1.9687 -duty_cycle 50.0000 [get_pins {u_ph1p35_324_ddr_wrapper/u_ddr2/ph1p_ddrmc_wrapper/ph1p_ddrmc_top/u_ddr_phy/u_ddrphy_top/u_ddrphy_clk/u_pll0/u_pll_inst.clkc[3]}]
USR-1002 : Derived clock:  create_generated_clock -name {u_ph1p35_324_ddr_wrapper/u_ddr2/ph1p_ddrmc_wrapper/ph1p_ddrmc_top/u_ddr_phy/u_ddrphy_top/u_ddrphy_clk/u_pll1/u_pll_inst.clkc[0]} -source [get_pins {u_ph1p35_324_ddr_wrapper/u_ddr2/ph1p_ddrmc_wrapper/ph1p_ddrmc_top/u_ddr_phy/u_ddrphy_top/u_ddrphy_clk/u_pll0/u_pll_inst.clkc[0]}] -master_clock {u_ph1p35_324_ddr_wrapper/u_ddr2/ph1p_ddrmc_wrapper/ph1p_ddrmc_top/u_ddr_phy/u_ddrphy_top/u_ddrphy_clk/u_pll0/u_pll_inst.clkc[0]} -multiply_by 1.0000 -duty_cycle 50.0000 [get_pins {u_ph1p35_324_ddr_wrapper/u_ddr2/ph1p_ddrmc_wrapper/ph1p_ddrmc_top/u_ddr_phy/u_ddrphy_top/u_ddrphy_clk/u_pll1/u_pll_inst.clkc[0]}]
8.888000
15.000000
15.000000
13.333000
RUN-1003 : finish command "start_timer" in  1.683285s wall, 1.687500s user + 0.000000s system = 1.687500s CPU (100.3%)

RUN-1004 : used memory is 848 MB, reserved memory is 841 MB, peak memory is 848 MB
TMR-2502 : Net delay update with mode: Placed
PHY-3001 : No need to merge 9x9 Dsps.
PHY-1001 : Populate physical database on model design_top_wrapper.
PHY-1001 : End Stage 2.3 | Global Placement Step 1; Time: 8.830971s wall, 18.828125s user + 4.015625s system = 22.843750s CPU (258.7%); Memory(MB): used = 900, reserved = 893, peak = 900;

PHY-1001 : Stage 2.4 | RAM/DSP Legalization and Detailed Placement
PHY-1001 : Stage 2.4.1 | Legalization
PHY-3001 : Before Legalized: Len = 1.68695e+06
PHY-3001 : After Legalized: Len = 1.69157e+06, Over = 108.781
PHY-1001 : End Stage 2.4.1 | Legalization; Time: 1.520028s wall, 1.515625s user + 0.000000s system = 1.515625s CPU (99.7%); Memory(MB): used = 902, reserved = 894, peak = 902;

PHY-1001 : Stage 2.4.2 | Detailed Placement
PHY-1001 : Stage 2.4.2.1 | Simulated Annealing Based DP
PHY-0007 : Initial: WL Cost = 137599, TD Cost = 187692, SWNS = 1437, STNS = 0, Nums per T = 480, Range Limit = 2x32
PHY-0007 : Finally: WL Cost = 133172, TD Cost = 185964, WL Ratio = 0.96783, TD Ratio = 0.990792, SWNS = 1437, STNS = 0
RUN-1001 : Print Detailed placement's Summary information
RUN-1001 : -------------------------------------------------------------------------------------------------------------------------------
RUN-1001 :             |  Total  |  Accept  |  Reject by overFlow  |  Reject by worseCost  |  Failed by noTarget  |  Failed by gridCheck  
RUN-1001 : -------------------------------------------------------------------------------------------------------------------------------
RUN-1001 :   RAM/DSPs  |  2400   |    66    |          0           |         2334          |          0           |           0           
RUN-1001 :    Macros   |   430   |    16    |          0           |          414          |          0           |           0           
RUN-1001 : -------------------------------------------------------------------------------------------------------------------------------
PHY-1001 : End Stage 2.4.2.1 | Simulated Annealing Based DP; Time: 1.886103s wall, 2.828125s user + 0.062500s system = 2.890625s CPU (153.3%); Memory(MB): used = 905, reserved = 897, peak = 905;

PHY-3001 : End Detailed Place; 
PHY-1001 : End Stage 2.4.2 | Detailed Placement; Time: 2.059963s wall, 3.015625s user + 0.062500s system = 3.078125s CPU (149.4%); Memory(MB): used = 905, reserved = 897, peak = 905;

PHY-1001 : End Stage 2.4 | RAM/DSP Legalization and Detailed Placement; Time: 3.580593s wall, 4.531250s user + 0.062500s system = 4.593750s CPU (128.3%); Memory(MB): used = 905, reserved = 897, peak = 905;

PHY-1001 : Stage 2.5 | Global Placement Step 2
PHY-3001 : Target density is 60%
PHY-1001 : Stage 2.5.1 | Update Timing
PHY-1001 : SWNS: 1437, STNS: 0, FEP: 0
PHY-1001 : End Stage 2.5.1 | Update Timing; Time: 0.145264s wall, 0.140625s user + 0.000000s system = 0.140625s CPU (96.8%); Memory(MB): used = 905, reserved = 897, peak = 905;

PHY-1001 : Stage 2.5.2 | Refresh Congestion
RUN-1001 : Generating global routing grids ...
RUN-1001 : Building simple global routing graph ...
PHY-1001 : Generate routing nets ...
PHY-1001 : Reuse net number 0/12409.
PHY-1001 : Global iterations in 32 thread ...
PHY-1002 : len = 1.68418e+06, over cnt = 2198(3%), over = 12057, worst = 64
PHY-1001 : End global iterations;  0.523289s wall, 1.015625s user + 0.031250s system = 1.046875s CPU (200.1%)

PHY-1001 : Congestion index:
PHY-1001 : top1  = 185.86(S 139.21, N 142.72, E 127.08, W 118.39, I 340.62, O 416.69)
PHY-1001 : top5  = 122.07(S 87.86, N 83.10, E 75.56, W 75.70, I 173.52, O 235.47)
PHY-1001 : top10 = 96.54(S 65.88, N 61.54, E 57.43, W 59.54, I 118.35, O 163.92)
PHY-1001 : top15 = 82.52(S 53.57, N 49.81, E 46.93, W 49.75, I 90.11, O 125.91)
PHY-1001 : End Stage 2.5.2 | Refresh Congestion; Time: 0.985991s wall, 1.453125s user + 0.062500s system = 1.515625s CPU (153.7%); Memory(MB): used = 983, reserved = 974, peak = 983;

PHY-1001 : Stage 2.5.3 | GP Iteration
PHY-1001 : End Stage 2.5.3 | GP Iteration; Time: 5.756332s wall, 46.218750s user + 2.093750s system = 48.312500s CPU (839.3%); Memory(MB): used = 987, reserved = 979, peak = 987;

PHY-3001 : Multithread accelerating rate: 8.35
PHY-1001 : End Stage 2.5 | Global Placement Step 2; Time: 8.447518s wall, 49.359375s user + 2.171875s system = 51.531250s CPU (610.0%); Memory(MB): used = 990, reserved = 982, peak = 990;

PHY-1001 : Stage 2.6 | RAM/DSP Detailed Placement
PHY-1001 : Stage 2.6.1 | Detailed Placement
PHY-1001 : Stage 2.6.1.1 | Simulated Annealing Based DP
PHY-0007 : Initial: WL Cost = 117054, TD Cost = 131152, SWNS = 1275, STNS = 0, Nums per T = 480, Range Limit = 2x32
PHY-0007 : Finally: WL Cost = 117061, TD Cost = 131113, WL Ratio = 1.00006, TD Ratio = 0.999702, SWNS = 1275, STNS = 0
RUN-1001 : Print Detailed placement's Summary information
RUN-1001 : -------------------------------------------------------------------------------------------------------------------------------
RUN-1001 :             |  Total  |  Accept  |  Reject by overFlow  |  Reject by worseCost  |  Failed by noTarget  |  Failed by gridCheck  
RUN-1001 : -------------------------------------------------------------------------------------------------------------------------------
RUN-1001 :   RAM/DSPs  |   960   |    3     |          0           |          957          |          0           |           0           
RUN-1001 :    Macros   |   156   |    0     |          0           |          156          |          0           |           0           
RUN-1001 : -------------------------------------------------------------------------------------------------------------------------------
PHY-1001 : End Stage 2.6.1.1 | Simulated Annealing Based DP; Time: 0.138883s wall, 0.140625s user + 0.000000s system = 0.140625s CPU (101.3%); Memory(MB): used = 991, reserved = 983, peak = 991;

PHY-3001 : End Detailed Place; 
PHY-1001 : End Stage 2.6.1 | Detailed Placement; Time: 0.310192s wall, 0.312500s user + 0.000000s system = 0.312500s CPU (100.7%); Memory(MB): used = 991, reserved = 983, peak = 991;

PHY-1001 : Stage 2.6.2 | Spreading
OPT-1001 : Total overflow 524.97 peak overflow 5.38
PHY-3001 : Spreading for sector grids.
PHY-3001 : Iter 1, total overflow: 0
PHY-3001 : tot_capacity: 36, usage_cnt: 16, movable_cnt: 27
PHY-3001 : End spreading;  0.078984s wall, 0.218750s user + 0.000000s system = 0.218750s CPU (277.0%)

PHY-1001 : End Stage 2.6.2 | Spreading; Time: 0.079059s wall, 0.218750s user + 0.000000s system = 0.218750s CPU (276.7%); Memory(MB): used = 991, reserved = 983, peak = 991;

PHY-1001 : End Stage 2.6 | RAM/DSP Detailed Placement; Time: 0.574827s wall, 0.718750s user + 0.000000s system = 0.718750s CPU (125.0%); Memory(MB): used = 991, reserved = 983, peak = 991;

PHY-1001 : Stage 2.7 | Optimize Design
OPT-1001 : Start physical optimization ...
OPT-1001 : Total overflow 524.97 peak overflow 5.38
OPT-1001 : Stage 2.7.1 | Synthesize High-fanout Net
OPT-1001 : Start high-fanout net optimization in pre-pack flow with medium effort ...
OPT-1001 : Update timing in Manhattan mode
OPT-1001 : End timing update;  1.475196s wall, 1.484375s user + 0.000000s system = 1.484375s CPU (100.6%)

OPT-1001 : Start: SWNS 1275 STNS 0 NUM_FEPS 0
OPT-1001 : Total overflow 524.97 peak overflow 5.38
PHY-1001 : Populate physical database on model design_top_wrapper.
OPT-1001 : 28 high-fanout net processed.
PHY-3001 : Start incremental placement ...
PHY-1001 : Populate physical database on model design_top_wrapper.
PHY-1001 : Processing 2 clock pins of DDR instance u_ph1p35_324_ddr_wrapper/u_ddr2/ph1p_ddrmc_wrapper/ph1p_ddrmc_top/u_ddr_phy/u_ddrphy_top/u_ddrphy/ac_byte[0]$ac_byte_used$u_ddrphy_ac_byte_wrapper/u_ddrphy_byte, location = x0y70z0.
PHY-1001 :   Placed ioclk instance u_ph1p35_324_ddr_wrapper/u_ddr2/ph1p_ddrmc_wrapper/ph1p_ddrmc_top/u_ddr_phy/u_ddrphy_top/u_ddrphy_clk/ioclk[0]$u_ioclk_1, location = x0y59z1.
PHY-1001 :   Placed ioclk instance u_ph1p35_324_ddr_wrapper/u_ddr2/ph1p_ddrmc_wrapper/ph1p_ddrmc_top/u_ddr_phy/u_ddrphy_top/u_ddrphy_clk/ioclk[0]$u_ioclk_0, location = x0y59z0.
PHY-1001 : Processing 2 clock pins of DDR instance u_ph1p35_324_ddr_wrapper/u_ddr2/ph1p_ddrmc_wrapper/ph1p_ddrmc_top/u_ddr_phy/u_ddrphy_top/u_ddrphy/ac_byte[1]$ac_byte_used$u_ddrphy_ac_byte_wrapper/u_ddrphy_byte, location = x0y60z0.
PHY-1001 :   Placed ioclk instance u_ph1p35_324_ddr_wrapper/u_ddr2/ph1p_ddrmc_wrapper/ph1p_ddrmc_top/u_ddr_phy/u_ddrphy_top/u_ddrphy_clk/ioclk[0]$u_ioclk_1, location = x0y59z1.
PHY-1001 :   Placed ioclk instance u_ph1p35_324_ddr_wrapper/u_ddr2/ph1p_ddrmc_wrapper/ph1p_ddrmc_top/u_ddr_phy/u_ddrphy_top/u_ddrphy_clk/ioclk[0]$u_ioclk_0, location = x0y59z0.
PHY-1001 : Processing 2 clock pins of DDR instance u_ph1p35_324_ddr_wrapper/u_ddr2/ph1p_ddrmc_wrapper/ph1p_ddrmc_top/u_ddr_phy/u_ddrphy_top/u_ddrphy/ac_byte[2]$ac_byte_used$u_ddrphy_ac_byte_wrapper/u_ddrphy_byte, location = x0y50z0.
PHY-1001 :   Placed ioclk instance u_ph1p35_324_ddr_wrapper/u_ddr2/ph1p_ddrmc_wrapper/ph1p_ddrmc_top/u_ddr_phy/u_ddrphy_top/u_ddrphy_clk/ioclk[0]$u_ioclk_1, location = x0y59z1.
PHY-1001 :   Placed ioclk instance u_ph1p35_324_ddr_wrapper/u_ddr2/ph1p_ddrmc_wrapper/ph1p_ddrmc_top/u_ddr_phy/u_ddrphy_top/u_ddrphy_clk/ioclk[0]$u_ioclk_0, location = x0y59z0.
PHY-1001 : Processing 2 clock pins of DDR instance u_ph1p35_324_ddr_wrapper/u_ddr2/ph1p_ddrmc_wrapper/ph1p_ddrmc_top/u_ddr_phy/u_ddrphy_top/u_ddrphy/ac_byte[3]$ac_byte_used$u_ddrphy_ac_byte_wrapper/u_ddrphy_byte, location = x0y40z0.
PHY-1001 :   Placed ioclk instance u_ph1p35_324_ddr_wrapper/u_ddr2/ph1p_ddrmc_wrapper/ph1p_ddrmc_top/u_ddr_phy/u_ddrphy_top/u_ddrphy_clk/ioclk[0]$u_ioclk_1, location = x0y59z1.
PHY-1001 :   Placed ioclk instance u_ph1p35_324_ddr_wrapper/u_ddr2/ph1p_ddrmc_wrapper/ph1p_ddrmc_top/u_ddr_phy/u_ddrphy_top/u_ddrphy_clk/ioclk[0]$u_ioclk_0, location = x0y59z0.
PHY-1001 : Processing 2 clock pins of DDR instance u_ph1p35_324_ddr_wrapper/u_ddr2/ph1p_ddrmc_wrapper/ph1p_ddrmc_top/u_ddr_phy/u_ddrphy_top/u_ddrphy/dx_byte[0]$dx_byte_used$u_ddrphy_dx_byte_wrapper/u_ddrphy_byte, location = x0y30z0.
PHY-1001 :   Placed ioclk instance u_ph1p35_324_ddr_wrapper/u_ddr2/ph1p_ddrmc_wrapper/ph1p_ddrmc_top/u_ddr_phy/u_ddrphy_top/u_ddrphy_clk/ioclk[1]$u_ioclk_1, location = x0y19z1.
PHY-1001 :   Placed ioclk instance u_ph1p35_324_ddr_wrapper/u_ddr2/ph1p_ddrmc_wrapper/ph1p_ddrmc_top/u_ddr_phy/u_ddrphy_top/u_ddrphy_clk/ioclk[1]$u_ioclk_0, location = x0y19z0.
PHY-1001 : Processing 2 clock pins of DDR instance u_ph1p35_324_ddr_wrapper/u_ddr2/ph1p_ddrmc_wrapper/ph1p_ddrmc_top/u_ddr_phy/u_ddrphy_top/u_ddrphy/dx_byte[1]$dx_byte_used$u_ddrphy_dx_byte_wrapper/u_ddrphy_byte, location = x0y10z0.
PHY-1001 :   Placed ioclk instance u_ph1p35_324_ddr_wrapper/u_ddr2/ph1p_ddrmc_wrapper/ph1p_ddrmc_top/u_ddr_phy/u_ddrphy_top/u_ddrphy_clk/ioclk[1]$u_ioclk_1, location = x0y19z1.
PHY-1001 :   Placed ioclk instance u_ph1p35_324_ddr_wrapper/u_ddr2/ph1p_ddrmc_wrapper/ph1p_ddrmc_top/u_ddr_phy/u_ddrphy_top/u_ddrphy_clk/ioclk[1]$u_ioclk_0, location = x0y19z0.
PHY-3001 : Target density is 60%
PHY-3001 : Target density is 60%
PHY-1001 : Stage 2.7.1.1 | Update Timing
PHY-1001 : SWNS: 1275, STNS: 0, FEP: 0
PHY-1001 : End Stage 2.7.1.1 | Update Timing; Time: 0.159761s wall, 0.171875s user + 0.000000s system = 0.171875s CPU (107.6%); Memory(MB): used = 992, reserved = 983, peak = 992;

PHY-1001 : Stage 2.7.1.2 | Refresh Congestion
RUN-1001 : Generating global routing grids ...
PHY-1001 : Generate routing nets ...
PHY-1001 : Reuse net number 256/23310.
PHY-1001 : Global iterations in 32 thread ...
PHY-1002 : len = 1.49573e+06, over cnt = 2874(4%), over = 16453, worst = 66
PHY-1001 : End global iterations;  0.847393s wall, 1.687500s user + 0.046875s system = 1.734375s CPU (204.7%)

PHY-1001 : Congestion index:
PHY-1001 : top1  = 195.39(S 163.25, N 143.19, E 147.46, W 125.25, I 183.69, O 217.35)
PHY-1001 : top5  = 136.73(S 104.22, N 82.59, E 91.43, W 84.74, I 108.79, O 136.12)
PHY-1001 : top10 = 111.69(S 79.19, N 62.15, E 70.49, W 66.86, I 80.81, O 103.79)
PHY-1001 : top15 = 97.40(S 65.64, N 51.37, E 59.20, W 56.75, I 66.04, O 86.25)
PHY-1001 : End Stage 2.7.1.2 | Refresh Congestion; Time: 1.089497s wall, 1.906250s user + 0.046875s system = 1.953125s CPU (179.3%); Memory(MB): used = 1001, reserved = 992, peak = 1001;

PHY-1001 : Stage 2.7.1.3 | GP Iteration
PHY-1001 : End Stage 2.7.1.3 | GP Iteration; Time: 1.213672s wall, 9.437500s user + 0.468750s system = 9.906250s CPU (816.2%); Memory(MB): used = 1003, reserved = 995, peak = 1003;

PHY-3001 : Multithread accelerating rate: 8.30
OPT-1001 : Total overflow 515.50 peak overflow 4.72
PHY-3001 : Spreading for sector grids.
PHY-3001 : Iter 1, total overflow: 0
PHY-3001 : tot_capacity: 48, usage_cnt: 18, movable_cnt: 39
PHY-3001 : End spreading;  0.083785s wall, 0.078125s user + 0.000000s system = 0.078125s CPU (93.2%)

PHY-3001 : Final: Len = 1.11058e+06, Over = 103.156
PHY-3001 : End incremental placement;  2.874734s wall, 12.312500s user + 0.515625s system = 12.828125s CPU (446.2%)

OPT-1001 : Total overflow 515.50 peak overflow 4.72
RUN-1001 : HFN opt statistic
RUN-1001 : ------------------------------------------------------
RUN-1001 :   DriverCell type  |  HFN count  |  Duplicated count  
RUN-1001 : ------------------------------------------------------
RUN-1001 :         REG        |     16      |         67         
RUN-1001 :        LUT6        |      2      |         9          
RUN-1001 :        LUT5        |      3      |         15         
RUN-1001 :        LUT4        |      1      |         3          
RUN-1001 :        LUT3        |      2      |         5          
RUN-1001 :        LUT2        |      4      |         14         
RUN-1001 :        TOTAL       |     28      |        113         
RUN-1001 : ------------------------------------------------------
OPT-1001 : End high-fanout net optimization;  5.469842s wall, 15.171875s user + 0.531250s system = 15.703125s CPU (287.1%)

OPT-1001 : Update timing in Manhattan mode
OPT-1001 : End timing update;  1.524876s wall, 1.531250s user + 0.000000s system = 1.531250s CPU (100.4%)

OPT-1001 : Current memory(MB): used = 1004, reserved = 995, peak = 1004.
OPT-1001 : End Stage 2.7.1 | Synthesize High-fanout Net; Time: 7.170755s wall, 16.875000s user + 0.531250s system = 17.406250s CPU (242.7%); Memory(MB): used = 1004, reserved = 995, peak = 1004;

OPT-1001 : Stage 2.7.2 | Global Optimization
OPT-1001 : Start global optimization ...
OPT-0007 : Start: SWNS 1319 STNS 0 NUM_FEPS 0
OPT-1001 : Start congestion update ...
RUN-1001 : Generating global routing grids ...
PHY-1001 : Generate routing nets ...
PHY-1001 : Reuse net number 1340/20871.
PHY-1001 : Global iterations in 32 thread ...
PHY-1002 : len = 1.2605e+06, over cnt = 2569(3%), over = 9006, worst = 34
PHY-1002 : len = 1.39126e+06, over cnt = 2175(3%), over = 5179, worst = 20
PHY-1002 : len = 1.50219e+06, over cnt = 907(1%), over = 1920, worst = 17
PHY-1002 : len = 1.55064e+06, over cnt = 367(0%), over = 628, worst = 9
PHY-1002 : len = 1.56987e+06, over cnt = 87(0%), over = 137, worst = 5
PHY-1001 : End global iterations;  2.822450s wall, 4.015625s user + 0.140625s system = 4.156250s CPU (147.3%)

PHY-1001 : Congestion index:
PHY-1001 : top1  = 88.93(S 80.50, N 73.44, E 74.06, W 79.85, I 190.13, O 202.96)
PHY-1001 : top5  = 73.98(S 66.46, N 58.43, E 54.41, W 62.01, I 105.38, O 127.47)
PHY-1001 : top10 = 66.97(S 57.99, N 48.95, E 45.57, W 53.19, I 78.93, O 100.55)
PHY-1001 : top15 = 62.20(S 51.87, N 42.95, E 40.26, W 47.23, I 65.33, O 85.23)
OPT-1001 : End congestion update;  3.186344s wall, 4.359375s user + 0.156250s system = 4.515625s CPU (141.7%)

OPT-0007 : Iter 1: improved SWNS 1337 STNS 0 NUM_FEPS 0 with 77 cells processed and 6256 slack improved
OPT-0007 : Iter 2: improved SWNS 1337 STNS 0 NUM_FEPS 0 with 19 cells processed and 2117 slack improved
OPT-0007 : Iter 3: improved SWNS 1337 STNS 0 NUM_FEPS 0 with 17 cells processed and 924 slack improved
OPT-0007 : Iter 4: improved SWNS 1337 STNS 0 NUM_FEPS 0 with 6 cells processed and 64 slack improved
OPT-1001 : Overall commit ratio 0.48
OPT-1001 : End global optimization;  3.323130s wall, 4.500000s user + 0.156250s system = 4.656250s CPU (140.1%)

OPT-1001 : Current memory(MB): used = 1004, reserved = 995, peak = 1004.
OPT-1001 : End Stage 2.7.2 | Global Optimization; Time: 4.462351s wall, 5.640625s user + 0.156250s system = 5.796875s CPU (129.9%); Memory(MB): used = 1004, reserved = 995, peak = 1004;

OPT-0007 : End flow prepack: SWNS 1337 STNS 0 NUM_FEPS 0
OPT-1001 : End physical optimization;  11.675413s wall, 22.546875s user + 0.687500s system = 23.234375s CPU (199.0%)

PHY-1001 : End Stage 2.7 | Optimize Design; Time: 11.678646s wall, 22.546875s user + 0.687500s system = 23.234375s CPU (198.9%); Memory(MB): used = 1004, reserved = 995, peak = 1004;

PHY-1001 : Stage 2.8 | Pack and Legalization
PHY-1001 : Stage 2.8.1 | Direct Legalization
PHY-3001 : Start Direct Legalization ...
PHY-3001 : Get top1 grid util = 0.599414, top1_avg = 0.599414.
PHY-1001 : Populate physical database on model design_top_wrapper.
PHY-3001 : Target density is 60%
PHY-3001 : Before Legalization for Slice Macros, Len = 1.11351e+06.
RUN-1001 : Legalization top10 inst displacement:
RUN-1001 : -------------------------------------------------------------------------------------------------------------------------------------------------------------------------------------------------------------------------
RUN-1001 :   Index  |  Bounded  |  Height  |       Location       |  Disp. (slots)  |  Disp. (grids)  |                                                            Name                                                             
RUN-1001 : -------------------------------------------------------------------------------------------------------------------------------------------------------------------------------------------------------------------------
RUN-1001 :     1    |     N     |    8     |  x2y56z7 to x5y60z0  |       49        |        7        |   u_ph1p35_324_ddr_wrapper/u_ddr2/ph1p_ddrmc_wrapper/ph1p_ddrmc_top/u_ddr_phy/u_ddrphy_top/u_ddrphy_init/ramread0_syn_51    
RUN-1001 :     2    |     N     |    8     |  x2y56z6 to x5y54z0  |       46        |        5        |   u_ph1p35_324_ddr_wrapper/u_ddr2/ph1p_ddrmc_wrapper/ph1p_ddrmc_top/u_ddr_phy/u_ddrphy_top/u_ddrphy_init/ramread0_syn_31    
RUN-1001 :     3    |     N     |    8     |  x2y56z7 to x5y59z0  |       41        |        6        |   u_ph1p35_324_ddr_wrapper/u_ddr2/ph1p_ddrmc_wrapper/ph1p_ddrmc_top/u_ddr_phy/u_ddrphy_top/u_ddrphy_init/ramread0_syn_71    
RUN-1001 :     4    |     N     |    8     |  x2y10z3 to x5y12z0  |       37        |        5        |  u_ph1p35_324_ddr_wrapper/u_ddr2/ph1p_ddrmc_wrapper/ph1p_ddrmc_top/u_phy2mc_fifo/byteIdx_1[1]$u_wfifo_sync/ramread0_syn_68  
RUN-1001 :     5    |     N     |    8     |  x2y56z6 to x5y58z0  |       34        |        5        |   u_ph1p35_324_ddr_wrapper/u_ddr2/ph1p_ddrmc_wrapper/ph1p_ddrmc_top/u_ddr_phy/u_ddrphy_top/u_ddrphy_init/ramread0_syn_111   
RUN-1001 :     6    |     N     |    8     |  x2y10z1 to x5y11z0  |       31        |        4        |  u_ph1p35_324_ddr_wrapper/u_ddr2/ph1p_ddrmc_wrapper/ph1p_ddrmc_top/u_phy2mc_fifo/byteIdx_1[1]$u_wfifo_sync/ramread0_syn_48  
RUN-1001 :     7    |     N     |    8     |  x2y55z2 to x5y55z0  |       26        |        3        |   u_ph1p35_324_ddr_wrapper/u_ddr2/ph1p_ddrmc_wrapper/ph1p_ddrmc_top/u_ddr_phy/u_ddrphy_top/u_ddrphy_init/ramread0_syn_131   
RUN-1001 :     8    |     N     |    8     |  x2y56z6 to x5y57z0  |       26        |        4        |   u_ph1p35_324_ddr_wrapper/u_ddr2/ph1p_ddrmc_wrapper/ph1p_ddrmc_top/u_ddr_phy/u_ddrphy_top/u_ddrphy_init/ramread0_syn_91    
RUN-1001 :     9    |     N     |    8     |  x2y50z2 to x5y50z0  |       26        |        3        |     u_ph1p35_324_ddr_wrapper/u_ddr2/ph1p_ddrmc_wrapper/ph1p_ddrmc_top/u_alc_mc_top/u_wr_data/u_ptr_ram0/ramread0_syn_25     
RUN-1001 :    10    |     N     |    8     |  x2y10z1 to x5y10z0  |       25        |        3        |  u_ph1p35_324_ddr_wrapper/u_ddr2/ph1p_ddrmc_wrapper/ph1p_ddrmc_top/u_phy2mc_fifo/byteIdx_1[1]$u_wfifo_sync/ramread0_syn_88  
RUN-1001 : -------------------------------------------------------------------------------------------------------------------------------------------------------------------------------------------------------------------------
PHY-3001 : After Legalization for Slice Macros, Len = 1.14927e+06.
RUN-1001 : Generating global routing grids ...
PHY-1001 : Generate routing nets ...
PHY-1001 : Reuse net number 18714/20856.
RUN-1002 : start command "update_timing -mode MANHATTAN"
RUN-1002 : start command "start_timer"
RUN-1003 : finish command "start_timer" in  1.507715s wall, 1.515625s user + 0.000000s system = 1.515625s CPU (100.5%)

RUN-1004 : used memory is 1026 MB, reserved memory is 1018 MB, peak memory is 1026 MB
RUN-1003 : finish command "update_timing -mode MANHATTAN" in  2.891798s wall, 2.890625s user + 0.000000s system = 2.890625s CPU (100.0%)

RUN-1004 : used memory is 1026 MB, reserved memory is 1018 MB, peak memory is 1026 MB
PHY-1001 : Global iterations in 32 thread ...
PHY-1002 : len = 1.56074e+06, over cnt = 821(1%), over = 1881, worst = 12
PHY-1002 : len = 1.57507e+06, over cnt = 706(0%), over = 1293, worst = 10
PHY-1002 : len = 1.59594e+06, over cnt = 307(0%), over = 537, worst = 8
PHY-1002 : len = 1.60805e+06, over cnt = 84(0%), over = 136, worst = 4
PHY-1002 : len = 1.61189e+06, over cnt = 40(0%), over = 79, worst = 3
PHY-1001 : End global iterations;  1.294311s wall, 1.453125s user + 0.046875s system = 1.500000s CPU (115.9%)

PHY-1001 : Congestion index:
PHY-1001 : top1  = 88.93(S 80.75, N 72.49, E 75.13, W 79.52, I 185.39, O 203.12)
PHY-1001 : top5  = 73.80(S 66.02, N 57.85, E 56.15, W 62.12, I 101.84, O 126.20)
PHY-1001 : top10 = 66.84(S 57.66, N 48.50, E 47.05, W 53.32, I 77.75, O 100.79)
PHY-1001 : top15 = 62.14(S 51.55, N 42.86, E 41.68, W 47.41, I 65.12, O 85.73)
PHY-3001 : Total Iter 107, legal = 21914 / 21914 (100.00%), avg_move = 30.57, max_move = 276.
PHY-3001 : There are no illegal insts.
PHY-1001 : Populate physical database on model design_top_wrapper.
PHY-3001 : End Direct Legalization;  21.597211s wall, 248.468750s user + 2.171875s system = 250.640625s CPU (1160.5%)

RUN-1001 : Summary of LUT-FF Pairs
RUN-1001 : ---------------------------------------------------------------
RUN-1001 :   Num of Fanout Seqs  |   1x   |  2x  |  3~5  |  6~10  |  >10  
RUN-1001 : ---------------------------------------------------------------
RUN-1001 :         Total         |  6418  |  5   |  52   |   1    |  23   
RUN-1001 :          Grid         |  6416  |  5   |  47   |   1    |  23   
RUN-1001 :          Bank         |  6277  |  5   |  46   |   1    |  23   
RUN-1001 :         Paired        |  6252  |  5   |  43   |   1    |  23   
RUN-1001 : ---------------------------------------------------------------
RUN-1001 : Summary of LUT Pairs
RUN-1001 : ---------------------------------------------------------------------------------------------------------------------
RUN-1001 :            |           |           |           |           |           |  O5 + O6  |  Only O5  |  Only O6  |  Total  
RUN-1001 : ---------------------------------------------------------------------------------------------------------------------
RUN-1001 :   5 Share  |  4 Share  |  3 Share  |  2 Share  |  1 Share  |  0 Share  |           |           |           |         
RUN-1001 :     37     |    163    |    203    |    390    |   1581    |   3136    |   5510    |   2290    |   1621    |  9421   
RUN-1001 : ---------------------------------------------------------------------------------------------------------------------
PHY-1001 : End Stage 2.8.1 | Direct Legalization; Time: 21.658936s wall, 248.500000s user + 2.187500s system = 250.687500s CPU (1157.4%); Memory(MB): used = 1122, reserved = 1121, peak = 1123;

PHY-3001 : Target density is 60%
PHY-3001 : After Direct Legalization, Len = 1.44684e+06.
PHY-1001 : End Stage 2.8 | Pack and Legalization; Time: 21.834568s wall, 248.687500s user + 2.187500s system = 250.875000s CPU (1149.0%); Memory(MB): used = 1122, reserved = 1121, peak = 1123;

RUN-1002 : start command "start_timer"
RUN-1003 : finish command "start_timer" in  3.089594s wall, 3.046875s user + 0.015625s system = 3.062500s CPU (99.1%)

RUN-1004 : used memory is 1122 MB, reserved memory is 1121 MB, peak memory is 1123 MB
PHY-1001 : End Stage 2 | Global Placement; Time: 59.649733s wall, 349.328125s user + 9.156250s system = 358.484375s CPU (601.0%); Memory(MB): used = 1123, reserved = 1121, peak = 1123;

PHY-1001 : Stage 3 | Detailed Placement
PHY-1001 : Stage 3.1 | SLICE Detailed Placement
PHY-1001 : Stage 3.1.1 | Spreading
PHY-3001 : Design contains 136 ce signals.
PHY-3001 : Spreading for sector grids.
PHY-3001 : Iter 1, total overflow: 0
PHY-3001 : tot_capacity: 36, usage_cnt: 14, movable_cnt: 26
PHY-3001 : Spreading for clock grids.
PHY-3001 : clock grid count for 24 x 4 grids
PHY-3001 : Spreading for plb grids.
PHY-3001 : total displace: 0, max displace: 0.
PHY-3001 : End spreading;  0.321785s wall, 0.312500s user + 0.000000s system = 0.312500s CPU (97.1%)

PHY-1001 : End Stage 3.1.1 | Spreading; Time: 0.321908s wall, 0.312500s user + 0.000000s system = 0.312500s CPU (97.1%); Memory(MB): used = 1124, reserved = 1123, peak = 1124;

PHY-1001 : Stage 3.1.2 | Simulated Annealing Based DP
RUN-1001 : Generating global routing grids ...
PHY-1001 : Generate routing nets ...
PHY-1001 : Reuse net number 1714/16737.
PHY-1001 : Global iterations in 32 thread ...
PHY-1002 : len = 1.54803e+06, over cnt = 1311(1%), over = 2797, worst = 9
PHY-1002 : len = 1.57086e+06, over cnt = 851(1%), over = 1610, worst = 9
PHY-1002 : len = 1.59557e+06, over cnt = 398(0%), over = 696, worst = 9
PHY-1002 : len = 1.60736e+06, over cnt = 176(0%), over = 272, worst = 7
PHY-1002 : len = 1.61328e+06, over cnt = 0(0%), over = 0, worst = 0
PHY-1001 : End global iterations;  1.593434s wall, 2.578125s user + 0.000000s system = 2.578125s CPU (161.8%)

PHY-1001 : Congestion index:
PHY-1001 : top1  = 77.57(S 65.54, N 60.02, E 63.31, W 75.08, I 62.88, O 72.62)
PHY-1001 : top5  = 65.05(S 52.99, N 49.23, E 49.16, W 57.47, I 50.92, O 59.34)
PHY-1001 : top10 = 58.94(S 46.00, N 42.21, E 42.16, W 48.83, I 44.23, O 52.93)
PHY-1001 : top15 = 55.04(S 41.45, N 37.29, E 37.51, W 43.46, I 39.70, O 48.29)
PHY-0007 : Initial: WL Cost = 111612, TD Cost = 76565.4, SWNS = 1047, STNS = 0, Nums per T = 91070, Range Limit = 4x8
PHY-0007 : Finally: WL Cost = 98923.1, TD Cost = 56446.8, WL Ratio = 0.886315, TD Ratio = 0.737237, SWNS = 1402, STNS = 0
RUN-1001 : Print Detailed placement's Summary information
RUN-1001 : ------------------------------------------------------------------------------------------------------------------------------
RUN-1001 :           |  Total   |  Accept  |  Reject by overFlow  |  Reject by worseCost  |  Failed by noTarget  |  Failed by gridCheck  
RUN-1001 : ------------------------------------------------------------------------------------------------------------------------------
RUN-1001 :   Slices  |  819630  |  25985   |         734          |        781409         |         201          |         11301         
RUN-1001 :   Macros  |  17871   |   172    |          7           |         17631         |          30          |          31           
RUN-1001 : ------------------------------------------------------------------------------------------------------------------------------
PHY-1001 : End Stage 3.1.2 | Simulated Annealing Based DP; Time: 20.917017s wall, 22.734375s user + 0.078125s system = 22.812500s CPU (109.1%); Memory(MB): used = 1134, reserved = 1132, peak = 1134;

PHY-3001 : End Detailed Place; 
PHY-3001 : Final: Len = 1.26392e+06, Over = 0
PHY-1001 : End Stage 3.1 | SLICE Detailed Placement; Time: 21.575019s wall, 23.359375s user + 0.093750s system = 23.453125s CPU (108.7%); Memory(MB): used = 1134, reserved = 1132, peak = 1134;

PHY-3001 : End Detailed Place; 
PHY-1001 : Stage 3.2 | Optimize Design
OPT-1001 : Start physical optimization ...
OPT-1001 : Total overflow 0.00 peak overflow 0.00
OPT-1001 : Stage 3.2.1 | Physical Optimization
OPT-1001 : Start high-fanout net optimization in optimize equivalent flow with medium effort ...
OPT-1001 : Clean unloaded insts before merging registers
PHY-1001 : Populate physical database on model design_top_wrapper.
PHY-1001 : Populate physical database on model design_top_wrapper.
OPT-1001 : Total overflow 0.00 peak overflow 0.00
OPT-1001 : End optimize duplicated nets. Total 43 instances are merged and 618 sinks are reconnected,  2.205533s wall, 2.640625s user + 0.000000s system = 2.640625s CPU (119.7%)

OPT-1001 : End high-fanout net optimization;  2.207221s wall, 2.640625s user + 0.000000s system = 2.640625s CPU (119.6%)

OPT-1001 : Update timing in Manhattan mode
RUN-1002 : start command "start_timer"
RUN-1003 : finish command "start_timer" in  2.411119s wall, 2.375000s user + 0.031250s system = 2.406250s CPU (99.8%)

RUN-1004 : used memory is 1134 MB, reserved memory is 1132 MB, peak memory is 1134 MB
OPT-1001 : End timing update;  3.837560s wall, 3.796875s user + 0.031250s system = 3.828125s CPU (99.8%)

OPT-1001 : Current memory(MB): used = 1134, reserved = 1132, peak = 1134.
OPT-1001 : End Stage 3.2.1 | Physical Optimization; Time: 6.194115s wall, 6.578125s user + 0.031250s system = 6.609375s CPU (106.7%); Memory(MB): used = 1134, reserved = 1132, peak = 1134;

OPT-1001 : Stage 3.2.2 | Synthesize High-fanout Net
OPT-1001 : Start high-fanout net optimization in post-pack flow with medium effort ...
OPT-1001 : Start: SWNS 1402 STNS 0 NUM_FEPS 0
OPT-1001 : Total overflow 0.00 peak overflow 0.00
PHY-1001 : Populate physical database on model design_top_wrapper.
OPT-1001 : 5 high-fanout net processed.
OPT-1001 : Total overflow 0.00 peak overflow 0.00
RUN-1001 : HFN opt statistic
RUN-1001 : ------------------------------------------------------
RUN-1001 :   DriverCell type  |  HFN count  |  Duplicated count  
RUN-1001 : ------------------------------------------------------
RUN-1001 :       LSLICE       |      0      |         0          
RUN-1001 :       MSLICE       |      0      |         0          
RUN-1001 :        OTHER       |      5      |         7          
RUN-1001 :        TOTAL       |      5      |         7          
RUN-1001 : ------------------------------------------------------
OPT-1001 : End high-fanout net optimization;  0.651731s wall, 0.718750s user + 0.000000s system = 0.718750s CPU (110.3%)

OPT-1001 : Current memory(MB): used = 1134, reserved = 1132, peak = 1134.
OPT-1001 : End Stage 3.2.2 | Synthesize High-fanout Net; Time: 0.805212s wall, 0.875000s user + 0.000000s system = 0.875000s CPU (108.7%); Memory(MB): used = 1134, reserved = 1132, peak = 1134;

OPT-1001 : Stage 3.2.3 | Optimize Path
OPT-1001 : Start unpack path based optimization ...
OPT-0007 : Start: SWNS 1402 STNS 0 NUM_FEPS 0 with mode 2
OPT-1001 : Start congestion update ...
RUN-1001 : Generating global routing grids ...
PHY-1001 : Generate routing nets ...
PHY-1001 : Reuse net number 5422/17279.
PHY-1001 : Global iterations in 32 thread ...
PHY-1002 : len = 1.43184e+06, over cnt = 1614(2%), over = 3365, worst = 9
PHY-1002 : len = 1.47758e+06, over cnt = 992(1%), over = 1659, worst = 9
PHY-1002 : len = 1.51226e+06, over cnt = 348(0%), over = 526, worst = 9
PHY-1002 : len = 1.52189e+06, over cnt = 110(0%), over = 165, worst = 9
PHY-1002 : len = 1.52458e+06, over cnt = 33(0%), over = 51, worst = 5
PHY-1001 : End global iterations;  1.569974s wall, 2.296875s user + 0.203125s system = 2.500000s CPU (159.2%)

PHY-1001 : Congestion index:
PHY-1001 : top1  = 79.96(S 67.62, N 58.94, E 63.19, W 76.64, I 62.39, O 71.63)
PHY-1001 : top5  = 65.65(S 54.88, N 48.70, E 47.05, W 57.54, I 50.10, O 58.09)
PHY-1001 : top10 = 59.25(S 47.96, N 41.87, E 40.28, W 49.12, I 44.03, O 52.25)
PHY-1001 : top15 = 55.28(S 43.37, N 37.21, E 36.02, W 43.81, I 39.76, O 48.17)
OPT-1001 : End congestion update;  1.993927s wall, 2.718750s user + 0.203125s system = 2.921875s CPU (146.5%)

OPT-0007 : Iter 1: improved SWNS 1611 STNS 0 NUM_FEPS 0 with 64(1112) cells and 556(556) paths processed with 5973 slack improved, crit_thod: 3000 ratio: 0.91(71/78) rt: 0.5s
OPT-0007 : Iter 2: improved SWNS 1611 STNS 0 NUM_FEPS 0 with 8(1004) cells and 502(502) paths processed with 501 slack improved, crit_thod: 3000 ratio: 0.82(9/11) rt: 0.4s
OPT-1001 : End path based optimization;  2.893020s wall, 3.593750s user + 0.203125s system = 3.796875s CPU (131.2%)

OPT-1001 : Current memory(MB): used = 1134, reserved = 1132, peak = 1134.
OPT-1001 : End Stage 3.2.3 | Optimize Path; Time: 3.047773s wall, 3.750000s user + 0.203125s system = 3.953125s CPU (129.7%); Memory(MB): used = 1134, reserved = 1132, peak = 1134;

OPT-1001 : Stage 3.2.4 | Optimize Duplicated Nets
OPT-1001 : Start: WNS 1611 TNS 0 NUM_FEPS 0
OPT-1001 : Clean unloaded insts before merging registers
PHY-1001 : Populate physical database on model design_top_wrapper.
PHY-1001 : Populate physical database on model design_top_wrapper.
OPT-1001 : Total overflow 0.00 peak overflow 0.00
OPT-1001 : End optimize duplicated nets. Total 1 instances are merged and 138 sinks are reconnected,  2.117530s wall, 2.109375s user + 0.000000s system = 2.109375s CPU (99.6%)

OPT-1001 : Update timing in Manhattan mode
RUN-1002 : start command "start_timer"
RUN-1003 : finish command "start_timer" in  2.424234s wall, 2.406250s user + 0.000000s system = 2.406250s CPU (99.3%)

RUN-1004 : used memory is 1134 MB, reserved memory is 1132 MB, peak memory is 1134 MB
OPT-1001 : End timing update;  3.873908s wall, 3.843750s user + 0.000000s system = 3.843750s CPU (99.2%)

OPT-1001 : Current memory(MB): used = 1134, reserved = 1132, peak = 1134.
OPT-1001 : End Stage 3.2.4 | Optimize Duplicated Nets; Time: 6.150815s wall, 6.125000s user + 0.000000s system = 6.125000s CPU (99.6%); Memory(MB): used = 1134, reserved = 1132, peak = 1134;

OPT-1001 : Stage 3.2.5 | Swap Pins
OPT-1001 : Start pin optimization...
OPT-1001 : Start: SWNS 1611 STNS 0 NUM_FEPS 0
OPT-1001 : Successfully optimized 444 instances
OPT-1001 : Successfully optimized 63 instances
OPT-1001 : End pin optimization;  1.128187s wall, 1.140625s user + 0.000000s system = 1.140625s CPU (101.1%)

OPT-1001 : Current memory(MB): used = 1134, reserved = 1132, peak = 1134.
OPT-1001 : End Stage 3.2.5 | Swap Pins; Time: 1.285866s wall, 1.296875s user + 0.000000s system = 1.296875s CPU (100.9%); Memory(MB): used = 1134, reserved = 1132, peak = 1134;

OPT-1001 : Stage 3.2.6 | Optimize Beeline
OPT-1001 : Start beeline optimization...
OPT-1001 : Start: SWNS 1611 STNS 0 NUM_FEPS 0
PHY-1001 : Beeline DP, 650 out of 4552 (14.28)%; hop = 856.
PHY-1001 : Beeline DP, 237 out of 3940 (6.02)%; hop = 324.
PHY-1001 : Beeline DP, 129 out of 3808 (3.39)%; hop = 177.
PHY-1001 : Beeline DP, 103 out of 3776 (2.73)%; hop = 137.
PHY-1001 : Beeline DP, 83 out of 3758 (2.21)%; hop = 109.
PHY-1001 : Beeline optimization intraPLB, 2068 1-hop(39.61%), 2153 2-hop(41.24%), 410 3-hop( 7.85%), 590 others (11.30%)
PHY-1001 :  10.743769s wall, 10.734375s user + 0.015625s system = 10.750000s CPU (100.1%)

RUN-1001 : Beeline optimization outerPLB: 1-hop 1649, 2-hop 3139, 3-hop 1762, 4-hop 603, other 1661 
OPT-1001 : End beeline optimization;  11.370161s wall, 11.343750s user + 0.015625s system = 11.359375s CPU (99.9%)

OPT-1001 : Update timing in Manhattan mode
OPT-1001 : End timing update;  1.478822s wall, 1.484375s user + 0.000000s system = 1.484375s CPU (100.4%)

OPT-1001 : End Stage 3.2.6 | Optimize Beeline; Time: 13.133204s wall, 13.109375s user + 0.015625s system = 13.125000s CPU (99.9%); Memory(MB): used = 1135, reserved = 1132, peak = 1135;

OPT-0007 : End flow postpack: SWNS 1611 STNS 0 NUM_FEPS 0
RUN-1001 : Generating global routing grids ...
PHY-1001 : Generate routing nets ...
PHY-1001 : Reuse net number 15127/16698.
PHY-1001 : Global iterations in 32 thread ...
PHY-1002 : len = 1.53301e+06, over cnt = 387(0%), over = 574, worst = 5
PHY-1002 : len = 1.54005e+06, over cnt = 197(0%), over = 261, worst = 5
PHY-1002 : len = 1.54237e+06, over cnt = 117(0%), over = 146, worst = 4
PHY-1002 : len = 1.54502e+06, over cnt = 31(0%), over = 34, worst = 2
PHY-1002 : len = 1.54558e+06, over cnt = 0(0%), over = 0, worst = 0
PHY-1001 : End global iterations;  0.584370s wall, 0.812500s user + 0.000000s system = 0.812500s CPU (139.0%)

PHY-1001 : Congestion index:
PHY-1001 : top1  = 79.67(S 66.95, N 58.42, E 62.20, W 77.06, I 62.23, O 70.89)
PHY-1001 : top5  = 65.45(S 54.70, N 48.32, E 47.39, W 57.76, I 49.73, O 57.83)
PHY-1001 : top10 = 59.10(S 47.84, N 41.65, E 40.65, W 49.29, I 43.60, O 52.14)
PHY-1001 : top15 = 55.25(S 43.31, N 37.15, E 36.43, W 43.83, I 39.45, O 48.08)
RUN-1001 : QoR Analysis:
OPT-0007 :   SWNS 1611 STNS 0 NUM_FEPS 0
RUN-1001 :   No local congestion issue, and most congested 1% tile average routing util is 79.263158
RUN-1001 :   Top critical paths
RUN-1001 :       #1 path slack 1611ps with logic level 1 
RUN-1001 :       #2 path slack 1611ps with logic level 1 
RUN-1001 :       #3 path slack 1611ps with logic level 1 
RUN-1001 :       #4 path slack 1611ps with logic level 1 
RUN-1001 :       #5 path slack 1611ps with logic level 1 
RUN-1001 :       #6 path slack 1611ps with logic level 1 
RUN-1001 :       #7 path slack 1611ps with logic level 1 
RUN-1001 :       #8 path slack 1654ps with logic level 1 
RUN-1001 :       #9 path slack 1654ps with logic level 1 
RUN-1001 :       #10 path slack 1654ps with logic level 1 
OPT-1001 : End physical optimization;  31.809892s wall, 33.140625s user + 0.250000s system = 33.390625s CPU (105.0%)

PHY-1001 : End Stage 3.2 | Optimize Design; Time: 31.810122s wall, 33.140625s user + 0.250000s system = 33.390625s CPU (105.0%); Memory(MB): used = 1134, reserved = 1132, peak = 1135;

RUN-1001 : Report Control nets information:
RUN-1001 : DFF Distribution
RUN-1001 : -------------------------------------
RUN-1001 :   CE   |  SSR  |  ASR  |  DFF Count  
RUN-1001 : -------------------------------------
RUN-1001 :   No   |  No   |  No   |     224     
RUN-1001 :   No   |  No   |  Yes  |      0      
RUN-1001 :   No   |  Yes  |  No   |      0      
RUN-1001 :   Yes  |  No   |  No   |    6991     
RUN-1001 :   Yes  |  No   |  Yes  |    5800     
RUN-1001 :   Yes  |  Yes  |  No   |     492     
RUN-1001 : -------------------------------------
RUN-1001 : Control Group Statistic
RUN-1001 : -----------------------------
RUN-1001 :   #CLK  |  #CE  |  #SSR/ASR  
RUN-1001 : -----------------------------
RUN-1001 :    10   |  354  |     34     
RUN-1001 : -----------------------------
RUN-0007 : Control Set = 435
PHY-1001 : End Stage 3 | Detailed Placement; Time: 53.575583s wall, 56.703125s user + 0.343750s system = 57.046875s CPU (106.5%); Memory(MB): used = 1134, reserved = 1132, peak = 1135;

PHY-1001 : Populate physical database on model design_top_wrapper.
PHY-1001 : Stage 4 | Optimize Design
PHY-3001 : Start incremental legalization ...
PHY-1001 : Populate physical database on model design_top_wrapper.
PHY-1001 : Processing 2 clock pins of DDR instance u_ph1p35_324_ddr_wrapper/u_ddr2/ph1p_ddrmc_wrapper/ph1p_ddrmc_top/u_ddr_phy/u_ddrphy_top/u_ddrphy/ac_byte[0]$ac_byte_used$u_ddrphy_ac_byte_wrapper/u_ddrphy_byte, location = x0y70z0.
PHY-1001 :   Placed ioclk instance u_ph1p35_324_ddr_wrapper/u_ddr2/ph1p_ddrmc_wrapper/ph1p_ddrmc_top/u_ddr_phy/u_ddrphy_top/u_ddrphy_clk/ioclk[0]$u_ioclk_1, location = x0y59z1.
PHY-1001 :   Placed ioclk instance u_ph1p35_324_ddr_wrapper/u_ddr2/ph1p_ddrmc_wrapper/ph1p_ddrmc_top/u_ddr_phy/u_ddrphy_top/u_ddrphy_clk/ioclk[0]$u_ioclk_0, location = x0y59z0.
PHY-1001 : Processing 2 clock pins of DDR instance u_ph1p35_324_ddr_wrapper/u_ddr2/ph1p_ddrmc_wrapper/ph1p_ddrmc_top/u_ddr_phy/u_ddrphy_top/u_ddrphy/ac_byte[1]$ac_byte_used$u_ddrphy_ac_byte_wrapper/u_ddrphy_byte, location = x0y60z0.
PHY-1001 :   Placed ioclk instance u_ph1p35_324_ddr_wrapper/u_ddr2/ph1p_ddrmc_wrapper/ph1p_ddrmc_top/u_ddr_phy/u_ddrphy_top/u_ddrphy_clk/ioclk[0]$u_ioclk_1, location = x0y59z1.
PHY-1001 :   Placed ioclk instance u_ph1p35_324_ddr_wrapper/u_ddr2/ph1p_ddrmc_wrapper/ph1p_ddrmc_top/u_ddr_phy/u_ddrphy_top/u_ddrphy_clk/ioclk[0]$u_ioclk_0, location = x0y59z0.
PHY-1001 : Processing 2 clock pins of DDR instance u_ph1p35_324_ddr_wrapper/u_ddr2/ph1p_ddrmc_wrapper/ph1p_ddrmc_top/u_ddr_phy/u_ddrphy_top/u_ddrphy/ac_byte[2]$ac_byte_used$u_ddrphy_ac_byte_wrapper/u_ddrphy_byte, location = x0y50z0.
PHY-1001 :   Placed ioclk instance u_ph1p35_324_ddr_wrapper/u_ddr2/ph1p_ddrmc_wrapper/ph1p_ddrmc_top/u_ddr_phy/u_ddrphy_top/u_ddrphy_clk/ioclk[0]$u_ioclk_1, location = x0y59z1.
PHY-1001 :   Placed ioclk instance u_ph1p35_324_ddr_wrapper/u_ddr2/ph1p_ddrmc_wrapper/ph1p_ddrmc_top/u_ddr_phy/u_ddrphy_top/u_ddrphy_clk/ioclk[0]$u_ioclk_0, location = x0y59z0.
PHY-1001 : Processing 2 clock pins of DDR instance u_ph1p35_324_ddr_wrapper/u_ddr2/ph1p_ddrmc_wrapper/ph1p_ddrmc_top/u_ddr_phy/u_ddrphy_top/u_ddrphy/ac_byte[3]$ac_byte_used$u_ddrphy_ac_byte_wrapper/u_ddrphy_byte, location = x0y40z0.
PHY-1001 :   Placed ioclk instance u_ph1p35_324_ddr_wrapper/u_ddr2/ph1p_ddrmc_wrapper/ph1p_ddrmc_top/u_ddr_phy/u_ddrphy_top/u_ddrphy_clk/ioclk[0]$u_ioclk_1, location = x0y59z1.
PHY-1001 :   Placed ioclk instance u_ph1p35_324_ddr_wrapper/u_ddr2/ph1p_ddrmc_wrapper/ph1p_ddrmc_top/u_ddr_phy/u_ddrphy_top/u_ddrphy_clk/ioclk[0]$u_ioclk_0, location = x0y59z0.
PHY-1001 : Processing 2 clock pins of DDR instance u_ph1p35_324_ddr_wrapper/u_ddr2/ph1p_ddrmc_wrapper/ph1p_ddrmc_top/u_ddr_phy/u_ddrphy_top/u_ddrphy/dx_byte[0]$dx_byte_used$u_ddrphy_dx_byte_wrapper/u_ddrphy_byte, location = x0y30z0.
PHY-1001 :   Placed ioclk instance u_ph1p35_324_ddr_wrapper/u_ddr2/ph1p_ddrmc_wrapper/ph1p_ddrmc_top/u_ddr_phy/u_ddrphy_top/u_ddrphy_clk/ioclk[1]$u_ioclk_1, location = x0y19z1.
PHY-1001 :   Placed ioclk instance u_ph1p35_324_ddr_wrapper/u_ddr2/ph1p_ddrmc_wrapper/ph1p_ddrmc_top/u_ddr_phy/u_ddrphy_top/u_ddrphy_clk/ioclk[1]$u_ioclk_0, location = x0y19z0.
PHY-1001 : Processing 2 clock pins of DDR instance u_ph1p35_324_ddr_wrapper/u_ddr2/ph1p_ddrmc_wrapper/ph1p_ddrmc_top/u_ddr_phy/u_ddrphy_top/u_ddrphy/dx_byte[1]$dx_byte_used$u_ddrphy_dx_byte_wrapper/u_ddrphy_byte, location = x0y10z0.
PHY-1001 :   Placed ioclk instance u_ph1p35_324_ddr_wrapper/u_ddr2/ph1p_ddrmc_wrapper/ph1p_ddrmc_top/u_ddr_phy/u_ddrphy_top/u_ddrphy_clk/ioclk[1]$u_ioclk_1, location = x0y19z1.
PHY-1001 :   Placed ioclk instance u_ph1p35_324_ddr_wrapper/u_ddr2/ph1p_ddrmc_wrapper/ph1p_ddrmc_top/u_ddr_phy/u_ddrphy_top/u_ddrphy_clk/ioclk[1]$u_ioclk_0, location = x0y19z0.
PHY-3001 : Target density is 60%
PHY-3001 : Target density is 60%
PHY-3001 : Initial: Len = 1.31912e+06, Over = 0
PHY-1001 : Stage 4.1 | Spreading
PHY-3001 : Design contains 127 ce signals.
PHY-3001 : Spreading for sector grids.
PHY-3001 : Iter 1, total overflow: 0
PHY-3001 : tot_capacity: 48, usage_cnt: 18, movable_cnt: 36
PHY-3001 : Spreading for clock grids.
PHY-3001 : clock grid count for 24 x 4 grids
PHY-3001 : Spreading for plb grids.
PHY-3001 : total displace: 0, max displace: 0.
PHY-3001 : End spreading;  0.318597s wall, 0.312500s user + 0.000000s system = 0.312500s CPU (98.1%)

PHY-1001 : End Stage 4.1 | Spreading; Time: 0.318697s wall, 0.312500s user + 0.000000s system = 0.312500s CPU (98.1%); Memory(MB): used = 1135, reserved = 1132, peak = 1135;

PHY-3001 : Final: Len = 1.31912e+06, Over = 0
PHY-3001 : End incremental legalization;  0.607182s wall, 0.609375s user + 0.000000s system = 0.609375s CPU (100.4%)

RUN-1002 : start command "report_qor -step place -file place.qor"
RUN-1002 : start command "start_timer"
RUN-1003 : finish command "start_timer" in  1.771686s wall, 1.750000s user + 0.015625s system = 1.765625s CPU (99.7%)

RUN-1004 : used memory is 1135 MB, reserved memory is 1132 MB, peak memory is 1135 MB
RUN-1001 : Generating global routing grids ...
-----------------------------------------------------------
| QoR metrics               |         value               |
-----------------------------------------------------------
| Timing                    |                             |
|     Setup WNS             |         1611                |
|     Setup TNS             |            0                |
|     Num of violated S-EP  |            0                |
|     FMAX                  |   947.867MHz                |
|     SWNS path clock period |       2666ps                |
|     Hold WNS              |         -309                |
|     Hold TNS              |       -81200                |
|     Num of violated H-EP  |          590                |
-----------------------------------------------------------
| Routing Resource          |                             |
|     Wire length           |      1314932                |
|     Route Net Num         |        20983                |
|     DontRoute Net Num     |         8715                |
|     RouteSinks Num        |        61510                |
-----------------------------------------------------------
| Utilization               |                             |
|     #slices               |        12260                |
|     slices percentage     |       57.79%                |
|     #RAMs                 |           40                |
|     #DSPs                 |            8                |
|     #DRAMHARDCON          |           37                |
-----------------------------------------------------------
| Congestion                |                             |
|     Top 1% tile util      |           71                |
|     Top 1% tile avg util  |       79.26%                |
|     Over 100% util #tile  |            1                |
|     Max level             |            1                |
|     Window                |  [ 10  48] - [ 16  48]      |
-----------------------------------------------------------
Report place stage QoR done.

RUN-1003 : finish command "report_qor -step place -file place.qor" in  3.979568s wall, 3.937500s user + 0.031250s system = 3.968750s CPU (99.7%)

RUN-1004 : used memory is 1135 MB, reserved memory is 1132 MB, peak memory is 1135 MB
PHY-1001 : End Stage 4 | Optimize Design; Time: 4.607169s wall, 4.562500s user + 0.031250s system = 4.593750s CPU (99.7%); Memory(MB): used = 1135, reserved = 1132, peak = 1135;

PHY-1001 : Stage 5 | DRC Check
PHY-1001 : Stage 5.1 | Slice Attributes Check
PHY-1035 : Redundant attributes/nets in slice detected. You can use tcl "check_slice_attr -verbose" to get full message.
PHY-1039 : Found 112 mslices getting no used reg attributes, eg: u_hdmi_tx/u_hdmi_1_4b_transmitter_core_wrapper/u_hdmi_tx_controller_wrapper/u_hdmi_video_data_assemble/S_island_guard_band_1d_syn_10.
PHY-1039 : Found 112 mslices getting no used ce attributes, eg: u_hdmi_tx/u_hdmi_1_4b_transmitter_core_wrapper/u_hdmi_tx_controller_wrapper/u_hdmi_video_data_assemble/S_island_guard_band_1d_syn_10.
PHY-1001 : End Stage 5.1 | Slice Attributes Check; Time: 0.057208s wall, 0.062500s user + 0.000000s system = 0.062500s CPU (109.3%); Memory(MB): used = 1135, reserved = 1132, peak = 1135;

PHY-1001 : Stage 5.2 | Clock Bound Check
PHY-1001 : Check pass.
PHY-1001 : End Stage 5.2 | Clock Bound Check; Time: 0.002575s wall, 0.000000s user + 0.000000s system = 0.000000s CPU (n/a%); Memory(MB): used = 1135, reserved = 1132, peak = 1135;

PHY-1001 : Stage 5.3 | Force Route Constraint Check
PHY-1001 : Check Pass.
PHY-1001 : End Stage 5.3 | Force Route Constraint Check; Time: 0.002645s wall, 0.000000s user + 0.000000s system = 0.000000s CPU (n/a%); Memory(MB): used = 1135, reserved = 1132, peak = 1135;

PHY-1001 : Stage 5.4 | Sigmap Check
PHY-1001 : Check pass.
PHY-1001 : End Stage 5.4 | Sigmap Check; Time: 0.091629s wall, 0.093750s user + 0.000000s system = 0.093750s CPU (102.3%); Memory(MB): used = 1135, reserved = 1132, peak = 1135;

PHY-1001 : Stage 5.5 | Duplicated SelfDriven Check
PHY-1001 : Check pass.
PHY-1001 : End Stage 5.5 | Duplicated SelfDriven Check; Time: 0.358923s wall, 0.359375s user + 0.000000s system = 0.359375s CPU (100.1%); Memory(MB): used = 1135, reserved = 1132, peak = 1135;

PHY-1001 : Stage 5.6 | Clock Rule Check
PHY-5088 WARNING: Clock_Analyzer: Detected 1 buffer(s) clkin net because they drive non-clock sinks. Run "analyze_clock -detail" for more infomation.
PHY-5088 WARNING: Clock_Analyzer: Detected 1 buffer(s) clkout net because they drive non-clock sinks. Run "analyze_clock -detail" for more infomation.
PHY-5088 WARNING: Clock_Analyzer: 3 clock-net(s) because they drive other clock net, may cause clock skew. Run "analyze_clock -detail" for more infomation.
PHY-1001 : End Stage 5.6 | Clock Rule Check; Time: 0.081966s wall, 0.078125s user + 0.000000s system = 0.078125s CPU (95.3%); Memory(MB): used = 1135, reserved = 1132, peak = 1135;

PHY-1001 : End Stage 5 | DRC Check; Time: 0.665852s wall, 0.625000s user + 0.031250s system = 0.656250s CPU (98.6%); Memory(MB): used = 1135, reserved = 1132, peak = 1135;

OPT-1001 : QoR tracer report on placement steps:
    SWNS [   incr ]    STNS [   incr ]    FEPS [   incr ]    CRIT [   incr ]      CELL [     incr ]        WL [     incr ]    CONG [   incr ]    PDES [   incr ]   RT(s) [   incr ]   MEM(mb) [     incr ]
       0 [      0 ]       0 [      0 ]       0 [      0 ]       0 [      0 ]     25774 [        0 ]         0 [        0 ]    0.00 [   0.00 ]       0 [      0 ]       0 [      0 ]       512 [        0 ] : preplace:simplify_lut
       0 [      0 ]       0 [      0 ]       0 [      0 ]       0 [      0 ]     25774 [        0 ]         0 [        0 ]    0.00 [   0.00 ]       0 [      0 ]       0 [      0 ]       512 [        0 ] : preplace:sweep
       0 [      0 ]       0 [      0 ]       0 [      0 ]       0 [      0 ]     25774 [        0 ]         0 [        0 ]    0.00 [   0.00 ]       0 [      0 ]       0 [      0 ]       512 [        0 ] : preplace:lut_merge
       0 [      0 ]       0 [      0 ]       0 [      0 ]       0 [      0 ]     25774 [        0 ]         0 [        0 ]    0.00 [   0.00 ]       0 [      0 ]       0 [      0 ]       512 [        0 ] : preplace:hfn_opt
    1437 [   1437 ]       0 [      0 ]       0 [      0 ]    4325 [   4325 ]     27560 [     1786 ]   1681367 [  1681367 ]    0.00 [   0.00 ]       0 [      0 ]      12 [     12 ]       897 [      385 ] : step1_gp
    1437 [      0 ]       0 [      0 ]       0 [      0 ]    4344 [     19 ]     27560 [        0 ]   1685939 [     4572 ]    0.00 [   0.00 ]       0 [      0 ]      14 [      2 ]       902 [        5 ] : step1_legal
    1437 [      0 ]       0 [      0 ]       0 [      0 ]    4345 [      1 ]     27560 [        0 ]   1629109 [   -56830 ]    0.00 [   0.00 ]       0 [      0 ]      16 [      2 ]       905 [        3 ] : step1_dp
    1275 [   -162 ]       0 [      0 ]       0 [      0 ]    4712 [    367 ]     27560 [        0 ]   1385498 [  -243611 ]  185.39 [ 185.39 ]       0 [      0 ]      24 [      8 ]       990 [       85 ] : step2_gp
    1275 [      0 ]       0 [      0 ]       0 [      0 ]    4712 [      0 ]     27560 [        0 ]   1385796 [      298 ]  185.39 [   0.00 ]       0 [      0 ]      25 [      1 ]       991 [        1 ] : step2_dp
    1275 [      0 ]       0 [      0 ]       0 [      0 ]    4712 [      0 ]     27560 [        0 ]   1385796 [        0 ]  185.39 [   0.00 ]       0 [      0 ]      25 [      0 ]       991 [        0 ] : prepack_spreading
    1319 [     44 ]       0 [      0 ]       0 [      0 ]    4859 [    147 ]     27673 [      113 ]   1105051 [  -280745 ]  194.92 [   9.53 ]       0 [      0 ]      32 [      7 ]      1004 [       13 ] : prepack:hfn_opt
    1337 [     18 ]       0 [      0 ]       0 [      0 ]    4873 [     14 ]     27673 [        0 ]   1108641 [     3590 ]   88.53 [-106.39 ]       0 [      0 ]      37 [      5 ]      1004 [        0 ] : prepack:global_opt
    1047 [   -290 ]       0 [      0 ]       0 [      0 ]    5185 [    312 ]     14243 [   -13430 ]   1442644 [   334003 ]   88.53 [   0.00 ]       0 [      0 ]      63 [     26 ]      1123 [      119 ] : direct_legalization
    1047 [      0 ]       0 [      0 ]       0 [      0 ]    5185 [      0 ]     14243 [        0 ]   1442644 [        0 ]   88.53 [   0.00 ]       0 [      0 ]      63 [      0 ]      1124 [        1 ] : post_pack_spreading
    1402 [    355 ]       0 [      0 ]       0 [      0 ]    5355 [    170 ]     14243 [        0 ]   1259724 [  -182920 ]   77.21 [ -11.32 ]       0 [      0 ]      85 [     22 ]      1134 [       10 ] : post_pack_dp
    1402 [      0 ]       0 [      0 ]       0 [      0 ]    5355 [      0 ]     14230 [      -13 ]   1254718 [    -5006 ]   77.21 [   0.00 ]       0 [      0 ]      91 [      6 ]      1134 [        0 ] : postpack:optimize_equivalent_quick
    1402 [      0 ]       0 [      0 ]       0 [      0 ]    5354 [     -1 ]     14237 [        7 ]   1255958 [     1240 ]   77.21 [   0.00 ]       0 [      0 ]      92 [      1 ]      1134 [        0 ] : postpack:hfn_opt
    1611 [    209 ]       0 [      0 ]       0 [      0 ]    5355 [      1 ]     14242 [        5 ]   1259233 [     3275 ]   79.50 [   2.29 ]       0 [      0 ]      95 [      3 ]      1134 [        0 ] : postpack:path_opt
    1611 [      0 ]       0 [      0 ]       0 [      0 ]    5355 [      0 ]     14239 [       -3 ]   1258561 [     -672 ]   79.50 [   0.00 ]       0 [      0 ]     101 [      6 ]      1134 [        0 ] : postpack:optimize_equivalent
    1611 [      0 ]       0 [      0 ]       0 [      0 ]    5486 [    131 ]     14239 [        0 ]   1258561 [        0 ]   79.50 [   0.00 ]       0 [      0 ]     102 [      1 ]      1134 [        0 ] : postpack:pin_opt
    1611 [      0 ]       0 [      0 ]       0 [      0 ]    5474 [    -12 ]     14239 [        0 ]   1292147 [    33586 ]   79.50 [   0.00 ]       0 [      0 ]     115 [     13 ]      1135 [        1 ] : postpack:beeline_opt

RUN-1003 : finish command "place" in  122.426717s wall, 415.125000s user + 9.593750s system = 424.718750s CPU (346.9%)

RUN-1004 : used memory is 1135 MB, reserved memory is 1132 MB, peak memory is 1135 MB
RUN-1002 : start command "update_timing -mode manhattan"
RUN-1002 : start command "start_timer"
RUN-1003 : finish command "start_timer" in  1.770267s wall, 1.765625s user + 0.000000s system = 1.765625s CPU (99.7%)

RUN-1004 : used memory is 1135 MB, reserved memory is 1132 MB, peak memory is 1135 MB
RUN-1003 : finish command "update_timing -mode manhattan" in  3.161215s wall, 3.156250s user + 0.000000s system = 3.156250s CPU (99.8%)

RUN-1004 : used memory is 1135 MB, reserved memory is 1131 MB, peak memory is 1135 MB
RUN-1002 : start command "report_timing_summary -file camera_to_dsi_display_place.timing"
RUN-1002 : start command "report_area -io_info -file camera_to_dsi_display_phy.area"
SYN-4034 : The count of slices with lut is 6478.
SYN-4035 : The count of slices with lut+ripple is 2937.
RUN-1001 : standard
***Report Model: design_top_wrapper Device: PH1P35MDG324***

Design Statistics
#IO                        58   out of    160   36.25%
  #input                    2
  #output                  31
  #inout                   25
#lut6                    9823   out of  21216   46.30%
#reg                    13283
  #slice reg            13283   out of  42432   31.30%
  #pad reg                  0

Utilization Statistics
#slice                  12260   out of  21216   57.79%
  #used ram               408
    #dram lut             296
    #shifter lut          112
  #used logic           11852
    #with luts           6478
    #with adder          2937
    #reg only            2437
#f7mux                      0   out of  10608    0.00%
#f8mux                      0   out of   5304    0.00%
#eram                      40   out of    108   37.04%
  #eram20k                 40
  #fifo20k                  0
#dsp                        8   out of     40   20.00%
#ddr_byte                   6   out of     12   50.00%
#mipi_tx                    0   out of      2    0.00%
#mipi_rx                    1   out of      2   50.00%
#pad                       17   out of    160   10.62%
#pll                        3   out of      6   50.00%
#gclk                       9   out of     32   28.12%
#lclk                       0   out of     12    0.00%
#sclk                       0   out of     48    0.00%
#mlclk                      2   out of      6   33.33%
#ioclk                      4   out of     18   22.22%

RUN-1002 : start command "flow_status -file place_flow.status"
Location         : D:\2026fpga\lab_hd_1_mipi_hdmi\td_project\camera_to_dsi_display_Runs\phy_1
Running with     : Tang Dynasty v6.2.168116
                   Copyright (c) 2012-2025 Anlogic Inc.
Top Model        : design_top_wrapper
Device           : PH1P35MDG324
Speed            : 3

Timing Mode      : manhattan
Setup            : WNS  1611ps  TNS        0ps  NUM_FEPS     0
Hold             : WNS  -309ps  TNS   -81200ps  NUM_FEPS   590

Flow Statistics  :
RUN-1001 : Flow Statistics:
RUN-1001 : --------------------------------------------------------------------------------------------------
RUN-1001 :      command     |  #calls  |  wall time  |  cpu time(s)  |  used memory(mb)  |  peak memory(mb)  
RUN-1001 : --------------------------------------------------------------------------------------------------
RUN-1001 :       place      |    1     |  2m2s(98%)  |   424(99%)    |       1135        |       1135        
RUN-1001 :   import_device  |    1     |   2s(1%)    |     2(0%)     |        323        |        323        
RUN-1001 :     import_db    |    1     |   0s(0%)    |     0(0%)     |        511        |        511        
RUN-1001 : --------------------------------------------------------------------------------------------------
RUN-1001 :       total      |    3     |    2m4s     |      426      |       1135        |       1135        
RUN-1001 : --------------------------------------------------------------------------------------------------
RUN-1002 : start command "report_clock_utilization -file place_clock_utilization.txt"
RUN-1002 : start command "export_db camera_to_dsi_display_place.db"
RUN-1001 : Exported flow parameters
RUN-1001 : Exported /
RUN-1001 : Exported libs
RUN-1001 : Exported entities
RUN-1001 : Exported ports
RUN-1001 : Exported pins
RUN-1001 : Exported instances
RUN-1001 : Exported nets
RUN-1001 : Exported buses
RUN-1001 : Exported models
RUN-1001 : Exported phy database
RUN-1001 : Exported packer
RUN-1001 : Exported congestions
RUN-1001 : Exported violations
RUN-1001 : Exported ATMR Setting
RUN-1001 : Exported timing constraints
RUN-1001 : Exported IO constraints
RUN-1001 : Exported Inst constraints
RUN-1001 : Exported ChipWatcher
RUN-1002 : start command "commit_param -step route"
RUN-1001 : Print Global Property
RUN-1001 : -------------------------------------------------------------
RUN-1001 :     Parameters    |   Settings   |  Default Values  |  Note  
RUN-1001 : -------------------------------------------------------------
RUN-1001 :    enable_seed    |     off      |       off        |        
RUN-1001 :    hfn_to_clock   |  1000000000  |    1000000000    |        
RUN-1001 :      message      |   standard   |     standard     |        
RUN-1001 :    qor_monitor    |      on      |        on        |        
RUN-1001 :   speedup_effort  |      0       |        0         |        
RUN-1001 :    syn_ip_flow    |     off      |       off        |        
RUN-1001 :       thread      |     auto     |       auto       |        
RUN-1001 : -------------------------------------------------------------
RUN-1001 : Print Route Property
RUN-1001 : ---------------------------------------------------------------
RUN-1001 :       Parameters      |  Settings  |  Default Values  |  Note  
RUN-1001 : ---------------------------------------------------------------
RUN-1001 :         effort        |   normal   |      normal      |        
RUN-1001 :        fix_hold       |     on     |        on        |        
RUN-1001 :   hold_fix_iteration  |     5      |        5         |        
RUN-1001 :     post_route_opt    |    auto    |       auto       |        
RUN-1001 :         timing        |     on     |        on        |        
RUN-1001 : ---------------------------------------------------------------
RUN-1002 : start command "route"
RUN-1001 : Open license file F:/AnlogicFpga/TD_6.2.1_Engineer_6.2.168.116/license/Anlogic.lic
PHY-1001 : Reconnected 29 VDD pins with routing demanding
PHY-1001 : Populate physical database on model design_top_wrapper.
RUN-1001 : Dedicate pll clock connection statistics:
RUN-1001 : Clock Region s_1_l [0,40][23,79]; Utilization: 1 out of 12
RUN-1001 : ----------------------------------------------------------------------------------------------------------------------------------------------------------------------------------------------------------------------------------
RUN-1001 :   Index  |                                    Leading Clock                                     |                                                          Special Sink                                                           
RUN-1001 : ----------------------------------------------------------------------------------------------------------------------------------------------------------------------------------------------------------------------------------
RUN-1001 :     1    |  u_ph1p35_324_ddr_wrapper/u_ddr2/ph1p_ddrmc_wrapper/ph1p_ddrmc_top/u_alc_mc_top/clk  |  u_ph1p35_324_ddr_wrapper/u_ddr2/ph1p_ddrmc_wrapper/ph1p_ddrmc_top/u_ddr_phy/u_ddrphy_top/u_ddrphy_clk/u_pll1/u_pll_inst.fbclk  
RUN-1001 : ----------------------------------------------------------------------------------------------------------------------------------------------------------------------------------------------------------------------------------
RUN-1001 : Clock Region s_1_r [24,40][43,79]; Utilization: 1 out of 12
RUN-1001 : -----------------------------------------------------------------------------------------------------------------------------------------------------------------------
RUN-1001 :   Index  |                                     Leading Clock                                     |                            Special Sink                             
RUN-1001 : -----------------------------------------------------------------------------------------------------------------------------------------------------------------------
RUN-1001 :     1    |  u_mipi_dphy_rx_ph1p_mipiio_wrapper/u_ph1p_mipiio_rx_wrapper/u_lane0_hs_detect/I_clk  |  u_PLL/ph1p_phy_pll_wrapper_25a56e5ce2f9_Inst/u_PH1P_PHY_PLL.fbclk  
RUN-1001 : -----------------------------------------------------------------------------------------------------------------------------------------------------------------------
PHY-1001 : Working orders of clock nets being processed in bank assignment:
PHY-1001 : u_ph1p35_324_ddr_wrapper/u_ddr2/ph1p_ddrmc_wrapper/ph1p_ddrmc_top/u_alc_mc_top/clk;
PHY-1001 : u_mipi_dphy_rx_ph1p_mipiio_wrapper/u_ph1p_mipiio_rx_wrapper/u_lane0_hs_detect/I_clk;
PHY-1001 : u_isp_top/u_demosaic/raw_matrix_3x3_buffer_d/zhenghe_d/blk_mem_gen_zhenghe_d1/ram_d32970204f32_Inst/clkb;
PHY-1001 : u_hdmi_mixer/I_clk_syn_652;
PHY-1001 : I_sys_clk_syn_8;
PHY-1001 : O_cam_24m_syn_3;
PHY-1001 : u_hdmi_tx/u_hdmi2phy_wrapper/u0_lane_lvds_8_1/I_serial_clk_syn_1;
PHY-1001 : u_ph1p35_324_ddr_wrapper/u_ddr2/ph1p_ddrmc_wrapper/ph1p_ddrmc_top/u_ddr_phy/u_ddrphy_top/u_ddrphy/apb_pclk_syn_1;
PHY-1001 : u_uicfgcs500/uii2c_inst/scl_clk_syn_9;
PHY-1001 : Internal bound Intnl_0_0_25_40 is being created by clock MIPI_RX_BYTE_CLK through SCLK.
PHY-1001 : Internal bound Intnl_25_0_23_40 is being created by clock MIPI_RX_BYTE_CLK through SCLK.
PHY-1001 : Internal bound Intnl_0_40_25_40 is being created by clock u_ph1p35_324_ddr_wrapper/u_ddr2/usr_clk through SCLK.
PHY-1001 : Internal bound Intnl_25_40_19_40 is being created by clock MIPI_RX_BYTE_CLK through SCLK.
RUN-1001 : Clock region assignment statistics:
RUN-1001 : Clock Region s_0_l [0,0][23,39]; Utilization: 6 out of 12
RUN-1001 : ----------------------------------------------------------------------------------------------------------------------------------------------------------------------------------------------------------------------------------------------------------------------------------------------------------------------------------------
RUN-1001 :   Bank  |                                                   Leading Clock                                                    |       Type        |                                                                          Buffer                                                                           |  Regional Clock Fanouts  
RUN-1001 : ----------------------------------------------------------------------------------------------------------------------------------------------------------------------------------------------------------------------------------------------------------------------------------------------------------------------------------------
RUN-1001 :    1    |      u_isp_top/u_demosaic/raw_matrix_3x3_buffer_d/zhenghe_d/blk_mem_gen_zhenghe_d1/ram_d32970204f32_Inst/clkb      |  (infered sclk)   |                           u_mipi_dphy_rx_ph1p_mipiio_wrapper/u_ph1p_mipiio_rx_wrapper/bufg_feedback_auto_created_sclk_s_0_l_bk1                           |           1150           
RUN-1001 :    2    |                 u_ph1p35_324_ddr_wrapper/u_ddr2/ph1p_ddrmc_wrapper/ph1p_ddrmc_top/u_alc_mc_top/clk                 |  (infered sclk)   |   u_ph1p35_324_ddr_wrapper/u_ddr2/ph1p_ddrmc_wrapper/ph1p_ddrmc_top/u_ddr_phy/u_ddrphy_top/u_ddrphy_clk/u_pll1/u_bufg_fbclk_auto_created_sclk_s_0_l_bk2   |           803            
RUN-1001 :    3    |                                             u_hdmi_mixer/I_clk_syn_652                                             |  (infered sclk)   |                                              u_hdmi_mixer/I_clk_created_gclkinst_auto_created_sclk_s_0_l_bk3                                              |           187            
RUN-1001 :    4    |                                                  I_sys_clk_syn_8                                                   |  (infered sclk)   |                                               I_sys_clk_dup_6_created_gclkinst_auto_created_sclk_s_0_l_bk4                                                |            81            
RUN-1001 :    5    |  u_ph1p35_324_ddr_wrapper/u_ddr2/ph1p_ddrmc_wrapper/ph1p_ddrmc_top/u_ddr_phy/u_ddrphy_top/u_ddrphy/apb_pclk_syn_1  |  (infered sclk)   |  u_ph1p35_324_ddr_wrapper/u_ddr2/ph1p_ddrmc_wrapper/ph1p_ddrmc_top/u_ddr_phy/u_ddrphy_top/u_ddrphy/apb_pclk_created_gclkinst_auto_created_sclk_s_0_l_bk5  |            3             
RUN-1001 :    6    |                                                  O_cam_24m_syn_3                                                   |  (infered sclk)   |                                               O_cam_24m_dup_1_created_gclkinst_auto_created_sclk_s_0_l_bk6                                                |            1             
RUN-1001 : ----------------------------------------------------------------------------------------------------------------------------------------------------------------------------------------------------------------------------------------------------------------------------------------------------------------------------------------
RUN-1001 : Clock Region s_0_r [24,0][47,39]; Utilization: 5 out of 12
RUN-1001 : ------------------------------------------------------------------------------------------------------------------------------------------------------------------------------------------------------------------------------------------------------------------------------
RUN-1001 :   Bank  |                                               Leading Clock                                                |       Type        |                                                 Buffer                                                  |  Regional Clock Fanouts  
RUN-1001 : ------------------------------------------------------------------------------------------------------------------------------------------------------------------------------------------------------------------------------------------------------------------------------
RUN-1001 :    1    |  u_isp_top/u_demosaic/raw_matrix_3x3_buffer_d/zhenghe_d/blk_mem_gen_zhenghe_d1/ram_d32970204f32_Inst/clkb  |  (infered sclk)   |  u_mipi_dphy_rx_ph1p_mipiio_wrapper/u_ph1p_mipiio_rx_wrapper/bufg_feedback_auto_created_sclk_s_0_r_bk1  |           1720           
RUN-1001 :    2    |                                              O_cam_24m_syn_3                                               |  (infered sclk)   |                      O_cam_24m_dup_1_created_gclkinst_auto_created_sclk_s_0_r_bk2                       |            73            
RUN-1001 :    3    |                                   u_uicfgcs500/uii2c_inst/scl_clk_syn_9                                    |  (infered sclk)   |              u_uicfgcs500/uii2c_inst/scl_clk_created_gclkinst_auto_created_sclk_s_0_r_bk3               |            15            
RUN-1001 :    4    |                                         u_hdmi_mixer/I_clk_syn_652                                         |  (infered sclk)   |                     u_hdmi_mixer/I_clk_created_gclkinst_auto_created_sclk_s_0_r_bk4                     |            14            
RUN-1001 :    5    |            u_mipi_dphy_rx_ph1p_mipiio_wrapper/u_ph1p_mipiio_rx_wrapper/u_lane0_hs_detect/I_clk             |  (infered sclk)   |                             u_PLL/bufg_feedback_auto_created_sclk_s_0_r_bk5                             |            8             
RUN-1001 : ------------------------------------------------------------------------------------------------------------------------------------------------------------------------------------------------------------------------------------------------------------------------------
RUN-1001 : Clock Region s_1_l [0,40][23,79]; Utilization: 4 out of 12
RUN-1001 : ----------------------------------------------------------------------------------------------------------------------------------------------------------------------------------------------------------------------------------------------------------------------------------------------------------------------------------------
RUN-1001 :   Bank  |                                                   Leading Clock                                                    |       Type        |                                                                          Buffer                                                                           |  Regional Clock Fanouts  
RUN-1001 : ----------------------------------------------------------------------------------------------------------------------------------------------------------------------------------------------------------------------------------------------------------------------------------------------------------------------------------------
RUN-1001 :    1    |                 u_ph1p35_324_ddr_wrapper/u_ddr2/ph1p_ddrmc_wrapper/ph1p_ddrmc_top/u_alc_mc_top/clk                 |  (infered sclk)   |   u_ph1p35_324_ddr_wrapper/u_ddr2/ph1p_ddrmc_wrapper/ph1p_ddrmc_top/u_ddr_phy/u_ddrphy_top/u_ddrphy_clk/u_pll1/u_bufg_fbclk_auto_created_sclk_s_1_l_bk1   |           1390           
RUN-1001 :    2    |      u_isp_top/u_demosaic/raw_matrix_3x3_buffer_d/zhenghe_d/blk_mem_gen_zhenghe_d1/ram_d32970204f32_Inst/clkb      |  (infered sclk)   |                           u_mipi_dphy_rx_ph1p_mipiio_wrapper/u_ph1p_mipiio_rx_wrapper/bufg_feedback_auto_created_sclk_s_1_l_bk2                           |           772            
RUN-1001 :    3    |                                             u_hdmi_mixer/I_clk_syn_652                                             |  (infered sclk)   |                                              u_hdmi_mixer/I_clk_created_gclkinst_auto_created_sclk_s_1_l_bk3                                              |           458            
RUN-1001 :    4    |  u_ph1p35_324_ddr_wrapper/u_ddr2/ph1p_ddrmc_wrapper/ph1p_ddrmc_top/u_ddr_phy/u_ddrphy_top/u_ddrphy/apb_pclk_syn_1  |  (infered sclk)   |  u_ph1p35_324_ddr_wrapper/u_ddr2/ph1p_ddrmc_wrapper/ph1p_ddrmc_top/u_ddr_phy/u_ddrphy_top/u_ddrphy/apb_pclk_created_gclkinst_auto_created_sclk_s_1_l_bk4  |            25            
RUN-1001 : ----------------------------------------------------------------------------------------------------------------------------------------------------------------------------------------------------------------------------------------------------------------------------------------------------------------------------------------
RUN-1001 : Clock Region s_1_r [24,40][43,79]; Utilization: 4 out of 12
RUN-1001 : --------------------------------------------------------------------------------------------------------------------------------------------------------------------------------------------------------------------------------------------------------------------------------
RUN-1001 :   Bank  |                                               Leading Clock                                                |       Type        |                                                  Buffer                                                   |  Regional Clock Fanouts  
RUN-1001 : --------------------------------------------------------------------------------------------------------------------------------------------------------------------------------------------------------------------------------------------------------------------------------
RUN-1001 :    1    |            u_mipi_dphy_rx_ph1p_mipiio_wrapper/u_ph1p_mipiio_rx_wrapper/u_lane0_hs_detect/I_clk             |  (infered sclk)   |                              u_PLL/bufg_feedback_auto_created_sclk_s_1_r_bk1                              |            1             
RUN-1001 :    2    |  u_isp_top/u_demosaic/raw_matrix_3x3_buffer_d/zhenghe_d/blk_mem_gen_zhenghe_d1/ram_d32970204f32_Inst/clkb  |  (infered sclk)   |   u_mipi_dphy_rx_ph1p_mipiio_wrapper/u_ph1p_mipiio_rx_wrapper/bufg_feedback_auto_created_sclk_s_1_r_bk2   |           1069           
RUN-1001 :    3    |                                         u_hdmi_mixer/I_clk_syn_652                                         |  (infered sclk)   |                      u_hdmi_mixer/I_clk_created_gclkinst_auto_created_sclk_s_1_r_bk3                      |           244            
RUN-1001 :    4    |                      u_hdmi_tx/u_hdmi2phy_wrapper/u0_lane_lvds_8_1/I_serial_clk_syn_1                      |  (infered sclk)   |  u_hdmi_tx/u_hdmi2phy_wrapper/u0_lane_lvds_8_1/I_serial_clk_created_gclkinst_auto_created_sclk_s_1_r_bk4  |            39            
RUN-1001 : --------------------------------------------------------------------------------------------------------------------------------------------------------------------------------------------------------------------------------------------------------------------------------
PHY-1001 : Populate physical database on model design_top_wrapper.
PHY-1001 : Route runs in 32 thread(s)
RUN-1001 : There are total 12731 instances
RUN-1001 : 408 mslices, 11852 lslices, 54 pads, 40 brams, 8 dsps
RUN-1001 : There are total 29987 nets
RUN-1001 : 19181 nets have 2 pins
RUN-1001 : 8486 nets have [3 - 5] pins
RUN-1001 : 1591 nets have [6 - 10] pins
RUN-1001 : 491 nets have [11 - 20] pins
RUN-1001 : 219 nets have [21 - 99] pins
RUN-1001 : 19 nets have 100+ pins
RUN-1002 : start command "start_timer"
RUN-1003 : finish command "start_timer" in  3.065075s wall, 3.062500s user + 0.000000s system = 3.062500s CPU (99.9%)

RUN-1004 : used memory is 1154 MB, reserved memory is 1252 MB, peak memory is 1154 MB
PHY-1001 : 408 mslices, 11852 lslices, 54 pads, 40 brams, 8 dsps

PHY-1001 : Stage 1 | Global Routing
PHY-1001 : Start global routing, caller is route ...
RUN-1001 : Generating global routing grids ...
PHY-1001 : Generate routing nets ...
RUN-1001 : Generate nets statistics:
RUN-1001 : ----------------------------
RUN-1001 :        Type       |  Nets   
RUN-1001 : ----------------------------
RUN-1001 :   TotalRouteNets  |  21002  
RUN-1001 :   DontRouteNets   |  4304   
RUN-1001 :     RouteNets     |  16698  
RUN-1001 :     RouteSinks    |  30718  
RUN-1001 : ----------------------------
PHY-1001 : Global iterations in 32 thread ...
PHY-1002 : len = 1.39648e+06, over cnt = 1777(2%), over = 4099, worst = 9
PHY-1002 : len = 1.45243e+06, over cnt = 1119(1%), over = 2017, worst = 9
PHY-1002 : len = 1.49312e+06, over cnt = 354(0%), over = 633, worst = 9
PHY-1002 : len = 1.51258e+06, over cnt = 0(0%), over = 0, worst = 0
PHY-1001 : End global iterations;  1.707012s wall, 2.437500s user + 0.234375s system = 2.671875s CPU (156.5%)

PHY-1001 : Congestion index:
PHY-1001 : top1  = 77.18(S 66.11, N 58.76, E 62.12, W 74.26, I 69.05, O 78.62)
PHY-1001 : top5  = 64.48(S 54.73, N 48.38, E 47.03, W 55.69, I 51.50, O 59.26)
PHY-1001 : top10 = 58.35(S 47.59, N 41.66, E 40.42, W 47.46, I 44.59, O 52.82)
PHY-1001 : top15 = 54.32(S 42.89, N 37.10, E 36.24, W 42.40, I 40.17, O 48.52)
PHY-1001 : End global routing;  2.104392s wall, 2.828125s user + 0.234375s system = 3.062500s CPU (145.5%)

PHY-1001 : End Stage 1 | Global Routing; Time: 2.104457s wall, 2.828125s user + 0.234375s system = 3.062500s CPU (145.5%); Memory(MB): used = 1178, reserved = 1252, peak = 1178;

PHY-1001 : Stage 2 | Detail Routing
PHY-1001 : Stage 2.1 | Build Routing Design
PHY-1001 : Routing in high effort: false
PHY-1001 : Routing Mode: normal
PHY-1001 : Generate detailed routing grids ...
RUN-1001 : Constructing routing connections ...
PHY-1001 : End build routing graph; 3.355535s wall, 24.421875s user + 0.187500s system = 24.609375s CPU (733.4%)

PHY-1001 : Generate nets ...
RUN-1001 : Generate nets statistics:
RUN-1001 : ------------------------------
RUN-1001 :         Type        |  Nets   
RUN-1001 : ------------------------------
RUN-1001 :        Route        |  21273  
RUN-1001 :      DontRoute      |  8714   
RUN-1001 :      RouteSinks     |  63123  
RUN-1001 :   RouteEntitySinks  |    0    
RUN-1001 :       Lut2Dff       |    0    
RUN-1001 :       Ram2Dff       |    0    
RUN-1001 :      Carry2Dff      |    0    
RUN-1001 : ------------------------------
RUN-1001 : DR clock net summary:
RUN-1001 : ---------------------------------------------------------------------------------------------------------------------------------------------------
RUN-1001 :   Net Idx  |                                                        Net Name                                                        |  Clock Type  
RUN-1001 : ---------------------------------------------------------------------------------------------------------------------------------------------------
RUN-1001 :      1     |                                                    I_sys_clk_dup_6                                                     |    Normal    
RUN-1001 :      2     |                                                    I_sys_clk_syn_8                                                     |    Normal    
RUN-1001 :      3     |                                                    O_cam_24m_dup_1                                                     |    Normal    
RUN-1001 :      4     |                                                    O_cam_24m_syn_3                                                     |    Normal    
RUN-1001 :      5     |                                                     u_PLL/clk0_buf                                                     |    Normal    
RUN-1001 :      6     |                                                   u_hdmi_mixer/I_clk                                                   |    Normal    
RUN-1001 :      7     |                                               u_hdmi_mixer/I_clk_syn_652                                               |    Normal    
RUN-1001 :      8     |                               u_hdmi_tx/u_hdmi2phy_wrapper/u0_lane_lvds_8_1/I_serial_clk                               |    Normal    
RUN-1001 :      9     |                            u_hdmi_tx/u_hdmi2phy_wrapper/u0_lane_lvds_8_1/I_serial_clk_syn_1                            |    Normal    
RUN-1001 :     10     |        u_isp_top/u_demosaic/raw_matrix_3x3_buffer_d/zhenghe_d/blk_mem_gen_zhenghe_d1/ram_d32970204f32_Inst/clkb        |    Normal    
RUN-1001 :     11     |                     u_mipi_dphy_rx_ph1p_mipiio_wrapper/u_ph1p_mipiio_rx_wrapper/S_mipiio_hs_rx_clk                     |    Normal    
RUN-1001 :     12     |                  u_mipi_dphy_rx_ph1p_mipiio_wrapper/u_ph1p_mipiio_rx_wrapper/u_lane0_hs_detect/I_clk                   |    Normal    
RUN-1001 :     13     |                   u_ph1p35_324_ddr_wrapper/u_ddr2/ph1p_ddrmc_wrapper/ph1p_ddrmc_top/u_alc_mc_top/clk                   |    Normal    
RUN-1001 :     14     |       u_ph1p35_324_ddr_wrapper/u_ddr2/ph1p_ddrmc_wrapper/ph1p_ddrmc_top/u_ddr_phy/u_ddrphy_top/u_ddrphy/apb_pclk       |    Normal    
RUN-1001 :     15     |    u_ph1p35_324_ddr_wrapper/u_ddr2/ph1p_ddrmc_wrapper/ph1p_ddrmc_top/u_ddr_phy/u_ddrphy_top/u_ddrphy/apb_pclk_syn_1    |    Normal    
RUN-1001 :     16     |      u_ph1p35_324_ddr_wrapper/u_ddr2/ph1p_ddrmc_wrapper/ph1p_ddrmc_top/u_ddr_phy/u_ddrphy_top/u_ddrphy/ctl_clk[0]      |    Normal    
RUN-1001 :     17     |      u_ph1p35_324_ddr_wrapper/u_ddr2/ph1p_ddrmc_wrapper/ph1p_ddrmc_top/u_ddr_phy/u_ddrphy_top/u_ddrphy/ctl_clk[1]      |    Normal    
RUN-1001 :     18     |      u_ph1p35_324_ddr_wrapper/u_ddr2/ph1p_ddrmc_wrapper/ph1p_ddrmc_top/u_ddr_phy/u_ddrphy_top/u_ddrphy/ddr_clk[0]      |    Normal    
RUN-1001 :     19     |      u_ph1p35_324_ddr_wrapper/u_ddr2/ph1p_ddrmc_wrapper/ph1p_ddrmc_top/u_ddr_phy/u_ddrphy_top/u_ddrphy/ddr_clk[1]      |    Normal    
RUN-1001 :     20     |    u_ph1p35_324_ddr_wrapper/u_ddr2/ph1p_ddrmc_wrapper/ph1p_ddrmc_top/u_ddr_phy/u_ddrphy_top/u_ddrphy_clk/pll0_clk_1    |    Normal    
RUN-1001 :     21     |    u_ph1p35_324_ddr_wrapper/u_ddr2/ph1p_ddrmc_wrapper/ph1p_ddrmc_top/u_ddr_phy/u_ddrphy_top/u_ddrphy_clk/pll0_clk_2    |    Normal    
RUN-1001 :     22     |   u_ph1p35_324_ddr_wrapper/u_ddr2/ph1p_ddrmc_wrapper/ph1p_ddrmc_top/u_ddr_phy/u_ddrphy_top/u_ddrphy_clk/pll0_mlclk_1   |    Normal    
RUN-1001 :     23     |   u_ph1p35_324_ddr_wrapper/u_ddr2/ph1p_ddrmc_wrapper/ph1p_ddrmc_top/u_ddr_phy/u_ddrphy_top/u_ddrphy_clk/pll0_mlclk_2   |    Normal    
RUN-1001 :     24     |  u_ph1p35_324_ddr_wrapper/u_ddr2/ph1p_ddrmc_wrapper/ph1p_ddrmc_top/u_ddr_phy/u_ddrphy_top/u_ddrphy_clk/u_pll1/clkc[0]  |    Normal    
RUN-1001 :     25     |  u_ph1p35_324_ddr_wrapper/u_ddr2/ph1p_ddrmc_wrapper/ph1p_ddrmc_top/u_ddr_phy/u_ddrphy_top/u_ddrphy_clk/u_pll1/refclk   |    Normal    
RUN-1001 :     26     |                                            u_uicfgcs500/uii2c_inst/scl_clk                                             |    Normal    
RUN-1001 :     27     |                                         u_uicfgcs500/uii2c_inst/scl_clk_syn_9                                          |    Normal    
RUN-1001 : ---------------------------------------------------------------------------------------------------------------------------------------------------
RUN-1001 : DR clock buffer summary:
RUN-1001 : -------------------------------------------------------------------------------------------------------------------------------------------------------------------
RUN-1001 :   Idx  |                                                                           Name                                                                            
RUN-1001 : -------------------------------------------------------------------------------------------------------------------------------------------------------------------
RUN-1001 :    1   |                           u_mipi_dphy_rx_ph1p_mipiio_wrapper/u_ph1p_mipiio_rx_wrapper/bufg_feedback_auto_created_sclk_s_0_l_bk1                           
RUN-1001 :    2   |   u_ph1p35_324_ddr_wrapper/u_ddr2/ph1p_ddrmc_wrapper/ph1p_ddrmc_top/u_ddr_phy/u_ddrphy_top/u_ddrphy_clk/u_pll1/u_bufg_fbclk_auto_created_sclk_s_0_l_bk2   
RUN-1001 :    3   |                                              u_hdmi_mixer/I_clk_created_gclkinst_auto_created_sclk_s_0_l_bk3                                              
RUN-1001 :    4   |                                               I_sys_clk_dup_6_created_gclkinst_auto_created_sclk_s_0_l_bk4                                                
RUN-1001 :    5   |  u_ph1p35_324_ddr_wrapper/u_ddr2/ph1p_ddrmc_wrapper/ph1p_ddrmc_top/u_ddr_phy/u_ddrphy_top/u_ddrphy/apb_pclk_created_gclkinst_auto_created_sclk_s_0_l_bk5  
RUN-1001 :    6   |                                               O_cam_24m_dup_1_created_gclkinst_auto_created_sclk_s_0_l_bk6                                                
RUN-1001 :    7   |                           u_mipi_dphy_rx_ph1p_mipiio_wrapper/u_ph1p_mipiio_rx_wrapper/bufg_feedback_auto_created_sclk_s_0_r_bk1                           
RUN-1001 :    8   |                                               O_cam_24m_dup_1_created_gclkinst_auto_created_sclk_s_0_r_bk2                                                
RUN-1001 :    9   |                                       u_uicfgcs500/uii2c_inst/scl_clk_created_gclkinst_auto_created_sclk_s_0_r_bk3                                        
RUN-1001 :   10   |                                              u_hdmi_mixer/I_clk_created_gclkinst_auto_created_sclk_s_0_r_bk4                                              
RUN-1001 :   11   |                                                      u_PLL/bufg_feedback_auto_created_sclk_s_0_r_bk5                                                      
RUN-1001 :   12   |   u_ph1p35_324_ddr_wrapper/u_ddr2/ph1p_ddrmc_wrapper/ph1p_ddrmc_top/u_ddr_phy/u_ddrphy_top/u_ddrphy_clk/u_pll1/u_bufg_fbclk_auto_created_sclk_s_1_l_bk1   
RUN-1001 :   13   |                           u_mipi_dphy_rx_ph1p_mipiio_wrapper/u_ph1p_mipiio_rx_wrapper/bufg_feedback_auto_created_sclk_s_1_l_bk2                           
RUN-1001 :   14   |                                              u_hdmi_mixer/I_clk_created_gclkinst_auto_created_sclk_s_1_l_bk3                                              
RUN-1001 :   15   |  u_ph1p35_324_ddr_wrapper/u_ddr2/ph1p_ddrmc_wrapper/ph1p_ddrmc_top/u_ddr_phy/u_ddrphy_top/u_ddrphy/apb_pclk_created_gclkinst_auto_created_sclk_s_1_l_bk4  
RUN-1001 :   16   |                                                      u_PLL/bufg_feedback_auto_created_sclk_s_1_r_bk1                                                      
RUN-1001 :   17   |                           u_mipi_dphy_rx_ph1p_mipiio_wrapper/u_ph1p_mipiio_rx_wrapper/bufg_feedback_auto_created_sclk_s_1_r_bk2                           
RUN-1001 :   18   |                                              u_hdmi_mixer/I_clk_created_gclkinst_auto_created_sclk_s_1_r_bk3                                              
RUN-1001 :   19   |                          u_hdmi_tx/u_hdmi2phy_wrapper/u0_lane_lvds_8_1/I_serial_clk_created_gclkinst_auto_created_sclk_s_1_r_bk4                          
RUN-1001 : -------------------------------------------------------------------------------------------------------------------------------------------------------------------
PHY-1001 : End Stage 2.1 | Build Routing Design; Time: 3.877378s wall, 24.937500s user + 0.187500s system = 25.125000s CPU (648.0%); Memory(MB): used = 1496, reserved = 1491, peak = 1496;

RUN-1001 : Top Percentage Crit. Net Stat.
RUN-1001 : -------------------------------------------------------
RUN-1001 :   Top %  |  Net Count  |  Avg. Fanout  |  Avg. Slack   
RUN-1001 : -------------------------------------------------------
RUN-1001 :     1    |     299     |   2.294314    |  3323.424749  
RUN-1001 :     2    |     599     |   2.782972    |  4091.515860  
RUN-1001 :     3    |     899     |   2.718576    |  4432.110122  
RUN-1001 :     4    |    1199     |   2.812344    |  4644.312761  
RUN-1001 :     5    |    1499     |   2.671114    |  4795.437625  
RUN-1001 :     6    |    1799     |   2.589772    |  4912.037799  
RUN-1001 :     7    |    2099     |   2.564555    |  5008.735112  
RUN-1001 :     8    |    2398     |   2.603420    |  5092.339450  
RUN-1001 :     9    |    2698     |   2.584507    |  5166.223499  
RUN-1001 :    10    |    2998     |   2.529019    |  5233.614410  
RUN-1001 : -------------------------------------------------------
PHY-1001 : Stage 2.2 | Tile Base Routing
PHY-1001 : 168 nets need to preroute.
PHY-1001 : len = 0, over cnt = 0(0%), over = 0, worst = 0, crit = 0
PHY-1001 : End Stage 2.2 | Tile Base Routing; Time: 0.276111s wall, 6.375000s user + 0.015625s system = 6.390625s CPU (2314.5%); Memory(MB): used = 1503, reserved = 1498, peak = 1503;

PHY-1001 : Stage 2.3 | Clock Nets Routing
PHY-1001 : Routed 0% nets.
PHY-1001 : len = 376640, over cnt = 0(0%), over = 0, worst = 0, crit = 0
PHY-1001 : End Stage 2.3 | Clock Nets Routing; Time: 1.427708s wall, 1.390625s user + 0.000000s system = 1.390625s CPU (97.4%); Memory(MB): used = 1543, reserved = 1538, peak = 1543;

PHY-1001 : Stage 2.4 | Routing Initialization
PHY-1001 : Mark 1% net(place mode slack < 4603ps) as critical nets.
PHY-1001 : Stage 2.4.1 | Normal Nets Routing
PHY-1001 : Routed 67% nets.
PHY-1001 : len = 2.42126e+06, over cnt = 11929(0%), over = 12721, worst = 5, crit = 0
PHY-1001 : End Stage 2.4.1 | Normal Nets Routing; Time: 7.410608s wall, 17.750000s user + 0.281250s system = 18.031250s CPU (243.3%); Memory(MB): used = 1579, reserved = 1574, peak = 1579;

PHY-1001 : Stage 2.4.2 | Update Timing
RUN-1002 : start command "start_timer"
USR-1002 : Derived clock:  create_generated_clock -name {u_PLL/ph1p_phy_pll_wrapper_25a56e5ce2f9_Inst/u_PH1P_PHY_PLL.clkc[0]} -source [get_ports {I_sys_clk}] -master_clock {sys_clk_50m} -multiply_by 2.0000 -duty_cycle 50.0000 [get_pins {u_PLL/ph1p_phy_pll_wrapper_25a56e5ce2f9_Inst/u_PH1P_PHY_PLL.clkc[0]}]
USR-1002 : Derived clock:  create_generated_clock -name {u_PLL/ph1p_phy_pll_wrapper_25a56e5ce2f9_Inst/u_PH1P_PHY_PLL.clkc[1]} -source [get_ports {I_sys_clk}] -master_clock {sys_clk_50m} -divide_by 2.1000 -duty_cycle 50.0000 [get_pins {u_PLL/ph1p_phy_pll_wrapper_25a56e5ce2f9_Inst/u_PH1P_PHY_PLL.clkc[1]}]
USR-1002 : Derived clock:  create_generated_clock -name {u_PLL/ph1p_phy_pll_wrapper_25a56e5ce2f9_Inst/u_PH1P_PHY_PLL.clkc[4]} -source [get_ports {I_sys_clk}] -master_clock {sys_clk_50m} -multiply_by 1.5000 -duty_cycle 50.0000 [get_pins {u_PLL/ph1p_phy_pll_wrapper_25a56e5ce2f9_Inst/u_PH1P_PHY_PLL.clkc[4]}]
USR-1002 : Derived clock:  create_generated_clock -name {u_PLL/ph1p_phy_pll_wrapper_25a56e5ce2f9_Inst/u_PH1P_PHY_PLL.clkc[5]} -source [get_ports {I_sys_clk}] -master_clock {sys_clk_50m} -multiply_by 7.5000 -duty_cycle 50.0000 [get_pins {u_PLL/ph1p_phy_pll_wrapper_25a56e5ce2f9_Inst/u_PH1P_PHY_PLL.clkc[5]}]
USR-1002 : Derived clock:  create_generated_clock -name {u_ph1p35_324_ddr_wrapper/u_ddr2/ph1p_ddrmc_wrapper/ph1p_ddrmc_top/u_ddr_phy/u_ddrphy_top/u_ddrphy_clk/u_pll0/u_pll_inst.clkc[0]} -source [get_ports {I_sys_clk}] -master_clock {sys_clk_50m} -multiply_by 1.3333 -duty_cycle 50.0000 [get_pins {u_ph1p35_324_ddr_wrapper/u_ddr2/ph1p_ddrmc_wrapper/ph1p_ddrmc_top/u_ddr_phy/u_ddrphy_top/u_ddrphy_clk/u_pll0/u_pll_inst.clkc[0]}]
USR-1002 : Derived clock:  create_generated_clock -name {u_ph1p35_324_ddr_wrapper/u_ddr2/ph1p_ddrmc_wrapper/ph1p_ddrmc_top/u_ddr_phy/u_ddrphy_top/u_ddrphy_clk/u_pll0/u_pll_inst.clkc[1]} -source [get_ports {I_sys_clk}] -master_clock {sys_clk_50m} -multiply_by 1.3333 -duty_cycle 50.0000 [get_pins {u_ph1p35_324_ddr_wrapper/u_ddr2/ph1p_ddrmc_wrapper/ph1p_ddrmc_top/u_ddr_phy/u_ddrphy_top/u_ddrphy_clk/u_pll0/u_pll_inst.clkc[1]}]
USR-1002 : Derived clock:  create_generated_clock -name {u_ph1p35_324_ddr_wrapper/u_ddr2/ph1p_ddrmc_wrapper/ph1p_ddrmc_top/u_ddr_phy/u_ddrphy_top/u_ddrphy_clk/u_pll0/u_pll_inst.clkc[2]} -source [get_ports {I_sys_clk}] -master_clock {sys_clk_50m} -multiply_by 5.3333 -duty_cycle 50.0000 [get_pins {u_ph1p35_324_ddr_wrapper/u_ddr2/ph1p_ddrmc_wrapper/ph1p_ddrmc_top/u_ddr_phy/u_ddrphy_top/u_ddrphy_clk/u_pll0/u_pll_inst.clkc[2]}]
USR-1002 : Derived clock:  create_generated_clock -name {u_ph1p35_324_ddr_wrapper/u_ddr2/ph1p_ddrmc_wrapper/ph1p_ddrmc_top/u_ddr_phy/u_ddrphy_top/u_ddrphy_clk/u_pll0/u_pll_inst.clkc[3]} -source [get_ports {I_sys_clk}] -master_clock {sys_clk_50m} -divide_by 1.9687 -duty_cycle 50.0000 [get_pins {u_ph1p35_324_ddr_wrapper/u_ddr2/ph1p_ddrmc_wrapper/ph1p_ddrmc_top/u_ddr_phy/u_ddrphy_top/u_ddrphy_clk/u_pll0/u_pll_inst.clkc[3]}]
USR-1002 : Derived clock:  create_generated_clock -name {u_ph1p35_324_ddr_wrapper/u_ddr2/ph1p_ddrmc_wrapper/ph1p_ddrmc_top/u_ddr_phy/u_ddrphy_top/u_ddrphy_clk/u_pll1/u_pll_inst.clkc[0]} -source [get_pins {u_ph1p35_324_ddr_wrapper/u_ddr2/ph1p_ddrmc_wrapper/ph1p_ddrmc_top/u_ddr_phy/u_ddrphy_top/u_ddrphy_clk/u_pll0/u_pll_inst.clkc[0]}] -master_clock {u_ph1p35_324_ddr_wrapper/u_ddr2/ph1p_ddrmc_wrapper/ph1p_ddrmc_top/u_ddr_phy/u_ddrphy_top/u_ddrphy_clk/u_pll0/u_pll_inst.clkc[0]} -multiply_by 1.0000 -duty_cycle 50.0000 [get_pins {u_ph1p35_324_ddr_wrapper/u_ddr2/ph1p_ddrmc_wrapper/ph1p_ddrmc_top/u_ddr_phy/u_ddrphy_top/u_ddrphy_clk/u_pll1/u_pll_inst.clkc[0]}]
8.888000
15.000000
15.000000
13.333000
RUN-1003 : finish command "start_timer" in  2.011599s wall, 2.000000s user + 0.000000s system = 2.000000s CPU (99.4%)

RUN-1004 : used memory is 1579 MB, reserved memory is 1574 MB, peak memory is 1579 MB
TMR-2502 : Net delay update with mode: Routed
PHY-1001 : 0/21002(0%) critical/total net(s).
PHY-1001 : Setup: WNS(ns) = 1.194, TNS(ns) = 0.000, FEP = 0 | Hold: WNS(ns) = -0.190, TNS(ns) = -10.512, FEP = 255.
PHY-1001 : End Stage 2.4.2 | Update Timing; Time: 6.046150s wall, 5.968750s user + 0.046875s system = 6.015625s CPU (99.5%); Memory(MB): used = 1682, reserved = 1678, peak = 1682;

PHY-1001 : Stage 2.4.3 | Deskew Clock Tree
RUN-1001 : Deskew Summary
RUN-1001 : ---------------------------------------------------------------------------------------------------------------------------------
RUN-1001 :                                                 Clock                                                 |  Pre-Skew  |  Post-Skew  
RUN-1001 : ---------------------------------------------------------------------------------------------------------------------------------
RUN-1001 :                                             mipi_rx_ck_pad                                            |     32     |     32      
RUN-1001 :   u_mipi_dphy_rx_ph1p_mipiio_wrapper/u_ph1p_mipiio_rx_wrapper/u_PH1P_LOGIC_DPHY_MIPI_RX.io_clk_pad_p  |     32     |     32      
RUN-1001 :                                            MIPI_RX_BYTE_CLK                                           |     32     |     32      
RUN-1001 :                                              pll_clk_100m                                             |     20     |     20      
RUN-1001 :                                             HDMI_PIXEL_CLK                                            |     15     |     15      
RUN-1001 :                                u_ph1p35_324_ddr_wrapper/u_ddr2/usr_clk                                |     12     |     12      
RUN-1001 :                                u_ph1p35_324_ddr_wrapper/u_ddr2/mcu_clk                                |     13     |     13      
RUN-1001 :                                              pll_clk_24m                                              |     4      |      4      
RUN-1001 : ---------------------------------------------------------------------------------------------------------------------------------
PHY-1001 : 0/21002(0%) critical/total net(s).
PHY-1001 : Setup: WNS(ns) = 1.194, TNS(ns) = 0.000, FEP = 0 | Hold: WNS(ns) = -0.190, TNS(ns) = -10.512, FEP = 255.
PHY-1001 : End Stage 2.4.3 | Deskew Clock Tree; Time: 4.103529s wall, 4.078125s user + 0.031250s system = 4.109375s CPU (100.1%); Memory(MB): used = 1713, reserved = 1708, peak = 1713;

PHY-1001 : End Stage 2.4 | Routing Initialization; Time: 17.658255s wall, 27.890625s user + 0.359375s system = 28.250000s CPU (160.0%); Memory(MB): used = 1713, reserved = 1708, peak = 1713;

PHY-1001 : Stage 2.5 | Routing Optimization
PHY-1001 : Build lut bridge;  0.174544s wall, 0.125000s user + 0.062500s system = 0.187500s CPU (107.4%)

PHY-1001 : Stage 2.5.1 | Phase 1
PHY-1001 : Stage 2.5.1.1 | Hold TimeOptimization
PHY-1001 : Iter 0; Processed 337 pins with HWNS -0.190ns HTNS -5.714ns FEP 136 took 0.731518 seconds.
PHY-1001 : Iter 1; Processed 476 pins with HWNS 0.020ns HTNS 0.000ns FEP 0 took 1.43034 seconds.
PHY-1001 : len = 2.4552e+06, over cnt = 11829(0%), over = 12622, worst = 5, crit = 0
PHY-1001 : End Stage 2.5.1.1 | Hold TimeOptimization; Time: 2.250700s wall, 2.250000s user + 0.000000s system = 2.250000s CPU (100.0%); Memory(MB): used = 1716, reserved = 1712, peak = 1716;

PHY-1001 : Stage 2.5.1.2 | High Fanout Nets Optimization
PHY-1001 : High fanout net optimize summary:
PHY-1001 : Process 0 nets and 0 pins with SWNS 1.194ns STNS 0.000ns FEP 0.
PHY-1001 : len = 2.4552e+06, over cnt = 11829(0%), over = 12622, worst = 5, crit = 0
PHY-1001 : End Stage 2.5.1.2 | High Fanout Nets Optimization; Time: 0.225404s wall, 0.515625s user + 0.000000s system = 0.515625s CPU (228.8%); Memory(MB): used = 1716, reserved = 1712, peak = 1716;

PHY-1001 : Stage 2.5.1.3 | Setup TimeOptimization
PHY-1001 : len = 2.4552e+06, over cnt = 11829(0%), over = 12622, worst = 5, crit = 0
PHY-1001 : End Stage 2.5.1.3 | Setup TimeOptimization; Time: 0.227045s wall, 0.218750s user + 0.000000s system = 0.218750s CPU (96.3%); Memory(MB): used = 1716, reserved = 1712, peak = 1716;

PHY-1001 : Stage 2.5.1.4 | Rip-up And ReRoute
PHY-0007 : Congestion: {78.22, 68.37, 63.06, 59.45}; Timing: {1.194ns, 0.000ns, 0}
PHY-1001 : Iter 1: len = 2.53843e+06, over cnt = 5656(0%), over = 5887, worst = 3, crit = 0, time(s) = 5.46
PHY-1001 : Iter 2: len = 2.56614e+06, over cnt = 3307(0%), over = 3358, worst = 3, crit = 0, time(s) = 2.46
PHY-1001 : Iter 3: len = 2.57203e+06, over cnt = 2556(0%), over = 2579, worst = 3, crit = 0, time(s) = 1.79
PHY-1001 : Iter 4: len = 2.61118e+06, over cnt = 1122(0%), over = 1123, worst = 2, crit = 0, time(s) = 2.39
PHY-1001 : Iter 5: len = 2.6173e+06, over cnt = 891(0%), over = 891, worst = 1, crit = 0, time(s) = 0.93
PHY-1001 : Iter 6: len = 2.61958e+06, over cnt = 781(0%), over = 781, worst = 1, crit = 0, time(s) = 0.77
PHY-1001 : Iter 7: len = 2.62051e+06, over cnt = 731(0%), over = 731, worst = 1, crit = 0, time(s) = 0.62
PHY-1001 : Marking 12 (0.31%) hot zones with cutoff utilization 81.25.
PHY-1001 : Iter 8: len = 2.65174e+06, over cnt = 179(0%), over = 179, worst = 1, crit = 0, time(s) = 0.82
PHY-1001 : Iter 9: len = 2.65824e+06, over cnt = 52(0%), over = 52, worst = 1, crit = 0, time(s) = 0.19
PHY-1001 : Iter 10: len = 2.6616e+06, over cnt = 9(0%), over = 9, worst = 1, crit = 0, time(s) = 0.08
PHY-1001 : Iter 11: len = 2.6623e+06, over cnt = 1(0%), over = 1, worst = 1, crit = 0, time(s) = 0.06
PHY-1001 : Iter 12: len = 2.6623e+06, over cnt = 0(0%), over = 0, worst = 0, crit = 0, time(s) = 0.05
PHY-1001 : Marking 12 (0.31%) hot zones with cutoff utilization 81.25.
PHY-1001 : Update congestion ...
PHY-1001 : Marking 12 (0.31%) hot zones with cutoff utilization 81.25.
PHY-1001 : Congestion index:
PHY-1001 : top1  = 83.05(S 70.34, N 63.41, E 70.35, W 81.73, I 69.05, O 78.62)
PHY-1001 : top5  = 72.47(S 60.21, N 55.75, E 58.56, W 69.32, I 51.50, O 59.26)
PHY-1001 : top10 = 67.13(S 54.99, N 51.02, E 52.17, W 62.51, I 44.59, O 52.82)
PHY-1001 : top15 = 63.86(S 51.52, N 47.43, E 47.82, W 57.83, I 40.17, O 48.52)
PHY-1001 : End update congestion; 0.027424s wall, 0.265625s user + 0.000000s system = 0.265625s CPU (968.6%)

PHY-1001 : End Stage 2.5.1.4 | Rip-up And ReRoute; Time: 15.802523s wall, 34.062500s user + 0.796875s system = 34.859375s CPU (220.6%); Memory(MB): used = 1719, reserved = 1714, peak = 1719;

PHY-1001 : Stage 2.5.1.5 | Update Timing
PHY-1001 : 0/21002(0%) critical/total net(s).
PHY-1001 : Setup: WNS(ns) = 1.194, TNS(ns) = 0.000, FEP = 0 | Hold: WNS(ns) = -0.064, TNS(ns) = -0.425, FEP = 18.
PHY-1001 : End Stage 2.5.1.5 | Update Timing; Time: 2.381755s wall, 2.328125s user + 0.015625s system = 2.343750s CPU (98.4%); Memory(MB): used = 1732, reserved = 1727, peak = 1732;

PHY-1001 : Stage 2.5.1.6 | Commit Data
PHY-1001 : Commit better result to database ...
PHY-1001 : End Stage 2.5.1.6 | Commit Data; Time: 0.117916s wall, 0.109375s user + 0.000000s system = 0.109375s CPU (92.8%); Memory(MB): used = 1747, reserved = 1744, peak = 1747;

PHY-1001 : End Stage 2.5.1 | Phase 1; Time: 21.533417s wall, 40.015625s user + 0.828125s system = 40.843750s CPU (189.7%); Memory(MB): used = 1747, reserved = 1744, peak = 1747;

PHY-1001 : End Stage 2.5 | Routing Optimization; Time: 25.833497s wall, 44.250000s user + 0.890625s system = 45.140625s CPU (174.7%); Memory(MB): used = 1747, reserved = 1744, peak = 1747;

PHY-1001 : Stage 2.6 | Multi-try route Optimization
PHY-1001 : End Stage 2.6 | Multi-try route Optimization; Time: 0.065415s wall, 0.062500s user + 0.000000s system = 0.062500s CPU (95.5%); Memory(MB): used = 1748, reserved = 1744, peak = 1748;

PHY-1003 : Routed, final wirelength = 2.6623e+06
RUN-1001 : Clock region assignment statistics:
RUN-1001 : Clock Region s_0_l [0,0][23,39]; Utilization: 6 out of 12
RUN-1001 : -----------------------------------------------------------------------------------------------------------------------------------------------------------------------------------------------------------------------------------------------------------------------------------------------------------------------------------------------------------------------------------------------------------------------------------------------------
RUN-1001 :   Bank  |                                                   Assigned Clock                                                   |                                                    Route Clock                                                     |  Marking  |                                                                          Buffer                                                                           |  Regional Clock Fanouts  
RUN-1001 : -----------------------------------------------------------------------------------------------------------------------------------------------------------------------------------------------------------------------------------------------------------------------------------------------------------------------------------------------------------------------------------------------------------------------------------------------------
RUN-1001 :    1    |      u_isp_top/u_demosaic/raw_matrix_3x3_buffer_d/zhenghe_d/blk_mem_gen_zhenghe_d1/ram_d32970204f32_Inst/clkb      |      u_isp_top/u_demosaic/raw_matrix_3x3_buffer_d/zhenghe_d/blk_mem_gen_zhenghe_d1/ram_d32970204f32_Inst/clkb      |           |                           u_mipi_dphy_rx_ph1p_mipiio_wrapper/u_ph1p_mipiio_rx_wrapper/bufg_feedback_auto_created_sclk_s_0_l_bk1                           |           1150           
RUN-1001 :    2    |                 u_ph1p35_324_ddr_wrapper/u_ddr2/ph1p_ddrmc_wrapper/ph1p_ddrmc_top/u_alc_mc_top/clk                 |                 u_ph1p35_324_ddr_wrapper/u_ddr2/ph1p_ddrmc_wrapper/ph1p_ddrmc_top/u_alc_mc_top/clk                 |           |   u_ph1p35_324_ddr_wrapper/u_ddr2/ph1p_ddrmc_wrapper/ph1p_ddrmc_top/u_ddr_phy/u_ddrphy_top/u_ddrphy_clk/u_pll1/u_bufg_fbclk_auto_created_sclk_s_0_l_bk2   |           803            
RUN-1001 :    3    |                                             u_hdmi_mixer/I_clk_syn_652                                             |                                             u_hdmi_mixer/I_clk_syn_652                                             |           |                                              u_hdmi_mixer/I_clk_created_gclkinst_auto_created_sclk_s_0_l_bk3                                              |           187            
RUN-1001 :    4    |                                                  I_sys_clk_syn_8                                                   |                                                  I_sys_clk_syn_8                                                   |           |                                               I_sys_clk_dup_6_created_gclkinst_auto_created_sclk_s_0_l_bk4                                                |            81            
RUN-1001 :    5    |  u_ph1p35_324_ddr_wrapper/u_ddr2/ph1p_ddrmc_wrapper/ph1p_ddrmc_top/u_ddr_phy/u_ddrphy_top/u_ddrphy/apb_pclk_syn_1  |  u_ph1p35_324_ddr_wrapper/u_ddr2/ph1p_ddrmc_wrapper/ph1p_ddrmc_top/u_ddr_phy/u_ddrphy_top/u_ddrphy/apb_pclk_syn_1  |           |  u_ph1p35_324_ddr_wrapper/u_ddr2/ph1p_ddrmc_wrapper/ph1p_ddrmc_top/u_ddr_phy/u_ddrphy_top/u_ddrphy/apb_pclk_created_gclkinst_auto_created_sclk_s_0_l_bk5  |            3             
RUN-1001 :    6    |                                                  O_cam_24m_syn_3                                                   |                                                  O_cam_24m_syn_3                                                   |           |                                               O_cam_24m_dup_1_created_gclkinst_auto_created_sclk_s_0_l_bk6                                                |            1             
RUN-1001 : -----------------------------------------------------------------------------------------------------------------------------------------------------------------------------------------------------------------------------------------------------------------------------------------------------------------------------------------------------------------------------------------------------------------------------------------------------
RUN-1001 : Clock Region s_0_r [24,0][47,39]; Utilization: 5 out of 12
RUN-1001 : -----------------------------------------------------------------------------------------------------------------------------------------------------------------------------------------------------------------------------------------------------------------------------------------------------------------------------------------------------------------------------------
RUN-1001 :   Bank  |                                               Assigned Clock                                               |                                                Route Clock                                                 |  Marking  |                                                 Buffer                                                  |  Regional Clock Fanouts  
RUN-1001 : -----------------------------------------------------------------------------------------------------------------------------------------------------------------------------------------------------------------------------------------------------------------------------------------------------------------------------------------------------------------------------------
RUN-1001 :    1    |  u_isp_top/u_demosaic/raw_matrix_3x3_buffer_d/zhenghe_d/blk_mem_gen_zhenghe_d1/ram_d32970204f32_Inst/clkb  |  u_isp_top/u_demosaic/raw_matrix_3x3_buffer_d/zhenghe_d/blk_mem_gen_zhenghe_d1/ram_d32970204f32_Inst/clkb  |           |  u_mipi_dphy_rx_ph1p_mipiio_wrapper/u_ph1p_mipiio_rx_wrapper/bufg_feedback_auto_created_sclk_s_0_r_bk1  |           1720           
RUN-1001 :    2    |                                              O_cam_24m_syn_3                                               |                                              O_cam_24m_syn_3                                               |           |                      O_cam_24m_dup_1_created_gclkinst_auto_created_sclk_s_0_r_bk2                       |            73            
RUN-1001 :    3    |                                   u_uicfgcs500/uii2c_inst/scl_clk_syn_9                                    |                                   u_uicfgcs500/uii2c_inst/scl_clk_syn_9                                    |           |              u_uicfgcs500/uii2c_inst/scl_clk_created_gclkinst_auto_created_sclk_s_0_r_bk3               |            15            
RUN-1001 :    4    |                                         u_hdmi_mixer/I_clk_syn_652                                         |                                         u_hdmi_mixer/I_clk_syn_652                                         |           |                     u_hdmi_mixer/I_clk_created_gclkinst_auto_created_sclk_s_0_r_bk4                     |            14            
RUN-1001 :    5    |            u_mipi_dphy_rx_ph1p_mipiio_wrapper/u_ph1p_mipiio_rx_wrapper/u_lane0_hs_detect/I_clk             |            u_mipi_dphy_rx_ph1p_mipiio_wrapper/u_ph1p_mipiio_rx_wrapper/u_lane0_hs_detect/I_clk             |           |                             u_PLL/bufg_feedback_auto_created_sclk_s_0_r_bk5                             |            8             
RUN-1001 : -----------------------------------------------------------------------------------------------------------------------------------------------------------------------------------------------------------------------------------------------------------------------------------------------------------------------------------------------------------------------------------
RUN-1001 : Clock Region s_1_l [0,40][23,79]; Utilization: 4 out of 12
RUN-1001 : -----------------------------------------------------------------------------------------------------------------------------------------------------------------------------------------------------------------------------------------------------------------------------------------------------------------------------------------------------------------------------------------------------------------------------------------------------
RUN-1001 :   Bank  |                                                   Assigned Clock                                                   |                                                    Route Clock                                                     |  Marking  |                                                                          Buffer                                                                           |  Regional Clock Fanouts  
RUN-1001 : -----------------------------------------------------------------------------------------------------------------------------------------------------------------------------------------------------------------------------------------------------------------------------------------------------------------------------------------------------------------------------------------------------------------------------------------------------
RUN-1001 :    1    |                 u_ph1p35_324_ddr_wrapper/u_ddr2/ph1p_ddrmc_wrapper/ph1p_ddrmc_top/u_alc_mc_top/clk                 |                 u_ph1p35_324_ddr_wrapper/u_ddr2/ph1p_ddrmc_wrapper/ph1p_ddrmc_top/u_alc_mc_top/clk                 |           |   u_ph1p35_324_ddr_wrapper/u_ddr2/ph1p_ddrmc_wrapper/ph1p_ddrmc_top/u_ddr_phy/u_ddrphy_top/u_ddrphy_clk/u_pll1/u_bufg_fbclk_auto_created_sclk_s_1_l_bk1   |           1390           
RUN-1001 :    2    |      u_isp_top/u_demosaic/raw_matrix_3x3_buffer_d/zhenghe_d/blk_mem_gen_zhenghe_d1/ram_d32970204f32_Inst/clkb      |      u_isp_top/u_demosaic/raw_matrix_3x3_buffer_d/zhenghe_d/blk_mem_gen_zhenghe_d1/ram_d32970204f32_Inst/clkb      |           |                           u_mipi_dphy_rx_ph1p_mipiio_wrapper/u_ph1p_mipiio_rx_wrapper/bufg_feedback_auto_created_sclk_s_1_l_bk2                           |           772            
RUN-1001 :    3    |                                             u_hdmi_mixer/I_clk_syn_652                                             |                                             u_hdmi_mixer/I_clk_syn_652                                             |           |                                              u_hdmi_mixer/I_clk_created_gclkinst_auto_created_sclk_s_1_l_bk3                                              |           458            
RUN-1001 :    4    |  u_ph1p35_324_ddr_wrapper/u_ddr2/ph1p_ddrmc_wrapper/ph1p_ddrmc_top/u_ddr_phy/u_ddrphy_top/u_ddrphy/apb_pclk_syn_1  |  u_ph1p35_324_ddr_wrapper/u_ddr2/ph1p_ddrmc_wrapper/ph1p_ddrmc_top/u_ddr_phy/u_ddrphy_top/u_ddrphy/apb_pclk_syn_1  |           |  u_ph1p35_324_ddr_wrapper/u_ddr2/ph1p_ddrmc_wrapper/ph1p_ddrmc_top/u_ddr_phy/u_ddrphy_top/u_ddrphy/apb_pclk_created_gclkinst_auto_created_sclk_s_1_l_bk4  |            25            
RUN-1001 : -----------------------------------------------------------------------------------------------------------------------------------------------------------------------------------------------------------------------------------------------------------------------------------------------------------------------------------------------------------------------------------------------------------------------------------------------------
RUN-1001 : Clock Region s_1_r [24,40][43,79]; Utilization: 4 out of 12
RUN-1001 : -------------------------------------------------------------------------------------------------------------------------------------------------------------------------------------------------------------------------------------------------------------------------------------------------------------------------------------------------------------------------------------
RUN-1001 :   Bank  |                                               Assigned Clock                                               |                                                Route Clock                                                 |  Marking  |                                                  Buffer                                                   |  Regional Clock Fanouts  
RUN-1001 : -------------------------------------------------------------------------------------------------------------------------------------------------------------------------------------------------------------------------------------------------------------------------------------------------------------------------------------------------------------------------------------
RUN-1001 :    1    |            u_mipi_dphy_rx_ph1p_mipiio_wrapper/u_ph1p_mipiio_rx_wrapper/u_lane0_hs_detect/I_clk             |            u_mipi_dphy_rx_ph1p_mipiio_wrapper/u_ph1p_mipiio_rx_wrapper/u_lane0_hs_detect/I_clk             |           |                              u_PLL/bufg_feedback_auto_created_sclk_s_1_r_bk1                              |            1             
RUN-1001 :    2    |  u_isp_top/u_demosaic/raw_matrix_3x3_buffer_d/zhenghe_d/blk_mem_gen_zhenghe_d1/ram_d32970204f32_Inst/clkb  |  u_isp_top/u_demosaic/raw_matrix_3x3_buffer_d/zhenghe_d/blk_mem_gen_zhenghe_d1/ram_d32970204f32_Inst/clkb  |           |   u_mipi_dphy_rx_ph1p_mipiio_wrapper/u_ph1p_mipiio_rx_wrapper/bufg_feedback_auto_created_sclk_s_1_r_bk2   |           1069           
RUN-1001 :    3    |                                         u_hdmi_mixer/I_clk_syn_652                                         |                                         u_hdmi_mixer/I_clk_syn_652                                         |           |                      u_hdmi_mixer/I_clk_created_gclkinst_auto_created_sclk_s_1_r_bk3                      |           244            
RUN-1001 :    4    |                      u_hdmi_tx/u_hdmi2phy_wrapper/u0_lane_lvds_8_1/I_serial_clk_syn_1                      |                      u_hdmi_tx/u_hdmi2phy_wrapper/u0_lane_lvds_8_1/I_serial_clk_syn_1                      |           |  u_hdmi_tx/u_hdmi2phy_wrapper/u0_lane_lvds_8_1/I_serial_clk_created_gclkinst_auto_created_sclk_s_1_r_bk4  |            39            
RUN-1001 : -------------------------------------------------------------------------------------------------------------------------------------------------------------------------------------------------------------------------------------------------------------------------------------------------------------------------------------------------------------------------------------
RUN-1002 : start command "export_db camera_to_dsi_display_pr.db"
RUN-1001 : Exported flow parameters
RUN-1001 : Exported /
RUN-1001 : Exported libs
RUN-1001 : Exported entities
RUN-1001 : Exported ports
RUN-1001 : Exported pins
RUN-1001 : Exported instances
RUN-1001 : Exported nets
RUN-1001 : Exported buses
RUN-1001 : Exported models
RUN-1001 : Exported phy database
RUN-1001 : Exported packer
RUN-1001 : Exported congestions
RUN-1001 : Exported violations
RUN-1001 : Exported ATMR Setting
RUN-1001 : Exported timing constraints
RUN-1001 : Exported IO constraints
RUN-1001 : Exported Inst constraints
RUN-1001 : Exported ChipWatcher
RUN-1003 : finish command "export_db camera_to_dsi_display_pr.db" in  1.237086s wall, 1.734375s user + 0.046875s system = 1.781250s CPU (144.0%)

RUN-1004 : used memory is 1818 MB, reserved memory is 1926 MB, peak memory is 1818 MB
PHY-1001 : Current memory(MB): used = 1818, reserved = 1926, peak = 1818.
PHY-1001 : End export database. 1.304245s wall, 1.796875s user + 0.046875s system = 1.843750s CPU (141.4%)

PHY-1001 : End detail routing;  52.322904s wall, 108.609375s user + 1.531250s system = 110.140625s CPU (210.5%)

PHY-1001 : End Stage 2 | Detail Routing; Time: 52.323022s wall, 108.609375s user + 1.531250s system = 110.140625s CPU (210.5%); Memory(MB): used = 1818, reserved = 1926, peak = 1818;

RUN-1002 : start command "fix_hold"

PHY-1001 : Stage 3 | Hold Fix
PHY-1001 : Stage 3.1 | Load Design Data
PHY-1034 : Refresh detailed routing grids ...
PHY-1001 : Generate nets ...
PHY-1001 : eco open net = 0
PHY-1001 : End Stage 3.1 | Load Design Data; Time: 0.434477s wall, 0.781250s user + 0.000000s system = 0.781250s CPU (179.8%); Memory(MB): used = 1833, reserved = 1926, peak = 1833;

PHY-1001 : Stage 3.2 | Hold Fix Optimization
RUN-1002 : start command "start_timer"
RUN-1003 : finish command "start_timer" in  1.814528s wall, 1.781250s user + 0.000000s system = 1.781250s CPU (98.2%)

RUN-1004 : used memory is 1833 MB, reserved memory is 1926 MB, peak memory is 1833 MB
PHY-1001 : Timing info: SWNS 1.194ns | STNS 0.000ns | HWNS -0.064ns | HTNS -0.425ns.
PHY-1001 : Processing hold violation on 34 end-point, worst slack = -64ps, best slack = 19ps.
PHY-1001 : End timing refresh.  5.661428s wall, 5.625000s user + 0.000000s system = 5.625000s CPU (99.4%)

PHY-1001 : Stage 3.2.1 | Phase 1
PHY-1001 : Stage 3.2.1.1 | Hold Fix By LutBridge
PHY-1001 : len = 2.66469e+06, over cnt = 0(0%), over = 0, worst = 0, crit = 0
PHY-1001 : Bridge count = 5; unresolved count = 0.
PHY-1001 : 3 out of 34 ((8.82)%) EP fixed by LB.
PHY-1001 : End Stage 3.2.1.1 | Hold Fix By LutBridge; Time: 0.969468s wall, 0.968750s user + 0.000000s system = 0.968750s CPU (99.9%); Memory(MB): used = 1834, reserved = 1926, peak = 1834;

PHY-1001 : Timing info: SWNS 1.194ns | STNS 0.000ns | HWNS -0.030ns | HTNS -0.030ns.
PHY-1001 : Processing hold violation on 5 end-point, worst slack = -30ps, best slack = 19ps.
PHY-1001 : End timing refresh.  0.093473s wall, 0.093750s user + 0.000000s system = 0.093750s CPU (100.3%)

PHY-1001 : Stage 3.2.1.2 | Hold Fix By Pin
PHY-1001 : len = 2.66485e+06, over cnt = 0(0%), over = 0, worst = 0, crit = 0
PHY-1001 : 5 out of 5 ((100.00)%) EP fixed by pin delay.
PHY-1001 : End Stage 3.2.1.2 | Hold Fix By Pin; Time: 0.199679s wall, 0.375000s user + 0.000000s system = 0.375000s CPU (187.8%); Memory(MB): used = 1834, reserved = 1926, peak = 1834;

PHY-1001 : Timing info: SWNS 1.194ns | STNS 0.000ns | HWNS 0.020ns | HTNS 0.000ns.
PHY-1001 : End timing refresh.  0.094648s wall, 0.093750s user + 0.000000s system = 0.093750s CPU (99.1%)

PHY-1001 : End Stage 3.2.1 | Phase 1; Time: 1.388636s wall, 1.562500s user + 0.000000s system = 1.562500s CPU (112.5%); Memory(MB): used = 1834, reserved = 1926, peak = 1834;

PHY-1001 : End Stage 3.2 | Hold Fix Optimization; Time: 7.050962s wall, 7.187500s user + 0.000000s system = 7.187500s CPU (101.9%); Memory(MB): used = 1834, reserved = 1926, peak = 1834;

PHY-1001 : End Stage 3 | Hold Fix; Time: 7.661509s wall, 8.156250s user + 0.000000s system = 8.156250s CPU (106.5%); Memory(MB): used = 1834, reserved = 1926, peak = 1834;

RUN-1003 : finish command "fix_hold" in  7.697281s wall, 8.187500s user + 0.000000s system = 8.187500s CPU (106.4%)

RUN-1004 : used memory is 1834 MB, reserved memory is 1926 MB, peak memory is 1834 MB
PHY-1001 : Stage 4 | Report Route Qor
RUN-1002 : start command "report_qor -step route -file route.qor"
RUN-1002 : start command "start_timer"
RUN-1003 : finish command "start_timer" in  1.834277s wall, 1.781250s user + 0.031250s system = 1.812500s CPU (98.8%)

RUN-1004 : used memory is 1834 MB, reserved memory is 1926 MB, peak memory is 1834 MB
-----------------------------------------------------------
| QoR metrics               |         value               |
-----------------------------------------------------------
| Timing                    |                             |
|     Setup WNS             |         1194                |
|     Setup TNS             |            0                |
|     Num of violated S-EP  |            0                |
|     Hold WNS              |           20                |
|     Hold TNS              |            0                |
|     Num of violated H-EP  |            0                |
-----------------------------------------------------------
| Routing Resource          |                             |
|     Wire length           |      2664848                |
-----------------------------------------------------------
| Utilization               |                             |
|     #slices               |        12260                |
|     slices percentage     |       57.79%                |
|     #RAMs                 |           40                |
|     #DSPs                 |            8                |
|     #DRAMHARDCON          |           37                |
-----------------------------------------------------------
Report route stage QoR done.

RUN-1003 : finish command "report_qor -step route -file route.qor" in  5.701764s wall, 5.640625s user + 0.031250s system = 5.671875s CPU (99.5%)

RUN-1004 : used memory is 1834 MB, reserved memory is 1926 MB, peak memory is 1834 MB
RUN-1002 : start command "update_timing -mode final"
RUN-1002 : start command "start_timer"
RUN-1003 : finish command "start_timer" in  1.812736s wall, 1.812500s user + 0.000000s system = 1.812500s CPU (100.0%)

RUN-1004 : used memory is 1834 MB, reserved memory is 1926 MB, peak memory is 1834 MB
RUN-1003 : finish command "update_timing -mode final" in  5.556821s wall, 5.531250s user + 0.015625s system = 5.546875s CPU (99.8%)

RUN-1004 : used memory is 1834 MB, reserved memory is 1926 MB, peak memory is 1834 MB
RUN-1002 : start command "report_timing_summary -file final_timing.rpt"
OPT-1001 : QoR tracer report on route step:
    SWNS [   incr ]    STNS [   incr ]  S-FEPS [   incr ]    HWNS [   incr ]      HTNS [     incr ]    H-FEPS [     incr ]    CELL [   incr ]       WL [    incr ]   RT(s) [   incr ]   MEM(mb) [     incr ]
    1194 [      0 ]       0 [      0 ]       0 [      0 ]    -190 [      0 ]    -10512 [        0 ]       255 [        0 ]   12731 [      0 ]  2421264 [       0 ]      31 [      0 ]      1713 [        0 ] : dr_initialization
    1194 [      0 ]       0 [      0 ]       0 [      0 ]      20 [    210 ]         0 [    10512 ]         0 [     -255 ]   12731 [      0 ]  2455200 [   33936 ]      39 [      8 ]      1716 [        3 ] : dr_timing_opt_phase1
    1194 [      0 ]       0 [      0 ]       0 [      0 ]     -64 [    -84 ]      -425 [     -425 ]        18 [       18 ]   12731 [      0 ]  2662304 [  207104 ]      57 [     18 ]      1747 [       31 ] : dr_opt_phase1
    1194 [      0 ]       0 [      0 ]       0 [      0 ]     -64 [      0 ]      -425 [        0 ]        18 [        0 ]   12731 [      0 ]  2662304 [       0 ]      57 [      0 ]      1748 [        1 ] : multi_try_opt
    1194 [      0 ]       0 [      0 ]       0 [      0 ]      20 [     84 ]         0 [      425 ]         0 [      -18 ]   12731 [      0 ]  2664848 [    2544 ]      67 [     10 ]      1834 [       86 ] : fix_hold_opt

PHY-1001 : End Stage 4 | Report Route Qor; Time: 11.424143s wall, 11.328125s user + 0.046875s system = 11.375000s CPU (99.6%); Memory(MB): used = 1834, reserved = 1926, peak = 1834;

PHY-1001 : Stage 5 | Routing DRC
PHY-1001 : Stage 5.1 | Check And Add Lut-bridge
PHY-1001 : End Stage 5.1 | Check And Add Lut-bridge; Time: 0.096561s wall, 0.093750s user + 0.000000s system = 0.093750s CPU (97.1%); Memory(MB): used = 1834, reserved = 1926, peak = 1834;

PHY-1001 : Stage 5.2 | Lut Bridge Check
PHY-1001 : End Stage 5.2 | Lut Bridge Check; Time: 0.222436s wall, 0.234375s user + 0.000000s system = 0.234375s CPU (105.4%); Memory(MB): used = 1834, reserved = 1926, peak = 1834;

PHY-1001 : Stage 5.3 | Physical Net Status Check
PHY-1001 : End Stage 5.3 | Physical Net Status Check; Time: 0.061901s wall, 0.062500s user + 0.000000s system = 0.062500s CPU (101.0%); Memory(MB): used = 1834, reserved = 1926, peak = 1834;

PHY-1001 : Start multi-drive drc check......
PHY-1001 : No multi-drive.
PHY-1001 : Stage 5.4 | Clock Net Status Check
PHY-1001 : 2 clock net(s) utilize local routing resource.
PHY-5079 CRITICAL-WARNING: Marked 1 clock net(s) utilize the local routing resources. Please check log message and the sinks of clock nets.
RUN-1001 : CTS Local Wire Summary
RUN-1001 : ------------------------------------------------------------------------------------------------------------------------------------------------------------
RUN-1001 :    ClockName    |   DriverType    |  Clock/Fanout  |  LocalWireNum  |                                  NetName                                   |  Marked  
RUN-1001 : ------------------------------------------------------------------------------------------------------------------------------------------------------------
RUN-1001 :        -        |  AL_PHY_LSLICE  |      1/3       |       16       |                      u_uicfgcs500/uii2c_inst/scl_clk                       |    -     
RUN-1001 :   pll_clk_24m   |   AL_PHY_SCLK   |      0/1       |       3        |  O_cam_24m_dup_1_created_gclkinst_auto_created_sclk_s_0_l_bk6_sclk_outnet  |   true   
RUN-1001 : ------------------------------------------------------------------------------------------------------------------------------------------------------------
PHY-5088 WARNING: Clock_Analyzer: Detected 1 buffer(s) clkin net because they drive non-clock sinks. Run "analyze_clock -detail" for more infomation.
PHY-5088 WARNING: Clock_Analyzer: Detected 1 buffer(s) clkout net because they drive non-clock sinks. Run "analyze_clock -detail" for more infomation.
PHY-5088 WARNING: Clock_Analyzer: 2 clock-net(s) because they drive other clock net, may cause clock skew. Run "analyze_clock -detail" for more infomation.
PHY-1001 : End Stage 5.4 | Clock Net Status Check; Time: 0.079059s wall, 0.078125s user + 0.000000s system = 0.078125s CPU (98.8%); Memory(MB): used = 1834, reserved = 1926, peak = 1834;

PHY-1001 : Stage 5.5 | Abnormal Timing Path check
PHY-1001 : No abnormal timing path.
PHY-1001 : End Stage 5.5 | Abnormal Timing Path check; Time: 0.233544s wall, 0.234375s user + 0.000000s system = 0.234375s CPU (100.4%); Memory(MB): used = 1834, reserved = 1926, peak = 1834;

PHY-1001 : Stage 5.6 | Bound Check
PHY-1001 : Check Pass.
PHY-1001 : End Stage 5.6 | Bound Check; Time: 0.003146s wall, 0.000000s user + 0.000000s system = 0.000000s CPU (n/a%); Memory(MB): used = 1834, reserved = 1926, peak = 1834;

PHY-1001 : End Stage 5 | Routing DRC; Time: 0.754027s wall, 0.750000s user + 0.000000s system = 0.750000s CPU (99.5%); Memory(MB): used = 1834, reserved = 1926, peak = 1834;

RUN-1003 : finish command "route" in  79.256208s wall, 136.640625s user + 1.812500s system = 138.453125s CPU (174.7%)

RUN-1004 : used memory is 1834 MB, reserved memory is 1926 MB, peak memory is 1834 MB
RUN-1002 : start command "report_area -io_info -file camera_to_dsi_display_phy.area"
SYN-4034 : The count of slices with lut is 6478.
SYN-4035 : The count of slices with lut+ripple is 2937.
RUN-1001 : standard
***Report Model: design_top_wrapper Device: PH1P35MDG324***

Design Statistics
#IO                        58   out of    160   36.25%
  #input                    2
  #output                  31
  #inout                   25
#lut6                    9823   out of  21216   46.30%
#reg                    13283
  #slice reg            13283   out of  42432   31.30%
  #pad reg                  0

Utilization Statistics
#slice                  12260   out of  21216   57.79%
  #used ram               408
    #dram lut             296
    #shifter lut          112
  #used logic           11852
    #with luts           6478
    #with adder          2937
    #reg only            2437
#feedthrough             2211
#f7mux                      0   out of  10608    0.00%
#f8mux                      0   out of   5304    0.00%
#eram                      40   out of    108   37.04%
  #eram20k                 40
  #fifo20k                  0
#dsp                        8   out of     40   20.00%
#ddr_byte                   6   out of     12   50.00%
#mipi_tx                    0   out of      2    0.00%
#mipi_rx                    1   out of      2   50.00%
#pad                       17   out of    160   10.62%
#pll                        3   out of      6   50.00%
#gclk                       9   out of     32   28.12%
#lclk                       0   out of     12    0.00%
#sclk                      19   out of     48   39.58%
#mlclk                      2   out of      6   33.33%
#ioclk                      4   out of     18   22.22%


DataNet Average Fanout:

   Index     Fanout     Nets   
    #1          1       19016  
    #2          2       6981   
    #3          3        906   
    #4          4        509   
    #5        5-10      1593   
    #6        11-50      402   
    #7       51-100      39    
    #8       101-500      3    
  Average     2.02             

RUN-1002 : start command "update_timing -mode final"
RUN-1002 : start command "start_timer"
RUN-1003 : finish command "start_timer" in  1.811836s wall, 1.812500s user + 0.000000s system = 1.812500s CPU (100.0%)

RUN-1004 : used memory is 1834 MB, reserved memory is 1926 MB, peak memory is 1834 MB
RUN-1003 : finish command "update_timing -mode final" in  5.608828s wall, 5.562500s user + 0.000000s system = 5.562500s CPU (99.2%)

RUN-1004 : used memory is 1834 MB, reserved memory is 1926 MB, peak memory is 1834 MB
RUN-1002 : start command "report_timing_status -file camera_to_dsi_display_phy.ts"
RUN-1002 : start command "report_timing_summary -file camera_to_dsi_display_pr.timing"
RUN-1002 : start command "report_timing_exception -file camera_to_dsi_display_exception.timing"
RUN-1002 : start command "flow_status -file route_flow.status"
Location         : D:\2026fpga\lab_hd_1_mipi_hdmi\td_project\camera_to_dsi_display_Runs\phy_1
Running with     : Tang Dynasty v6.2.168116
                   Copyright (c) 2012-2025 Anlogic Inc.
Top Model        : design_top_wrapper
Device           : PH1P35MDG324
Speed            : 3

Timing Mode      : final
Setup            : WNS  1194ps  TNS        0ps  NUM_FEPS     0
Hold             : WNS    20ps  TNS        0ps  NUM_FEPS     0

Flow Statistics  :
RUN-1001 : Flow Statistics:
RUN-1001 : ---------------------------------------------------------------------------------------------------
RUN-1001 :      command     |  #calls  |  wall time   |  cpu time(s)  |  used memory(mb)  |  peak memory(mb)  
RUN-1001 : ---------------------------------------------------------------------------------------------------
RUN-1001 :       place      |    1     |  2m2s(60%)   |   424(75%)    |       1135        |       1135        
RUN-1001 :       route      |    1     |  1m12s(35%)  |   129(22%)    |       1834        |       1834        
RUN-1001 :     fix_hold     |    1     |    7s(3%)    |     8(1%)     |       1834        |       1834        
RUN-1001 :   import_device  |    1     |    2s(0%)    |     2(0%)     |        323        |        323        
RUN-1001 :     import_db    |    1     |    0s(0%)    |     0(0%)     |        511        |        511        
RUN-1001 : ---------------------------------------------------------------------------------------------------
RUN-1001 :       total      |    5     |    3m23s     |      563      |       1834        |       1834        
RUN-1001 : ---------------------------------------------------------------------------------------------------
RUN-1002 : start command "report_clock_utilization -file route_clock_utilization.txt"
RUN-1002 : start command "export_db camera_to_dsi_display_pr.db"
RUN-1001 : Exported flow parameters
RUN-1001 : Exported /
RUN-1001 : Exported libs
RUN-1001 : Exported entities
RUN-1001 : Exported ports
RUN-1001 : Exported pins
RUN-1001 : Exported instances
RUN-1001 : Exported nets
RUN-1001 : Exported buses
RUN-1001 : Exported models
RUN-1001 : Exported phy database
RUN-1001 : Exported packer
RUN-1001 : Exported congestions
RUN-1001 : Exported violations
RUN-1001 : Exported ATMR Setting
RUN-1001 : Exported timing constraints
RUN-1001 : Exported IO constraints
RUN-1001 : Exported Inst constraints
RUN-1001 : Exported ChipWatcher
RUN-1003 : finish command "export_db camera_to_dsi_display_pr.db" in  1.232913s wall, 1.671875s user + 0.109375s system = 1.781250s CPU (144.5%)

RUN-1004 : used memory is 1836 MB, reserved memory is 1926 MB, peak memory is 1836 MB
RUN-1002 : start command "commit_param -step bitgen"
RUN-1001 : Print Global Property
RUN-1001 : -------------------------------------------------------------
RUN-1001 :     Parameters    |   Settings   |  Default Values  |  Note  
RUN-1001 : -------------------------------------------------------------
RUN-1001 :    enable_seed    |     off      |       off        |        
RUN-1001 :    hfn_to_clock   |  1000000000  |    1000000000    |        
RUN-1001 :      message      |   standard   |     standard     |        
RUN-1001 :    qor_monitor    |      on      |        on        |        
RUN-1001 :   speedup_effort  |      0       |        0         |        
RUN-1001 :    syn_ip_flow    |     off      |       off        |        
RUN-1001 :       thread      |     auto     |       auto       |        
RUN-1001 : -------------------------------------------------------------
RUN-1002 : start command "set_param bitgen compress on"
RUN-1001 : Print Bitgen Property
RUN-1001 : -------------------------------------------------------------
RUN-1001 :      Parameters     |  Settings  |  Default Values  |  Note  
RUN-1001 : -------------------------------------------------------------
RUN-1001 :         bin         |    off     |       off        |        
RUN-1001 :       compress      |     on     |       off        |   *    
RUN-1001 :       gen_mask      |    off     |       off        |        
RUN-1001 :      max_stream     |     on     |        on        |        
RUN-1001 :      time_info      |     on     |        on        |        
RUN-1001 :   unused_io_status  |   pullup   |      pullup      |        
RUN-1001 :       version       |    0x00    |       0x00       |        
RUN-1001 : -------------------------------------------------------------
RUN-1002 : start command "bitgen -bit camera_to_dsi_display.bit"
RUN-1002 : start command "export_bid camera_to_dsi_display_inst.bid"
BIT-1003 : Start to generate bitstream. 
BIT-1002 : Bitgen processed 3 pll_pd instances.
BIT-1002 : Init instances with 32 threads.
BIT-1002 : Init instances completely, inst num: 12732
BIT-1002 : Init pips with 32 threads.
BIT-1002 : Init pips completely, net num: 21273, pip num: 193928
BIT-1002 : Init feedthrough with 32 threads.
BIT-1002 : Init feedthrough completely, num: 2211
BIT-1003 : Multithreading accelaration with 32 threads.
BIT-1003 : Generate bitstream completely, there are 662526 bits set as '1'.
PRG-1501 : Bit compressed, frame number changed from 3481 to 3441, ratio 1.15%
BIT-1004 : Generate file camera_to_dsi_display_compress.bit.
BIT-1004 : Generate file camera_to_dsi_display.bit.
RUN-1003 : finish command "bitgen -bit camera_to_dsi_display.bit" in  4.332080s wall, 49.953125s user + 1.734375s system = 51.687500s CPU (1193.1%)

RUN-1004 : used memory is 1837 MB, reserved memory is 1926 MB, peak memory is 1837 MB
RUN-1002 : start command "setup_debugger"
RUN-1002 : start command "export_bitgen_param -file .bitgen_param.f"
RUN-1002 : start command "export_flow_status -s opt_place -e bitgen"
RUN-1002 : start command "flow_status"

Location         : D:\2026fpga\lab_hd_1_mipi_hdmi\td_project\camera_to_dsi_display_Runs\phy_1
Running with     : Tang Dynasty v6.2.168116
                   Copyright (c) 2012-2025 Anlogic Inc.
Top Model        : design_top_wrapper
Device           : PH1P35MDG324
Speed            : 3

Timing Mode      : final
Setup            : WNS  1194ps  TNS        0ps  NUM_FEPS     0
Hold             : WNS    20ps  TNS        0ps  NUM_FEPS     0

RUN-1001 : Flow Statistics:
RUN-1001 : ---------------------------------------------------------------------------------------------------
RUN-1001 :      command     |  #calls  |  wall time   |  cpu time(s)  |  used memory(mb)  |  peak memory(mb)  
RUN-1001 : ---------------------------------------------------------------------------------------------------
RUN-1001 :       place      |    1     |  2m2s(58%)   |   424(69%)    |       1135        |       1135        
RUN-1001 :       route      |    1     |  1m12s(34%)  |   129(21%)    |       1834        |       1834        
RUN-1001 :     fix_hold     |    1     |    7s(3%)    |     8(1%)     |       1834        |       1834        
RUN-1001 :      bitgen      |    1     |    4s(1%)    |    50(8%)     |       1837        |       1837        
RUN-1001 :   import_device  |    1     |    2s(0%)    |     2(0%)     |        323        |        323        
RUN-1001 :     import_db    |    1     |    0s(0%)    |     0(0%)     |        511        |        511        
RUN-1001 : ---------------------------------------------------------------------------------------------------
RUN-1001 :       total      |    6     |    3m27s     |      613      |       1837        |       1837        
RUN-1001 : ---------------------------------------------------------------------------------------------------

