============================================================
   Tang Dynasty, V6.2.168116
   Copyright (c) 2012-2025 Anlogic Inc.
   Executable = F:/AnlogicFpga/TD_6.2.1_Engineer_6.2.168.116/bin/td_commands_prompt.exe
   Built at =   16:32:07 Jun 12 2025
   Run by =     pc
   Run Date =   Wed Sep 16 20:15:42 2026

   Run on =     CIRBUG
============================================================
RUN-1002 : start command "import_device ph1_35p.db -package PH1P35MDG324 -speed 3"
ARC-1001 : Device Initialization.
ARC-1001 : ----------------------------------------------------------------
ARC-1001 :           OPTION          |          IO           |   SETTING   
ARC-1001 : ----------------------------------------------------------------
ARC-1001 :   non_jtag_persist(none)  |        35 IOs         |    gpio    
ARC-1001 :            jtag           |  P13/P15/L14/R13/T13  |  dedicate  
ARC-1001 : ----------------------------------------------------------------
RUN-1003 : finish command "import_device ph1_35p.db -package PH1P35MDG324 -speed 3" in  2.362951s wall, 2.125000s user + 0.015625s system = 2.140625s CPU (90.6%)

RUN-1004 : used memory is 323 MB, reserved memory is 321 MB, peak memory is 323 MB
RUN-1002 : start command "open_project camera_to_dsi_display.prj -noanalyze"
RUN-1002 : start command "import_db ../syn_1/camera_to_dsi_display_gate.db"
RUN-1001 : Importing database generated by Tang Dynasty, V6.2.168116.
RUN-1001 : Database version number 46207
RUN-1001 : Import flow parameters
RUN-1001 : Import netlist
RUN-1001 : Import timing constraints
RUN-1001 : Import IO constraints
RUN-1001 : Import Inst constraints
RUN-1001 : Import ChipWatcher
RUN-1001 : Import design success TD_VERSION=6.2.168116 , DB_VERSION=46207
RUN-1003 : finish command "import_db ../syn_1/camera_to_dsi_display_gate.db" in  1.085479s wall, 0.593750s user + 0.062500s system = 0.656250s CPU (60.5%)

RUN-1004 : used memory is 519 MB, reserved memory is 517 MB, peak memory is 519 MB
RUN-1002 : start command "commit_param -step place"
RUN-1001 : Print Global Property
RUN-1001 : -------------------------------------------------------------
RUN-1001 :     Parameters    |   Settings   |  Default Values  |  Note  
RUN-1001 : -------------------------------------------------------------
RUN-1001 :    enable_seed    |     off      |       off        |        
RUN-1001 :    hfn_to_clock   |  1000000000  |    1000000000    |        
RUN-1001 :      message      |   standard   |     standard     |        
RUN-1001 :    qor_monitor    |      on      |        on        |        
RUN-1001 :   speedup_effort  |      0       |        0         |        
RUN-1001 :    syn_ip_flow    |     off      |       off        |        
RUN-1001 :       thread      |     auto     |       auto       |        
RUN-1001 : -------------------------------------------------------------
RUN-1001 : Print Place Property
RUN-1001 : ---------------------------------------------------------------
RUN-1001 :       Parameters      |  Settings  |  Default Values  |  Note  
RUN-1001 : ---------------------------------------------------------------
RUN-1001 :         effort        |   medium   |      medium      |        
RUN-1001 :     hfn_opt_effort    |   medium   |      medium      |        
RUN-1001 :    logic_level_opt    |    off     |       off        |        
RUN-1001 :   macro_performance   |    auto    |       auto       |        
RUN-1001 :       max_fanout      |   999999   |      999999      |        
RUN-1001 :       opt_timing      |   medium   |      medium      |        
RUN-1001 :     post_place_opt    |    auto    |       auto       |        
RUN-1001 :      pr_strategy      |     1      |        1         |        
RUN-1001 :   preplace_floorplan  |    off     |       off        |        
RUN-1001 : ---------------------------------------------------------------
RUN-1002 : start command "insert_debugger"
RUN-1002 : start command "place"
RUN-1001 : Open license file F:/AnlogicFpga/TD_6.2.1_Engineer_6.2.168.116/license/Anlogic.lic
PHY-3001 : Placer runs in 32 thread(s).
PHY-1001 : Stage 1 | Initialize Design
PHY-1001 : Stage 1.1 | Build Design
PHY-1001 : 9783 luts, 13960 seqs, 408 mslices, 3291 lslices, 53 pads, 45 brams, 8 dsps
RUN-1002 : start command "legalize_phy_inst"
SYN-1011 : Flatten model design_top_wrapper
SYN-1001 : ADC: Instance "u_ph1p35_324_ddr_wrapper/u_ddr2/ph1p_ddrmc_wrapper/ph1p_ddrmc_top/u_ddr_phy/u_ddrphy_top/u_ddrphy/ac_byte[0]$ac_byte_used$u_ddrphy_ac_byte_wrapper/u_ddrphy_byte" LOCATION="X0Y70Z0"
SYN-1001 : ADC: Instance "u_ph1p35_324_ddr_wrapper/u_ddr2/ph1p_ddrmc_wrapper/ph1p_ddrmc_top/u_ddr_phy/u_ddrphy_top/u_ddrphy/ac_byte[1]$ac_byte_used$u_ddrphy_ac_byte_wrapper/u_ddrphy_byte" LOCATION="X0Y60Z0"
SYN-1001 : ADC: Instance "u_ph1p35_324_ddr_wrapper/u_ddr2/ph1p_ddrmc_wrapper/ph1p_ddrmc_top/u_ddr_phy/u_ddrphy_top/u_ddrphy/ac_byte[2]$ac_byte_used$u_ddrphy_ac_byte_wrapper/u_ddrphy_byte" LOCATION="X0Y50Z0"
SYN-1001 : ADC: Instance "u_ph1p35_324_ddr_wrapper/u_ddr2/ph1p_ddrmc_wrapper/ph1p_ddrmc_top/u_ddr_phy/u_ddrphy_top/u_ddrphy/ac_byte[3]$ac_byte_used$u_ddrphy_ac_byte_wrapper/u_ddrphy_byte" LOCATION="X0Y40Z0"
SYN-1001 : ADC: Instance "u_ph1p35_324_ddr_wrapper/u_ddr2/ph1p_ddrmc_wrapper/ph1p_ddrmc_top/u_ddr_phy/u_ddrphy_top/u_ddrphy/bkref[0]$u_ddrphy_bankref" LOCATION="X0Y19Z0"
SYN-1001 : ADC: Instance "u_ph1p35_324_ddr_wrapper/u_ddr2/ph1p_ddrmc_wrapper/ph1p_ddrmc_top/u_ddr_phy/u_ddrphy_top/u_ddrphy/bkref[1]$u_ddrphy_bankref" LOCATION="X0Y59Z0"
SYN-1001 : ADC: Instance "u_ph1p35_324_ddr_wrapper/u_ddr2/ph1p_ddrmc_wrapper/ph1p_ddrmc_top/u_ddr_phy/u_ddrphy_top/u_ddrphy/dx_byte[0]$dx_byte_used$u_ddrphy_dx_byte_wrapper/u_ddrphy_byte" LOCATION="X0Y30Z0"
SYN-1001 : ADC: Instance "u_ph1p35_324_ddr_wrapper/u_ddr2/ph1p_ddrmc_wrapper/ph1p_ddrmc_top/u_ddr_phy/u_ddrphy_top/u_ddrphy/dx_byte[1]$dx_byte_used$u_ddrphy_dx_byte_wrapper/u_ddrphy_byte" LOCATION="X0Y10Z0"
SYN-1001 : ADC: Instance "u_ph1p35_324_ddr_wrapper/u_ddr2/ph1p_ddrmc_wrapper/ph1p_ddrmc_top/u_ddr_phy/u_ddrphy_top/u_ddrphy_clk/ioclk[0]$u_ioclk_0" LOCATION="X0Y59Z0"
SYN-1001 : ADC: Instance "u_ph1p35_324_ddr_wrapper/u_ddr2/ph1p_ddrmc_wrapper/ph1p_ddrmc_top/u_ddr_phy/u_ddrphy_top/u_ddrphy_clk/ioclk[0]$u_ioclk_1" LOCATION="X0Y59Z1"
SYN-1001 : ADC: Instance "u_ph1p35_324_ddr_wrapper/u_ddr2/ph1p_ddrmc_wrapper/ph1p_ddrmc_top/u_ddr_phy/u_ddrphy_top/u_ddrphy_clk/ioclk[1]$u_ioclk_0" LOCATION="X0Y19Z0"
SYN-1001 : ADC: Instance "u_ph1p35_324_ddr_wrapper/u_ddr2/ph1p_ddrmc_wrapper/ph1p_ddrmc_top/u_ddr_phy/u_ddrphy_top/u_ddrphy_clk/ioclk[1]$u_ioclk_1" LOCATION="X0Y19Z1"
SYN-1001 : ADC: Instance "u_ph1p35_324_ddr_wrapper/u_ddr2/ph1p_ddrmc_wrapper/ph1p_ddrmc_top/u_ddr_phy/u_ddrphy_top/u_ddrphy_clk/u_mlclk_1" LOCATION="X0Y59Z0"
SYN-1001 : ADC: Instance "u_ph1p35_324_ddr_wrapper/u_ddr2/ph1p_ddrmc_wrapper/ph1p_ddrmc_top/u_ddr_phy/u_ddrphy_top/u_ddrphy_clk/u_mlclk_2" LOCATION="X0Y59Z1"
SYN-1001 : ADC: Instance "u_ph1p35_324_ddr_wrapper/u_ddr2/ph1p_ddrmc_wrapper/ph1p_ddrmc_top/u_ddr_phy/u_ddrphy_top/u_ddrphy_clk/u_pll0/u_pll_inst" LOCATION="X0Y40Z0"
SYN-1001 : ADC: Instance "u_ph1p35_324_ddr_wrapper/u_ddr2/ph1p_ddrmc_wrapper/ph1p_ddrmc_top/u_ddr_phy/u_ddrphy_top/u_ddrphy_clk/u_pll1/u_pll_inst" LOCATION="X0Y79Z0"
PHY-1001 : Remove keep and sweep redundant instances ...
PHY-1001 : 9323 luts, 13350 seqs, 280 mslices, 3260 lslices, 53 pads, 45 brams, 8 dsps
PHY-1001 : End Stage 1.1 | Build Design; Time: 0.479078s wall, 0.453125s user + 0.031250s system = 0.484375s CPU (101.1%); Memory(MB): used = 520, reserved = 517, peak = 520;

PHY-1001 : Stage 1.2 | Optimize Design
OPT-1001 : Stage 1.2.1 | Simplify Lut
OPT-1001 : End Stage 1.2.1 | Simplify Lut; Time: 0.056783s wall, 0.062500s user + 0.000000s system = 0.062500s CPU (110.1%); Memory(MB): used = 520, reserved = 517, peak = 520;

OPT-1001 : Stage 1.2.2 | Sweep
OPT-1001 : End Stage 1.2.2 | Sweep; Time: 0.019639s wall, 0.015625s user + 0.000000s system = 0.015625s CPU (79.6%); Memory(MB): used = 520, reserved = 517, peak = 520;

OPT-1001 : Stage 1.2.3 | Merge Lut
OPT-1001 : Start remap optimization ...
RUN-1001 :   Added 0 lut1 for undup drivers
OPT-1001 : skip lut merge since lut number 9321 is similar to or less than reg number 13350
OPT-1001 : End Stage 1.2.3 | Merge Lut; Time: 0.027358s wall, 0.031250s user + 0.000000s system = 0.031250s CPU (114.2%); Memory(MB): used = 521, reserved = 517, peak = 521;

OPT-1001 : Stage 1.2.4 | Synthesize High-fanout Net
OPT-1001 : Start high-fanout net optimization in pre-place flow with medium effort ...
RUN-1001 : HFN opt statistic
RUN-1001 : ------------------------------------------------------
RUN-1001 :   DriverCell type  |  HFN count  |  Duplicated count  
RUN-1001 : ------------------------------------------------------
RUN-1001 :       LSLICE       |      0      |         0          
RUN-1001 :       MSLICE       |      0      |         0          
RUN-1001 :        TOTAL       |      0      |         0          
RUN-1001 : ------------------------------------------------------
OPT-1001 : End high-fanout net optimization;  0.000114s wall, 0.000000s user + 0.000000s system = 0.000000s CPU (n/a%)

OPT-1001 : Current memory(MB): used = 521, reserved = 517, peak = 521.
OPT-1001 : End Stage 1.2.4 | Synthesize High-fanout Net; Time: 0.000202s wall, 0.000000s user + 0.000000s system = 0.000000s CPU (n/a%); Memory(MB): used = 521, reserved = 517, peak = 521;

OPT-1001 : End physical optimization;  0.104252s wall, 0.109375s user + 0.000000s system = 0.109375s CPU (104.9%)

PHY-1001 : End Stage 1.2 | Optimize Design; Time: 0.104333s wall, 0.109375s user + 0.000000s system = 0.109375s CPU (104.8%); Memory(MB): used = 521, reserved = 517, peak = 521;

PHY-1001 : Stage 1.3 | Initialize Clock
PHY-1001 : Start to synthesize physical clock networks.
RUN-1002 : start command "start_timer"
USR-1002 : Derived clock:  create_generated_clock -name {u_PLL/ph1p_phy_pll_wrapper_25a56e5ce2f9_Inst/u_PH1P_PHY_PLL.clkc[0]} -source [get_ports {I_sys_clk}] -master_clock {sys_clk_50m} -multiply_by 2.0000 -duty_cycle 50.0000 [get_pins {u_PLL/ph1p_phy_pll_wrapper_25a56e5ce2f9_Inst/u_PH1P_PHY_PLL.clkc[0]}]
USR-1002 : Derived clock:  create_generated_clock -name {u_PLL/ph1p_phy_pll_wrapper_25a56e5ce2f9_Inst/u_PH1P_PHY_PLL.clkc[1]} -source [get_ports {I_sys_clk}] -master_clock {sys_clk_50m} -divide_by 2.1000 -duty_cycle 50.0000 [get_pins {u_PLL/ph1p_phy_pll_wrapper_25a56e5ce2f9_Inst/u_PH1P_PHY_PLL.clkc[1]}]
USR-1002 : Derived clock:  create_generated_clock -name {u_PLL/ph1p_phy_pll_wrapper_25a56e5ce2f9_Inst/u_PH1P_PHY_PLL.clkc[4]} -source [get_ports {I_sys_clk}] -master_clock {sys_clk_50m} -multiply_by 1.5000 -duty_cycle 50.0000 [get_pins {u_PLL/ph1p_phy_pll_wrapper_25a56e5ce2f9_Inst/u_PH1P_PHY_PLL.clkc[4]}]
USR-1002 : Derived clock:  create_generated_clock -name {u_PLL/ph1p_phy_pll_wrapper_25a56e5ce2f9_Inst/u_PH1P_PHY_PLL.clkc[5]} -source [get_ports {I_sys_clk}] -master_clock {sys_clk_50m} -multiply_by 7.5000 -duty_cycle 50.0000 [get_pins {u_PLL/ph1p_phy_pll_wrapper_25a56e5ce2f9_Inst/u_PH1P_PHY_PLL.clkc[5]}]
USR-1002 : Derived clock:  create_generated_clock -name {u_ph1p35_324_ddr_wrapper/u_ddr2/ph1p_ddrmc_wrapper/ph1p_ddrmc_top/u_ddr_phy/u_ddrphy_top/u_ddrphy_clk/u_pll0/u_pll_inst.clkc[0]} -source [get_ports {I_sys_clk}] -master_clock {sys_clk_50m} -multiply_by 1.3333 -duty_cycle 50.0000 [get_pins {u_ph1p35_324_ddr_wrapper/u_ddr2/ph1p_ddrmc_wrapper/ph1p_ddrmc_top/u_ddr_phy/u_ddrphy_top/u_ddrphy_clk/u_pll0/u_pll_inst.clkc[0]}]
USR-1002 : Derived clock:  create_generated_clock -name {u_ph1p35_324_ddr_wrapper/u_ddr2/ph1p_ddrmc_wrapper/ph1p_ddrmc_top/u_ddr_phy/u_ddrphy_top/u_ddrphy_clk/u_pll0/u_pll_inst.clkc[1]} -source [get_ports {I_sys_clk}] -master_clock {sys_clk_50m} -multiply_by 1.3333 -duty_cycle 50.0000 [get_pins {u_ph1p35_324_ddr_wrapper/u_ddr2/ph1p_ddrmc_wrapper/ph1p_ddrmc_top/u_ddr_phy/u_ddrphy_top/u_ddrphy_clk/u_pll0/u_pll_inst.clkc[1]}]
USR-1002 : Derived clock:  create_generated_clock -name {u_ph1p35_324_ddr_wrapper/u_ddr2/ph1p_ddrmc_wrapper/ph1p_ddrmc_top/u_ddr_phy/u_ddrphy_top/u_ddrphy_clk/u_pll0/u_pll_inst.clkc[2]} -source [get_ports {I_sys_clk}] -master_clock {sys_clk_50m} -multiply_by 5.3333 -duty_cycle 50.0000 [get_pins {u_ph1p35_324_ddr_wrapper/u_ddr2/ph1p_ddrmc_wrapper/ph1p_ddrmc_top/u_ddr_phy/u_ddrphy_top/u_ddrphy_clk/u_pll0/u_pll_inst.clkc[2]}]
USR-1002 : Derived clock:  create_generated_clock -name {u_ph1p35_324_ddr_wrapper/u_ddr2/ph1p_ddrmc_wrapper/ph1p_ddrmc_top/u_ddr_phy/u_ddrphy_top/u_ddrphy_clk/u_pll0/u_pll_inst.clkc[3]} -source [get_ports {I_sys_clk}] -master_clock {sys_clk_50m} -divide_by 1.9687 -duty_cycle 50.0000 [get_pins {u_ph1p35_324_ddr_wrapper/u_ddr2/ph1p_ddrmc_wrapper/ph1p_ddrmc_top/u_ddr_phy/u_ddrphy_top/u_ddrphy_clk/u_pll0/u_pll_inst.clkc[3]}]
USR-1002 : Derived clock:  create_generated_clock -name {u_ph1p35_324_ddr_wrapper/u_ddr2/ph1p_ddrmc_wrapper/ph1p_ddrmc_top/u_ddr_phy/u_ddrphy_top/u_ddrphy_clk/u_pll1/u_pll_inst.clkc[0]} -source [get_pins {u_ph1p35_324_ddr_wrapper/u_ddr2/ph1p_ddrmc_wrapper/ph1p_ddrmc_top/u_ddr_phy/u_ddrphy_top/u_ddrphy_clk/u_pll0/u_pll_inst.clkc[0]}] -master_clock {u_ph1p35_324_ddr_wrapper/u_ddr2/ph1p_ddrmc_wrapper/ph1p_ddrmc_top/u_ddr_phy/u_ddrphy_top/u_ddrphy_clk/u_pll0/u_pll_inst.clkc[0]} -multiply_by 1.0000 -duty_cycle 50.0000 [get_pins {u_ph1p35_324_ddr_wrapper/u_ddr2/ph1p_ddrmc_wrapper/ph1p_ddrmc_top/u_ddr_phy/u_ddrphy_top/u_ddrphy_clk/u_pll1/u_pll_inst.clkc[0]}]
8.888000
15.000000
15.000000
13.333000
RUN-1003 : finish command "start_timer" in  1.850819s wall, 1.796875s user + 0.031250s system = 1.828125s CPU (98.8%)

RUN-1004 : used memory is 692 MB, reserved memory is 687 MB, peak memory is 692 MB
TMR-2502 : Net delay update with mode: Synthesized
PHY-5060 CRITICAL-WARNING: Clock net candidate u_uicfgcs500/uii2c_inst/scl_clk has mixed fanouts of 1 clock pins; 2 data/ctrl pins. Please check connection of the net in design.
PHY-5060 CRITICAL-WARNING: Clock net candidate O_cam_24m_syn_3 has mixed fanouts of 176 clock pins; 1 data/ctrl pins. Please check connection of the net in design.
PHY-1001 : Populate physical database on model design_top_wrapper.
RUN-1001 : There are total 26401 instances
RUN-0007 : 9321 luts, 13350 seqs, 280 mslices, 3260 lslices, 53 pads, 45 brams, 8 dsps
RUN-1001 : There are total 36233 nets
RUN-1001 : 24614 nets have 2 pins
RUN-1001 : 9390 nets have [3 - 5] pins
RUN-1001 : 1533 nets have [6 - 10] pins
RUN-1001 : 403 nets have [11 - 20] pins
RUN-1001 : 253 nets have [21 - 99] pins
RUN-1001 : 40 nets have 100+ pins
PHY-1001 : Start to check user instance location assignments; please refer to ADC constraint.
PHY-1001 : End Stage 1.3 | Initialize Clock; Time: 3.066762s wall, 3.000000s user + 0.062500s system = 3.062500s CPU (99.9%); Memory(MB): used = 775, reserved = 768, peak = 775;

PHY-1001 : End Stage 1 | Initialize Design; Time: 3.691277s wall, 3.593750s user + 0.093750s system = 3.687500s CPU (99.9%); Memory(MB): used = 775, reserved = 768, peak = 775;

PHY-1001 : Stage 2 | Global Placement
RUN-1001 : Report Control nets information:
RUN-1001 : DFF Distribution
RUN-1001 : -------------------------------------
RUN-1001 :   CE   |  SSR  |  ASR  |  DFF Count  
RUN-1001 : -------------------------------------
RUN-1001 :   No   |  No   |  No   |    6553     
RUN-1001 :   No   |  No   |  Yes  |    3443     
RUN-1001 :   No   |  Yes  |  No   |     182     
RUN-1001 :   Yes  |  No   |  No   |     376     
RUN-1001 :   Yes  |  No   |  Yes  |    2874     
RUN-1001 :   Yes  |  Yes  |  No   |     146     
RUN-1001 : -------------------------------------
RUN-1001 : Control Group Statistic
RUN-1001 : -----------------------------
RUN-1001 :   #CLK  |  #CE  |  #SSR/ASR  
RUN-1001 : -----------------------------
RUN-1001 :    9    |  122  |     25     
RUN-1001 : -----------------------------
RUN-0007 : Control Set = 157
PHY-1001 : Stage 2.1 | Place Fixed Instances
PHY-1001 : Processing 2 clock pins of DDR instance u_ph1p35_324_ddr_wrapper/u_ddr2/ph1p_ddrmc_wrapper/ph1p_ddrmc_top/u_ddr_phy/u_ddrphy_top/u_ddrphy/ac_byte[0]$ac_byte_used$u_ddrphy_ac_byte_wrapper/u_ddrphy_byte, location = x0y70z0.
PHY-1001 :   User location X0Y59Z1 of ioclk instance u_ph1p35_324_ddr_wrapper/u_ddr2/ph1p_ddrmc_wrapper/ph1p_ddrmc_top/u_ddr_phy/u_ddrphy_top/u_ddrphy_clk/ioclk[0]$u_ioclk_1.
PHY-1001 :   Placement of ioclk instance u_ph1p35_324_ddr_wrapper/u_ddr2/ph1p_ddrmc_wrapper/ph1p_ddrmc_top/u_ddr_phy/u_ddrphy_top/u_ddrphy_clk/ioclk[0]$u_ioclk_1; location = x0y59z1.
PHY-1001 :   User location X0Y59Z0 of ioclk instance u_ph1p35_324_ddr_wrapper/u_ddr2/ph1p_ddrmc_wrapper/ph1p_ddrmc_top/u_ddr_phy/u_ddrphy_top/u_ddrphy_clk/ioclk[0]$u_ioclk_0.
PHY-1001 :   Placement of ioclk instance u_ph1p35_324_ddr_wrapper/u_ddr2/ph1p_ddrmc_wrapper/ph1p_ddrmc_top/u_ddr_phy/u_ddrphy_top/u_ddrphy_clk/ioclk[0]$u_ioclk_0; location = x0y59z0.
PHY-1001 : Processing 2 clock pins of DDR instance u_ph1p35_324_ddr_wrapper/u_ddr2/ph1p_ddrmc_wrapper/ph1p_ddrmc_top/u_ddr_phy/u_ddrphy_top/u_ddrphy/ac_byte[1]$ac_byte_used$u_ddrphy_ac_byte_wrapper/u_ddrphy_byte, location = x0y60z0.
PHY-1001 :   Placed ioclk instance u_ph1p35_324_ddr_wrapper/u_ddr2/ph1p_ddrmc_wrapper/ph1p_ddrmc_top/u_ddr_phy/u_ddrphy_top/u_ddrphy_clk/ioclk[0]$u_ioclk_1, location = x0y59z1.
PHY-1001 :   Placed ioclk instance u_ph1p35_324_ddr_wrapper/u_ddr2/ph1p_ddrmc_wrapper/ph1p_ddrmc_top/u_ddr_phy/u_ddrphy_top/u_ddrphy_clk/ioclk[0]$u_ioclk_0, location = x0y59z0.
PHY-1001 : Processing 2 clock pins of DDR instance u_ph1p35_324_ddr_wrapper/u_ddr2/ph1p_ddrmc_wrapper/ph1p_ddrmc_top/u_ddr_phy/u_ddrphy_top/u_ddrphy/ac_byte[2]$ac_byte_used$u_ddrphy_ac_byte_wrapper/u_ddrphy_byte, location = x0y50z0.
PHY-1001 :   Placed ioclk instance u_ph1p35_324_ddr_wrapper/u_ddr2/ph1p_ddrmc_wrapper/ph1p_ddrmc_top/u_ddr_phy/u_ddrphy_top/u_ddrphy_clk/ioclk[0]$u_ioclk_1, location = x0y59z1.
PHY-1001 :   Placed ioclk instance u_ph1p35_324_ddr_wrapper/u_ddr2/ph1p_ddrmc_wrapper/ph1p_ddrmc_top/u_ddr_phy/u_ddrphy_top/u_ddrphy_clk/ioclk[0]$u_ioclk_0, location = x0y59z0.
PHY-1001 : Processing 2 clock pins of DDR instance u_ph1p35_324_ddr_wrapper/u_ddr2/ph1p_ddrmc_wrapper/ph1p_ddrmc_top/u_ddr_phy/u_ddrphy_top/u_ddrphy/ac_byte[3]$ac_byte_used$u_ddrphy_ac_byte_wrapper/u_ddrphy_byte, location = x0y40z0.
PHY-1001 :   Placed ioclk instance u_ph1p35_324_ddr_wrapper/u_ddr2/ph1p_ddrmc_wrapper/ph1p_ddrmc_top/u_ddr_phy/u_ddrphy_top/u_ddrphy_clk/ioclk[0]$u_ioclk_1, location = x0y59z1.
PHY-1001 :   Placed ioclk instance u_ph1p35_324_ddr_wrapper/u_ddr2/ph1p_ddrmc_wrapper/ph1p_ddrmc_top/u_ddr_phy/u_ddrphy_top/u_ddrphy_clk/ioclk[0]$u_ioclk_0, location = x0y59z0.
PHY-1001 : Processing 2 clock pins of DDR instance u_ph1p35_324_ddr_wrapper/u_ddr2/ph1p_ddrmc_wrapper/ph1p_ddrmc_top/u_ddr_phy/u_ddrphy_top/u_ddrphy/dx_byte[0]$dx_byte_used$u_ddrphy_dx_byte_wrapper/u_ddrphy_byte, location = x0y30z0.
PHY-1001 :   User location X0Y19Z1 of ioclk instance u_ph1p35_324_ddr_wrapper/u_ddr2/ph1p_ddrmc_wrapper/ph1p_ddrmc_top/u_ddr_phy/u_ddrphy_top/u_ddrphy_clk/ioclk[1]$u_ioclk_1.
PHY-1001 :   Placement of ioclk instance u_ph1p35_324_ddr_wrapper/u_ddr2/ph1p_ddrmc_wrapper/ph1p_ddrmc_top/u_ddr_phy/u_ddrphy_top/u_ddrphy_clk/ioclk[1]$u_ioclk_1; location = x0y19z1.
PHY-1001 :   User location X0Y19Z0 of ioclk instance u_ph1p35_324_ddr_wrapper/u_ddr2/ph1p_ddrmc_wrapper/ph1p_ddrmc_top/u_ddr_phy/u_ddrphy_top/u_ddrphy_clk/ioclk[1]$u_ioclk_0.
PHY-1001 :   Placement of ioclk instance u_ph1p35_324_ddr_wrapper/u_ddr2/ph1p_ddrmc_wrapper/ph1p_ddrmc_top/u_ddr_phy/u_ddrphy_top/u_ddrphy_clk/ioclk[1]$u_ioclk_0; location = x0y19z0.
PHY-1001 : Processing 2 clock pins of DDR instance u_ph1p35_324_ddr_wrapper/u_ddr2/ph1p_ddrmc_wrapper/ph1p_ddrmc_top/u_ddr_phy/u_ddrphy_top/u_ddrphy/dx_byte[1]$dx_byte_used$u_ddrphy_dx_byte_wrapper/u_ddrphy_byte, location = x0y10z0.
PHY-1001 :   Placed ioclk instance u_ph1p35_324_ddr_wrapper/u_ddr2/ph1p_ddrmc_wrapper/ph1p_ddrmc_top/u_ddr_phy/u_ddrphy_top/u_ddrphy_clk/ioclk[1]$u_ioclk_1, location = x0y19z1.
PHY-1001 :   Placed ioclk instance u_ph1p35_324_ddr_wrapper/u_ddr2/ph1p_ddrmc_wrapper/ph1p_ddrmc_top/u_ddr_phy/u_ddrphy_top/u_ddrphy_clk/ioclk[1]$u_ioclk_0, location = x0y19z0.
PHY-1001 : DDR MLCLK topology u_ph1p35_324_ddr_wrapper/u_ddr2/ph1p_ddrmc_wrapper/ph1p_ddrmc_top/u_ddr_phy/u_ddrphy_top/u_ddrphy_clk/u_mlclk_1.
PHY-1001 :   Driver: PH1P_PHY_PLL_V2 u_ph1p35_324_ddr_wrapper/u_ddr2/ph1p_ddrmc_wrapper/ph1p_ddrmc_top/u_ddr_phy/u_ddrphy_top/u_ddrphy_clk/u_pll0/u_pll_inst.clkc[1], user location :X0Y40Z0.
PHY-1001 :   Sink: PH1P_PHY_IOCLK u_ph1p35_324_ddr_wrapper/u_ddr2/ph1p_ddrmc_wrapper/ph1p_ddrmc_top/u_ddr_phy/u_ddrphy_top/u_ddrphy_clk/ioclk[0]$u_ioclk_0, location = x0y59z0, sectorID = 1.
PHY-1001 :   Sink: PH1P_PHY_IOCLK u_ph1p35_324_ddr_wrapper/u_ddr2/ph1p_ddrmc_wrapper/ph1p_ddrmc_top/u_ddr_phy/u_ddrphy_top/u_ddrphy_clk/ioclk[1]$u_ioclk_0, location = x0y19z0, sectorID = 0.
PHY-1001 : Placement of MLCLK instance u_ph1p35_324_ddr_wrapper/u_ddr2/ph1p_ddrmc_wrapper/ph1p_ddrmc_top/u_ddr_phy/u_ddrphy_top/u_ddrphy_clk/u_mlclk_1; location = x0y59z0,  sectorID = 1.
PHY-1001 : DDR MLCLK topology u_ph1p35_324_ddr_wrapper/u_ddr2/ph1p_ddrmc_wrapper/ph1p_ddrmc_top/u_ddr_phy/u_ddrphy_top/u_ddrphy_clk/u_mlclk_2.
PHY-1001 :   Driver: PH1P_PHY_PLL_V2 u_ph1p35_324_ddr_wrapper/u_ddr2/ph1p_ddrmc_wrapper/ph1p_ddrmc_top/u_ddr_phy/u_ddrphy_top/u_ddrphy_clk/u_pll0/u_pll_inst.clkc[2], user location :X0Y40Z0.
PHY-1001 :   Sink: PH1P_PHY_IOCLK u_ph1p35_324_ddr_wrapper/u_ddr2/ph1p_ddrmc_wrapper/ph1p_ddrmc_top/u_ddr_phy/u_ddrphy_top/u_ddrphy_clk/ioclk[0]$u_ioclk_1, location = x0y59z1, sectorID = 1.
PHY-1001 :   Sink: PH1P_PHY_IOCLK u_ph1p35_324_ddr_wrapper/u_ddr2/ph1p_ddrmc_wrapper/ph1p_ddrmc_top/u_ddr_phy/u_ddrphy_top/u_ddrphy_clk/ioclk[1]$u_ioclk_1, location = x0y19z1, sectorID = 0.
PHY-1001 : Placement of MLCLK instance u_ph1p35_324_ddr_wrapper/u_ddr2/ph1p_ddrmc_wrapper/ph1p_ddrmc_top/u_ddr_phy/u_ddrphy_top/u_ddrphy_clk/u_mlclk_2; location = x0y59z1,  sectorID = 1.
PHY-5016 WARNING: PLL clkc is driving an IO without location.
PHY-5016 WARNING: PLL clkc is not driving a clock-capable IO.
PHY-5016 WARNING: PLL clkc is driving an IO without location.
PHY-5016 WARNING: PLL clkc is not driving a clock-capable IO.
PHY-1001 : End Stage 2.1 | Place Fixed Instances; Time: 0.068678s wall, 0.078125s user + 0.000000s system = 0.078125s CPU (113.8%); Memory(MB): used = 803, reserved = 796, peak = 803;

PHY-1001 : Stage 2.2 | Pre-Place DRC Check
PHY-1001 : Stage 2.2.1 | Force Route Constraint Check
PHY-1001 : Check Pass.
PHY-1001 : End Stage 2.2.1 | Force Route Constraint Check; Time: 0.003161s wall, 0.000000s user + 0.000000s system = 0.000000s CPU (n/a%); Memory(MB): used = 803, reserved = 796, peak = 803;

PHY-1001 : End Stage 2.2 | Pre-Place DRC Check; Time: 0.003208s wall, 0.000000s user + 0.000000s system = 0.000000s CPU (n/a%); Memory(MB): used = 803, reserved = 796, peak = 803;

PHY-1001 : Clock GCLK Statistics:
RUN-1001 : GCLK Index: 
RUN-1001 : -------------------------------------------------------------------------------------------------------------------------------------------------------
RUN-1001 :   Index  |                                                          Clock GCLK                                                           |  Location   
RUN-1001 : -------------------------------------------------------------------------------------------------------------------------------------------------------
RUN-1001 :     1    |                           u_mipi_dphy_rx_ph1p_mipiio_wrapper/u_ph1p_mipiio_rx_wrapper/bufg_feedback                           |  x23y39z0   
RUN-1001 :     2    |   u_ph1p35_324_ddr_wrapper/u_ddr2/ph1p_ddrmc_wrapper/ph1p_ddrmc_top/u_ddr_phy/u_ddrphy_top/u_ddrphy_clk/u_pll1/u_bufg_fbclk   |  x23y39z16  
RUN-1001 :     3    |                                              u_hdmi_mixer/I_clk_created_gclkinst                                              |  x23y39z17  
RUN-1001 :     4    |                                               O_cam_24m_dup_1_created_gclkinst                                                |  x23y39z18  
RUN-1001 :     5    |                                               I_sys_clk_dup_6_created_gclkinst                                                |  x23y39z22  
RUN-1001 :     6    |                          u_hdmi_tx/u_hdmi2phy_wrapper/u0_lane_lvds_8_1/I_serial_clk_created_gclkinst                          |  x23y39z19  
RUN-1001 :     7    |  u_ph1p35_324_ddr_wrapper/u_ddr2/ph1p_ddrmc_wrapper/ph1p_ddrmc_top/u_ddr_phy/u_ddrphy_top/u_ddrphy/apb_pclk_created_gclkinst  |  x23y39z20  
RUN-1001 :     8    |                                       u_uicfgcs500/uii2c_inst/scl_clk_created_gclkinst                                        |  x23y39z1   
RUN-1001 :     9    |                                                      u_PLL/bufg_feedback                                                      |  x23y39z21  
RUN-1001 : -------------------------------------------------------------------------------------------------------------------------------------------------------
RUN-1001 : Clock Nets Connect To GCLK Statistics: 
RUN-1001 : -----------------------------------------------------------------------------------------------------------------------------------------------------------------------------------------
RUN-1001 :   Index  |                        Leading Net                        |  CLK/DATA/IO/PLL Sink(s)  |                       Following Net                       |  CLK/DATA/IO/PLL Sink(s)  
RUN-1001 : -----------------------------------------------------------------------------------------------------------------------------------------------------------------------------------------
RUN-1001 :     1    | u_mipi_dphy_rx_ph1p_mipiio_wrapper/u_ph1p_mipiio_rx_w...  |          1/0/0/0          | u_isp_top/u_rgb96_downscale_crop/u_scale_line_buffer/...  |        8723/0/0/0         
RUN-1001 :     2    | u_ph1p35_324_ddr_wrapper/u_ddr2/ph1p_ddrmc_wrapper/ph...  |          1/0/0/0          | u_ph1p35_324_ddr_wrapper/u_ddr2/ph1p_ddrmc_wrapper/ph...  |        3129/0/0/0         
RUN-1001 :     3    |                    u_hdmi_mixer/I_clk                     |          1/0/0/0          |                u_hdmi_mixer/I_clk_syn_652                 |        1306/0/0/0         
RUN-1001 :     4    |                      O_cam_24m_dup_1                      |          1/0/0/0          |                      O_cam_24m_syn_3                      |         176/1/0/0         
RUN-1001 :     5    |                      I_sys_clk_dup_6                      |          3/0/0/0          |                      I_sys_clk_syn_8                      |         137/0/0/0         
RUN-1001 :     6    | u_hdmi_tx/u_hdmi2phy_wrapper/u0_lane_lvds_8_1/I_seria...  |          1/0/0/0          | u_hdmi_tx/u_hdmi2phy_wrapper/u0_lane_lvds_8_1/I_seria...  |         61/0/0/0          
RUN-1001 :     7    | u_ph1p35_324_ddr_wrapper/u_ddr2/ph1p_ddrmc_wrapper/ph...  |          1/0/0/0          | u_ph1p35_324_ddr_wrapper/u_ddr2/ph1p_ddrmc_wrapper/ph...  |         43/0/0/0          
RUN-1001 :     8    |              u_uicfgcs500/uii2c_inst/scl_clk              |          1/2/0/0          |           u_uicfgcs500/uii2c_inst/scl_clk_syn_9           |         24/0/0/0          
RUN-1001 :     9    |                      u_PLL/clk0_buf                       |          1/0/0/0          | u_mipi_dphy_rx_ph1p_mipiio_wrapper/u_ph1p_mipiio_rx_w...  |         13/0/0/0          
RUN-1001 : -----------------------------------------------------------------------------------------------------------------------------------------------------------------------------------------
PHY-1001 : Stage 2.3 | Global Placement Step 1
PHY-3001 : Target density is 60%
PHY-1001 : Stage 2.3.1 | Update Timing
RUN-1002 : start command "start_timer"
RUN-1003 : finish command "start_timer" in  1.376667s wall, 1.375000s user + 0.000000s system = 1.375000s CPU (99.9%)

RUN-1004 : used memory is 836 MB, reserved memory is 830 MB, peak memory is 836 MB
PHY-1001 : SWNS: -25, STNS: -50, FEP: 2
PHY-3001 : tot_pins 257194 tot_hfn_pins 20296 perc. 7 tot_hhfn_pins 4497 perc. 1
PHY-1001 : End Stage 2.3.1 | Update Timing; Time: 2.630119s wall, 2.625000s user + 0.000000s system = 2.625000s CPU (99.8%); Memory(MB): used = 849, reserved = 842, peak = 849;

PHY-0007 : Cell area utilization is 48%
RUN-1001 : Huge Net Statistic
RUN-1001 : ----------------------------------------------------------------------------------------------------------------------------
RUN-1001 :   Fanout  |  Slack  |                                                  Net                                                  
RUN-1001 : ----------------------------------------------------------------------------------------------------------------------------
RUN-1001 :    3153   |   Inf   |  u_ph1p35_324_ddr_wrapper/u_ddr2/ph1p_ddrmc_wrapper/ph1p_ddrmc_top/u_ddr_phy/u_ddrphy_top/sys_rst_n   
RUN-1001 :    1344   |  11994  |  u_ph1p35_324_ddr_wrapper/u_ddr2/ph1p_ddrmc_wrapper/ph1p_ddrmc_top/u_alc_mc_top/u_rbuf_addr_fifo/rst  
RUN-1001 : ----------------------------------------------------------------------------------------------------------------------------
PHY-3001 : Clustering ...
PHY-3001 : End clustering;  0.149036s wall, 0.500000s user + 0.328125s system = 0.828125s CPU (555.7%)

PHY-3001 : Target density is 60%
PHY-1001 : Stage 2.3.2 | GP Iteration
PHY-1001 : End Stage 2.3.2 | GP Iteration; Time: 2.227911s wall, 9.328125s user + 2.921875s system = 12.250000s CPU (549.8%); Memory(MB): used = 859, reserved = 852, peak = 859;

PHY-3001 : Multithread accelerating rate: 5.43
RUN-1002 : start command "start_timer"
USR-1002 : Derived clock:  create_generated_clock -name {u_PLL/ph1p_phy_pll_wrapper_25a56e5ce2f9_Inst/u_PH1P_PHY_PLL.clkc[0]} -source [get_ports {I_sys_clk}] -master_clock {sys_clk_50m} -multiply_by 2.0000 -duty_cycle 50.0000 [get_pins {u_PLL/ph1p_phy_pll_wrapper_25a56e5ce2f9_Inst/u_PH1P_PHY_PLL.clkc[0]}]
USR-1002 : Derived clock:  create_generated_clock -name {u_PLL/ph1p_phy_pll_wrapper_25a56e5ce2f9_Inst/u_PH1P_PHY_PLL.clkc[1]} -source [get_ports {I_sys_clk}] -master_clock {sys_clk_50m} -divide_by 2.1000 -duty_cycle 50.0000 [get_pins {u_PLL/ph1p_phy_pll_wrapper_25a56e5ce2f9_Inst/u_PH1P_PHY_PLL.clkc[1]}]
USR-1002 : Derived clock:  create_generated_clock -name {u_PLL/ph1p_phy_pll_wrapper_25a56e5ce2f9_Inst/u_PH1P_PHY_PLL.clkc[4]} -source [get_ports {I_sys_clk}] -master_clock {sys_clk_50m} -multiply_by 1.5000 -duty_cycle 50.0000 [get_pins {u_PLL/ph1p_phy_pll_wrapper_25a56e5ce2f9_Inst/u_PH1P_PHY_PLL.clkc[4]}]
USR-1002 : Derived clock:  create_generated_clock -name {u_PLL/ph1p_phy_pll_wrapper_25a56e5ce2f9_Inst/u_PH1P_PHY_PLL.clkc[5]} -source [get_ports {I_sys_clk}] -master_clock {sys_clk_50m} -multiply_by 7.5000 -duty_cycle 50.0000 [get_pins {u_PLL/ph1p_phy_pll_wrapper_25a56e5ce2f9_Inst/u_PH1P_PHY_PLL.clkc[5]}]
USR-1002 : Derived clock:  create_generated_clock -name {u_ph1p35_324_ddr_wrapper/u_ddr2/ph1p_ddrmc_wrapper/ph1p_ddrmc_top/u_ddr_phy/u_ddrphy_top/u_ddrphy_clk/u_pll0/u_pll_inst.clkc[0]} -source [get_ports {I_sys_clk}] -master_clock {sys_clk_50m} -multiply_by 1.3333 -duty_cycle 50.0000 [get_pins {u_ph1p35_324_ddr_wrapper/u_ddr2/ph1p_ddrmc_wrapper/ph1p_ddrmc_top/u_ddr_phy/u_ddrphy_top/u_ddrphy_clk/u_pll0/u_pll_inst.clkc[0]}]
USR-1002 : Derived clock:  create_generated_clock -name {u_ph1p35_324_ddr_wrapper/u_ddr2/ph1p_ddrmc_wrapper/ph1p_ddrmc_top/u_ddr_phy/u_ddrphy_top/u_ddrphy_clk/u_pll0/u_pll_inst.clkc[1]} -source [get_ports {I_sys_clk}] -master_clock {sys_clk_50m} -multiply_by 1.3333 -duty_cycle 50.0000 [get_pins {u_ph1p35_324_ddr_wrapper/u_ddr2/ph1p_ddrmc_wrapper/ph1p_ddrmc_top/u_ddr_phy/u_ddrphy_top/u_ddrphy_clk/u_pll0/u_pll_inst.clkc[1]}]
USR-1002 : Derived clock:  create_generated_clock -name {u_ph1p35_324_ddr_wrapper/u_ddr2/ph1p_ddrmc_wrapper/ph1p_ddrmc_top/u_ddr_phy/u_ddrphy_top/u_ddrphy_clk/u_pll0/u_pll_inst.clkc[2]} -source [get_ports {I_sys_clk}] -master_clock {sys_clk_50m} -multiply_by 5.3333 -duty_cycle 50.0000 [get_pins {u_ph1p35_324_ddr_wrapper/u_ddr2/ph1p_ddrmc_wrapper/ph1p_ddrmc_top/u_ddr_phy/u_ddrphy_top/u_ddrphy_clk/u_pll0/u_pll_inst.clkc[2]}]
USR-1002 : Derived clock:  create_generated_clock -name {u_ph1p35_324_ddr_wrapper/u_ddr2/ph1p_ddrmc_wrapper/ph1p_ddrmc_top/u_ddr_phy/u_ddrphy_top/u_ddrphy_clk/u_pll0/u_pll_inst.clkc[3]} -source [get_ports {I_sys_clk}] -master_clock {sys_clk_50m} -divide_by 1.9687 -duty_cycle 50.0000 [get_pins {u_ph1p35_324_ddr_wrapper/u_ddr2/ph1p_ddrmc_wrapper/ph1p_ddrmc_top/u_ddr_phy/u_ddrphy_top/u_ddrphy_clk/u_pll0/u_pll_inst.clkc[3]}]
USR-1002 : Derived clock:  create_generated_clock -name {u_ph1p35_324_ddr_wrapper/u_ddr2/ph1p_ddrmc_wrapper/ph1p_ddrmc_top/u_ddr_phy/u_ddrphy_top/u_ddrphy_clk/u_pll1/u_pll_inst.clkc[0]} -source [get_pins {u_ph1p35_324_ddr_wrapper/u_ddr2/ph1p_ddrmc_wrapper/ph1p_ddrmc_top/u_ddr_phy/u_ddrphy_top/u_ddrphy_clk/u_pll0/u_pll_inst.clkc[0]}] -master_clock {u_ph1p35_324_ddr_wrapper/u_ddr2/ph1p_ddrmc_wrapper/ph1p_ddrmc_top/u_ddr_phy/u_ddrphy_top/u_ddrphy_clk/u_pll0/u_pll_inst.clkc[0]} -multiply_by 1.0000 -duty_cycle 50.0000 [get_pins {u_ph1p35_324_ddr_wrapper/u_ddr2/ph1p_ddrmc_wrapper/ph1p_ddrmc_top/u_ddr_phy/u_ddrphy_top/u_ddrphy_clk/u_pll1/u_pll_inst.clkc[0]}]
8.888000
15.000000
15.000000
13.333000
RUN-1003 : finish command "start_timer" in  1.738592s wall, 1.671875s user + 0.031250s system = 1.703125s CPU (98.0%)

RUN-1004 : used memory is 859 MB, reserved memory is 852 MB, peak memory is 859 MB
TMR-2502 : Net delay update with mode: Placed
PHY-3001 : No need to merge 9x9 Dsps.
PHY-1001 : Populate physical database on model design_top_wrapper.
PHY-1001 : End Stage 2.3 | Global Placement Step 1; Time: 8.467533s wall, 15.843750s user + 3.296875s system = 19.140625s CPU (226.0%); Memory(MB): used = 912, reserved = 904, peak = 912;

PHY-1001 : Stage 2.4 | RAM/DSP Legalization and Detailed Placement
PHY-1001 : Stage 2.4.1 | Legalization
PHY-3001 : Before Legalized: Len = 1.61766e+06
PHY-3001 : After Legalized: Len = 1.62091e+06, Over = 95.3438
PHY-1001 : End Stage 2.4.1 | Legalization; Time: 1.539613s wall, 1.500000s user + 0.000000s system = 1.500000s CPU (97.4%); Memory(MB): used = 913, reserved = 905, peak = 913;

PHY-1001 : Stage 2.4.2 | Detailed Placement
PHY-1001 : Stage 2.4.2.1 | Simulated Annealing Based DP
PHY-0007 : Initial: WL Cost = 134776, TD Cost = 175150, SWNS = 1429, STNS = 0, Nums per T = 530, Range Limit = 2x32
PHY-0007 : Finally: WL Cost = 132288, TD Cost = 174125, WL Ratio = 0.981545, TD Ratio = 0.994148, SWNS = 1429, STNS = 0
RUN-1001 : Print Detailed placement's Summary information
RUN-1001 : -------------------------------------------------------------------------------------------------------------------------------
RUN-1001 :             |  Total  |  Accept  |  Reject by overFlow  |  Reject by worseCost  |  Failed by noTarget  |  Failed by gridCheck  
RUN-1001 : -------------------------------------------------------------------------------------------------------------------------------
RUN-1001 :   RAM/DSPs  |  2650   |    57    |          0           |         2593          |          0           |           0           
RUN-1001 :    Macros   |   406   |    6     |          0           |          400          |          0           |           0           
RUN-1001 : -------------------------------------------------------------------------------------------------------------------------------
PHY-1001 : End Stage 2.4.2.1 | Simulated Annealing Based DP; Time: 1.768402s wall, 3.265625s user + 0.187500s system = 3.453125s CPU (195.3%); Memory(MB): used = 915, reserved = 907, peak = 915;

PHY-3001 : End Detailed Place; 
PHY-1001 : End Stage 2.4.2 | Detailed Placement; Time: 1.942383s wall, 3.453125s user + 0.187500s system = 3.640625s CPU (187.4%); Memory(MB): used = 915, reserved = 907, peak = 915;

PHY-1001 : End Stage 2.4 | RAM/DSP Legalization and Detailed Placement; Time: 3.482508s wall, 4.953125s user + 0.187500s system = 5.140625s CPU (147.6%); Memory(MB): used = 915, reserved = 907, peak = 915;

PHY-1001 : Stage 2.5 | Global Placement Step 2
PHY-3001 : Target density is 60%
PHY-1001 : Stage 2.5.1 | Update Timing
PHY-1001 : SWNS: 1429, STNS: 0, FEP: 0
PHY-1001 : End Stage 2.5.1 | Update Timing; Time: 0.147898s wall, 0.140625s user + 0.000000s system = 0.140625s CPU (95.1%); Memory(MB): used = 916, reserved = 907, peak = 916;

PHY-1001 : Stage 2.5.2 | Refresh Congestion
RUN-1001 : Generating global routing grids ...
RUN-1001 : Building simple global routing graph ...
PHY-1001 : Generate routing nets ...
PHY-1001 : Reuse net number 0/12412.
PHY-1001 : Global iterations in 32 thread ...
PHY-1002 : len = 1.62931e+06, over cnt = 2131(2%), over = 11206, worst = 73
PHY-1001 : End global iterations;  0.536024s wall, 0.890625s user + 0.000000s system = 0.890625s CPU (166.2%)

PHY-1001 : Congestion index:
PHY-1001 : top1  = 182.03(S 126.09, N 99.64, E 144.90, W 139.06, I 361.29, O 447.04)
PHY-1001 : top5  = 120.71(S 76.19, N 67.16, E 94.18, W 88.09, I 173.31, O 229.93)
PHY-1001 : top10 = 98.27(S 57.20, N 52.13, E 71.17, W 67.18, I 117.77, O 160.41)
PHY-1001 : top15 = 85.24(S 46.71, N 43.50, E 57.67, W 55.24, I 89.96, O 123.78)
PHY-1001 : End Stage 2.5.2 | Refresh Congestion; Time: 0.998367s wall, 1.343750s user + 0.015625s system = 1.359375s CPU (136.2%); Memory(MB): used = 997, reserved = 995, peak = 997;

PHY-1001 : Stage 2.5.3 | GP Iteration
PHY-1001 : End Stage 2.5.3 | GP Iteration; Time: 5.006617s wall, 44.468750s user + 1.546875s system = 46.015625s CPU (919.1%); Memory(MB): used = 1001, reserved = 1000, peak = 1001;

PHY-3001 : Multithread accelerating rate: 9.14
PHY-1001 : End Stage 2.5 | Global Placement Step 2; Time: 7.706938s wall, 47.500000s user + 1.578125s system = 49.078125s CPU (636.8%); Memory(MB): used = 1004, reserved = 1003, peak = 1004;

PHY-1001 : Stage 2.6 | RAM/DSP Detailed Placement
PHY-1001 : Stage 2.6.1 | Detailed Placement
PHY-1001 : Stage 2.6.1.1 | Simulated Annealing Based DP
PHY-0007 : Initial: WL Cost = 122977, TD Cost = 205886, SWNS = 1384, STNS = 0, Nums per T = 530, Range Limit = 2x32
PHY-0007 : Finally: WL Cost = 122807, TD Cost = 205882, WL Ratio = 0.998623, TD Ratio = 0.99998, SWNS = 1384, STNS = 0
RUN-1001 : Print Detailed placement's Summary information
RUN-1001 : -------------------------------------------------------------------------------------------------------------------------------
RUN-1001 :             |  Total  |  Accept  |  Reject by overFlow  |  Reject by worseCost  |  Failed by noTarget  |  Failed by gridCheck  
RUN-1001 : -------------------------------------------------------------------------------------------------------------------------------
RUN-1001 :   RAM/DSPs  |   530   |    1     |          0           |          529          |          0           |           0           
RUN-1001 :    Macros   |   78    |    0     |          0           |          78           |          0           |           0           
RUN-1001 : -------------------------------------------------------------------------------------------------------------------------------
PHY-1001 : End Stage 2.6.1.1 | Simulated Annealing Based DP; Time: 0.114944s wall, 0.109375s user + 0.000000s system = 0.109375s CPU (95.2%); Memory(MB): used = 1005, reserved = 1003, peak = 1005;

PHY-3001 : End Detailed Place; 
PHY-1001 : End Stage 2.6.1 | Detailed Placement; Time: 0.293162s wall, 0.250000s user + 0.000000s system = 0.250000s CPU (85.3%); Memory(MB): used = 1005, reserved = 1003, peak = 1005;

PHY-1001 : Stage 2.6.2 | Spreading
OPT-1001 : Total overflow 524.31 peak overflow 4.12
PHY-3001 : Spreading for sector grids.
PHY-3001 : Iter 1, total overflow: 0
PHY-3001 : tot_capacity: 48, usage_cnt: 20, movable_cnt: 37
PHY-3001 : End spreading;  0.078277s wall, 0.359375s user + 0.000000s system = 0.359375s CPU (459.1%)

PHY-1001 : End Stage 2.6.2 | Spreading; Time: 0.078358s wall, 0.359375s user + 0.000000s system = 0.359375s CPU (458.6%); Memory(MB): used = 1005, reserved = 1003, peak = 1005;

PHY-1001 : End Stage 2.6 | RAM/DSP Detailed Placement; Time: 0.557816s wall, 0.796875s user + 0.000000s system = 0.796875s CPU (142.9%); Memory(MB): used = 1005, reserved = 1003, peak = 1005;

PHY-1001 : Stage 2.7 | Optimize Design
OPT-1001 : Start physical optimization ...
OPT-1001 : Total overflow 524.31 peak overflow 4.12
OPT-1001 : Stage 2.7.1 | Synthesize High-fanout Net
OPT-1001 : Start high-fanout net optimization in pre-pack flow with medium effort ...
OPT-1001 : Update timing in Manhattan mode
OPT-1001 : End timing update;  1.481603s wall, 1.484375s user + 0.000000s system = 1.484375s CPU (100.2%)

OPT-1001 : Start: SWNS 1384 STNS 0 NUM_FEPS 0
OPT-1001 : Total overflow 524.31 peak overflow 4.12
PHY-1001 : Populate physical database on model design_top_wrapper.
OPT-1001 : 31 high-fanout net processed.
PHY-3001 : Start incremental placement ...
PHY-1001 : Populate physical database on model design_top_wrapper.
PHY-1001 : Processing 2 clock pins of DDR instance u_ph1p35_324_ddr_wrapper/u_ddr2/ph1p_ddrmc_wrapper/ph1p_ddrmc_top/u_ddr_phy/u_ddrphy_top/u_ddrphy/ac_byte[0]$ac_byte_used$u_ddrphy_ac_byte_wrapper/u_ddrphy_byte, location = x0y70z0.
PHY-1001 :   Placed ioclk instance u_ph1p35_324_ddr_wrapper/u_ddr2/ph1p_ddrmc_wrapper/ph1p_ddrmc_top/u_ddr_phy/u_ddrphy_top/u_ddrphy_clk/ioclk[0]$u_ioclk_1, location = x0y59z1.
PHY-1001 :   Placed ioclk instance u_ph1p35_324_ddr_wrapper/u_ddr2/ph1p_ddrmc_wrapper/ph1p_ddrmc_top/u_ddr_phy/u_ddrphy_top/u_ddrphy_clk/ioclk[0]$u_ioclk_0, location = x0y59z0.
PHY-1001 : Processing 2 clock pins of DDR instance u_ph1p35_324_ddr_wrapper/u_ddr2/ph1p_ddrmc_wrapper/ph1p_ddrmc_top/u_ddr_phy/u_ddrphy_top/u_ddrphy/ac_byte[1]$ac_byte_used$u_ddrphy_ac_byte_wrapper/u_ddrphy_byte, location = x0y60z0.
PHY-1001 :   Placed ioclk instance u_ph1p35_324_ddr_wrapper/u_ddr2/ph1p_ddrmc_wrapper/ph1p_ddrmc_top/u_ddr_phy/u_ddrphy_top/u_ddrphy_clk/ioclk[0]$u_ioclk_1, location = x0y59z1.
PHY-1001 :   Placed ioclk instance u_ph1p35_324_ddr_wrapper/u_ddr2/ph1p_ddrmc_wrapper/ph1p_ddrmc_top/u_ddr_phy/u_ddrphy_top/u_ddrphy_clk/ioclk[0]$u_ioclk_0, location = x0y59z0.
PHY-1001 : Processing 2 clock pins of DDR instance u_ph1p35_324_ddr_wrapper/u_ddr2/ph1p_ddrmc_wrapper/ph1p_ddrmc_top/u_ddr_phy/u_ddrphy_top/u_ddrphy/ac_byte[2]$ac_byte_used$u_ddrphy_ac_byte_wrapper/u_ddrphy_byte, location = x0y50z0.
PHY-1001 :   Placed ioclk instance u_ph1p35_324_ddr_wrapper/u_ddr2/ph1p_ddrmc_wrapper/ph1p_ddrmc_top/u_ddr_phy/u_ddrphy_top/u_ddrphy_clk/ioclk[0]$u_ioclk_1, location = x0y59z1.
PHY-1001 :   Placed ioclk instance u_ph1p35_324_ddr_wrapper/u_ddr2/ph1p_ddrmc_wrapper/ph1p_ddrmc_top/u_ddr_phy/u_ddrphy_top/u_ddrphy_clk/ioclk[0]$u_ioclk_0, location = x0y59z0.
PHY-1001 : Processing 2 clock pins of DDR instance u_ph1p35_324_ddr_wrapper/u_ddr2/ph1p_ddrmc_wrapper/ph1p_ddrmc_top/u_ddr_phy/u_ddrphy_top/u_ddrphy/ac_byte[3]$ac_byte_used$u_ddrphy_ac_byte_wrapper/u_ddrphy_byte, location = x0y40z0.
PHY-1001 :   Placed ioclk instance u_ph1p35_324_ddr_wrapper/u_ddr2/ph1p_ddrmc_wrapper/ph1p_ddrmc_top/u_ddr_phy/u_ddrphy_top/u_ddrphy_clk/ioclk[0]$u_ioclk_1, location = x0y59z1.
PHY-1001 :   Placed ioclk instance u_ph1p35_324_ddr_wrapper/u_ddr2/ph1p_ddrmc_wrapper/ph1p_ddrmc_top/u_ddr_phy/u_ddrphy_top/u_ddrphy_clk/ioclk[0]$u_ioclk_0, location = x0y59z0.
PHY-1001 : Processing 2 clock pins of DDR instance u_ph1p35_324_ddr_wrapper/u_ddr2/ph1p_ddrmc_wrapper/ph1p_ddrmc_top/u_ddr_phy/u_ddrphy_top/u_ddrphy/dx_byte[0]$dx_byte_used$u_ddrphy_dx_byte_wrapper/u_ddrphy_byte, location = x0y30z0.
PHY-1001 :   Placed ioclk instance u_ph1p35_324_ddr_wrapper/u_ddr2/ph1p_ddrmc_wrapper/ph1p_ddrmc_top/u_ddr_phy/u_ddrphy_top/u_ddrphy_clk/ioclk[1]$u_ioclk_1, location = x0y19z1.
PHY-1001 :   Placed ioclk instance u_ph1p35_324_ddr_wrapper/u_ddr2/ph1p_ddrmc_wrapper/ph1p_ddrmc_top/u_ddr_phy/u_ddrphy_top/u_ddrphy_clk/ioclk[1]$u_ioclk_0, location = x0y19z0.
PHY-1001 : Processing 2 clock pins of DDR instance u_ph1p35_324_ddr_wrapper/u_ddr2/ph1p_ddrmc_wrapper/ph1p_ddrmc_top/u_ddr_phy/u_ddrphy_top/u_ddrphy/dx_byte[1]$dx_byte_used$u_ddrphy_dx_byte_wrapper/u_ddrphy_byte, location = x0y10z0.
PHY-1001 :   Placed ioclk instance u_ph1p35_324_ddr_wrapper/u_ddr2/ph1p_ddrmc_wrapper/ph1p_ddrmc_top/u_ddr_phy/u_ddrphy_top/u_ddrphy_clk/ioclk[1]$u_ioclk_1, location = x0y19z1.
PHY-1001 :   Placed ioclk instance u_ph1p35_324_ddr_wrapper/u_ddr2/ph1p_ddrmc_wrapper/ph1p_ddrmc_top/u_ddr_phy/u_ddrphy_top/u_ddrphy_clk/ioclk[1]$u_ioclk_0, location = x0y19z0.
PHY-3001 : Target density is 60%
PHY-3001 : Target density is 60%
PHY-1001 : Stage 2.7.1.1 | Update Timing
PHY-1001 : SWNS: 1384, STNS: 0, FEP: 0
PHY-1001 : End Stage 2.7.1.1 | Update Timing; Time: 0.166671s wall, 0.171875s user + 0.000000s system = 0.171875s CPU (103.1%); Memory(MB): used = 1006, reserved = 1003, peak = 1006;

PHY-1001 : Stage 2.7.1.2 | Refresh Congestion
RUN-1001 : Generating global routing grids ...
PHY-1001 : Generate routing nets ...
PHY-1001 : Reuse net number 257/23277.
PHY-1001 : Global iterations in 32 thread ...
PHY-1002 : len = 1.54862e+06, over cnt = 3089(4%), over = 15321, worst = 56
PHY-1001 : End global iterations;  0.782688s wall, 1.812500s user + 0.031250s system = 1.843750s CPU (235.6%)

PHY-1001 : Congestion index:
PHY-1001 : top1  = 148.08(S 118.04, N 114.11, E 128.09, W 120.67, I 168.83, O 198.68)
PHY-1001 : top5  = 114.35(S 80.93, N 79.94, E 88.38, W 85.43, I 102.86, O 129.49)
PHY-1001 : top10 = 98.06(S 64.10, N 63.96, E 71.17, W 70.29, I 77.99, O 100.20)
PHY-1001 : top15 = 88.01(S 54.30, N 54.66, E 61.02, W 60.58, I 64.59, O 84.01)
PHY-1001 : End Stage 2.7.1.2 | Refresh Congestion; Time: 1.026762s wall, 2.484375s user + 0.062500s system = 2.546875s CPU (248.0%); Memory(MB): used = 1015, reserved = 1013, peak = 1015;

PHY-1001 : Stage 2.7.1.3 | GP Iteration
PHY-1001 : End Stage 2.7.1.3 | GP Iteration; Time: 1.962749s wall, 16.734375s user + 0.406250s system = 17.140625s CPU (873.3%); Memory(MB): used = 1018, reserved = 1016, peak = 1018;

PHY-3001 : Multithread accelerating rate: 8.62
OPT-1001 : Total overflow 538.09 peak overflow 5.25
PHY-3001 : Spreading for sector grids.
PHY-3001 : Iter 1, total overflow: 0
PHY-3001 : tot_capacity: 36, usage_cnt: 17, movable_cnt: 29
PHY-3001 : End spreading;  0.084349s wall, 0.093750s user + 0.000000s system = 0.093750s CPU (111.1%)

PHY-3001 : Final: Len = 1.23479e+06, Over = 88.3125
PHY-3001 : End incremental placement;  3.573155s wall, 20.015625s user + 0.500000s system = 20.515625s CPU (574.2%)

OPT-1001 : Total overflow 538.09 peak overflow 5.25
RUN-1001 : HFN opt statistic
RUN-1001 : ------------------------------------------------------
RUN-1001 :   DriverCell type  |  HFN count  |  Duplicated count  
RUN-1001 : ------------------------------------------------------
RUN-1001 :         REG        |     19      |         79         
RUN-1001 :        LUT6        |      2      |         11         
RUN-1001 :        LUT5        |      3      |         9          
RUN-1001 :        LUT4        |      0      |         0          
RUN-1001 :        LUT3        |      2      |         5          
RUN-1001 :        LUT2        |      5      |         22         
RUN-1001 :        TOTAL       |     31      |        126         
RUN-1001 : ------------------------------------------------------
OPT-1001 : End high-fanout net optimization;  6.339888s wall, 22.781250s user + 0.500000s system = 23.281250s CPU (367.2%)

OPT-1001 : Update timing in Manhattan mode
OPT-1001 : End timing update;  1.596947s wall, 1.546875s user + 0.000000s system = 1.546875s CPU (96.9%)

OPT-1001 : Current memory(MB): used = 1019, reserved = 1016, peak = 1019.
OPT-1001 : End Stage 2.7.1 | Synthesize High-fanout Net; Time: 8.117301s wall, 24.515625s user + 0.500000s system = 25.015625s CPU (308.2%); Memory(MB): used = 1019, reserved = 1016, peak = 1019;

OPT-1001 : Stage 2.7.2 | Global Optimization
OPT-1001 : Start global optimization ...
OPT-0007 : Start: SWNS 1311 STNS 0 NUM_FEPS 0
OPT-1001 : Start congestion update ...
RUN-1001 : Generating global routing grids ...
PHY-1001 : Generate routing nets ...
PHY-1001 : Reuse net number 1802/21537.
PHY-1001 : Global iterations in 32 thread ...
PHY-1002 : len = 1.38605e+06, over cnt = 2543(3%), over = 8373, worst = 13
PHY-1002 : len = 1.49813e+06, over cnt = 2026(2%), over = 4775, worst = 13
PHY-1002 : len = 1.58526e+06, over cnt = 1020(1%), over = 2190, worst = 13
PHY-1002 : len = 1.63709e+06, over cnt = 336(0%), over = 738, worst = 11
PHY-1002 : len = 1.66118e+06, over cnt = 6(0%), over = 6, worst = 1
PHY-1001 : End global iterations;  2.493262s wall, 3.531250s user + 0.078125s system = 3.609375s CPU (144.8%)

PHY-1001 : Congestion index:
PHY-1001 : top1  = 87.73(S 70.62, N 73.57, E 76.68, W 84.72, I 172.53, O 206.17)
PHY-1001 : top5  = 74.11(S 58.38, N 58.21, E 59.59, W 67.17, I 102.68, O 125.75)
PHY-1001 : top10 = 67.32(S 50.63, N 49.22, E 50.76, W 57.29, I 77.05, O 97.44)
PHY-1001 : top15 = 62.42(S 45.15, N 43.57, E 45.33, W 51.06, I 63.80, O 82.38)
OPT-1001 : End congestion update;  2.869841s wall, 3.875000s user + 0.078125s system = 3.953125s CPU (137.7%)

OPT-0007 : Iter 1: improved SWNS 1320 STNS 0 NUM_FEPS 0 with 57 cells processed and 3915 slack improved
OPT-0007 : Iter 2: improved SWNS 1320 STNS 0 NUM_FEPS 0 with 19 cells processed and 268 slack improved
OPT-1001 : Overall commit ratio 0.62
OPT-1001 : End global optimization;  3.005485s wall, 4.000000s user + 0.078125s system = 4.078125s CPU (135.7%)

OPT-1001 : Current memory(MB): used = 1019, reserved = 1016, peak = 1019.
OPT-1001 : End Stage 2.7.2 | Global Optimization; Time: 3.604564s wall, 4.593750s user + 0.078125s system = 4.671875s CPU (129.6%); Memory(MB): used = 1019, reserved = 1016, peak = 1019;

OPT-0007 : End flow prepack: SWNS 1320 STNS 0 NUM_FEPS 0
OPT-1001 : End physical optimization;  11.762362s wall, 29.156250s user + 0.578125s system = 29.734375s CPU (252.8%)

PHY-1001 : End Stage 2.7 | Optimize Design; Time: 11.765597s wall, 29.156250s user + 0.578125s system = 29.734375s CPU (252.7%); Memory(MB): used = 1019, reserved = 1016, peak = 1019;

PHY-1001 : Stage 2.8 | Pack and Legalization
PHY-1001 : Stage 2.8.1 | Direct Legalization
PHY-3001 : Start Direct Legalization ...
PHY-3001 : Get top1 grid util = 0.660259, top1_avg = 0.660259.
PHY-1001 : Populate physical database on model design_top_wrapper.
PHY-3001 : Target density is 60%
PHY-3001 : Before Legalization for Slice Macros, Len = 1.23802e+06.
RUN-1001 : Legalization top10 inst displacement:
RUN-1001 : -----------------------------------------------------------------------------------------------------------------------------------------------------------------------------------------------------------------------
RUN-1001 :   Index  |  Bounded  |  Height  |       Location       |  Disp. (slots)  |  Disp. (grids)  |                                                           Name                                                            
RUN-1001 : -----------------------------------------------------------------------------------------------------------------------------------------------------------------------------------------------------------------------
RUN-1001 :     1    |     N     |    8     |  x2y49z0 to x5y52z0  |       48        |        6        |  u_ph1p35_324_ddr_wrapper/u_ddr2/ph1p_ddrmc_wrapper/ph1p_ddrmc_top/u_ddr_phy/u_ddrphy_top/u_ddrphy_init/ramread0_syn_71   
RUN-1001 :     2    |     N     |    8     |  x2y48z5 to x5y46z0  |       45        |        5        |  u_ph1p35_324_ddr_wrapper/u_ddr2/ph1p_ddrmc_wrapper/ph1p_ddrmc_top/u_ddr_phy/u_ddrphy_top/u_ddrphy_init/ramread0_syn_91   
RUN-1001 :     3    |     N     |    8     |  x2y48z6 to x5y51z0  |       42        |        6        |  u_ph1p35_324_ddr_wrapper/u_ddr2/ph1p_ddrmc_wrapper/ph1p_ddrmc_top/u_ddr_phy/u_ddrphy_top/u_ddrphy_init/ramread0_syn_31   
RUN-1001 :     4    |     N     |    8     |  x2y48z6 to x5y50z0  |       34        |        5        |  u_ph1p35_324_ddr_wrapper/u_ddr2/ph1p_ddrmc_wrapper/ph1p_ddrmc_top/u_ddr_phy/u_ddrphy_top/u_ddrphy_init/ramread0_syn_51   
RUN-1001 :     5    |     N     |    8     |  x2y39z6 to x5y39z0  |       30        |        3        |    u_ph1p35_324_ddr_wrapper/u_ddr2/ph1p_ddrmc_wrapper/ph1p_ddrmc_top/u_alc_mc_top/u_wr_data/u_ptr_ram0/ramread0_syn_25    
RUN-1001 :     6    |     N     |    8     |  x2y41z5 to x5y41z0  |       29        |        3        |  u_ph1p35_324_ddr_wrapper/u_ddr2/ph1p_ddrmc_wrapper/ph1p_ddrmc_top/u_alc_mc_top/u_rd_data/u_status_ram1/ramread0_syn_26   
RUN-1001 :     7    |     N     |    8     |  x2y41z5 to x5y42z0  |       27        |        4        |  u_ph1p35_324_ddr_wrapper/u_ddr2/ph1p_ddrmc_wrapper/ph1p_ddrmc_top/u_alc_mc_top/u_rd_data/u_status_ram0/ramread0_syn_25   
RUN-1001 :     8    |     N     |    8     |  x2y48z7 to x5y49z0  |       25        |        4        |  u_ph1p35_324_ddr_wrapper/u_ddr2/ph1p_ddrmc_wrapper/ph1p_ddrmc_top/u_ddr_phy/u_ddrphy_top/u_ddrphy_init/ramread0_syn_111  
RUN-1001 :     9    |     N     |    8     |  x3y41z1 to x5y40z0  |       25        |        3        |      u_ph1p35_324_ddr_wrapper/u_ddr2/ph1p_ddrmc_wrapper/ph1p_ddrmc_top/u_alc_mc_top/u_wbuf_addr_fifo/ramread0_syn_25      
RUN-1001 :    10    |     N     |    8     |  x3y47z7 to x5y47z0  |       23        |        2        |  u_ph1p35_324_ddr_wrapper/u_ddr2/ph1p_ddrmc_wrapper/ph1p_ddrmc_top/u_ddr_phy/u_ddrphy_top/u_ddrphy_init/ramread0_syn_151  
RUN-1001 : -----------------------------------------------------------------------------------------------------------------------------------------------------------------------------------------------------------------------
PHY-3001 : After Legalization for Slice Macros, Len = 1.27432e+06.
RUN-1001 : Generating global routing grids ...
PHY-1001 : Generate routing nets ...
PHY-1001 : Reuse net number 19323/21568.
RUN-1002 : start command "update_timing -mode MANHATTAN"
RUN-1002 : start command "start_timer"
RUN-1003 : finish command "start_timer" in  1.541145s wall, 1.531250s user + 0.000000s system = 1.531250s CPU (99.4%)

RUN-1004 : used memory is 1041 MB, reserved memory is 1040 MB, peak memory is 1041 MB
RUN-1003 : finish command "update_timing -mode MANHATTAN" in  2.937755s wall, 2.937500s user + 0.000000s system = 2.937500s CPU (100.0%)

RUN-1004 : used memory is 1043 MB, reserved memory is 1040 MB, peak memory is 1043 MB
PHY-1001 : Global iterations in 32 thread ...
PHY-1002 : len = 1.65728e+06, over cnt = 737(1%), over = 1552, worst = 9
PHY-1002 : len = 1.67398e+06, over cnt = 564(0%), over = 844, worst = 8
PHY-1002 : len = 1.69152e+06, over cnt = 203(0%), over = 303, worst = 7
PHY-1002 : len = 1.69896e+06, over cnt = 59(0%), over = 75, worst = 4
PHY-1002 : len = 1.70218e+06, over cnt = 0(0%), over = 0, worst = 0
PHY-1001 : End global iterations;  0.744617s wall, 0.875000s user + 0.015625s system = 0.890625s CPU (119.6%)

PHY-1001 : Congestion index:
PHY-1001 : top1  = 86.62(S 70.62, N 71.60, E 74.87, W 83.65, I 166.12, O 201.15)
PHY-1001 : top5  = 73.28(S 58.55, N 57.50, E 59.53, W 66.29, I 99.89, O 123.86)
PHY-1001 : top10 = 66.70(S 50.63, N 48.61, E 51.31, W 57.13, I 75.84, O 97.31)
PHY-1001 : top15 = 62.07(S 45.15, N 43.20, E 46.14, W 51.09, I 63.18, O 82.77)
PHY-3001 : Total Iter 104, legal = 22413 / 22413 (100.00%), avg_move = 30.72, max_move = 314.
PHY-3001 : There are no illegal insts.
PHY-1001 : Populate physical database on model design_top_wrapper.
PHY-3001 : End Direct Legalization;  20.677612s wall, 243.343750s user + 2.078125s system = 245.421875s CPU (1186.9%)

RUN-1001 : Summary of LUT-FF Pairs
RUN-1001 : ---------------------------------------------------------------
RUN-1001 :   Num of Fanout Seqs  |   1x   |  2x  |  3~5  |  6~10  |  >10  
RUN-1001 : ---------------------------------------------------------------
RUN-1001 :         Total         |  6479  |  5   |  54   |   2    |  23   
RUN-1001 :          Grid         |  6477  |  5   |  48   |   2    |  23   
RUN-1001 :          Bank         |  6360  |  5   |  43   |   2    |  21   
RUN-1001 :         Paired        |  6339  |  5   |  41   |   2    |  21   
RUN-1001 : ---------------------------------------------------------------
RUN-1001 : Summary of LUT Pairs
RUN-1001 : ---------------------------------------------------------------------------------------------------------------------
RUN-1001 :            |           |           |           |           |           |  O5 + O6  |  Only O5  |  Only O6  |  Total  
RUN-1001 : ---------------------------------------------------------------------------------------------------------------------
RUN-1001 :   5 Share  |  4 Share  |  3 Share  |  2 Share  |  1 Share  |  0 Share  |           |           |           |         
RUN-1001 :     52     |    162    |    220    |    380    |   1588    |   3477    |   5879    |   2305    |   1825    |  10009  
RUN-1001 : ---------------------------------------------------------------------------------------------------------------------
PHY-1001 : End Stage 2.8.1 | Direct Legalization; Time: 20.736950s wall, 243.406250s user + 2.078125s system = 245.484375s CPU (1183.8%); Memory(MB): used = 1140, reserved = 1137, peak = 1141;

PHY-3001 : Target density is 60%
PHY-3001 : After Direct Legalization, Len = 1.52797e+06.
PHY-1001 : End Stage 2.8 | Pack and Legalization; Time: 20.912924s wall, 243.578125s user + 2.078125s system = 245.656250s CPU (1174.7%); Memory(MB): used = 1140, reserved = 1137, peak = 1141;

RUN-1002 : start command "start_timer"
RUN-1003 : finish command "start_timer" in  3.132431s wall, 3.078125s user + 0.031250s system = 3.109375s CPU (99.3%)

RUN-1004 : used memory is 1141 MB, reserved memory is 1137 MB, peak memory is 1141 MB
PHY-1001 : End Stage 2 | Global Placement; Time: 57.616336s wall, 346.500000s user + 7.750000s system = 354.250000s CPU (614.8%); Memory(MB): used = 1141, reserved = 1137, peak = 1141;

PHY-1001 : Stage 3 | Detailed Placement
PHY-1001 : Stage 3.1 | SLICE Detailed Placement
PHY-1001 : Stage 3.1.1 | Spreading
PHY-3001 : Design contains 157 ce signals.
PHY-3001 : Spreading for sector grids.
PHY-3001 : Iter 1, total overflow: 0
PHY-3001 : tot_capacity: 48, usage_cnt: 21, movable_cnt: 37
PHY-3001 : Spreading for clock grids.
PHY-3001 : clock grid count for 24 x 4 grids
PHY-3001 : Spreading for plb grids.
PHY-3001 : total displace: 0, max displace: 0.
PHY-3001 : End spreading;  0.317535s wall, 0.312500s user + 0.000000s system = 0.312500s CPU (98.4%)

PHY-1001 : End Stage 3.1.1 | Spreading; Time: 0.317633s wall, 0.312500s user + 0.000000s system = 0.312500s CPU (98.4%); Memory(MB): used = 1144, reserved = 1141, peak = 1144;

PHY-1001 : Stage 3.1.2 | Simulated Annealing Based DP
RUN-1001 : Generating global routing grids ...
PHY-1001 : Generate routing nets ...
PHY-1001 : Reuse net number 1821/16790.
PHY-1001 : Global iterations in 32 thread ...
PHY-1002 : len = 1.6296e+06, over cnt = 1338(1%), over = 2724, worst = 9
PHY-1002 : len = 1.65842e+06, over cnt = 827(1%), over = 1470, worst = 9
PHY-1002 : len = 1.68206e+06, over cnt = 367(0%), over = 561, worst = 7
PHY-1002 : len = 1.69034e+06, over cnt = 110(0%), over = 174, worst = 5
PHY-1002 : len = 1.69408e+06, over cnt = 0(0%), over = 0, worst = 0
PHY-1001 : End global iterations;  1.722564s wall, 2.453125s user + 0.046875s system = 2.500000s CPU (145.1%)

PHY-1001 : Congestion index:
PHY-1001 : top1  = 76.81(S 58.74, N 58.22, E 69.82, W 73.60, I 60.25, O 73.27)
PHY-1001 : top5  = 64.75(S 47.99, N 47.87, E 54.82, W 58.29, I 49.34, O 59.72)
PHY-1001 : top10 = 58.80(S 41.93, N 41.65, E 47.28, W 50.33, I 43.37, O 52.76)
PHY-1001 : top15 = 55.09(S 37.66, N 37.13, E 42.33, W 45.50, I 39.31, O 48.05)
PHY-0007 : Initial: WL Cost = 119395, TD Cost = 128402, SWNS = 1431, STNS = 0, Nums per T = 93440, Range Limit = 4x8
PHY-0007 : Finally: WL Cost = 106253, TD Cost = 98663.3, WL Ratio = 0.889928, TD Ratio = 0.768396, SWNS = 1438, STNS = 0
RUN-1001 : Print Detailed placement's Summary information
RUN-1001 : ------------------------------------------------------------------------------------------------------------------------------
RUN-1001 :           |  Total   |  Accept  |  Reject by overFlow  |  Reject by worseCost  |  Failed by noTarget  |  Failed by gridCheck  
RUN-1001 : ------------------------------------------------------------------------------------------------------------------------------
RUN-1001 :   Slices  |  934400  |  26414   |         1927         |        890974         |         274          |         14811         
RUN-1001 :   Macros  |  21349   |   134    |         178          |         20973         |          37          |          27           
RUN-1001 : ------------------------------------------------------------------------------------------------------------------------------
PHY-1001 : End Stage 3.1.2 | Simulated Annealing Based DP; Time: 21.321420s wall, 22.734375s user + 0.093750s system = 22.828125s CPU (107.1%); Memory(MB): used = 1154, reserved = 1150, peak = 1154;

PHY-3001 : End Detailed Place; 
PHY-3001 : Final: Len = 1.3348e+06, Over = 0
PHY-1001 : End Stage 3.1 | SLICE Detailed Placement; Time: 21.981996s wall, 23.375000s user + 0.093750s system = 23.468750s CPU (106.8%); Memory(MB): used = 1154, reserved = 1150, peak = 1154;

PHY-3001 : End Detailed Place; 
PHY-1001 : Stage 3.2 | Optimize Design
OPT-1001 : Start physical optimization ...
OPT-1001 : Total overflow 0.00 peak overflow 0.00
OPT-1001 : Stage 3.2.1 | Physical Optimization
OPT-1001 : Start high-fanout net optimization in optimize equivalent flow with medium effort ...
OPT-1001 : Clean unloaded insts before merging registers
PHY-1001 : Populate physical database on model design_top_wrapper.
PHY-1001 : Populate physical database on model design_top_wrapper.
OPT-1001 : Total overflow 0.00 peak overflow 0.00
OPT-1001 : End optimize duplicated nets. Total 46 instances are merged and 893 sinks are reconnected,  2.308290s wall, 2.250000s user + 0.031250s system = 2.281250s CPU (98.8%)

OPT-1001 : End high-fanout net optimization;  2.310047s wall, 2.250000s user + 0.031250s system = 2.281250s CPU (98.8%)

OPT-1001 : Update timing in Manhattan mode
RUN-1002 : start command "start_timer"
RUN-1003 : finish command "start_timer" in  2.475446s wall, 2.468750s user + 0.000000s system = 2.468750s CPU (99.7%)

RUN-1004 : used memory is 1154 MB, reserved memory is 1150 MB, peak memory is 1154 MB
OPT-1001 : End timing update;  3.897714s wall, 3.890625s user + 0.000000s system = 3.890625s CPU (99.8%)

OPT-1001 : Current memory(MB): used = 1154, reserved = 1150, peak = 1154.
OPT-1001 : End Stage 3.2.1 | Physical Optimization; Time: 6.359112s wall, 6.296875s user + 0.031250s system = 6.328125s CPU (99.5%); Memory(MB): used = 1154, reserved = 1150, peak = 1154;

OPT-1001 : Stage 3.2.2 | Synthesize High-fanout Net
OPT-1001 : Start high-fanout net optimization in post-pack flow with medium effort ...
OPT-1001 : Start: SWNS 1438 STNS 0 NUM_FEPS 0
OPT-1001 : Total overflow 0.00 peak overflow 0.00
PHY-1001 : Populate physical database on model design_top_wrapper.
OPT-1001 : 18 high-fanout net processed.
OPT-1001 : Total overflow 0.00 peak overflow 0.00
RUN-1001 : HFN opt statistic
RUN-1001 : ------------------------------------------------------
RUN-1001 :   DriverCell type  |  HFN count  |  Duplicated count  
RUN-1001 : ------------------------------------------------------
RUN-1001 :       LSLICE       |      0      |         0          
RUN-1001 :       MSLICE       |      0      |         0          
RUN-1001 :        OTHER       |     18      |         14         
RUN-1001 :        TOTAL       |     18      |         14         
RUN-1001 : ------------------------------------------------------
OPT-1001 : End high-fanout net optimization;  0.738186s wall, 0.734375s user + 0.000000s system = 0.734375s CPU (99.5%)

OPT-1001 : Current memory(MB): used = 1154, reserved = 1150, peak = 1154.
OPT-1001 : End Stage 3.2.2 | Synthesize High-fanout Net; Time: 0.889605s wall, 0.890625s user + 0.000000s system = 0.890625s CPU (100.1%); Memory(MB): used = 1154, reserved = 1150, peak = 1154;

OPT-1001 : Stage 3.2.3 | Optimize Path
OPT-1001 : Start unpack path based optimization ...
OPT-0007 : Start: SWNS 1438 STNS 0 NUM_FEPS 0 with mode 2
OPT-1001 : Start congestion update ...
RUN-1001 : Generating global routing grids ...
PHY-1001 : Generate routing nets ...
PHY-1001 : Reuse net number 5144/17410.
PHY-1001 : Global iterations in 32 thread ...
PHY-1002 : len = 1.50685e+06, over cnt = 1594(2%), over = 3172, worst = 9
PHY-1002 : len = 1.5481e+06, over cnt = 944(1%), over = 1583, worst = 9
PHY-1002 : len = 1.5672e+06, over cnt = 517(0%), over = 875, worst = 8
PHY-1002 : len = 1.58805e+06, over cnt = 73(0%), over = 123, worst = 5
PHY-1002 : len = 1.5909e+06, over cnt = 2(0%), over = 4, worst = 3
PHY-1001 : End global iterations;  1.722165s wall, 2.359375s user + 0.062500s system = 2.421875s CPU (140.6%)

PHY-1001 : Congestion index:
PHY-1001 : top1  = 80.02(S 60.24, N 55.38, E 70.64, W 76.07, I 60.14, O 72.78)
PHY-1001 : top5  = 66.30(S 49.81, N 45.90, E 54.37, W 60.20, I 47.81, O 58.19)
PHY-1001 : top10 = 59.47(S 43.29, N 40.24, E 46.11, W 51.85, I 42.46, O 51.31)
PHY-1001 : top15 = 55.55(S 38.63, N 36.41, E 41.33, W 46.57, I 38.61, O 47.09)
OPT-1001 : End congestion update;  2.150552s wall, 2.781250s user + 0.062500s system = 2.843750s CPU (132.2%)

OPT-0007 : Iter 1: improved SWNS 1576 STNS 0 NUM_FEPS 0 with 68(3133) cells and 2020(2020) paths processed with 11526 slack improved, crit_thod: 3000 ratio: 0.91(73/80) rt: 0.8s
OPT-0007 : Iter 2: improved SWNS 1576 STNS 0 NUM_FEPS 0 with 30(3250) cells and 1625(1625) paths processed with 4909 slack improved, crit_thod: 3000 ratio: 0.85(35/41) rt: 0.9s
OPT-0007 : Iter 3: improved SWNS 1576 STNS 0 NUM_FEPS 0 with 12(1008) cells and 504(504) paths processed with 2180 slack improved, crit_thod: 3000 ratio: 0.62(13/21) rt: 0.6s
OPT-0007 : Iter 4: improved SWNS 1576 STNS 0 NUM_FEPS 0 with 11(722) cells and 361(361) paths processed with 1361 slack improved, crit_thod: 3000 ratio: 0.58(11/19) rt: 0.6s
OPT-1001 : End path based optimization;  5.034081s wall, 5.625000s user + 0.062500s system = 5.687500s CPU (113.0%)

OPT-1001 : Current memory(MB): used = 1155, reserved = 1150, peak = 1155.
OPT-1001 : End Stage 3.2.3 | Optimize Path; Time: 5.190200s wall, 5.781250s user + 0.062500s system = 5.843750s CPU (112.6%); Memory(MB): used = 1155, reserved = 1150, peak = 1155;

OPT-1001 : Stage 3.2.4 | Optimize Duplicated Nets
OPT-1001 : Start: WNS 1576 TNS 0 NUM_FEPS 0
OPT-1001 : Clean unloaded insts before merging registers
PHY-1001 : Populate physical database on model design_top_wrapper.
PHY-1001 : Populate physical database on model design_top_wrapper.
OPT-1001 : Total overflow 0.00 peak overflow 0.00
OPT-1001 : End optimize duplicated nets. Total 3 instances are merged and 247 sinks are reconnected,  2.192524s wall, 2.187500s user + 0.000000s system = 2.187500s CPU (99.8%)

OPT-1001 : Update timing in Manhattan mode
RUN-1002 : start command "start_timer"
RUN-1003 : finish command "start_timer" in  2.542505s wall, 2.484375s user + 0.031250s system = 2.515625s CPU (98.9%)

RUN-1004 : used memory is 1155 MB, reserved memory is 1150 MB, peak memory is 1155 MB
OPT-1001 : End timing update;  4.002946s wall, 3.937500s user + 0.031250s system = 3.968750s CPU (99.1%)

OPT-1001 : Current memory(MB): used = 1155, reserved = 1150, peak = 1155.
OPT-1001 : End Stage 3.2.4 | Optimize Duplicated Nets; Time: 6.353263s wall, 6.281250s user + 0.031250s system = 6.312500s CPU (99.4%); Memory(MB): used = 1155, reserved = 1150, peak = 1155;

OPT-1001 : Stage 3.2.5 | Swap Pins
OPT-1001 : Start pin optimization...
OPT-1001 : Start: SWNS 1576 STNS 0 NUM_FEPS 0
OPT-1001 : Successfully optimized 718 instances
OPT-1001 : Successfully optimized 160 instances
OPT-1001 : End pin optimization;  1.321779s wall, 1.312500s user + 0.000000s system = 1.312500s CPU (99.3%)

OPT-1001 : Current memory(MB): used = 1155, reserved = 1150, peak = 1155.
OPT-1001 : End Stage 3.2.5 | Swap Pins; Time: 1.476539s wall, 1.468750s user + 0.000000s system = 1.468750s CPU (99.5%); Memory(MB): used = 1155, reserved = 1150, peak = 1155;

OPT-1001 : Stage 3.2.6 | Optimize Beeline
OPT-1001 : Start beeline optimization...
OPT-1001 : Start: SWNS 1576 STNS 0 NUM_FEPS 0
PHY-1001 : Beeline DP, 690 out of 4628 (14.91)%; hop = 895.
PHY-1001 : Beeline DP, 186 out of 3940 (4.72)%; hop = 244.
PHY-1001 : Beeline DP, 98 out of 3838 (2.55)%; hop = 127.
PHY-1001 : Beeline DP, 62 out of 3793 (1.63)%; hop = 80.
PHY-1001 : Beeline DP, 53 out of 3778 (1.40)%; hop = 68.
PHY-1001 : Beeline optimization intraPLB, 2198 1-hop(40.76%), 2226 2-hop(41.28%), 410 3-hop( 7.60%), 559 others (10.37%)
PHY-1001 :  9.714363s wall, 9.609375s user + 0.062500s system = 9.671875s CPU (99.6%)

RUN-1001 : Beeline optimization outerPLB: 1-hop 1764, 2-hop 3279, 3-hop 1916, 4-hop 638, other 1710 
OPT-1001 : End beeline optimization;  10.334330s wall, 10.250000s user + 0.062500s system = 10.312500s CPU (99.8%)

OPT-1001 : Update timing in Manhattan mode
OPT-1001 : End timing update;  1.521413s wall, 1.531250s user + 0.000000s system = 1.531250s CPU (100.6%)

OPT-1001 : End Stage 3.2.6 | Optimize Beeline; Time: 12.149769s wall, 12.062500s user + 0.062500s system = 12.125000s CPU (99.8%); Memory(MB): used = 1155, reserved = 1150, peak = 1155;

OPT-0007 : End flow postpack: SWNS 1555 STNS 0 NUM_FEPS 0
RUN-1001 : Generating global routing grids ...
PHY-1001 : Generate routing nets ...
PHY-1001 : Reuse net number 15201/16766.
PHY-1001 : Global iterations in 32 thread ...
PHY-1002 : len = 1.61072e+06, over cnt = 355(0%), over = 525, worst = 6
PHY-1002 : len = 1.61941e+06, over cnt = 137(0%), over = 179, worst = 4
PHY-1002 : len = 1.62203e+06, over cnt = 64(0%), over = 79, worst = 4
PHY-1002 : len = 1.62336e+06, over cnt = 18(0%), over = 20, worst = 2
PHY-1002 : len = 1.62384e+06, over cnt = 1(0%), over = 1, worst = 1
PHY-1001 : End global iterations;  0.638533s wall, 0.750000s user + 0.031250s system = 0.781250s CPU (122.4%)

PHY-1001 : Congestion index:
PHY-1001 : top1  = 78.95(S 60.49, N 54.77, E 69.90, W 76.15, I 60.01, O 72.12)
PHY-1001 : top5  = 65.97(S 49.97, N 45.52, E 54.11, W 60.13, I 47.54, O 57.68)
PHY-1001 : top10 = 59.36(S 43.31, N 40.02, E 46.18, W 51.95, I 42.01, O 51.08)
PHY-1001 : top15 = 55.47(S 38.86, N 36.18, E 41.42, W 46.67, I 38.34, O 46.86)
RUN-1001 : QoR Analysis:
OPT-0007 :   SWNS 1555 STNS 0 NUM_FEPS 0
RUN-1001 :   No local congestion issue, and most congested 1% tile average routing util is 78.631579
RUN-1001 :   Top critical paths
RUN-1001 :       #1 path slack 1555ps with logic level 1 
RUN-1001 :       #2 path slack 1555ps with logic level 1 
RUN-1001 :       #3 path slack 1576ps with logic level 1 
RUN-1001 :       #4 path slack 1576ps with logic level 1 
RUN-1001 :       #5 path slack 1602ps with logic level 1 
RUN-1001 :       #6 path slack 1602ps with logic level 1 
RUN-1001 :       #7 path slack 1602ps with logic level 1 
RUN-1001 :       #8 path slack 1602ps with logic level 1 
RUN-1001 :       #9 path slack 1602ps with logic level 1 
RUN-1001 :       #10 path slack 1602ps with logic level 1 
OPT-1001 : End physical optimization;  33.692091s wall, 34.156250s user + 0.218750s system = 34.375000s CPU (102.0%)

PHY-1001 : End Stage 3.2 | Optimize Design; Time: 33.692314s wall, 34.156250s user + 0.218750s system = 34.375000s CPU (102.0%); Memory(MB): used = 1155, reserved = 1150, peak = 1155;

RUN-1001 : Report Control nets information:
RUN-1001 : DFF Distribution
RUN-1001 : -------------------------------------
RUN-1001 :   CE   |  SSR  |  ASR  |  DFF Count  
RUN-1001 : -------------------------------------
RUN-1001 :   No   |  No   |  No   |     224     
RUN-1001 :   No   |  No   |  Yes  |      0      
RUN-1001 :   No   |  Yes  |  No   |      0      
RUN-1001 :   Yes  |  No   |  No   |    6713     
RUN-1001 :   Yes  |  No   |  Yes  |    6375     
RUN-1001 :   Yes  |  Yes  |  No   |     328     
RUN-1001 : -------------------------------------
RUN-1001 : Control Group Statistic
RUN-1001 : -----------------------------
RUN-1001 :   #CLK  |  #CE  |  #SSR/ASR  
RUN-1001 : -----------------------------
RUN-1001 :    10   |  451  |     30     
RUN-1001 : -----------------------------
RUN-0007 : Control Set = 524
PHY-1001 : End Stage 3 | Detailed Placement; Time: 55.864245s wall, 57.734375s user + 0.312500s system = 58.046875s CPU (103.9%); Memory(MB): used = 1155, reserved = 1150, peak = 1155;

PHY-1001 : Populate physical database on model design_top_wrapper.
PHY-1001 : Stage 4 | Optimize Design
PHY-3001 : Start incremental legalization ...
PHY-1001 : Populate physical database on model design_top_wrapper.
PHY-1001 : Processing 2 clock pins of DDR instance u_ph1p35_324_ddr_wrapper/u_ddr2/ph1p_ddrmc_wrapper/ph1p_ddrmc_top/u_ddr_phy/u_ddrphy_top/u_ddrphy/ac_byte[0]$ac_byte_used$u_ddrphy_ac_byte_wrapper/u_ddrphy_byte, location = x0y70z0.
PHY-1001 :   Placed ioclk instance u_ph1p35_324_ddr_wrapper/u_ddr2/ph1p_ddrmc_wrapper/ph1p_ddrmc_top/u_ddr_phy/u_ddrphy_top/u_ddrphy_clk/ioclk[0]$u_ioclk_1, location = x0y59z1.
PHY-1001 :   Placed ioclk instance u_ph1p35_324_ddr_wrapper/u_ddr2/ph1p_ddrmc_wrapper/ph1p_ddrmc_top/u_ddr_phy/u_ddrphy_top/u_ddrphy_clk/ioclk[0]$u_ioclk_0, location = x0y59z0.
PHY-1001 : Processing 2 clock pins of DDR instance u_ph1p35_324_ddr_wrapper/u_ddr2/ph1p_ddrmc_wrapper/ph1p_ddrmc_top/u_ddr_phy/u_ddrphy_top/u_ddrphy/ac_byte[1]$ac_byte_used$u_ddrphy_ac_byte_wrapper/u_ddrphy_byte, location = x0y60z0.
PHY-1001 :   Placed ioclk instance u_ph1p35_324_ddr_wrapper/u_ddr2/ph1p_ddrmc_wrapper/ph1p_ddrmc_top/u_ddr_phy/u_ddrphy_top/u_ddrphy_clk/ioclk[0]$u_ioclk_1, location = x0y59z1.
PHY-1001 :   Placed ioclk instance u_ph1p35_324_ddr_wrapper/u_ddr2/ph1p_ddrmc_wrapper/ph1p_ddrmc_top/u_ddr_phy/u_ddrphy_top/u_ddrphy_clk/ioclk[0]$u_ioclk_0, location = x0y59z0.
PHY-1001 : Processing 2 clock pins of DDR instance u_ph1p35_324_ddr_wrapper/u_ddr2/ph1p_ddrmc_wrapper/ph1p_ddrmc_top/u_ddr_phy/u_ddrphy_top/u_ddrphy/ac_byte[2]$ac_byte_used$u_ddrphy_ac_byte_wrapper/u_ddrphy_byte, location = x0y50z0.
PHY-1001 :   Placed ioclk instance u_ph1p35_324_ddr_wrapper/u_ddr2/ph1p_ddrmc_wrapper/ph1p_ddrmc_top/u_ddr_phy/u_ddrphy_top/u_ddrphy_clk/ioclk[0]$u_ioclk_1, location = x0y59z1.
PHY-1001 :   Placed ioclk instance u_ph1p35_324_ddr_wrapper/u_ddr2/ph1p_ddrmc_wrapper/ph1p_ddrmc_top/u_ddr_phy/u_ddrphy_top/u_ddrphy_clk/ioclk[0]$u_ioclk_0, location = x0y59z0.
PHY-1001 : Processing 2 clock pins of DDR instance u_ph1p35_324_ddr_wrapper/u_ddr2/ph1p_ddrmc_wrapper/ph1p_ddrmc_top/u_ddr_phy/u_ddrphy_top/u_ddrphy/ac_byte[3]$ac_byte_used$u_ddrphy_ac_byte_wrapper/u_ddrphy_byte, location = x0y40z0.
PHY-1001 :   Placed ioclk instance u_ph1p35_324_ddr_wrapper/u_ddr2/ph1p_ddrmc_wrapper/ph1p_ddrmc_top/u_ddr_phy/u_ddrphy_top/u_ddrphy_clk/ioclk[0]$u_ioclk_1, location = x0y59z1.
PHY-1001 :   Placed ioclk instance u_ph1p35_324_ddr_wrapper/u_ddr2/ph1p_ddrmc_wrapper/ph1p_ddrmc_top/u_ddr_phy/u_ddrphy_top/u_ddrphy_clk/ioclk[0]$u_ioclk_0, location = x0y59z0.
PHY-1001 : Processing 2 clock pins of DDR instance u_ph1p35_324_ddr_wrapper/u_ddr2/ph1p_ddrmc_wrapper/ph1p_ddrmc_top/u_ddr_phy/u_ddrphy_top/u_ddrphy/dx_byte[0]$dx_byte_used$u_ddrphy_dx_byte_wrapper/u_ddrphy_byte, location = x0y30z0.
PHY-1001 :   Placed ioclk instance u_ph1p35_324_ddr_wrapper/u_ddr2/ph1p_ddrmc_wrapper/ph1p_ddrmc_top/u_ddr_phy/u_ddrphy_top/u_ddrphy_clk/ioclk[1]$u_ioclk_1, location = x0y19z1.
PHY-1001 :   Placed ioclk instance u_ph1p35_324_ddr_wrapper/u_ddr2/ph1p_ddrmc_wrapper/ph1p_ddrmc_top/u_ddr_phy/u_ddrphy_top/u_ddrphy_clk/ioclk[1]$u_ioclk_0, location = x0y19z0.
PHY-1001 : Processing 2 clock pins of DDR instance u_ph1p35_324_ddr_wrapper/u_ddr2/ph1p_ddrmc_wrapper/ph1p_ddrmc_top/u_ddr_phy/u_ddrphy_top/u_ddrphy/dx_byte[1]$dx_byte_used$u_ddrphy_dx_byte_wrapper/u_ddrphy_byte, location = x0y10z0.
PHY-1001 :   Placed ioclk instance u_ph1p35_324_ddr_wrapper/u_ddr2/ph1p_ddrmc_wrapper/ph1p_ddrmc_top/u_ddr_phy/u_ddrphy_top/u_ddrphy_clk/ioclk[1]$u_ioclk_1, location = x0y19z1.
PHY-1001 :   Placed ioclk instance u_ph1p35_324_ddr_wrapper/u_ddr2/ph1p_ddrmc_wrapper/ph1p_ddrmc_top/u_ddr_phy/u_ddrphy_top/u_ddrphy_clk/ioclk[1]$u_ioclk_0, location = x0y19z0.
PHY-3001 : Target density is 60%
PHY-3001 : Target density is 60%
PHY-3001 : Initial: Len = 1.38425e+06, Over = 0
PHY-1001 : Stage 4.1 | Spreading
PHY-3001 : Design contains 149 ce signals.
PHY-3001 : Spreading for sector grids.
PHY-3001 : Iter 1, total overflow: 0
PHY-3001 : tot_capacity: 36, usage_cnt: 17, movable_cnt: 28
PHY-3001 : Spreading for clock grids.
PHY-3001 : clock grid count for 24 x 4 grids
PHY-3001 : Spreading for plb grids.
PHY-3001 : total displace: 0, max displace: 0.
PHY-3001 : End spreading;  0.338929s wall, 0.328125s user + 0.000000s system = 0.328125s CPU (96.8%)

PHY-1001 : End Stage 4.1 | Spreading; Time: 0.339058s wall, 0.328125s user + 0.000000s system = 0.328125s CPU (96.8%); Memory(MB): used = 1155, reserved = 1150, peak = 1155;

PHY-3001 : Final: Len = 1.38425e+06, Over = 0
PHY-3001 : End incremental legalization;  0.638600s wall, 0.671875s user + 0.000000s system = 0.671875s CPU (105.2%)

RUN-1002 : start command "report_qor -step place -file place.qor"
RUN-1002 : start command "start_timer"
RUN-1003 : finish command "start_timer" in  1.837555s wall, 1.843750s user + 0.000000s system = 1.843750s CPU (100.3%)

RUN-1004 : used memory is 1155 MB, reserved memory is 1150 MB, peak memory is 1155 MB
RUN-1001 : Generating global routing grids ...
-----------------------------------------------------------
| QoR metrics               |         value               |
-----------------------------------------------------------
| Timing                    |                             |
|     Setup WNS             |         1555                |
|     Setup TNS             |            0                |
|     Num of violated S-EP  |            0                |
|     FMAX                  |   900.090MHz                |
|     SWNS path clock period |       2666ps                |
|     Hold WNS              |         -373                |
|     Hold TNS              |       -62175                |
|     Num of violated H-EP  |          485                |
-----------------------------------------------------------
| Routing Resource          |                             |
|     Wire length           |      1379999                |
|     Route Net Num         |        21269                |
|     DontRoute Net Num     |         9105                |
|     RouteSinks Num        |        63920                |
-----------------------------------------------------------
| Utilization               |                             |
|     #slices               |        12688                |
|     slices percentage     |       59.80%                |
|     #RAMs                 |           45                |
|     #DSPs                 |            8                |
|     #DRAMHARDCON          |           21                |
-----------------------------------------------------------
| Congestion                |                             |
|     Top 1% tile util      |           71                |
|     Top 1% tile avg util  |       78.63%                |
|     Over 100% util #tile  |            0                |
|     Max level             |            1                |
|     Window                |  [  9  10] - [  9  13]      |
-----------------------------------------------------------
Report place stage QoR done.

RUN-1003 : finish command "report_qor -step place -file place.qor" in  4.167514s wall, 5.000000s user + 0.031250s system = 5.031250s CPU (120.7%)

RUN-1004 : used memory is 1155 MB, reserved memory is 1150 MB, peak memory is 1155 MB
PHY-1001 : End Stage 4 | Optimize Design; Time: 4.829806s wall, 5.687500s user + 0.031250s system = 5.718750s CPU (118.4%); Memory(MB): used = 1155, reserved = 1150, peak = 1155;

PHY-1001 : Stage 5 | DRC Check
PHY-1001 : Stage 5.1 | Slice Attributes Check
PHY-1035 : Redundant attributes/nets in slice detected. You can use tcl "check_slice_attr -verbose" to get full message.
PHY-1039 : Found 112 mslices getting no used reg attributes, eg: u_hdmi_tx/u_hdmi_1_4b_transmitter_core_wrapper/u_hdmi_tx_controller_wrapper/u_hdmi_video_data_assemble/S_island_guard_band_1d_syn_10.
PHY-1039 : Found 112 mslices getting no used ce attributes, eg: u_hdmi_tx/u_hdmi_1_4b_transmitter_core_wrapper/u_hdmi_tx_controller_wrapper/u_hdmi_video_data_assemble/S_island_guard_band_1d_syn_10.
PHY-1001 : End Stage 5.1 | Slice Attributes Check; Time: 0.062890s wall, 0.031250s user + 0.015625s system = 0.046875s CPU (74.5%); Memory(MB): used = 1155, reserved = 1150, peak = 1155;

PHY-1001 : Stage 5.2 | Clock Bound Check
PHY-1001 : Check pass.
PHY-1001 : End Stage 5.2 | Clock Bound Check; Time: 0.004474s wall, 0.000000s user + 0.000000s system = 0.000000s CPU (n/a%); Memory(MB): used = 1155, reserved = 1150, peak = 1155;

PHY-1001 : Stage 5.3 | Force Route Constraint Check
PHY-1001 : Check Pass.
PHY-1001 : End Stage 5.3 | Force Route Constraint Check; Time: 0.004112s wall, 0.000000s user + 0.000000s system = 0.000000s CPU (n/a%); Memory(MB): used = 1155, reserved = 1150, peak = 1155;

PHY-1001 : Stage 5.4 | Sigmap Check
PHY-1001 : Check pass.
PHY-1001 : End Stage 5.4 | Sigmap Check; Time: 0.103764s wall, 0.093750s user + 0.000000s system = 0.093750s CPU (90.3%); Memory(MB): used = 1155, reserved = 1150, peak = 1155;

PHY-1001 : Stage 5.5 | Duplicated SelfDriven Check
PHY-1001 : Check pass.
PHY-1001 : End Stage 5.5 | Duplicated SelfDriven Check; Time: 0.405002s wall, 0.328125s user + 0.015625s system = 0.343750s CPU (84.9%); Memory(MB): used = 1155, reserved = 1150, peak = 1155;

PHY-1001 : Stage 5.6 | Clock Rule Check
PHY-5088 WARNING: Clock_Analyzer: Detected 1 buffer(s) clkin net because they drive non-clock sinks. Run "analyze_clock -detail" for more infomation.
PHY-5088 WARNING: Clock_Analyzer: Detected 1 buffer(s) clkout net because they drive non-clock sinks. Run "analyze_clock -detail" for more infomation.
PHY-5088 WARNING: Clock_Analyzer: 3 clock-net(s) because they drive other clock net, may cause clock skew. Run "analyze_clock -detail" for more infomation.
PHY-1001 : End Stage 5.6 | Clock Rule Check; Time: 0.083296s wall, 0.078125s user + 0.000000s system = 0.078125s CPU (93.8%); Memory(MB): used = 1155, reserved = 1150, peak = 1155;

PHY-1001 : End Stage 5 | DRC Check; Time: 0.741242s wall, 0.609375s user + 0.031250s system = 0.640625s CPU (86.4%); Memory(MB): used = 1155, reserved = 1150, peak = 1155;

OPT-1001 : QoR tracer report on placement steps:
    SWNS [   incr ]    STNS [   incr ]    FEPS [   incr ]    CRIT [   incr ]      CELL [     incr ]        WL [     incr ]    CONG [   incr ]    PDES [   incr ]   RT(s) [   incr ]   MEM(mb) [     incr ]
       0 [      0 ]       0 [      0 ]       0 [      0 ]       0 [      0 ]     26395 [        0 ]         0 [        0 ]    0.00 [   0.00 ]       0 [      0 ]       0 [      0 ]       520 [        0 ] : preplace:simplify_lut
       0 [      0 ]       0 [      0 ]       0 [      0 ]       0 [      0 ]     26395 [        0 ]         0 [        0 ]    0.00 [   0.00 ]       0 [      0 ]       0 [      0 ]       520 [        0 ] : preplace:sweep
       0 [      0 ]       0 [      0 ]       0 [      0 ]       0 [      0 ]     26395 [        0 ]         0 [        0 ]    0.00 [   0.00 ]       0 [      0 ]       0 [      0 ]       521 [        1 ] : preplace:lut_merge
       0 [      0 ]       0 [      0 ]       0 [      0 ]       0 [      0 ]     26395 [        0 ]         0 [        0 ]    0.00 [   0.00 ]       0 [      0 ]       0 [      0 ]       521 [        0 ] : preplace:hfn_opt
    1429 [   1429 ]       0 [      0 ]       0 [      0 ]    4467 [   4467 ]     28053 [     1658 ]   1612244 [  1612244 ]    0.00 [   0.00 ]       0 [      0 ]      12 [     12 ]       909 [      388 ] : step1_gp
    1429 [      0 ]       0 [      0 ]       0 [      0 ]    4512 [     45 ]     28053 [        0 ]   1615339 [     3095 ]    0.00 [   0.00 ]       0 [      0 ]      13 [      1 ]       913 [        4 ] : step1_legal
    1429 [      0 ]       0 [      0 ]       0 [      0 ]    4512 [      0 ]     28053 [        0 ]   1580886 [   -34453 ]    0.00 [   0.00 ]       0 [      0 ]      15 [      2 ]       915 [        2 ] : step1_dp
    1384 [    -45 ]       0 [      0 ]       0 [      0 ]    4607 [     95 ]     28053 [        0 ]   1431589 [  -149297 ]  181.61 [ 181.61 ]       0 [      0 ]      23 [      8 ]      1004 [       89 ] : step2_gp
    1384 [      0 ]       0 [      0 ]       0 [      0 ]    4607 [      0 ]     28053 [        0 ]   1429879 [    -1710 ]  181.61 [   0.00 ]       0 [      0 ]      23 [      0 ]      1005 [        1 ] : step2_dp
    1384 [      0 ]       0 [      0 ]       0 [      0 ]    4607 [      0 ]     28053 [        0 ]   1429879 [        0 ]  181.61 [   0.00 ]       0 [      0 ]      24 [      1 ]      1005 [        0 ] : prepack_spreading
    1311 [    -73 ]       0 [      0 ]       0 [      0 ]    4671 [     64 ]     28179 [      126 ]   1229252 [  -200627 ]  147.66 [ -33.95 ]       0 [      0 ]      32 [      8 ]      1019 [       14 ] : prepack:hfn_opt
    1320 [      9 ]       0 [      0 ]       0 [      0 ]    4671 [      0 ]     28179 [        0 ]   1232195 [     2943 ]   87.32 [ -60.34 ]       0 [      0 ]      35 [      3 ]      1019 [        0 ] : prepack:global_opt
    1431 [    111 ]       0 [      0 ]       0 [      0 ]    5083 [    412 ]     14513 [   -13666 ]   1523714 [   291519 ]   86.13 [  -1.18 ]       0 [      0 ]      61 [     26 ]      1141 [      122 ] : direct_legalization
    1431 [      0 ]       0 [      0 ]       0 [      0 ]    5083 [      0 ]     14513 [        0 ]   1523714 [        0 ]   86.13 [   0.00 ]       0 [      0 ]      61 [      0 ]      1144 [        3 ] : post_pack_spreading
    1438 [      7 ]       0 [      0 ]       0 [      0 ]    5194 [    111 ]     14513 [        0 ]   1330542 [  -193172 ]   76.39 [  -9.74 ]       0 [      0 ]      83 [     22 ]      1154 [       10 ] : post_pack_dp
    1438 [      0 ]       0 [      0 ]       0 [      0 ]    5201 [      7 ]     14502 [      -11 ]   1323469 [    -7073 ]   76.39 [   0.00 ]       0 [      0 ]      89 [      6 ]      1154 [        0 ] : postpack:optimize_equivalent_quick
    1438 [      0 ]       0 [      0 ]       0 [      0 ]    5197 [     -4 ]     14516 [       14 ]   1326589 [     3120 ]   76.39 [   0.00 ]       0 [      0 ]      90 [      1 ]      1154 [        0 ] : postpack:hfn_opt
    1576 [    138 ]       0 [      0 ]       0 [      0 ]    5197 [      0 ]     14532 [       16 ]   1341142 [    14553 ]   79.76 [   3.37 ]       0 [      0 ]      95 [      5 ]      1155 [        1 ] : postpack:path_opt
    1576 [      0 ]       0 [      0 ]       0 [      0 ]    5198 [      1 ]     14530 [       -2 ]   1340162 [     -980 ]   79.76 [   0.00 ]       0 [      0 ]     102 [      7 ]      1155 [        0 ] : postpack:optimize_equivalent
    1576 [      0 ]       0 [      0 ]       0 [      0 ]    5356 [    158 ]     14530 [        0 ]   1340162 [        0 ]   79.76 [   0.00 ]       0 [      0 ]     103 [      1 ]      1155 [        0 ] : postpack:pin_opt
    1555 [    -21 ]       0 [      0 ]       0 [      0 ]    5323 [    -33 ]     14530 [        0 ]   1376786 [    36624 ]   79.76 [   0.00 ]       0 [      0 ]     115 [     12 ]      1155 [        0 ] : postpack:beeline_opt

RUN-1003 : finish command "place" in  122.953710s wall, 414.328125s user + 8.218750s system = 422.546875s CPU (343.7%)

RUN-1004 : used memory is 1156 MB, reserved memory is 1150 MB, peak memory is 1156 MB
RUN-1002 : start command "update_timing -mode manhattan"
RUN-1002 : start command "start_timer"
RUN-1003 : finish command "start_timer" in  1.844075s wall, 1.843750s user + 0.000000s system = 1.843750s CPU (100.0%)

RUN-1004 : used memory is 1156 MB, reserved memory is 1150 MB, peak memory is 1156 MB
RUN-1003 : finish command "update_timing -mode manhattan" in  3.242558s wall, 3.250000s user + 0.000000s system = 3.250000s CPU (100.2%)

RUN-1004 : used memory is 1156 MB, reserved memory is 1150 MB, peak memory is 1156 MB
RUN-1002 : start command "report_timing_summary -file camera_to_dsi_display_place.timing"
RUN-1002 : start command "report_area -io_info -file camera_to_dsi_display_phy.area"
SYN-4034 : The count of slices with lut is 6775.
SYN-4035 : The count of slices with lut+ripple is 3251.
RUN-1001 : standard
***Report Model: design_top_wrapper Device: PH1P35MDG324***

Design Statistics
#IO                        60   out of    160   37.50%
  #input                    6
  #output                  31
  #inout                   23
#lut6                   10306   out of  21216   48.58%
#reg                    13416
  #slice reg            13416   out of  42432   31.62%
  #pad reg                  0

Utilization Statistics
#slice                  12688   out of  21216   59.80%
  #used ram               280
    #dram lut             168
    #shifter lut          112
  #used logic           12408
    #with luts           6775
    #with adder          3251
    #reg only            2382
#f7mux                      0   out of  10608    0.00%
#f8mux                      0   out of   5304    0.00%
#eram                      45   out of    108   41.67%
  #eram20k                 45
  #fifo20k                  0
#dsp                        8   out of     40   20.00%
#ddr_byte                   6   out of     12   50.00%
#mipi_tx                    0   out of      2    0.00%
#mipi_rx                    1   out of      2   50.00%
#pad                       19   out of    160   11.88%
#pll                        3   out of      6   50.00%
#gclk                       9   out of     32   28.12%
#lclk                       0   out of     12    0.00%
#sclk                       0   out of     48    0.00%
#mlclk                      2   out of      6   33.33%
#ioclk                      4   out of     18   22.22%

RUN-1002 : start command "flow_status -file place_flow.status"
Location         : D:\2026fpga\lab_hd_1_mipi_hdmi\td_project\camera_to_dsi_display_Runs\phy_1
Running with     : Tang Dynasty v6.2.168116
                   Copyright (c) 2012-2025 Anlogic Inc.
Top Model        : design_top_wrapper
Device           : PH1P35MDG324
Speed            : 3

Timing Mode      : manhattan
Setup            : WNS  1555ps  TNS        0ps  NUM_FEPS     0
Hold             : WNS  -373ps  TNS   -62175ps  NUM_FEPS   485

Flow Statistics  :
RUN-1001 : Flow Statistics:
RUN-1001 : --------------------------------------------------------------------------------------------------
RUN-1001 :      command     |  #calls  |  wall time  |  cpu time(s)  |  used memory(mb)  |  peak memory(mb)  
RUN-1001 : --------------------------------------------------------------------------------------------------
RUN-1001 :       place      |    1     |  2m2s(97%)  |   422(99%)    |       1156        |       1156        
RUN-1001 :   import_device  |    1     |   2s(1%)    |     2(0%)     |        323        |        323        
RUN-1001 :     import_db    |    1     |   1s(0%)    |     0(0%)     |        519        |        519        
RUN-1001 : --------------------------------------------------------------------------------------------------
RUN-1001 :       total      |    3     |    2m5s     |      424      |       1156        |       1156        
RUN-1001 : --------------------------------------------------------------------------------------------------
RUN-1002 : start command "report_clock_utilization -file place_clock_utilization.txt"
RUN-1002 : start command "export_db camera_to_dsi_display_place.db"
RUN-1001 : Exported flow parameters
RUN-1001 : Exported /
RUN-1001 : Exported libs
RUN-1001 : Exported entities
RUN-1001 : Exported ports
RUN-1001 : Exported pins
RUN-1001 : Exported instances
RUN-1001 : Exported nets
RUN-1001 : Exported buses
RUN-1001 : Exported models
RUN-1001 : Exported phy database
RUN-1001 : Exported packer
RUN-1001 : Exported congestions
RUN-1001 : Exported violations
RUN-1001 : Exported ATMR Setting
RUN-1001 : Exported timing constraints
RUN-1001 : Exported IO constraints
RUN-1001 : Exported Inst constraints
RUN-1001 : Exported ChipWatcher
RUN-1002 : start command "commit_param -step route"
RUN-1001 : Print Global Property
RUN-1001 : -------------------------------------------------------------
RUN-1001 :     Parameters    |   Settings   |  Default Values  |  Note  
RUN-1001 : -------------------------------------------------------------
RUN-1001 :    enable_seed    |     off      |       off        |        
RUN-1001 :    hfn_to_clock   |  1000000000  |    1000000000    |        
RUN-1001 :      message      |   standard   |     standard     |        
RUN-1001 :    qor_monitor    |      on      |        on        |        
RUN-1001 :   speedup_effort  |      0       |        0         |        
RUN-1001 :    syn_ip_flow    |     off      |       off        |        
RUN-1001 :       thread      |     auto     |       auto       |        
RUN-1001 : -------------------------------------------------------------
RUN-1001 : Print Route Property
RUN-1001 : ---------------------------------------------------------------
RUN-1001 :       Parameters      |  Settings  |  Default Values  |  Note  
RUN-1001 : ---------------------------------------------------------------
RUN-1001 :         effort        |   normal   |      normal      |        
RUN-1001 :        fix_hold       |     on     |        on        |        
RUN-1001 :   hold_fix_iteration  |     5      |        5         |        
RUN-1001 :     post_route_opt    |    auto    |       auto       |        
RUN-1001 :         timing        |     on     |        on        |        
RUN-1001 : ---------------------------------------------------------------
RUN-1002 : start command "route"
RUN-1001 : Open license file F:/AnlogicFpga/TD_6.2.1_Engineer_6.2.168.116/license/Anlogic.lic
PHY-1001 : Reconnected 29 VDD pins with routing demanding
PHY-1001 : Populate physical database on model design_top_wrapper.
RUN-1001 : Dedicate pll clock connection statistics:
RUN-1001 : Clock Region s_1_l [0,40][23,79]; Utilization: 1 out of 12
RUN-1001 : ----------------------------------------------------------------------------------------------------------------------------------------------------------------------------------------------------------------------------------
RUN-1001 :   Index  |                                    Leading Clock                                     |                                                          Special Sink                                                           
RUN-1001 : ----------------------------------------------------------------------------------------------------------------------------------------------------------------------------------------------------------------------------------
RUN-1001 :     1    |  u_ph1p35_324_ddr_wrapper/u_ddr2/ph1p_ddrmc_wrapper/ph1p_ddrmc_top/u_alc_mc_top/clk  |  u_ph1p35_324_ddr_wrapper/u_ddr2/ph1p_ddrmc_wrapper/ph1p_ddrmc_top/u_ddr_phy/u_ddrphy_top/u_ddrphy_clk/u_pll1/u_pll_inst.fbclk  
RUN-1001 : ----------------------------------------------------------------------------------------------------------------------------------------------------------------------------------------------------------------------------------
RUN-1001 : Clock Region s_1_r [24,40][43,79]; Utilization: 1 out of 12
RUN-1001 : -----------------------------------------------------------------------------------------------------------------------------------------------------------------------
RUN-1001 :   Index  |                                     Leading Clock                                     |                            Special Sink                             
RUN-1001 : -----------------------------------------------------------------------------------------------------------------------------------------------------------------------
RUN-1001 :     1    |  u_mipi_dphy_rx_ph1p_mipiio_wrapper/u_ph1p_mipiio_rx_wrapper/u_lane0_hs_detect/I_clk  |  u_PLL/ph1p_phy_pll_wrapper_25a56e5ce2f9_Inst/u_PH1P_PHY_PLL.fbclk  
RUN-1001 : -----------------------------------------------------------------------------------------------------------------------------------------------------------------------
PHY-1001 : Working orders of clock nets being processed in bank assignment:
PHY-1001 : u_ph1p35_324_ddr_wrapper/u_ddr2/ph1p_ddrmc_wrapper/ph1p_ddrmc_top/u_alc_mc_top/clk;
PHY-1001 : u_mipi_dphy_rx_ph1p_mipiio_wrapper/u_ph1p_mipiio_rx_wrapper/u_lane0_hs_detect/I_clk;
PHY-1001 : u_isp_top/u_rgb96_downscale_crop/u_scale_line_buffer/ram_f84573da5ab5_Inst/clkb;
PHY-1001 : u_hdmi_mixer/I_clk_syn_652;
PHY-1001 : O_cam_24m_syn_3;
PHY-1001 : I_sys_clk_syn_8;
PHY-1001 : u_hdmi_tx/u_hdmi2phy_wrapper/u0_lane_lvds_8_1/I_serial_clk_syn_1;
PHY-1001 : u_ph1p35_324_ddr_wrapper/u_ddr2/ph1p_ddrmc_wrapper/ph1p_ddrmc_top/u_ddr_phy/u_ddrphy_top/u_ddrphy/apb_pclk_syn_1;
PHY-1001 : u_uicfgcs500/uii2c_inst/scl_clk_syn_9;
PHY-1001 : Internal bound Intnl_0_0_25_40 is being created by clock MIPI_RX_BYTE_CLK through SCLK.
PHY-1001 : Internal bound Intnl_25_0_23_40 is being created by clock MIPI_RX_BYTE_CLK through SCLK.
PHY-1001 : Internal bound Intnl_0_40_25_40 is being created by clock u_ph1p35_324_ddr_wrapper/u_ddr2/usr_clk through SCLK.
PHY-1001 : Internal bound Intnl_25_40_19_40 is being created by clock MIPI_RX_BYTE_CLK through SCLK.
RUN-1001 : Clock region assignment statistics:
RUN-1001 : Clock Region s_0_l [0,0][23,39]; Utilization: 7 out of 12
RUN-1001 : ----------------------------------------------------------------------------------------------------------------------------------------------------------------------------------------------------------------------------------------------------------------------------------------------------------------------------------------
RUN-1001 :   Bank  |                                                   Leading Clock                                                    |       Type        |                                                                          Buffer                                                                           |  Regional Clock Fanouts  
RUN-1001 : ----------------------------------------------------------------------------------------------------------------------------------------------------------------------------------------------------------------------------------------------------------------------------------------------------------------------------------------
RUN-1001 :    1    |                  u_isp_top/u_rgb96_downscale_crop/u_scale_line_buffer/ram_f84573da5ab5_Inst/clkb                   |  (infered sclk)   |                           u_mipi_dphy_rx_ph1p_mipiio_wrapper/u_ph1p_mipiio_rx_wrapper/bufg_feedback_auto_created_sclk_s_0_l_bk1                           |           1185           
RUN-1001 :    2    |                 u_ph1p35_324_ddr_wrapper/u_ddr2/ph1p_ddrmc_wrapper/ph1p_ddrmc_top/u_alc_mc_top/clk                 |  (infered sclk)   |   u_ph1p35_324_ddr_wrapper/u_ddr2/ph1p_ddrmc_wrapper/ph1p_ddrmc_top/u_ddr_phy/u_ddrphy_top/u_ddrphy_clk/u_pll1/u_bufg_fbclk_auto_created_sclk_s_0_l_bk2   |           825            
RUN-1001 :    3    |                                                  I_sys_clk_syn_8                                                   |  (infered sclk)   |                                               I_sys_clk_dup_6_created_gclkinst_auto_created_sclk_s_0_l_bk3                                                |            87            
RUN-1001 :    4    |                                                  O_cam_24m_syn_3                                                   |  (infered sclk)   |                                               O_cam_24m_dup_1_created_gclkinst_auto_created_sclk_s_0_l_bk4                                                |            84            
RUN-1001 :    5    |                                       u_uicfgcs500/uii2c_inst/scl_clk_syn_9                                        |  (infered sclk)   |                                       u_uicfgcs500/uii2c_inst/scl_clk_created_gclkinst_auto_created_sclk_s_0_l_bk5                                        |            15            
RUN-1001 :    6    |  u_ph1p35_324_ddr_wrapper/u_ddr2/ph1p_ddrmc_wrapper/ph1p_ddrmc_top/u_ddr_phy/u_ddrphy_top/u_ddrphy/apb_pclk_syn_1  |  (infered sclk)   |  u_ph1p35_324_ddr_wrapper/u_ddr2/ph1p_ddrmc_wrapper/ph1p_ddrmc_top/u_ddr_phy/u_ddrphy_top/u_ddrphy/apb_pclk_created_gclkinst_auto_created_sclk_s_0_l_bk6  |            3             
RUN-1001 :    7    |                                             u_hdmi_mixer/I_clk_syn_652                                             |  (infered sclk)   |                                              u_hdmi_mixer/I_clk_created_gclkinst_auto_created_sclk_s_0_l_bk7                                              |            2             
RUN-1001 : ----------------------------------------------------------------------------------------------------------------------------------------------------------------------------------------------------------------------------------------------------------------------------------------------------------------------------------------
RUN-1001 : Clock Region s_0_r [24,0][47,39]; Utilization: 5 out of 12
RUN-1001 : ---------------------------------------------------------------------------------------------------------------------------------------------------------------------------------------------------------------------------------------------------------------------------------------------------------
RUN-1001 :   Bank  |                                     Leading Clock                                     |       Type        |                                                                         Buffer                                                                          |  Regional Clock Fanouts  
RUN-1001 : ---------------------------------------------------------------------------------------------------------------------------------------------------------------------------------------------------------------------------------------------------------------------------------------------------------
RUN-1001 :    1    |    u_isp_top/u_rgb96_downscale_crop/u_scale_line_buffer/ram_f84573da5ab5_Inst/clkb    |  (infered sclk)   |                          u_mipi_dphy_rx_ph1p_mipiio_wrapper/u_ph1p_mipiio_rx_wrapper/bufg_feedback_auto_created_sclk_s_0_r_bk1                          |           2002           
RUN-1001 :    2    |                                    O_cam_24m_syn_3                                    |  (infered sclk)   |                                              O_cam_24m_dup_1_created_gclkinst_auto_created_sclk_s_0_r_bk2                                               |            31            
RUN-1001 :    3    |                              u_hdmi_mixer/I_clk_syn_652                               |  (infered sclk)   |                                             u_hdmi_mixer/I_clk_created_gclkinst_auto_created_sclk_s_0_r_bk3                                             |            23            
RUN-1001 :    4    |  u_ph1p35_324_ddr_wrapper/u_ddr2/ph1p_ddrmc_wrapper/ph1p_ddrmc_top/u_alc_mc_top/clk   |  (infered sclk)   |  u_ph1p35_324_ddr_wrapper/u_ddr2/ph1p_ddrmc_wrapper/ph1p_ddrmc_top/u_ddr_phy/u_ddrphy_top/u_ddrphy_clk/u_pll1/u_bufg_fbclk_auto_created_sclk_s_0_r_bk4  |            8             
RUN-1001 :    5    |  u_mipi_dphy_rx_ph1p_mipiio_wrapper/u_ph1p_mipiio_rx_wrapper/u_lane0_hs_detect/I_clk  |  (infered sclk)   |                                                     u_PLL/bufg_feedback_auto_created_sclk_s_0_r_bk5                                                     |            7             
RUN-1001 : ---------------------------------------------------------------------------------------------------------------------------------------------------------------------------------------------------------------------------------------------------------------------------------------------------------
RUN-1001 : Clock Region s_1_l [0,40][23,79]; Utilization: 3 out of 12
RUN-1001 : ----------------------------------------------------------------------------------------------------------------------------------------------------------------------------------------------------------------------------------------------------------------------------------------------------------------------------------------
RUN-1001 :   Bank  |                                                   Leading Clock                                                    |       Type        |                                                                          Buffer                                                                           |  Regional Clock Fanouts  
RUN-1001 : ----------------------------------------------------------------------------------------------------------------------------------------------------------------------------------------------------------------------------------------------------------------------------------------------------------------------------------------
RUN-1001 :    1    |                 u_ph1p35_324_ddr_wrapper/u_ddr2/ph1p_ddrmc_wrapper/ph1p_ddrmc_top/u_alc_mc_top/clk                 |  (infered sclk)   |   u_ph1p35_324_ddr_wrapper/u_ddr2/ph1p_ddrmc_wrapper/ph1p_ddrmc_top/u_ddr_phy/u_ddrphy_top/u_ddrphy_clk/u_pll1/u_bufg_fbclk_auto_created_sclk_s_1_l_bk1   |           1107           
RUN-1001 :    2    |                  u_isp_top/u_rgb96_downscale_crop/u_scale_line_buffer/ram_f84573da5ab5_Inst/clkb                   |  (infered sclk)   |                           u_mipi_dphy_rx_ph1p_mipiio_wrapper/u_ph1p_mipiio_rx_wrapper/bufg_feedback_auto_created_sclk_s_1_l_bk2                           |           1121           
RUN-1001 :    3    |  u_ph1p35_324_ddr_wrapper/u_ddr2/ph1p_ddrmc_wrapper/ph1p_ddrmc_top/u_ddr_phy/u_ddrphy_top/u_ddrphy/apb_pclk_syn_1  |  (infered sclk)   |  u_ph1p35_324_ddr_wrapper/u_ddr2/ph1p_ddrmc_wrapper/ph1p_ddrmc_top/u_ddr_phy/u_ddrphy_top/u_ddrphy/apb_pclk_created_gclkinst_auto_created_sclk_s_1_l_bk3  |            24            
RUN-1001 : ----------------------------------------------------------------------------------------------------------------------------------------------------------------------------------------------------------------------------------------------------------------------------------------------------------------------------------------
RUN-1001 : Clock Region s_1_r [24,40][43,79]; Utilization: 5 out of 12
RUN-1001 : ---------------------------------------------------------------------------------------------------------------------------------------------------------------------------------------------------------------------------------------------------------------------------------------------------------
RUN-1001 :   Bank  |                                     Leading Clock                                     |       Type        |                                                                         Buffer                                                                          |  Regional Clock Fanouts  
RUN-1001 : ---------------------------------------------------------------------------------------------------------------------------------------------------------------------------------------------------------------------------------------------------------------------------------------------------------
RUN-1001 :    1    |  u_mipi_dphy_rx_ph1p_mipiio_wrapper/u_ph1p_mipiio_rx_wrapper/u_lane0_hs_detect/I_clk  |  (infered sclk)   |                                                     u_PLL/bufg_feedback_auto_created_sclk_s_1_r_bk1                                                     |            1             
RUN-1001 :    2    |    u_isp_top/u_rgb96_downscale_crop/u_scale_line_buffer/ram_f84573da5ab5_Inst/clkb    |  (infered sclk)   |                          u_mipi_dphy_rx_ph1p_mipiio_wrapper/u_ph1p_mipiio_rx_wrapper/bufg_feedback_auto_created_sclk_s_1_r_bk2                          |           845            
RUN-1001 :    3    |                              u_hdmi_mixer/I_clk_syn_652                               |  (infered sclk)   |                                             u_hdmi_mixer/I_clk_created_gclkinst_auto_created_sclk_s_1_r_bk3                                             |           769            
RUN-1001 :    4    |           u_hdmi_tx/u_hdmi2phy_wrapper/u0_lane_lvds_8_1/I_serial_clk_syn_1            |  (infered sclk)   |                         u_hdmi_tx/u_hdmi2phy_wrapper/u0_lane_lvds_8_1/I_serial_clk_created_gclkinst_auto_created_sclk_s_1_r_bk4                         |            38            
RUN-1001 :    5    |  u_ph1p35_324_ddr_wrapper/u_ddr2/ph1p_ddrmc_wrapper/ph1p_ddrmc_top/u_alc_mc_top/clk   |  (infered sclk)   |  u_ph1p35_324_ddr_wrapper/u_ddr2/ph1p_ddrmc_wrapper/ph1p_ddrmc_top/u_ddr_phy/u_ddrphy_top/u_ddrphy_clk/u_pll1/u_bufg_fbclk_auto_created_sclk_s_1_r_bk5  |            21            
RUN-1001 : ---------------------------------------------------------------------------------------------------------------------------------------------------------------------------------------------------------------------------------------------------------------------------------------------------------
PHY-1001 : Populate physical database on model design_top_wrapper.
PHY-1001 : Route runs in 32 thread(s)
RUN-1001 : There are total 13161 instances
RUN-1001 : 280 mslices, 12408 lslices, 53 pads, 45 brams, 8 dsps
RUN-1001 : There are total 30674 nets
RUN-1001 : 19554 nets have 2 pins
RUN-1001 : 8877 nets have [3 - 5] pins
RUN-1001 : 1491 nets have [6 - 10] pins
RUN-1001 : 493 nets have [11 - 20] pins
RUN-1001 : 242 nets have [21 - 99] pins
RUN-1001 : 17 nets have 100+ pins
RUN-1002 : start command "start_timer"
RUN-1003 : finish command "start_timer" in  3.178491s wall, 3.093750s user + 0.046875s system = 3.140625s CPU (98.8%)

RUN-1004 : used memory is 1177 MB, reserved memory is 1262 MB, peak memory is 1177 MB
PHY-1001 : 280 mslices, 12408 lslices, 53 pads, 45 brams, 8 dsps

PHY-1001 : Stage 1 | Global Routing
PHY-1001 : Start global routing, caller is route ...
RUN-1001 : Generating global routing grids ...
PHY-1001 : Generate routing nets ...
RUN-1001 : Generate nets statistics:
RUN-1001 : ----------------------------
RUN-1001 :        Type       |  Nets   
RUN-1001 : ----------------------------
RUN-1001 :   TotalRouteNets  |  21289  
RUN-1001 :   DontRouteNets   |  4523   
RUN-1001 :     RouteNets     |  16766  
RUN-1001 :     RouteSinks    |  32097  
RUN-1001 : ----------------------------
PHY-1001 : Global iterations in 32 thread ...
PHY-1002 : len = 1.48941e+06, over cnt = 1716(2%), over = 3618, worst = 9
PHY-1002 : len = 1.52786e+06, over cnt = 1164(1%), over = 2176, worst = 9
PHY-1002 : len = 1.56976e+06, over cnt = 432(0%), over = 719, worst = 9
PHY-1002 : len = 1.59397e+06, over cnt = 0(0%), over = 0, worst = 0
PHY-1001 : End global iterations;  2.051223s wall, 2.593750s user + 0.109375s system = 2.703125s CPU (131.8%)

PHY-1001 : Congestion index:
PHY-1001 : top1  = 77.43(S 59.70, N 55.42, E 69.28, W 73.85, I 67.02, O 72.12)
PHY-1001 : top5  = 64.25(S 49.14, N 45.91, E 54.01, W 57.81, I 49.35, O 57.68)
PHY-1001 : top10 = 58.16(S 42.77, N 40.22, E 46.11, W 50.35, I 43.02, O 51.08)
PHY-1001 : top15 = 54.46(S 38.39, N 36.21, E 41.11, W 45.45, I 39.06, O 46.86)
PHY-1001 : End global routing;  2.451292s wall, 3.046875s user + 0.109375s system = 3.156250s CPU (128.8%)

PHY-1001 : End Stage 1 | Global Routing; Time: 2.451363s wall, 3.046875s user + 0.109375s system = 3.156250s CPU (128.8%); Memory(MB): used = 1194, reserved = 1262, peak = 1194;

PHY-1001 : Stage 2 | Detail Routing
PHY-1001 : Stage 2.1 | Build Routing Design
PHY-1001 : Routing in high effort: false
PHY-1001 : Routing Mode: normal
PHY-1001 : Generate detailed routing grids ...
RUN-1001 : Constructing routing connections ...
PHY-1001 : End build routing graph; 3.316649s wall, 23.718750s user + 0.218750s system = 23.937500s CPU (721.7%)

PHY-1001 : Generate nets ...
RUN-1001 : Generate nets statistics:
RUN-1001 : ------------------------------
RUN-1001 :         Type        |  Nets   
RUN-1001 : ------------------------------
RUN-1001 :        Route        |  21570  
RUN-1001 :      DontRoute      |  9104   
RUN-1001 :      RouteSinks     |  65632  
RUN-1001 :   RouteEntitySinks  |    0    
RUN-1001 :       Lut2Dff       |    0    
RUN-1001 :       Ram2Dff       |    0    
RUN-1001 :      Carry2Dff      |    0    
RUN-1001 : ------------------------------
RUN-1001 : DR clock net summary:
RUN-1001 : ---------------------------------------------------------------------------------------------------------------------------------------------------
RUN-1001 :   Net Idx  |                                                        Net Name                                                        |  Clock Type  
RUN-1001 : ---------------------------------------------------------------------------------------------------------------------------------------------------
RUN-1001 :      1     |                                                    I_sys_clk_dup_6                                                     |    Normal    
RUN-1001 :      2     |                                                    I_sys_clk_syn_8                                                     |    Normal    
RUN-1001 :      3     |                                                    O_cam_24m_dup_1                                                     |    Normal    
RUN-1001 :      4     |                                                    O_cam_24m_syn_3                                                     |    Normal    
RUN-1001 :      5     |                                                     u_PLL/clk0_buf                                                     |    Normal    
RUN-1001 :      6     |                                                   u_hdmi_mixer/I_clk                                                   |    Normal    
RUN-1001 :      7     |                                               u_hdmi_mixer/I_clk_syn_652                                               |    Normal    
RUN-1001 :      8     |                               u_hdmi_tx/u_hdmi2phy_wrapper/u0_lane_lvds_8_1/I_serial_clk                               |    Normal    
RUN-1001 :      9     |                            u_hdmi_tx/u_hdmi2phy_wrapper/u0_lane_lvds_8_1/I_serial_clk_syn_1                            |    Normal    
RUN-1001 :     10     |                    u_isp_top/u_rgb96_downscale_crop/u_scale_line_buffer/ram_f84573da5ab5_Inst/clkb                     |    Normal    
RUN-1001 :     11     |                     u_mipi_dphy_rx_ph1p_mipiio_wrapper/u_ph1p_mipiio_rx_wrapper/S_mipiio_hs_rx_clk                     |    Normal    
RUN-1001 :     12     |                  u_mipi_dphy_rx_ph1p_mipiio_wrapper/u_ph1p_mipiio_rx_wrapper/u_lane0_hs_detect/I_clk                   |    Normal    
RUN-1001 :     13     |                   u_ph1p35_324_ddr_wrapper/u_ddr2/ph1p_ddrmc_wrapper/ph1p_ddrmc_top/u_alc_mc_top/clk                   |    Normal    
RUN-1001 :     14     |       u_ph1p35_324_ddr_wrapper/u_ddr2/ph1p_ddrmc_wrapper/ph1p_ddrmc_top/u_ddr_phy/u_ddrphy_top/u_ddrphy/apb_pclk       |    Normal    
RUN-1001 :     15     |    u_ph1p35_324_ddr_wrapper/u_ddr2/ph1p_ddrmc_wrapper/ph1p_ddrmc_top/u_ddr_phy/u_ddrphy_top/u_ddrphy/apb_pclk_syn_1    |    Normal    
RUN-1001 :     16     |      u_ph1p35_324_ddr_wrapper/u_ddr2/ph1p_ddrmc_wrapper/ph1p_ddrmc_top/u_ddr_phy/u_ddrphy_top/u_ddrphy/ctl_clk[0]      |    Normal    
RUN-1001 :     17     |      u_ph1p35_324_ddr_wrapper/u_ddr2/ph1p_ddrmc_wrapper/ph1p_ddrmc_top/u_ddr_phy/u_ddrphy_top/u_ddrphy/ctl_clk[1]      |    Normal    
RUN-1001 :     18     |      u_ph1p35_324_ddr_wrapper/u_ddr2/ph1p_ddrmc_wrapper/ph1p_ddrmc_top/u_ddr_phy/u_ddrphy_top/u_ddrphy/ddr_clk[0]      |    Normal    
RUN-1001 :     19     |      u_ph1p35_324_ddr_wrapper/u_ddr2/ph1p_ddrmc_wrapper/ph1p_ddrmc_top/u_ddr_phy/u_ddrphy_top/u_ddrphy/ddr_clk[1]      |    Normal    
RUN-1001 :     20     |    u_ph1p35_324_ddr_wrapper/u_ddr2/ph1p_ddrmc_wrapper/ph1p_ddrmc_top/u_ddr_phy/u_ddrphy_top/u_ddrphy_clk/pll0_clk_1    |    Normal    
RUN-1001 :     21     |    u_ph1p35_324_ddr_wrapper/u_ddr2/ph1p_ddrmc_wrapper/ph1p_ddrmc_top/u_ddr_phy/u_ddrphy_top/u_ddrphy_clk/pll0_clk_2    |    Normal    
RUN-1001 :     22     |   u_ph1p35_324_ddr_wrapper/u_ddr2/ph1p_ddrmc_wrapper/ph1p_ddrmc_top/u_ddr_phy/u_ddrphy_top/u_ddrphy_clk/pll0_mlclk_1   |    Normal    
RUN-1001 :     23     |   u_ph1p35_324_ddr_wrapper/u_ddr2/ph1p_ddrmc_wrapper/ph1p_ddrmc_top/u_ddr_phy/u_ddrphy_top/u_ddrphy_clk/pll0_mlclk_2   |    Normal    
RUN-1001 :     24     |  u_ph1p35_324_ddr_wrapper/u_ddr2/ph1p_ddrmc_wrapper/ph1p_ddrmc_top/u_ddr_phy/u_ddrphy_top/u_ddrphy_clk/u_pll1/clkc[0]  |    Normal    
RUN-1001 :     25     |  u_ph1p35_324_ddr_wrapper/u_ddr2/ph1p_ddrmc_wrapper/ph1p_ddrmc_top/u_ddr_phy/u_ddrphy_top/u_ddrphy_clk/u_pll1/refclk   |    Normal    
RUN-1001 :     26     |                                            u_uicfgcs500/uii2c_inst/scl_clk                                             |    Normal    
RUN-1001 :     27     |                                         u_uicfgcs500/uii2c_inst/scl_clk_syn_9                                          |    Normal    
RUN-1001 : ---------------------------------------------------------------------------------------------------------------------------------------------------
RUN-1001 : DR clock buffer summary:
RUN-1001 : -------------------------------------------------------------------------------------------------------------------------------------------------------------------
RUN-1001 :   Idx  |                                                                           Name                                                                            
RUN-1001 : -------------------------------------------------------------------------------------------------------------------------------------------------------------------
RUN-1001 :    1   |                           u_mipi_dphy_rx_ph1p_mipiio_wrapper/u_ph1p_mipiio_rx_wrapper/bufg_feedback_auto_created_sclk_s_0_l_bk1                           
RUN-1001 :    2   |   u_ph1p35_324_ddr_wrapper/u_ddr2/ph1p_ddrmc_wrapper/ph1p_ddrmc_top/u_ddr_phy/u_ddrphy_top/u_ddrphy_clk/u_pll1/u_bufg_fbclk_auto_created_sclk_s_0_l_bk2   
RUN-1001 :    3   |                                               I_sys_clk_dup_6_created_gclkinst_auto_created_sclk_s_0_l_bk3                                                
RUN-1001 :    4   |                                               O_cam_24m_dup_1_created_gclkinst_auto_created_sclk_s_0_l_bk4                                                
RUN-1001 :    5   |                                       u_uicfgcs500/uii2c_inst/scl_clk_created_gclkinst_auto_created_sclk_s_0_l_bk5                                        
RUN-1001 :    6   |  u_ph1p35_324_ddr_wrapper/u_ddr2/ph1p_ddrmc_wrapper/ph1p_ddrmc_top/u_ddr_phy/u_ddrphy_top/u_ddrphy/apb_pclk_created_gclkinst_auto_created_sclk_s_0_l_bk6  
RUN-1001 :    7   |                                              u_hdmi_mixer/I_clk_created_gclkinst_auto_created_sclk_s_0_l_bk7                                              
RUN-1001 :    8   |                           u_mipi_dphy_rx_ph1p_mipiio_wrapper/u_ph1p_mipiio_rx_wrapper/bufg_feedback_auto_created_sclk_s_0_r_bk1                           
RUN-1001 :    9   |                                               O_cam_24m_dup_1_created_gclkinst_auto_created_sclk_s_0_r_bk2                                                
RUN-1001 :   10   |                                              u_hdmi_mixer/I_clk_created_gclkinst_auto_created_sclk_s_0_r_bk3                                              
RUN-1001 :   11   |   u_ph1p35_324_ddr_wrapper/u_ddr2/ph1p_ddrmc_wrapper/ph1p_ddrmc_top/u_ddr_phy/u_ddrphy_top/u_ddrphy_clk/u_pll1/u_bufg_fbclk_auto_created_sclk_s_0_r_bk4   
RUN-1001 :   12   |                                                      u_PLL/bufg_feedback_auto_created_sclk_s_0_r_bk5                                                      
RUN-1001 :   13   |   u_ph1p35_324_ddr_wrapper/u_ddr2/ph1p_ddrmc_wrapper/ph1p_ddrmc_top/u_ddr_phy/u_ddrphy_top/u_ddrphy_clk/u_pll1/u_bufg_fbclk_auto_created_sclk_s_1_l_bk1   
RUN-1001 :   14   |                           u_mipi_dphy_rx_ph1p_mipiio_wrapper/u_ph1p_mipiio_rx_wrapper/bufg_feedback_auto_created_sclk_s_1_l_bk2                           
RUN-1001 :   15   |  u_ph1p35_324_ddr_wrapper/u_ddr2/ph1p_ddrmc_wrapper/ph1p_ddrmc_top/u_ddr_phy/u_ddrphy_top/u_ddrphy/apb_pclk_created_gclkinst_auto_created_sclk_s_1_l_bk3  
RUN-1001 :   16   |                                                      u_PLL/bufg_feedback_auto_created_sclk_s_1_r_bk1                                                      
RUN-1001 :   17   |                           u_mipi_dphy_rx_ph1p_mipiio_wrapper/u_ph1p_mipiio_rx_wrapper/bufg_feedback_auto_created_sclk_s_1_r_bk2                           
RUN-1001 :   18   |                                              u_hdmi_mixer/I_clk_created_gclkinst_auto_created_sclk_s_1_r_bk3                                              
RUN-1001 :   19   |                          u_hdmi_tx/u_hdmi2phy_wrapper/u0_lane_lvds_8_1/I_serial_clk_created_gclkinst_auto_created_sclk_s_1_r_bk4                          
RUN-1001 :   20   |   u_ph1p35_324_ddr_wrapper/u_ddr2/ph1p_ddrmc_wrapper/ph1p_ddrmc_top/u_ddr_phy/u_ddrphy_top/u_ddrphy_clk/u_pll1/u_bufg_fbclk_auto_created_sclk_s_1_r_bk5   
RUN-1001 : -------------------------------------------------------------------------------------------------------------------------------------------------------------------
PHY-1001 : End Stage 2.1 | Build Routing Design; Time: 3.890628s wall, 24.296875s user + 0.218750s system = 24.515625s CPU (630.1%); Memory(MB): used = 1518, reserved = 1512, peak = 1518;

RUN-1001 : Top Percentage Crit. Net Stat.
RUN-1001 : -------------------------------------------------------
RUN-1001 :   Top %  |  Net Count  |  Avg. Fanout  |  Avg. Slack   
RUN-1001 : -------------------------------------------------------
RUN-1001 :     1    |     306     |   3.071895    |  3056.526144  
RUN-1001 :     2    |     613     |   3.202284    |  3819.933116  
RUN-1001 :     3    |     920     |   3.393478    |  4182.380435  
RUN-1001 :     4    |    1226     |   3.288744    |  4409.090538  
RUN-1001 :     5    |    1533     |   3.240052    |  4574.424658  
RUN-1001 :     6    |    1840     |   3.136957    |  4704.934239  
RUN-1001 :     7    |    2147     |   3.098742    |  4814.194690  
RUN-1001 :     8    |    2453     |   3.017937    |  4907.632695  
RUN-1001 :     9    |    2760     |   2.971014    |  4990.072826  
RUN-1001 :    10    |    3067     |   2.961526    |  5063.893381  
RUN-1001 : -------------------------------------------------------
PHY-1001 : Stage 2.2 | Tile Base Routing
PHY-1001 : 189 nets need to preroute.
PHY-1001 : len = 0, over cnt = 0(0%), over = 0, worst = 0, crit = 0
PHY-1001 : End Stage 2.2 | Tile Base Routing; Time: 0.290866s wall, 7.046875s user + 0.046875s system = 7.093750s CPU (2438.8%); Memory(MB): used = 1526, reserved = 1519, peak = 1526;

PHY-1001 : Stage 2.3 | Clock Nets Routing
PHY-1001 : Routed 0% nets.
PHY-1001 : len = 400176, over cnt = 0(0%), over = 0, worst = 0, crit = 0
PHY-1001 : End Stage 2.3 | Clock Nets Routing; Time: 1.030989s wall, 1.000000s user + 0.031250s system = 1.031250s CPU (100.0%); Memory(MB): used = 1558, reserved = 1551, peak = 1558;

PHY-1001 : Stage 2.4 | Routing Initialization
PHY-1001 : Mark 1% net(place mode slack < 4063ps) as critical nets.
PHY-1001 : Stage 2.4.1 | Normal Nets Routing
PHY-1001 : Routed 68% nets.
PHY-1001 : len = 2.57592e+06, over cnt = 11188(0%), over = 11889, worst = 4, crit = 0
PHY-1001 : End Stage 2.4.1 | Normal Nets Routing; Time: 7.881092s wall, 18.796875s user + 0.187500s system = 18.984375s CPU (240.9%); Memory(MB): used = 1604, reserved = 1598, peak = 1604;

PHY-1001 : Stage 2.4.2 | Update Timing
RUN-1002 : start command "start_timer"
USR-1002 : Derived clock:  create_generated_clock -name {u_PLL/ph1p_phy_pll_wrapper_25a56e5ce2f9_Inst/u_PH1P_PHY_PLL.clkc[0]} -source [get_ports {I_sys_clk}] -master_clock {sys_clk_50m} -multiply_by 2.0000 -duty_cycle 50.0000 [get_pins {u_PLL/ph1p_phy_pll_wrapper_25a56e5ce2f9_Inst/u_PH1P_PHY_PLL.clkc[0]}]
USR-1002 : Derived clock:  create_generated_clock -name {u_PLL/ph1p_phy_pll_wrapper_25a56e5ce2f9_Inst/u_PH1P_PHY_PLL.clkc[1]} -source [get_ports {I_sys_clk}] -master_clock {sys_clk_50m} -divide_by 2.1000 -duty_cycle 50.0000 [get_pins {u_PLL/ph1p_phy_pll_wrapper_25a56e5ce2f9_Inst/u_PH1P_PHY_PLL.clkc[1]}]
USR-1002 : Derived clock:  create_generated_clock -name {u_PLL/ph1p_phy_pll_wrapper_25a56e5ce2f9_Inst/u_PH1P_PHY_PLL.clkc[4]} -source [get_ports {I_sys_clk}] -master_clock {sys_clk_50m} -multiply_by 1.5000 -duty_cycle 50.0000 [get_pins {u_PLL/ph1p_phy_pll_wrapper_25a56e5ce2f9_Inst/u_PH1P_PHY_PLL.clkc[4]}]
USR-1002 : Derived clock:  create_generated_clock -name {u_PLL/ph1p_phy_pll_wrapper_25a56e5ce2f9_Inst/u_PH1P_PHY_PLL.clkc[5]} -source [get_ports {I_sys_clk}] -master_clock {sys_clk_50m} -multiply_by 7.5000 -duty_cycle 50.0000 [get_pins {u_PLL/ph1p_phy_pll_wrapper_25a56e5ce2f9_Inst/u_PH1P_PHY_PLL.clkc[5]}]
USR-1002 : Derived clock:  create_generated_clock -name {u_ph1p35_324_ddr_wrapper/u_ddr2/ph1p_ddrmc_wrapper/ph1p_ddrmc_top/u_ddr_phy/u_ddrphy_top/u_ddrphy_clk/u_pll0/u_pll_inst.clkc[0]} -source [get_ports {I_sys_clk}] -master_clock {sys_clk_50m} -multiply_by 1.3333 -duty_cycle 50.0000 [get_pins {u_ph1p35_324_ddr_wrapper/u_ddr2/ph1p_ddrmc_wrapper/ph1p_ddrmc_top/u_ddr_phy/u_ddrphy_top/u_ddrphy_clk/u_pll0/u_pll_inst.clkc[0]}]
USR-1002 : Derived clock:  create_generated_clock -name {u_ph1p35_324_ddr_wrapper/u_ddr2/ph1p_ddrmc_wrapper/ph1p_ddrmc_top/u_ddr_phy/u_ddrphy_top/u_ddrphy_clk/u_pll0/u_pll_inst.clkc[1]} -source [get_ports {I_sys_clk}] -master_clock {sys_clk_50m} -multiply_by 1.3333 -duty_cycle 50.0000 [get_pins {u_ph1p35_324_ddr_wrapper/u_ddr2/ph1p_ddrmc_wrapper/ph1p_ddrmc_top/u_ddr_phy/u_ddrphy_top/u_ddrphy_clk/u_pll0/u_pll_inst.clkc[1]}]
USR-1002 : Derived clock:  create_generated_clock -name {u_ph1p35_324_ddr_wrapper/u_ddr2/ph1p_ddrmc_wrapper/ph1p_ddrmc_top/u_ddr_phy/u_ddrphy_top/u_ddrphy_clk/u_pll0/u_pll_inst.clkc[2]} -source [get_ports {I_sys_clk}] -master_clock {sys_clk_50m} -multiply_by 5.3333 -duty_cycle 50.0000 [get_pins {u_ph1p35_324_ddr_wrapper/u_ddr2/ph1p_ddrmc_wrapper/ph1p_ddrmc_top/u_ddr_phy/u_ddrphy_top/u_ddrphy_clk/u_pll0/u_pll_inst.clkc[2]}]
USR-1002 : Derived clock:  create_generated_clock -name {u_ph1p35_324_ddr_wrapper/u_ddr2/ph1p_ddrmc_wrapper/ph1p_ddrmc_top/u_ddr_phy/u_ddrphy_top/u_ddrphy_clk/u_pll0/u_pll_inst.clkc[3]} -source [get_ports {I_sys_clk}] -master_clock {sys_clk_50m} -divide_by 1.9687 -duty_cycle 50.0000 [get_pins {u_ph1p35_324_ddr_wrapper/u_ddr2/ph1p_ddrmc_wrapper/ph1p_ddrmc_top/u_ddr_phy/u_ddrphy_top/u_ddrphy_clk/u_pll0/u_pll_inst.clkc[3]}]
USR-1002 : Derived clock:  create_generated_clock -name {u_ph1p35_324_ddr_wrapper/u_ddr2/ph1p_ddrmc_wrapper/ph1p_ddrmc_top/u_ddr_phy/u_ddrphy_top/u_ddrphy_clk/u_pll1/u_pll_inst.clkc[0]} -source [get_pins {u_ph1p35_324_ddr_wrapper/u_ddr2/ph1p_ddrmc_wrapper/ph1p_ddrmc_top/u_ddr_phy/u_ddrphy_top/u_ddrphy_clk/u_pll0/u_pll_inst.clkc[0]}] -master_clock {u_ph1p35_324_ddr_wrapper/u_ddr2/ph1p_ddrmc_wrapper/ph1p_ddrmc_top/u_ddr_phy/u_ddrphy_top/u_ddrphy_clk/u_pll0/u_pll_inst.clkc[0]} -multiply_by 1.0000 -duty_cycle 50.0000 [get_pins {u_ph1p35_324_ddr_wrapper/u_ddr2/ph1p_ddrmc_wrapper/ph1p_ddrmc_top/u_ddr_phy/u_ddrphy_top/u_ddrphy_clk/u_pll1/u_pll_inst.clkc[0]}]
8.888000
15.000000
15.000000
13.333000
RUN-1003 : finish command "start_timer" in  2.063654s wall, 2.062500s user + 0.000000s system = 2.062500s CPU (99.9%)

RUN-1004 : used memory is 1605 MB, reserved memory is 1598 MB, peak memory is 1605 MB
TMR-2502 : Net delay update with mode: Routed
PHY-1001 : 0/21289(0%) critical/total net(s).
PHY-1001 : Setup: WNS(ns) = 0.733, TNS(ns) = 0.000, FEP = 0 | Hold: WNS(ns) = -0.260, TNS(ns) = -14.484, FEP = 288.
PHY-1001 : End Stage 2.4.2 | Update Timing; Time: 6.218996s wall, 6.156250s user + 0.046875s system = 6.203125s CPU (99.7%); Memory(MB): used = 1718, reserved = 1712, peak = 1718;

PHY-1001 : Stage 2.4.3 | Deskew Clock Tree
RUN-1001 : Deskew Summary
RUN-1001 : ---------------------------------------------------------------------------------------------------------------------------------
RUN-1001 :                                                 Clock                                                 |  Pre-Skew  |  Post-Skew  
RUN-1001 : ---------------------------------------------------------------------------------------------------------------------------------
RUN-1001 :                                             mipi_rx_ck_pad                                            |     32     |     32      
RUN-1001 :   u_mipi_dphy_rx_ph1p_mipiio_wrapper/u_ph1p_mipiio_rx_wrapper/u_PH1P_LOGIC_DPHY_MIPI_RX.io_clk_pad_p  |     32     |     32      
RUN-1001 :                                            MIPI_RX_BYTE_CLK                                           |     32     |     32      
RUN-1001 :                                              pll_clk_100m                                             |     20     |     20      
RUN-1001 :                                             HDMI_PIXEL_CLK                                            |     13     |     13      
RUN-1001 :                                u_ph1p35_324_ddr_wrapper/u_ddr2/usr_clk                                |     15     |     15      
RUN-1001 :                                u_ph1p35_324_ddr_wrapper/u_ddr2/mcu_clk                                |     13     |     13      
RUN-1001 :                                              pll_clk_24m                                              |     4      |      4      
RUN-1001 : ---------------------------------------------------------------------------------------------------------------------------------
PHY-1001 : 0/21289(0%) critical/total net(s).
PHY-1001 : Setup: WNS(ns) = 0.733, TNS(ns) = 0.000, FEP = 0 | Hold: WNS(ns) = -0.260, TNS(ns) = -14.484, FEP = 288.
PHY-1001 : End Stage 2.4.3 | Deskew Clock Tree; Time: 4.228133s wall, 4.218750s user + 0.000000s system = 4.218750s CPU (99.8%); Memory(MB): used = 1749, reserved = 1741, peak = 1749;

PHY-1001 : End Stage 2.4 | Routing Initialization; Time: 18.428442s wall, 29.265625s user + 0.234375s system = 29.500000s CPU (160.1%); Memory(MB): used = 1749, reserved = 1741, peak = 1749;

PHY-1001 : Stage 2.5 | Routing Optimization
PHY-1001 : Build lut bridge;  0.157882s wall, 0.156250s user + 0.000000s system = 0.156250s CPU (99.0%)

PHY-1001 : Stage 2.5.1 | Phase 1
PHY-1001 : Stage 2.5.1.1 | Hold TimeOptimization
PHY-1001 : Iter 0; Processed 368 pins with HWNS -0.260ns HTNS -6.736ns FEP 137 took 0.657321 seconds.
PHY-1001 : Iter 1; Processed 509 pins with HWNS 0.020ns HTNS 0.000ns FEP 0 took 1.17924 seconds.
PHY-1001 : len = 2.6087e+06, over cnt = 11124(0%), over = 11826, worst = 4, crit = 0
PHY-1001 : End Stage 2.5.1.1 | Hold TimeOptimization; Time: 1.927306s wall, 2.343750s user + 0.031250s system = 2.375000s CPU (123.2%); Memory(MB): used = 1751, reserved = 1744, peak = 1751;

PHY-1001 : Stage 2.5.1.2 | High Fanout Nets Optimization
PHY-1001 : High fanout net optimize summary:
PHY-1001 : Process 0 nets and 0 pins with SWNS 0.733ns STNS 0.000ns FEP 0.
PHY-1001 : len = 2.6087e+06, over cnt = 11124(0%), over = 11826, worst = 4, crit = 0
PHY-1001 : End Stage 2.5.1.2 | High Fanout Nets Optimization; Time: 0.238592s wall, 0.687500s user + 0.015625s system = 0.703125s CPU (294.7%); Memory(MB): used = 1751, reserved = 1744, peak = 1751;

PHY-1001 : Stage 2.5.1.3 | Setup TimeOptimization
PHY-1001 : len = 2.6087e+06, over cnt = 11124(0%), over = 11826, worst = 4, crit = 0
PHY-1001 : End Stage 2.5.1.3 | Setup TimeOptimization; Time: 0.238764s wall, 0.234375s user + 0.000000s system = 0.234375s CPU (98.2%); Memory(MB): used = 1751, reserved = 1744, peak = 1751;

PHY-1001 : Stage 2.5.1.4 | Rip-up And ReRoute
PHY-0007 : Congestion: {79.53, 68.95, 63.55, 60.06}; Timing: {0.733ns, 0.000ns, 0}
PHY-1001 : Iter 1: len = 2.68646e+06, over cnt = 4650(0%), over = 4782, worst = 4, crit = 0, time(s) = 4.87
PHY-1001 : Iter 2: len = 2.71064e+06, over cnt = 2589(0%), over = 2604, worst = 3, crit = 0, time(s) = 1.90
PHY-1001 : Iter 3: len = 2.71539e+06, over cnt = 2027(0%), over = 2033, worst = 2, crit = 0, time(s) = 1.65
PHY-1001 : Iter 4: len = 2.74675e+06, over cnt = 867(0%), over = 869, worst = 2, crit = 0, time(s) = 1.10
PHY-1001 : Iter 5: len = 2.75605e+06, over cnt = 567(0%), over = 567, worst = 1, crit = 0, time(s) = 0.78
PHY-1001 : Iter 6: len = 2.75728e+06, over cnt = 498(0%), over = 498, worst = 1, crit = 0, time(s) = 0.42
PHY-1001 : Iter 7: len = 2.75811e+06, over cnt = 465(0%), over = 465, worst = 1, crit = 0, time(s) = 0.33
PHY-1001 : Marking 18 (0.47%) hot zones with cutoff utilization 81.08.
PHY-1001 : Iter 8: len = 2.77904e+06, over cnt = 108(0%), over = 108, worst = 1, crit = 0, time(s) = 0.34
PHY-1001 : Iter 9: len = 2.78336e+06, over cnt = 27(0%), over = 27, worst = 1, crit = 0, time(s) = 0.15
PHY-1001 : Iter 10: len = 2.78502e+06, over cnt = 11(0%), over = 11, worst = 1, crit = 0, time(s) = 0.09
PHY-1001 : Iter 11: len = 2.78539e+06, over cnt = 5(0%), over = 5, worst = 1, crit = 0, time(s) = 0.06
PHY-1001 : Iter 12: len = 2.78586e+06, over cnt = 0(0%), over = 0, worst = 0, crit = 0, time(s) = 0.06
PHY-1001 : Marking 18 (0.47%) hot zones with cutoff utilization 81.08.
PHY-1001 : Update congestion ...
PHY-1001 : Marking 18 (0.47%) hot zones with cutoff utilization 81.08.
PHY-1001 : Congestion index:
PHY-1001 : top1  = 80.43(S 64.34, N 64.14, E 73.36, W 79.26, I 67.02, O 72.12)
PHY-1001 : top5  = 71.96(S 56.42, N 55.40, E 62.76, W 68.83, I 49.35, O 57.68)
PHY-1001 : top10 = 67.18(S 51.66, N 50.56, E 55.94, W 62.56, I 43.02, O 51.08)
PHY-1001 : top15 = 63.96(S 48.25, N 46.89, E 51.37, W 58.21, I 39.06, O 46.86)
PHY-1001 : End update congestion; 0.024316s wall, 0.015625s user + 0.000000s system = 0.015625s CPU (64.3%)

PHY-1001 : End Stage 2.5.1.4 | Rip-up And ReRoute; Time: 11.924190s wall, 28.468750s user + 0.515625s system = 28.984375s CPU (243.1%); Memory(MB): used = 1753, reserved = 1746, peak = 1753;

PHY-1001 : Stage 2.5.1.5 | Update Timing
PHY-1001 : 1/21289(0%) critical/total net(s).
PHY-1001 : Setup: WNS(ns) = -5.781, TNS(ns) = -913.468, FEP = 286 | Hold: WNS(ns) = -0.142, TNS(ns) = -1.097, FEP = 22.
PHY-1001 : End Stage 2.5.1.5 | Update Timing; Time: 2.461655s wall, 2.468750s user + 0.000000s system = 2.468750s CPU (100.3%); Memory(MB): used = 1767, reserved = 1759, peak = 1767;

PHY-1001 : Stage 2.5.1.6 | Commit Data
PHY-1001 : Commit better result to database ...
PHY-1001 : End Stage 2.5.1.6 | Commit Data; Time: 0.125808s wall, 0.125000s user + 0.000000s system = 0.125000s CPU (99.4%); Memory(MB): used = 1791, reserved = 1783, peak = 1791;

PHY-1001 : End Stage 2.5.1 | Phase 1; Time: 17.470926s wall, 34.890625s user + 0.562500s system = 35.453125s CPU (202.9%); Memory(MB): used = 1791, reserved = 1783, peak = 1791;

PHY-1001 : Stage 2.5.2 | Phase 2
PHY-1001 : Stage 2.5.2.1 | Hold TimeOptimization
PHY-1001 : Iter 0; Processed 36 pins with HWNS -0.064ns HTNS -0.286ns FEP 9 took 0.625915 seconds.
PHY-1001 : Iter 1; Processed 48 pins with HWNS 0.020ns HTNS 0.000ns FEP 0 took 0.145587 seconds.
PHY-1001 : len = 2.78885e+06, over cnt = 9(0%), over = 11, worst = 2, crit = 0
PHY-1001 : End Stage 2.5.2.1 | Hold TimeOptimization; Time: 0.868120s wall, 1.343750s user + 0.000000s system = 1.343750s CPU (154.8%); Memory(MB): used = 1791, reserved = 1783, peak = 1791;

PHY-1001 : Stage 2.5.2.2 | High Fanout Nets Optimization
PHY-1001 : High fanout net optimize summary:
PHY-1001 : Process 1 nets and 6 pins with SWNS 0.080ns STNS 0.000ns FEP 0.
PHY-1001 : len = 2.82917e+06, over cnt = 10(0%), over = 12, worst = 2, crit = 0
PHY-1001 : End Stage 2.5.2.2 | High Fanout Nets Optimization; Time: 1.381626s wall, 1.546875s user + 0.000000s system = 1.546875s CPU (112.0%); Memory(MB): used = 1791, reserved = 1783, peak = 1791;

PHY-1001 : Stage 2.5.2.3 | Setup TimeOptimization
PHY-1001 : Start to optimize setup violation with net base ...
PHY-1001 : Iter 1; Processed 1 pins with SWNS 0.365ns STNS 0.000ns FEP 0 took 0.189706 seconds.
PHY-1001 : len = 2.8305e+06, over cnt = 13(0%), over = 15, worst = 2, crit = 0
PHY-1001 : End Stage 2.5.2.3 | Setup TimeOptimization; Time: 0.435438s wall, 0.859375s user + 0.031250s system = 0.890625s CPU (204.5%); Memory(MB): used = 1791, reserved = 1783, peak = 1791;

PHY-1001 : Stage 2.5.2.4 | Rip-up And ReRoute
PHY-1001 : Iter 1: len = 2.8295e+06, over cnt = 2(0%), over = 2, worst = 1, crit = 0, time(s) = 0.07
PHY-1001 : Iter 2: len = 2.82928e+06, over cnt = 0(0%), over = 0, worst = 0, crit = 0, time(s) = 0.04
PHY-1001 : Update congestion ...
PHY-1001 : Marking 17 (0.44%) hot zones with cutoff utilization 81.25.
PHY-1001 : Congestion index:
PHY-1001 : top1  = 80.27(S 64.27, N 64.25, E 73.52, W 79.10, I 67.02, O 72.12)
PHY-1001 : top5  = 71.97(S 56.42, N 55.63, E 62.79, W 68.90, I 49.35, O 57.68)
PHY-1001 : top10 = 67.24(S 51.68, N 50.85, E 55.99, W 62.56, I 43.02, O 51.08)
PHY-1001 : top15 = 64.00(S 48.26, N 47.18, E 51.40, W 58.21, I 39.06, O 46.86)
PHY-1001 : End update congestion; 0.025950s wall, 0.031250s user + 0.000000s system = 0.031250s CPU (120.4%)

PHY-1001 : End Stage 2.5.2.4 | Rip-up And ReRoute; Time: 0.178352s wall, 1.843750s user + 0.031250s system = 1.875000s CPU (1051.3%); Memory(MB): used = 1791, reserved = 1783, peak = 1791;

PHY-1001 : Stage 2.5.2.5 | Update Timing
PHY-1001 : 0/21289(0%) critical/total net(s).
PHY-1001 : Setup: WNS(ns) = 0.167, TNS(ns) = 0.000, FEP = 0 | Hold: WNS(ns) = -0.142, TNS(ns) = -0.655, FEP = 7.
PHY-1001 : End Stage 2.5.2.5 | Update Timing; Time: 0.351872s wall, 0.343750s user + 0.000000s system = 0.343750s CPU (97.7%); Memory(MB): used = 1791, reserved = 1783, peak = 1791;

PHY-1001 : Stage 2.5.2.6 | Commit Data
PHY-1001 : Commit better result to database ...
PHY-1001 : End Stage 2.5.2.6 | Commit Data; Time: 0.042715s wall, 0.031250s user + 0.000000s system = 0.031250s CPU (73.2%); Memory(MB): used = 1791, reserved = 1783, peak = 1791;

PHY-1001 : End Stage 2.5.2 | Phase 2; Time: 3.633178s wall, 6.343750s user + 0.062500s system = 6.406250s CPU (176.3%); Memory(MB): used = 1791, reserved = 1783, peak = 1791;

PHY-1001 : End Stage 2.5 | Routing Optimization; Time: 25.623997s wall, 45.671875s user + 0.640625s system = 46.312500s CPU (180.7%); Memory(MB): used = 1791, reserved = 1783, peak = 1791;

PHY-1001 : Stage 2.6 | Multi-try route Optimization
PHY-1001 : End Stage 2.6 | Multi-try route Optimization; Time: 0.068254s wall, 0.078125s user + 0.000000s system = 0.078125s CPU (114.5%); Memory(MB): used = 1791, reserved = 1783, peak = 1791;

PHY-1003 : Routed, final wirelength = 2.82928e+06
RUN-1001 : Clock region assignment statistics:
RUN-1001 : Clock Region s_0_l [0,0][23,39]; Utilization: 7 out of 12
RUN-1001 : -----------------------------------------------------------------------------------------------------------------------------------------------------------------------------------------------------------------------------------------------------------------------------------------------------------------------------------------------------------------------------------------------------------------------------------------------------
RUN-1001 :   Bank  |                                                   Assigned Clock                                                   |                                                    Route Clock                                                     |  Marking  |                                                                          Buffer                                                                           |  Regional Clock Fanouts  
RUN-1001 : -----------------------------------------------------------------------------------------------------------------------------------------------------------------------------------------------------------------------------------------------------------------------------------------------------------------------------------------------------------------------------------------------------------------------------------------------------
RUN-1001 :    1    |                  u_isp_top/u_rgb96_downscale_crop/u_scale_line_buffer/ram_f84573da5ab5_Inst/clkb                   |                  u_isp_top/u_rgb96_downscale_crop/u_scale_line_buffer/ram_f84573da5ab5_Inst/clkb                   |           |                           u_mipi_dphy_rx_ph1p_mipiio_wrapper/u_ph1p_mipiio_rx_wrapper/bufg_feedback_auto_created_sclk_s_0_l_bk1                           |           1185           
RUN-1001 :    2    |                 u_ph1p35_324_ddr_wrapper/u_ddr2/ph1p_ddrmc_wrapper/ph1p_ddrmc_top/u_alc_mc_top/clk                 |                 u_ph1p35_324_ddr_wrapper/u_ddr2/ph1p_ddrmc_wrapper/ph1p_ddrmc_top/u_alc_mc_top/clk                 |           |   u_ph1p35_324_ddr_wrapper/u_ddr2/ph1p_ddrmc_wrapper/ph1p_ddrmc_top/u_ddr_phy/u_ddrphy_top/u_ddrphy_clk/u_pll1/u_bufg_fbclk_auto_created_sclk_s_0_l_bk2   |           825            
RUN-1001 :    3    |                                                  I_sys_clk_syn_8                                                   |                                                  I_sys_clk_syn_8                                                   |           |                                               I_sys_clk_dup_6_created_gclkinst_auto_created_sclk_s_0_l_bk3                                                |            87            
RUN-1001 :    4    |                                                  O_cam_24m_syn_3                                                   |                                                  O_cam_24m_syn_3                                                   |           |                                               O_cam_24m_dup_1_created_gclkinst_auto_created_sclk_s_0_l_bk4                                                |            84            
RUN-1001 :    5    |                                       u_uicfgcs500/uii2c_inst/scl_clk_syn_9                                        |                                       u_uicfgcs500/uii2c_inst/scl_clk_syn_9                                        |           |                                       u_uicfgcs500/uii2c_inst/scl_clk_created_gclkinst_auto_created_sclk_s_0_l_bk5                                        |            15            
RUN-1001 :    6    |  u_ph1p35_324_ddr_wrapper/u_ddr2/ph1p_ddrmc_wrapper/ph1p_ddrmc_top/u_ddr_phy/u_ddrphy_top/u_ddrphy/apb_pclk_syn_1  |  u_ph1p35_324_ddr_wrapper/u_ddr2/ph1p_ddrmc_wrapper/ph1p_ddrmc_top/u_ddr_phy/u_ddrphy_top/u_ddrphy/apb_pclk_syn_1  |           |  u_ph1p35_324_ddr_wrapper/u_ddr2/ph1p_ddrmc_wrapper/ph1p_ddrmc_top/u_ddr_phy/u_ddrphy_top/u_ddrphy/apb_pclk_created_gclkinst_auto_created_sclk_s_0_l_bk6  |            3             
RUN-1001 :    7    |                                             u_hdmi_mixer/I_clk_syn_652                                             |                                             u_hdmi_mixer/I_clk_syn_652                                             |           |                                              u_hdmi_mixer/I_clk_created_gclkinst_auto_created_sclk_s_0_l_bk7                                              |            2             
RUN-1001 : -----------------------------------------------------------------------------------------------------------------------------------------------------------------------------------------------------------------------------------------------------------------------------------------------------------------------------------------------------------------------------------------------------------------------------------------------------
RUN-1001 : Clock Region s_0_r [24,0][47,39]; Utilization: 5 out of 12
RUN-1001 : -----------------------------------------------------------------------------------------------------------------------------------------------------------------------------------------------------------------------------------------------------------------------------------------------------------------------------------------------------------------------------------------
RUN-1001 :   Bank  |                                    Assigned Clock                                     |                                      Route Clock                                      |  Marking  |                                                                         Buffer                                                                          |  Regional Clock Fanouts  
RUN-1001 : -----------------------------------------------------------------------------------------------------------------------------------------------------------------------------------------------------------------------------------------------------------------------------------------------------------------------------------------------------------------------------------------
RUN-1001 :    1    |    u_isp_top/u_rgb96_downscale_crop/u_scale_line_buffer/ram_f84573da5ab5_Inst/clkb    |    u_isp_top/u_rgb96_downscale_crop/u_scale_line_buffer/ram_f84573da5ab5_Inst/clkb    |           |                          u_mipi_dphy_rx_ph1p_mipiio_wrapper/u_ph1p_mipiio_rx_wrapper/bufg_feedback_auto_created_sclk_s_0_r_bk1                          |           2002           
RUN-1001 :    2    |                                    O_cam_24m_syn_3                                    |                                    O_cam_24m_syn_3                                    |           |                                              O_cam_24m_dup_1_created_gclkinst_auto_created_sclk_s_0_r_bk2                                               |            31            
RUN-1001 :    3    |                              u_hdmi_mixer/I_clk_syn_652                               |                              u_hdmi_mixer/I_clk_syn_652                               |           |                                             u_hdmi_mixer/I_clk_created_gclkinst_auto_created_sclk_s_0_r_bk3                                             |            23            
RUN-1001 :    4    |  u_ph1p35_324_ddr_wrapper/u_ddr2/ph1p_ddrmc_wrapper/ph1p_ddrmc_top/u_alc_mc_top/clk   |  u_ph1p35_324_ddr_wrapper/u_ddr2/ph1p_ddrmc_wrapper/ph1p_ddrmc_top/u_alc_mc_top/clk   |           |  u_ph1p35_324_ddr_wrapper/u_ddr2/ph1p_ddrmc_wrapper/ph1p_ddrmc_top/u_ddr_phy/u_ddrphy_top/u_ddrphy_clk/u_pll1/u_bufg_fbclk_auto_created_sclk_s_0_r_bk4  |            8             
RUN-1001 :    5    |  u_mipi_dphy_rx_ph1p_mipiio_wrapper/u_ph1p_mipiio_rx_wrapper/u_lane0_hs_detect/I_clk  |  u_mipi_dphy_rx_ph1p_mipiio_wrapper/u_ph1p_mipiio_rx_wrapper/u_lane0_hs_detect/I_clk  |           |                                                     u_PLL/bufg_feedback_auto_created_sclk_s_0_r_bk5                                                     |            7             
RUN-1001 : -----------------------------------------------------------------------------------------------------------------------------------------------------------------------------------------------------------------------------------------------------------------------------------------------------------------------------------------------------------------------------------------
RUN-1001 : Clock Region s_1_l [0,40][23,79]; Utilization: 3 out of 12
RUN-1001 : -----------------------------------------------------------------------------------------------------------------------------------------------------------------------------------------------------------------------------------------------------------------------------------------------------------------------------------------------------------------------------------------------------------------------------------------------------
RUN-1001 :   Bank  |                                                   Assigned Clock                                                   |                                                    Route Clock                                                     |  Marking  |                                                                          Buffer                                                                           |  Regional Clock Fanouts  
RUN-1001 : -----------------------------------------------------------------------------------------------------------------------------------------------------------------------------------------------------------------------------------------------------------------------------------------------------------------------------------------------------------------------------------------------------------------------------------------------------
RUN-1001 :    1    |                 u_ph1p35_324_ddr_wrapper/u_ddr2/ph1p_ddrmc_wrapper/ph1p_ddrmc_top/u_alc_mc_top/clk                 |                 u_ph1p35_324_ddr_wrapper/u_ddr2/ph1p_ddrmc_wrapper/ph1p_ddrmc_top/u_alc_mc_top/clk                 |           |   u_ph1p35_324_ddr_wrapper/u_ddr2/ph1p_ddrmc_wrapper/ph1p_ddrmc_top/u_ddr_phy/u_ddrphy_top/u_ddrphy_clk/u_pll1/u_bufg_fbclk_auto_created_sclk_s_1_l_bk1   |           1107           
RUN-1001 :    2    |                  u_isp_top/u_rgb96_downscale_crop/u_scale_line_buffer/ram_f84573da5ab5_Inst/clkb                   |                  u_isp_top/u_rgb96_downscale_crop/u_scale_line_buffer/ram_f84573da5ab5_Inst/clkb                   |           |                           u_mipi_dphy_rx_ph1p_mipiio_wrapper/u_ph1p_mipiio_rx_wrapper/bufg_feedback_auto_created_sclk_s_1_l_bk2                           |           1121           
RUN-1001 :    3    |  u_ph1p35_324_ddr_wrapper/u_ddr2/ph1p_ddrmc_wrapper/ph1p_ddrmc_top/u_ddr_phy/u_ddrphy_top/u_ddrphy/apb_pclk_syn_1  |  u_ph1p35_324_ddr_wrapper/u_ddr2/ph1p_ddrmc_wrapper/ph1p_ddrmc_top/u_ddr_phy/u_ddrphy_top/u_ddrphy/apb_pclk_syn_1  |           |  u_ph1p35_324_ddr_wrapper/u_ddr2/ph1p_ddrmc_wrapper/ph1p_ddrmc_top/u_ddr_phy/u_ddrphy_top/u_ddrphy/apb_pclk_created_gclkinst_auto_created_sclk_s_1_l_bk3  |            24            
RUN-1001 : -----------------------------------------------------------------------------------------------------------------------------------------------------------------------------------------------------------------------------------------------------------------------------------------------------------------------------------------------------------------------------------------------------------------------------------------------------
RUN-1001 : Clock Region s_1_r [24,40][43,79]; Utilization: 5 out of 12
RUN-1001 : -----------------------------------------------------------------------------------------------------------------------------------------------------------------------------------------------------------------------------------------------------------------------------------------------------------------------------------------------------------------------------------------
RUN-1001 :   Bank  |                                    Assigned Clock                                     |                                      Route Clock                                      |  Marking  |                                                                         Buffer                                                                          |  Regional Clock Fanouts  
RUN-1001 : -----------------------------------------------------------------------------------------------------------------------------------------------------------------------------------------------------------------------------------------------------------------------------------------------------------------------------------------------------------------------------------------
RUN-1001 :    1    |  u_mipi_dphy_rx_ph1p_mipiio_wrapper/u_ph1p_mipiio_rx_wrapper/u_lane0_hs_detect/I_clk  |  u_mipi_dphy_rx_ph1p_mipiio_wrapper/u_ph1p_mipiio_rx_wrapper/u_lane0_hs_detect/I_clk  |           |                                                     u_PLL/bufg_feedback_auto_created_sclk_s_1_r_bk1                                                     |            1             
RUN-1001 :    2    |    u_isp_top/u_rgb96_downscale_crop/u_scale_line_buffer/ram_f84573da5ab5_Inst/clkb    |    u_isp_top/u_rgb96_downscale_crop/u_scale_line_buffer/ram_f84573da5ab5_Inst/clkb    |           |                          u_mipi_dphy_rx_ph1p_mipiio_wrapper/u_ph1p_mipiio_rx_wrapper/bufg_feedback_auto_created_sclk_s_1_r_bk2                          |           845            
RUN-1001 :    3    |                              u_hdmi_mixer/I_clk_syn_652                               |                              u_hdmi_mixer/I_clk_syn_652                               |           |                                             u_hdmi_mixer/I_clk_created_gclkinst_auto_created_sclk_s_1_r_bk3                                             |           769            
RUN-1001 :    4    |           u_hdmi_tx/u_hdmi2phy_wrapper/u0_lane_lvds_8_1/I_serial_clk_syn_1            |           u_hdmi_tx/u_hdmi2phy_wrapper/u0_lane_lvds_8_1/I_serial_clk_syn_1            |           |                         u_hdmi_tx/u_hdmi2phy_wrapper/u0_lane_lvds_8_1/I_serial_clk_created_gclkinst_auto_created_sclk_s_1_r_bk4                         |            38            
RUN-1001 :    5    |  u_ph1p35_324_ddr_wrapper/u_ddr2/ph1p_ddrmc_wrapper/ph1p_ddrmc_top/u_alc_mc_top/clk   |  u_ph1p35_324_ddr_wrapper/u_ddr2/ph1p_ddrmc_wrapper/ph1p_ddrmc_top/u_alc_mc_top/clk   |           |  u_ph1p35_324_ddr_wrapper/u_ddr2/ph1p_ddrmc_wrapper/ph1p_ddrmc_top/u_ddr_phy/u_ddrphy_top/u_ddrphy_clk/u_pll1/u_bufg_fbclk_auto_created_sclk_s_1_r_bk5  |            21            
RUN-1001 : -----------------------------------------------------------------------------------------------------------------------------------------------------------------------------------------------------------------------------------------------------------------------------------------------------------------------------------------------------------------------------------------
RUN-1002 : start command "export_db camera_to_dsi_display_pr.db"
RUN-1001 : Exported flow parameters
RUN-1001 : Exported /
RUN-1001 : Exported libs
RUN-1001 : Exported entities
RUN-1001 : Exported ports
RUN-1001 : Exported pins
RUN-1001 : Exported instances
RUN-1001 : Exported nets
RUN-1001 : Exported buses
RUN-1001 : Exported models
RUN-1001 : Exported phy database
RUN-1001 : Exported packer
RUN-1001 : Exported congestions
RUN-1001 : Exported violations
RUN-1001 : Exported ATMR Setting
RUN-1001 : Exported timing constraints
RUN-1001 : Exported IO constraints
RUN-1001 : Exported Inst constraints
RUN-1001 : Exported ChipWatcher
RUN-1003 : finish command "export_db camera_to_dsi_display_pr.db" in  1.325811s wall, 1.812500s user + 0.078125s system = 1.890625s CPU (142.6%)

RUN-1004 : used memory is 1856 MB, reserved memory is 1963 MB, peak memory is 1856 MB
PHY-1001 : Current memory(MB): used = 1856, reserved = 1963, peak = 1856.
PHY-1001 : End export database. 1.398759s wall, 1.875000s user + 0.078125s system = 1.953125s CPU (139.6%)

PHY-1001 : End detail routing;  52.715126s wall, 111.625000s user + 1.250000s system = 112.875000s CPU (214.1%)

PHY-1001 : End Stage 2 | Detail Routing; Time: 52.715244s wall, 111.625000s user + 1.250000s system = 112.875000s CPU (214.1%); Memory(MB): used = 1856, reserved = 1963, peak = 1856;

RUN-1002 : start command "fix_hold"

PHY-1001 : Stage 3 | Hold Fix
PHY-1001 : Stage 3.1 | Load Design Data
PHY-1034 : Refresh detailed routing grids ...
PHY-1001 : Generate nets ...
PHY-1001 : eco open net = 0
PHY-1001 : End Stage 3.1 | Load Design Data; Time: 0.463873s wall, 0.468750s user + 0.000000s system = 0.468750s CPU (101.1%); Memory(MB): used = 1856, reserved = 1963, peak = 1856;

PHY-1001 : Stage 3.2 | Hold Fix Optimization
RUN-1002 : start command "start_timer"
RUN-1003 : finish command "start_timer" in  1.907390s wall, 1.890625s user + 0.000000s system = 1.890625s CPU (99.1%)

RUN-1004 : used memory is 1856 MB, reserved memory is 1963 MB, peak memory is 1856 MB
PHY-1001 : Timing info: SWNS 0.167ns | STNS 0.000ns | HWNS -0.142ns | HTNS -0.655ns.
PHY-1001 : Processing hold violation on 12 end-point, worst slack = -142ps, best slack = 13ps.
PHY-1001 : End timing refresh.  5.882214s wall, 5.859375s user + 0.000000s system = 5.859375s CPU (99.6%)

PHY-1001 : Stage 3.2.1 | Phase 1
PHY-1001 : Stage 3.2.1.1 | Hold Fix By LutBridge
PHY-1001 : len = 2.83032e+06, over cnt = 0(0%), over = 0, worst = 0, crit = 0
PHY-1001 : Bridge count = 0; unresolved count = 0.
PHY-1001 : 2 out of 12 ((16.67)%) EP fixed by LB.
PHY-1001 : End Stage 3.2.1.1 | Hold Fix By LutBridge; Time: 0.431381s wall, 0.437500s user + 0.000000s system = 0.437500s CPU (101.4%); Memory(MB): used = 1856, reserved = 1963, peak = 1856;

PHY-1001 : Timing info: SWNS 0.167ns | STNS 0.000ns | HWNS 0.020ns | HTNS 0.000ns.
PHY-1001 : End timing refresh.  0.108594s wall, 0.109375s user + 0.000000s system = 0.109375s CPU (100.7%)

PHY-1001 : End Stage 3.2.1 | Phase 1; Time: 0.574519s wall, 0.578125s user + 0.000000s system = 0.578125s CPU (100.6%); Memory(MB): used = 1856, reserved = 1963, peak = 1856;

PHY-1001 : End Stage 3.2 | Hold Fix Optimization; Time: 6.457671s wall, 6.437500s user + 0.000000s system = 6.437500s CPU (99.7%); Memory(MB): used = 1856, reserved = 1963, peak = 1856;

PHY-1001 : End Stage 3 | Hold Fix; Time: 7.104088s wall, 7.078125s user + 0.015625s system = 7.093750s CPU (99.9%); Memory(MB): used = 1856, reserved = 1963, peak = 1856;

RUN-1003 : finish command "fix_hold" in  7.137945s wall, 7.109375s user + 0.015625s system = 7.125000s CPU (99.8%)

RUN-1004 : used memory is 1856 MB, reserved memory is 1963 MB, peak memory is 1856 MB
PHY-1001 : Stage 4 | Report Route Qor
RUN-1002 : start command "report_qor -step route -file route.qor"
RUN-1002 : start command "start_timer"
RUN-1003 : finish command "start_timer" in  1.924697s wall, 1.843750s user + 0.015625s system = 1.859375s CPU (96.6%)

RUN-1004 : used memory is 1856 MB, reserved memory is 1963 MB, peak memory is 1856 MB
-----------------------------------------------------------
| QoR metrics               |         value               |
-----------------------------------------------------------
| Timing                    |                             |
|     Setup WNS             |          167                |
|     Setup TNS             |            0                |
|     Num of violated S-EP  |            0                |
|     Hold WNS              |           20                |
|     Hold TNS              |            0                |
|     Num of violated H-EP  |            0                |
-----------------------------------------------------------
| Routing Resource          |                             |
|     Wire length           |      2830320                |
-----------------------------------------------------------
| Utilization               |                             |
|     #slices               |        12688                |
|     slices percentage     |       59.80%                |
|     #RAMs                 |           45                |
|     #DSPs                 |            8                |
|     #DRAMHARDCON          |           21                |
-----------------------------------------------------------
Report route stage QoR done.

RUN-1003 : finish command "report_qor -step route -file route.qor" in  5.917456s wall, 5.812500s user + 0.015625s system = 5.828125s CPU (98.5%)

RUN-1004 : used memory is 1856 MB, reserved memory is 1963 MB, peak memory is 1856 MB
RUN-1002 : start command "update_timing -mode final"
RUN-1002 : start command "start_timer"
RUN-1003 : finish command "start_timer" in  1.888796s wall, 1.890625s user + 0.000000s system = 1.890625s CPU (100.1%)

RUN-1004 : used memory is 1856 MB, reserved memory is 1963 MB, peak memory is 1856 MB
RUN-1003 : finish command "update_timing -mode final" in  5.757552s wall, 5.750000s user + 0.000000s system = 5.750000s CPU (99.9%)

RUN-1004 : used memory is 1856 MB, reserved memory is 1963 MB, peak memory is 1856 MB
RUN-1002 : start command "report_timing_summary -file final_timing.rpt"
OPT-1001 : QoR tracer report on route step:
    SWNS [   incr ]     STNS [    incr ]  S-FEPS [   incr ]    HWNS [   incr ]      HTNS [     incr ]    H-FEPS [     incr ]    CELL [   incr ]       WL [    incr ]   RT(s) [   incr ]   MEM(mb) [     incr ]
     733 [      0 ]        0 [       0 ]       0 [      0 ]    -260 [      0 ]    -14484 [        0 ]       288 [        0 ]   13161 [      0 ]  2575920 [       0 ]      32 [      0 ]      1749 [        0 ] : dr_initialization
     733 [      0 ]        0 [       0 ]       0 [      0 ]      20 [    280 ]         0 [    14484 ]         0 [     -288 ]   13161 [      0 ]  2608704 [   32784 ]      40 [      8 ]      1751 [        2 ] : dr_timing_opt_phase1
   -5781 [  -6514 ]  -913468 [ -913468 ]     286 [    286 ]    -142 [   -162 ]     -1097 [    -1097 ]        22 [       22 ]   13161 [      0 ]  2785856 [  177152 ]      54 [     14 ]      1791 [       40 ] : dr_opt_phase1
     365 [   6146 ]        0 [  913468 ]       0 [   -286 ]      20 [    162 ]         0 [     1097 ]         0 [      -22 ]   13161 [      0 ]  2830496 [   44640 ]      57 [      3 ]      1791 [        0 ] : dr_timing_opt_phase2
     167 [   -198 ]        0 [       0 ]       0 [      0 ]    -142 [   -162 ]      -655 [     -655 ]         7 [        7 ]   13161 [      0 ]  2829280 [   -1216 ]      58 [      1 ]      1791 [        0 ] : dr_opt_phase2
     167 [      0 ]        0 [       0 ]       0 [      0 ]    -142 [      0 ]      -655 [        0 ]         7 [        0 ]   13161 [      0 ]  2829280 [       0 ]      58 [      0 ]      1791 [        0 ] : multi_try_opt
     167 [      0 ]        0 [       0 ]       0 [      0 ]      20 [    162 ]         0 [      655 ]         0 [       -7 ]   13161 [      0 ]  2830320 [    1040 ]      67 [      9 ]      1856 [       65 ] : fix_hold_opt

PHY-1001 : End Stage 4 | Report Route Qor; Time: 11.825279s wall, 11.703125s user + 0.015625s system = 11.718750s CPU (99.1%); Memory(MB): used = 1856, reserved = 1963, peak = 1856;

PHY-1001 : Stage 5 | Routing DRC
PHY-1001 : Stage 5.1 | Check And Add Lut-bridge
PHY-1001 : End Stage 5.1 | Check And Add Lut-bridge; Time: 0.101577s wall, 0.109375s user + 0.000000s system = 0.109375s CPU (107.7%); Memory(MB): used = 1856, reserved = 1963, peak = 1856;

PHY-1001 : Stage 5.2 | Lut Bridge Check
PHY-1001 : End Stage 5.2 | Lut Bridge Check; Time: 0.232953s wall, 0.234375s user + 0.000000s system = 0.234375s CPU (100.6%); Memory(MB): used = 1856, reserved = 1963, peak = 1856;

PHY-1001 : Stage 5.3 | Physical Net Status Check
PHY-1001 : End Stage 5.3 | Physical Net Status Check; Time: 0.056464s wall, 0.062500s user + 0.000000s system = 0.062500s CPU (110.7%); Memory(MB): used = 1856, reserved = 1963, peak = 1856;

PHY-1001 : Start multi-drive drc check......
PHY-1001 : No multi-drive.
PHY-1001 : Stage 5.4 | Clock Net Status Check
PHY-1001 : 2 clock net(s) utilize local routing resource.
PHY-5079 CRITICAL-WARNING: Marked 1 clock net(s) utilize the local routing resources. Please check log message and the sinks of clock nets.
RUN-1001 : CTS Local Wire Summary
RUN-1001 : ------------------------------------------------------------------------------------------------------------------------------------------------------------
RUN-1001 :    ClockName    |   DriverType    |  Clock/Fanout  |  LocalWireNum  |                                  NetName                                   |  Marked  
RUN-1001 : ------------------------------------------------------------------------------------------------------------------------------------------------------------
RUN-1001 :        -        |  AL_PHY_LSLICE  |      1/3       |       12       |                      u_uicfgcs500/uii2c_inst/scl_clk                       |    -     
RUN-1001 :   pll_clk_24m   |   AL_PHY_SCLK   |     83/84      |       3        |  O_cam_24m_dup_1_created_gclkinst_auto_created_sclk_s_0_l_bk4_sclk_outnet  |   true   
RUN-1001 : ------------------------------------------------------------------------------------------------------------------------------------------------------------
PHY-5088 WARNING: Clock_Analyzer: Detected 1 buffer(s) clkin net because they drive non-clock sinks. Run "analyze_clock -detail" for more infomation.
PHY-5088 WARNING: Clock_Analyzer: Detected 1 buffer(s) clkout net because they drive non-clock sinks. Run "analyze_clock -detail" for more infomation.
PHY-5088 WARNING: Clock_Analyzer: 2 clock-net(s) because they drive other clock net, may cause clock skew. Run "analyze_clock -detail" for more infomation.
PHY-1001 : End Stage 5.4 | Clock Net Status Check; Time: 0.078516s wall, 0.078125s user + 0.000000s system = 0.078125s CPU (99.5%); Memory(MB): used = 1856, reserved = 1963, peak = 1856;

PHY-1001 : Stage 5.5 | Abnormal Timing Path check
PHY-1001 : No abnormal timing path.
PHY-1001 : End Stage 5.5 | Abnormal Timing Path check; Time: 0.240626s wall, 0.234375s user + 0.000000s system = 0.234375s CPU (97.4%); Memory(MB): used = 1856, reserved = 1963, peak = 1856;

PHY-1001 : Stage 5.6 | Bound Check
PHY-1001 : Check Pass.
PHY-1001 : End Stage 5.6 | Bound Check; Time: 0.003004s wall, 0.000000s user + 0.000000s system = 0.000000s CPU (n/a%); Memory(MB): used = 1856, reserved = 1963, peak = 1856;

PHY-1001 : End Stage 5 | Routing DRC; Time: 0.766479s wall, 0.765625s user + 0.000000s system = 0.765625s CPU (99.9%); Memory(MB): used = 1856, reserved = 1963, peak = 1856;

RUN-1003 : finish command "route" in  80.006917s wall, 139.218750s user + 1.500000s system = 140.718750s CPU (175.9%)

RUN-1004 : used memory is 1856 MB, reserved memory is 1963 MB, peak memory is 1856 MB
RUN-1002 : start command "report_area -io_info -file camera_to_dsi_display_phy.area"
SYN-4034 : The count of slices with lut is 6775.
SYN-4035 : The count of slices with lut+ripple is 3251.
RUN-1001 : standard
***Report Model: design_top_wrapper Device: PH1P35MDG324***

Design Statistics
#IO                        60   out of    160   37.50%
  #input                    6
  #output                  31
  #inout                   23
#lut6                   10306   out of  21216   48.58%
#reg                    13416
  #slice reg            13416   out of  42432   31.62%
  #pad reg                  0

Utilization Statistics
#slice                  12688   out of  21216   59.80%
  #used ram               280
    #dram lut             168
    #shifter lut          112
  #used logic           12408
    #with luts           6775
    #with adder          3251
    #reg only            2382
#feedthrough             2387
#f7mux                      0   out of  10608    0.00%
#f8mux                      0   out of   5304    0.00%
#eram                      45   out of    108   41.67%
  #eram20k                 45
  #fifo20k                  0
#dsp                        8   out of     40   20.00%
#ddr_byte                   6   out of     12   50.00%
#mipi_tx                    0   out of      2    0.00%
#mipi_rx                    1   out of      2   50.00%
#pad                       19   out of    160   11.88%
#pll                        3   out of      6   50.00%
#gclk                       9   out of     32   28.12%
#lclk                       0   out of     12    0.00%
#sclk                      20   out of     48   41.67%
#mlclk                      2   out of      6   33.33%
#ioclk                      4   out of     18   22.22%


DataNet Average Fanout:

   Index     Fanout     Nets   
    #1          1       19389  
    #2          2       7255   
    #3          3        859   
    #4          4        666   
    #5        5-10      1469   
    #6        11-50      431   
    #7       51-100      33    
    #8       101-500      2    
  Average     1.98             

RUN-1002 : start command "update_timing -mode final"
RUN-1002 : start command "start_timer"
RUN-1003 : finish command "start_timer" in  1.888360s wall, 1.890625s user + 0.000000s system = 1.890625s CPU (100.1%)

RUN-1004 : used memory is 1856 MB, reserved memory is 1963 MB, peak memory is 1856 MB
RUN-1003 : finish command "update_timing -mode final" in  5.786437s wall, 5.781250s user + 0.000000s system = 5.781250s CPU (99.9%)

RUN-1004 : used memory is 1856 MB, reserved memory is 1963 MB, peak memory is 1856 MB
RUN-1002 : start command "report_timing_status -file camera_to_dsi_display_phy.ts"
RUN-1002 : start command "report_timing_summary -file camera_to_dsi_display_pr.timing"
RUN-1002 : start command "report_timing_exception -file camera_to_dsi_display_exception.timing"
RUN-1002 : start command "flow_status -file route_flow.status"
Location         : D:\2026fpga\lab_hd_1_mipi_hdmi\td_project\camera_to_dsi_display_Runs\phy_1
Running with     : Tang Dynasty v6.2.168116
                   Copyright (c) 2012-2025 Anlogic Inc.
Top Model        : design_top_wrapper
Device           : PH1P35MDG324
Speed            : 3

Timing Mode      : final
Setup            : WNS   167ps  TNS        0ps  NUM_FEPS     0
Hold             : WNS    20ps  TNS        0ps  NUM_FEPS     0

Flow Statistics  :
RUN-1001 : Flow Statistics:
RUN-1001 : ---------------------------------------------------------------------------------------------------
RUN-1001 :      command     |  #calls  |  wall time   |  cpu time(s)  |  used memory(mb)  |  peak memory(mb)  
RUN-1001 : ---------------------------------------------------------------------------------------------------
RUN-1001 :       place      |    1     |  2m2s(59%)   |   422(74%)    |       1156        |       1156        
RUN-1001 :       route      |    1     |  1m13s(35%)  |   133(23%)    |       1856        |       1856        
RUN-1001 :     fix_hold     |    1     |    7s(3%)    |     7(1%)     |       1856        |       1856        
RUN-1001 :   import_device  |    1     |    2s(0%)    |     2(0%)     |        323        |        323        
RUN-1001 :     import_db    |    1     |    1s(0%)    |     0(0%)     |        519        |        519        
RUN-1001 : ---------------------------------------------------------------------------------------------------
RUN-1001 :       total      |    5     |    3m25s     |      564      |       1856        |       1856        
RUN-1001 : ---------------------------------------------------------------------------------------------------
RUN-1002 : start command "report_clock_utilization -file route_clock_utilization.txt"
RUN-1002 : start command "export_db camera_to_dsi_display_pr.db"
RUN-1001 : Exported flow parameters
RUN-1001 : Exported /
RUN-1001 : Exported libs
RUN-1001 : Exported entities
RUN-1001 : Exported ports
RUN-1001 : Exported pins
RUN-1001 : Exported instances
RUN-1001 : Exported nets
RUN-1001 : Exported buses
RUN-1001 : Exported models
RUN-1001 : Exported phy database
RUN-1001 : Exported packer
RUN-1001 : Exported congestions
RUN-1001 : Exported violations
RUN-1001 : Exported ATMR Setting
RUN-1001 : Exported timing constraints
RUN-1001 : Exported IO constraints
RUN-1001 : Exported Inst constraints
RUN-1001 : Exported ChipWatcher
RUN-1003 : finish command "export_db camera_to_dsi_display_pr.db" in  1.238572s wall, 1.734375s user + 0.062500s system = 1.796875s CPU (145.1%)

RUN-1004 : used memory is 1858 MB, reserved memory is 1963 MB, peak memory is 1858 MB
RUN-1002 : start command "commit_param -step bitgen"
RUN-1001 : Print Global Property
RUN-1001 : -------------------------------------------------------------
RUN-1001 :     Parameters    |   Settings   |  Default Values  |  Note  
RUN-1001 : -------------------------------------------------------------
RUN-1001 :    enable_seed    |     off      |       off        |        
RUN-1001 :    hfn_to_clock   |  1000000000  |    1000000000    |        
RUN-1001 :      message      |   standard   |     standard     |        
RUN-1001 :    qor_monitor    |      on      |        on        |        
RUN-1001 :   speedup_effort  |      0       |        0         |        
RUN-1001 :    syn_ip_flow    |     off      |       off        |        
RUN-1001 :       thread      |     auto     |       auto       |        
RUN-1001 : -------------------------------------------------------------
RUN-1002 : start command "set_param bitgen compress on"
RUN-1001 : Print Bitgen Property
RUN-1001 : -------------------------------------------------------------
RUN-1001 :      Parameters     |  Settings  |  Default Values  |  Note  
RUN-1001 : -------------------------------------------------------------
RUN-1001 :         bin         |    off     |       off        |        
RUN-1001 :       compress      |     on     |       off        |   *    
RUN-1001 :       gen_mask      |    off     |       off        |        
RUN-1001 :      max_stream     |     on     |        on        |        
RUN-1001 :      time_info      |     on     |        on        |        
RUN-1001 :   unused_io_status  |   pullup   |      pullup      |        
RUN-1001 :       version       |    0x00    |       0x00       |        
RUN-1001 : -------------------------------------------------------------
RUN-1002 : start command "bitgen -bit camera_to_dsi_display.bit"
RUN-1002 : start command "export_bid camera_to_dsi_display_inst.bid"
BIT-1003 : Start to generate bitstream. 
BIT-1002 : Bitgen processed 3 pll_pd instances.
BIT-1002 : Init instances with 32 threads.
BIT-1002 : Init instances completely, inst num: 13162
BIT-1002 : Init pips with 32 threads.
BIT-1002 : Init pips completely, net num: 21570, pip num: 202606
BIT-1002 : Init feedthrough with 32 threads.
BIT-1002 : Init feedthrough completely, num: 2387
BIT-1003 : Multithreading accelaration with 32 threads.
BIT-1003 : Generate bitstream completely, there are 692637 bits set as '1'.
PRG-1501 : Bit compressed, frame number changed from 3481 to 3445, ratio 1.03%
BIT-1004 : Generate file camera_to_dsi_display_compress.bit.
BIT-1004 : Generate file camera_to_dsi_display.bit.
RUN-1003 : finish command "bitgen -bit camera_to_dsi_display.bit" in  4.395824s wall, 50.953125s user + 1.968750s system = 52.921875s CPU (1203.9%)

RUN-1004 : used memory is 1859 MB, reserved memory is 1963 MB, peak memory is 1860 MB
RUN-1002 : start command "setup_debugger"
RUN-1002 : start command "export_bitgen_param -file .bitgen_param.f"
RUN-1002 : start command "export_flow_status -s opt_place -e bitgen"
RUN-1002 : start command "flow_status"

Location         : D:\2026fpga\lab_hd_1_mipi_hdmi\td_project\camera_to_dsi_display_Runs\phy_1
Running with     : Tang Dynasty v6.2.168116
                   Copyright (c) 2012-2025 Anlogic Inc.
Top Model        : design_top_wrapper
Device           : PH1P35MDG324
Speed            : 3

Timing Mode      : final
Setup            : WNS   167ps  TNS        0ps  NUM_FEPS     0
Hold             : WNS    20ps  TNS        0ps  NUM_FEPS     0

RUN-1001 : Flow Statistics:
RUN-1001 : ---------------------------------------------------------------------------------------------------
RUN-1001 :      command     |  #calls  |  wall time   |  cpu time(s)  |  used memory(mb)  |  peak memory(mb)  
RUN-1001 : ---------------------------------------------------------------------------------------------------
RUN-1001 :       place      |    1     |  2m2s(58%)   |   422(68%)    |       1156        |       1156        
RUN-1001 :       route      |    1     |  1m13s(34%)  |   133(21%)    |       1856        |       1856        
RUN-1001 :     fix_hold     |    1     |    7s(3%)    |     7(1%)     |       1856        |       1856        
RUN-1001 :      bitgen      |    1     |    4s(1%)    |    51(8%)     |       1859        |       1860        
RUN-1001 :   import_device  |    1     |    2s(0%)    |     2(0%)     |        323        |        323        
RUN-1001 :     import_db    |    1     |    1s(0%)    |     0(0%)     |        519        |        519        
RUN-1001 : ---------------------------------------------------------------------------------------------------
RUN-1001 :       total      |    6     |    3m29s     |      615      |       1859        |       1860        
RUN-1001 : ---------------------------------------------------------------------------------------------------

