============================================================
   Tang Dynasty, V6.2.168116
   Copyright (c) 2012-2025 Anlogic Inc.
   Executable = F:/AnlogicFpga/TD_6.2.1_Engineer_6.2.168.116/bin/td_commands_prompt.exe
   Built at =   16:32:07 Jun 12 2025
   Run by =     pc
   Run Date =   Tue Sep 15 20:36:11 2026

   Run on =     CIRBUG
============================================================
RUN-1002 : start command "import_device ph1_35p.db -package PH1P35MDG324 -speed 3"
ARC-1001 : Device Initialization.
ARC-1001 : ----------------------------------------------------------------
ARC-1001 :           OPTION          |          IO           |   SETTING   
ARC-1001 : ----------------------------------------------------------------
ARC-1001 :   non_jtag_persist(none)  |        35 IOs         |    gpio    
ARC-1001 :            jtag           |  P13/P15/L14/R13/T13  |  dedicate  
ARC-1001 : ----------------------------------------------------------------
RUN-1003 : finish command "import_device ph1_35p.db -package PH1P35MDG324 -speed 3" in  2.339593s wall, 2.046875s user + 0.078125s system = 2.125000s CPU (90.8%)

RUN-1004 : used memory is 323 MB, reserved memory is 321 MB, peak memory is 323 MB
RUN-1002 : start command "open_project camera_to_dsi_display.prj -noanalyze"
RUN-1002 : start command "import_db ../syn_1/camera_to_dsi_display_gate.db"
RUN-1001 : Importing database generated by Tang Dynasty, V6.2.168116.
RUN-1001 : Database version number 46207
RUN-1001 : Import flow parameters
RUN-1001 : Import netlist
RUN-1001 : Import timing constraints
RUN-1001 : Import IO constraints
RUN-1001 : Import Inst constraints
RUN-1001 : Import ChipWatcher
RUN-1001 : Import design success TD_VERSION=6.2.168116 , DB_VERSION=46207
RUN-1002 : start command "commit_param -step place"
RUN-1001 : Print Global Property
RUN-1001 : -------------------------------------------------------------
RUN-1001 :     Parameters    |   Settings   |  Default Values  |  Note  
RUN-1001 : -------------------------------------------------------------
RUN-1001 :    enable_seed    |     off      |       off        |        
RUN-1001 :    hfn_to_clock   |  1000000000  |    1000000000    |        
RUN-1001 :      message      |   standard   |     standard     |        
RUN-1001 :    qor_monitor    |      on      |        on        |        
RUN-1001 :   speedup_effort  |      0       |        0         |        
RUN-1001 :    syn_ip_flow    |     off      |       off        |        
RUN-1001 :       thread      |     auto     |       auto       |        
RUN-1001 : -------------------------------------------------------------
RUN-1001 : Print Place Property
RUN-1001 : ---------------------------------------------------------------
RUN-1001 :       Parameters      |  Settings  |  Default Values  |  Note  
RUN-1001 : ---------------------------------------------------------------
RUN-1001 :         effort        |   medium   |      medium      |        
RUN-1001 :     hfn_opt_effort    |   medium   |      medium      |        
RUN-1001 :    logic_level_opt    |    off     |       off        |        
RUN-1001 :   macro_performance   |    auto    |       auto       |        
RUN-1001 :       max_fanout      |   999999   |      999999      |        
RUN-1001 :       opt_timing      |   medium   |      medium      |        
RUN-1001 :     post_place_opt    |    auto    |       auto       |        
RUN-1001 :      pr_strategy      |     1      |        1         |        
RUN-1001 :   preplace_floorplan  |    off     |       off        |        
RUN-1001 : ---------------------------------------------------------------
RUN-1002 : start command "insert_debugger"
RUN-1002 : start command "place"
RUN-1001 : Open license file F:/AnlogicFpga/TD_6.2.1_Engineer_6.2.168.116/license/Anlogic.lic
PHY-3001 : Placer runs in 32 thread(s).
PHY-1001 : Stage 1 | Initialize Design
PHY-1001 : Stage 1.1 | Build Design
PHY-1001 : 9343 luts, 13601 seqs, 408 mslices, 3031 lslices, 54 pads, 40 brams, 8 dsps
RUN-1002 : start command "legalize_phy_inst"
SYN-1011 : Flatten model design_top_wrapper
SYN-1001 : ADC: Instance "u_ph1p35_324_ddr_wrapper/u_ddr2/ph1p_ddrmc_wrapper/ph1p_ddrmc_top/u_ddr_phy/u_ddrphy_top/u_ddrphy/ac_byte[0]$ac_byte_used$u_ddrphy_ac_byte_wrapper/u_ddrphy_byte" LOCATION="X0Y70Z0"
SYN-1001 : ADC: Instance "u_ph1p35_324_ddr_wrapper/u_ddr2/ph1p_ddrmc_wrapper/ph1p_ddrmc_top/u_ddr_phy/u_ddrphy_top/u_ddrphy/ac_byte[1]$ac_byte_used$u_ddrphy_ac_byte_wrapper/u_ddrphy_byte" LOCATION="X0Y60Z0"
SYN-1001 : ADC: Instance "u_ph1p35_324_ddr_wrapper/u_ddr2/ph1p_ddrmc_wrapper/ph1p_ddrmc_top/u_ddr_phy/u_ddrphy_top/u_ddrphy/ac_byte[2]$ac_byte_used$u_ddrphy_ac_byte_wrapper/u_ddrphy_byte" LOCATION="X0Y50Z0"
SYN-1001 : ADC: Instance "u_ph1p35_324_ddr_wrapper/u_ddr2/ph1p_ddrmc_wrapper/ph1p_ddrmc_top/u_ddr_phy/u_ddrphy_top/u_ddrphy/ac_byte[3]$ac_byte_used$u_ddrphy_ac_byte_wrapper/u_ddrphy_byte" LOCATION="X0Y40Z0"
SYN-1001 : ADC: Instance "u_ph1p35_324_ddr_wrapper/u_ddr2/ph1p_ddrmc_wrapper/ph1p_ddrmc_top/u_ddr_phy/u_ddrphy_top/u_ddrphy/bkref[0]$u_ddrphy_bankref" LOCATION="X0Y19Z0"
SYN-1001 : ADC: Instance "u_ph1p35_324_ddr_wrapper/u_ddr2/ph1p_ddrmc_wrapper/ph1p_ddrmc_top/u_ddr_phy/u_ddrphy_top/u_ddrphy/bkref[1]$u_ddrphy_bankref" LOCATION="X0Y59Z0"
SYN-1001 : ADC: Instance "u_ph1p35_324_ddr_wrapper/u_ddr2/ph1p_ddrmc_wrapper/ph1p_ddrmc_top/u_ddr_phy/u_ddrphy_top/u_ddrphy/dx_byte[0]$dx_byte_used$u_ddrphy_dx_byte_wrapper/u_ddrphy_byte" LOCATION="X0Y30Z0"
SYN-1001 : ADC: Instance "u_ph1p35_324_ddr_wrapper/u_ddr2/ph1p_ddrmc_wrapper/ph1p_ddrmc_top/u_ddr_phy/u_ddrphy_top/u_ddrphy/dx_byte[1]$dx_byte_used$u_ddrphy_dx_byte_wrapper/u_ddrphy_byte" LOCATION="X0Y10Z0"
SYN-1001 : ADC: Instance "u_ph1p35_324_ddr_wrapper/u_ddr2/ph1p_ddrmc_wrapper/ph1p_ddrmc_top/u_ddr_phy/u_ddrphy_top/u_ddrphy_clk/ioclk[0]$u_ioclk_0" LOCATION="X0Y59Z0"
SYN-1001 : ADC: Instance "u_ph1p35_324_ddr_wrapper/u_ddr2/ph1p_ddrmc_wrapper/ph1p_ddrmc_top/u_ddr_phy/u_ddrphy_top/u_ddrphy_clk/ioclk[0]$u_ioclk_1" LOCATION="X0Y59Z1"
SYN-1001 : ADC: Instance "u_ph1p35_324_ddr_wrapper/u_ddr2/ph1p_ddrmc_wrapper/ph1p_ddrmc_top/u_ddr_phy/u_ddrphy_top/u_ddrphy_clk/ioclk[1]$u_ioclk_0" LOCATION="X0Y19Z0"
SYN-1001 : ADC: Instance "u_ph1p35_324_ddr_wrapper/u_ddr2/ph1p_ddrmc_wrapper/ph1p_ddrmc_top/u_ddr_phy/u_ddrphy_top/u_ddrphy_clk/ioclk[1]$u_ioclk_1" LOCATION="X0Y19Z1"
SYN-1001 : ADC: Instance "u_ph1p35_324_ddr_wrapper/u_ddr2/ph1p_ddrmc_wrapper/ph1p_ddrmc_top/u_ddr_phy/u_ddrphy_top/u_ddrphy_clk/u_mlclk_1" LOCATION="X0Y59Z0"
SYN-1001 : ADC: Instance "u_ph1p35_324_ddr_wrapper/u_ddr2/ph1p_ddrmc_wrapper/ph1p_ddrmc_top/u_ddr_phy/u_ddrphy_top/u_ddrphy_clk/u_mlclk_2" LOCATION="X0Y59Z1"
SYN-1001 : ADC: Instance "u_ph1p35_324_ddr_wrapper/u_ddr2/ph1p_ddrmc_wrapper/ph1p_ddrmc_top/u_ddr_phy/u_ddrphy_top/u_ddrphy_clk/u_pll0/u_pll_inst" LOCATION="X0Y40Z0"
SYN-1001 : ADC: Instance "u_ph1p35_324_ddr_wrapper/u_ddr2/ph1p_ddrmc_wrapper/ph1p_ddrmc_top/u_ddr_phy/u_ddrphy_top/u_ddrphy_clk/u_pll1/u_pll_inst" LOCATION="X0Y79Z0"
PHY-1001 : Remove keep and sweep redundant instances ...
PHY-1001 : 9035 luts, 13259 seqs, 408 mslices, 3000 lslices, 54 pads, 40 brams, 8 dsps
PHY-1001 : End Stage 1.1 | Build Design; Time: 0.461258s wall, 0.421875s user + 0.000000s system = 0.421875s CPU (91.5%); Memory(MB): used = 513, reserved = 510, peak = 513;

PHY-1001 : Stage 1.2 | Optimize Design
OPT-1001 : Stage 1.2.1 | Simplify Lut
OPT-1001 : End Stage 1.2.1 | Simplify Lut; Time: 0.060282s wall, 0.062500s user + 0.000000s system = 0.062500s CPU (103.7%); Memory(MB): used = 513, reserved = 510, peak = 513;

OPT-1001 : Stage 1.2.2 | Sweep
OPT-1001 : End Stage 1.2.2 | Sweep; Time: 0.022025s wall, 0.015625s user + 0.000000s system = 0.015625s CPU (70.9%); Memory(MB): used = 513, reserved = 510, peak = 513;

OPT-1001 : Stage 1.2.3 | Merge Lut
OPT-1001 : Start remap optimization ...
RUN-1001 :   Added 0 lut1 for undup drivers
OPT-1001 : skip lut merge since lut number 9033 is similar to or less than reg number 13259
OPT-1001 : End Stage 1.2.3 | Merge Lut; Time: 0.034937s wall, 0.031250s user + 0.000000s system = 0.031250s CPU (89.4%); Memory(MB): used = 513, reserved = 510, peak = 513;

OPT-1001 : Stage 1.2.4 | Synthesize High-fanout Net
OPT-1001 : Start high-fanout net optimization in pre-place flow with medium effort ...
RUN-1001 : HFN opt statistic
RUN-1001 : ------------------------------------------------------
RUN-1001 :   DriverCell type  |  HFN count  |  Duplicated count  
RUN-1001 : ------------------------------------------------------
RUN-1001 :       LSLICE       |      0      |         0          
RUN-1001 :       MSLICE       |      0      |         0          
RUN-1001 :        TOTAL       |      0      |         0          
RUN-1001 : ------------------------------------------------------
OPT-1001 : End high-fanout net optimization;  0.000120s wall, 0.000000s user + 0.000000s system = 0.000000s CPU (n/a%)

OPT-1001 : Current memory(MB): used = 514, reserved = 510, peak = 514.
OPT-1001 : End Stage 1.2.4 | Synthesize High-fanout Net; Time: 0.000220s wall, 0.000000s user + 0.000000s system = 0.000000s CPU (n/a%); Memory(MB): used = 514, reserved = 510, peak = 514;

OPT-1001 : End physical optimization;  0.117822s wall, 0.109375s user + 0.000000s system = 0.109375s CPU (92.8%)

PHY-1001 : End Stage 1.2 | Optimize Design; Time: 0.117905s wall, 0.109375s user + 0.000000s system = 0.109375s CPU (92.8%); Memory(MB): used = 514, reserved = 510, peak = 514;

PHY-1001 : Stage 1.3 | Initialize Clock
PHY-1001 : Start to synthesize physical clock networks.
RUN-1002 : start command "start_timer"
USR-1002 : Derived clock:  create_generated_clock -name {u_PLL/ph1p_phy_pll_wrapper_25a56e5ce2f9_Inst/u_PH1P_PHY_PLL.clkc[0]} -source [get_ports {I_sys_clk}] -master_clock {sys_clk_50m} -multiply_by 2.0000 -duty_cycle 50.0000 [get_pins {u_PLL/ph1p_phy_pll_wrapper_25a56e5ce2f9_Inst/u_PH1P_PHY_PLL.clkc[0]}]
USR-1002 : Derived clock:  create_generated_clock -name {u_PLL/ph1p_phy_pll_wrapper_25a56e5ce2f9_Inst/u_PH1P_PHY_PLL.clkc[1]} -source [get_ports {I_sys_clk}] -master_clock {sys_clk_50m} -divide_by 2.1000 -duty_cycle 50.0000 [get_pins {u_PLL/ph1p_phy_pll_wrapper_25a56e5ce2f9_Inst/u_PH1P_PHY_PLL.clkc[1]}]
USR-1002 : Derived clock:  create_generated_clock -name {u_PLL/ph1p_phy_pll_wrapper_25a56e5ce2f9_Inst/u_PH1P_PHY_PLL.clkc[4]} -source [get_ports {I_sys_clk}] -master_clock {sys_clk_50m} -multiply_by 1.5000 -duty_cycle 50.0000 [get_pins {u_PLL/ph1p_phy_pll_wrapper_25a56e5ce2f9_Inst/u_PH1P_PHY_PLL.clkc[4]}]
USR-1002 : Derived clock:  create_generated_clock -name {u_PLL/ph1p_phy_pll_wrapper_25a56e5ce2f9_Inst/u_PH1P_PHY_PLL.clkc[5]} -source [get_ports {I_sys_clk}] -master_clock {sys_clk_50m} -multiply_by 7.5000 -duty_cycle 50.0000 [get_pins {u_PLL/ph1p_phy_pll_wrapper_25a56e5ce2f9_Inst/u_PH1P_PHY_PLL.clkc[5]}]
USR-1002 : Derived clock:  create_generated_clock -name {u_ph1p35_324_ddr_wrapper/u_ddr2/ph1p_ddrmc_wrapper/ph1p_ddrmc_top/u_ddr_phy/u_ddrphy_top/u_ddrphy_clk/u_pll0/u_pll_inst.clkc[0]} -source [get_ports {I_sys_clk}] -master_clock {sys_clk_50m} -multiply_by 1.3333 -duty_cycle 50.0000 [get_pins {u_ph1p35_324_ddr_wrapper/u_ddr2/ph1p_ddrmc_wrapper/ph1p_ddrmc_top/u_ddr_phy/u_ddrphy_top/u_ddrphy_clk/u_pll0/u_pll_inst.clkc[0]}]
USR-1002 : Derived clock:  create_generated_clock -name {u_ph1p35_324_ddr_wrapper/u_ddr2/ph1p_ddrmc_wrapper/ph1p_ddrmc_top/u_ddr_phy/u_ddrphy_top/u_ddrphy_clk/u_pll0/u_pll_inst.clkc[1]} -source [get_ports {I_sys_clk}] -master_clock {sys_clk_50m} -multiply_by 1.3333 -duty_cycle 50.0000 [get_pins {u_ph1p35_324_ddr_wrapper/u_ddr2/ph1p_ddrmc_wrapper/ph1p_ddrmc_top/u_ddr_phy/u_ddrphy_top/u_ddrphy_clk/u_pll0/u_pll_inst.clkc[1]}]
USR-1002 : Derived clock:  create_generated_clock -name {u_ph1p35_324_ddr_wrapper/u_ddr2/ph1p_ddrmc_wrapper/ph1p_ddrmc_top/u_ddr_phy/u_ddrphy_top/u_ddrphy_clk/u_pll0/u_pll_inst.clkc[2]} -source [get_ports {I_sys_clk}] -master_clock {sys_clk_50m} -multiply_by 5.3333 -duty_cycle 50.0000 [get_pins {u_ph1p35_324_ddr_wrapper/u_ddr2/ph1p_ddrmc_wrapper/ph1p_ddrmc_top/u_ddr_phy/u_ddrphy_top/u_ddrphy_clk/u_pll0/u_pll_inst.clkc[2]}]
USR-1002 : Derived clock:  create_generated_clock -name {u_ph1p35_324_ddr_wrapper/u_ddr2/ph1p_ddrmc_wrapper/ph1p_ddrmc_top/u_ddr_phy/u_ddrphy_top/u_ddrphy_clk/u_pll0/u_pll_inst.clkc[3]} -source [get_ports {I_sys_clk}] -master_clock {sys_clk_50m} -divide_by 1.9687 -duty_cycle 50.0000 [get_pins {u_ph1p35_324_ddr_wrapper/u_ddr2/ph1p_ddrmc_wrapper/ph1p_ddrmc_top/u_ddr_phy/u_ddrphy_top/u_ddrphy_clk/u_pll0/u_pll_inst.clkc[3]}]
USR-1002 : Derived clock:  create_generated_clock -name {u_ph1p35_324_ddr_wrapper/u_ddr2/ph1p_ddrmc_wrapper/ph1p_ddrmc_top/u_ddr_phy/u_ddrphy_top/u_ddrphy_clk/u_pll1/u_pll_inst.clkc[0]} -source [get_pins {u_ph1p35_324_ddr_wrapper/u_ddr2/ph1p_ddrmc_wrapper/ph1p_ddrmc_top/u_ddr_phy/u_ddrphy_top/u_ddrphy_clk/u_pll0/u_pll_inst.clkc[0]}] -master_clock {u_ph1p35_324_ddr_wrapper/u_ddr2/ph1p_ddrmc_wrapper/ph1p_ddrmc_top/u_ddr_phy/u_ddrphy_top/u_ddrphy_clk/u_pll0/u_pll_inst.clkc[0]} -multiply_by 1.0000 -duty_cycle 50.0000 [get_pins {u_ph1p35_324_ddr_wrapper/u_ddr2/ph1p_ddrmc_wrapper/ph1p_ddrmc_top/u_ddr_phy/u_ddrphy_top/u_ddrphy_clk/u_pll1/u_pll_inst.clkc[0]}]
8.888000
15.000000
15.000000
13.333000
RUN-1003 : finish command "start_timer" in  1.927178s wall, 1.812500s user + 0.062500s system = 1.875000s CPU (97.3%)

RUN-1004 : used memory is 684 MB, reserved memory is 678 MB, peak memory is 684 MB
TMR-2502 : Net delay update with mode: Synthesized
PHY-5060 CRITICAL-WARNING: Clock net candidate u_uicfgcs500/uii2c_inst/scl_clk has mixed fanouts of 1 clock pins; 2 data/ctrl pins. Please check connection of the net in design.
PHY-5060 CRITICAL-WARNING: Clock net candidate O_cam_24m_syn_3 has mixed fanouts of 102 clock pins; 1 data/ctrl pins. Please check connection of the net in design.
PHY-1001 : Populate physical database on model design_top_wrapper.
RUN-1001 : There are total 25899 instances
RUN-0007 : 9033 luts, 13259 seqs, 408 mslices, 3000 lslices, 54 pads, 40 brams, 8 dsps
RUN-1001 : There are total 35733 nets
RUN-1001 : 24343 nets have 2 pins
RUN-1001 : 9063 nets have [3 - 5] pins
RUN-1001 : 1667 nets have [6 - 10] pins
RUN-1001 : 382 nets have [11 - 20] pins
RUN-1001 : 239 nets have [21 - 99] pins
RUN-1001 : 39 nets have 100+ pins
PHY-1001 : Start to check user instance location assignments; please refer to ADC constraint.
PHY-1001 : End Stage 1.3 | Initialize Clock; Time: 3.193821s wall, 2.953125s user + 0.171875s system = 3.125000s CPU (97.8%); Memory(MB): used = 765, reserved = 759, peak = 765;

PHY-1001 : End Stage 1 | Initialize Design; Time: 3.815062s wall, 3.531250s user + 0.171875s system = 3.703125s CPU (97.1%); Memory(MB): used = 765, reserved = 759, peak = 765;

PHY-1001 : Stage 2 | Global Placement
RUN-1001 : Report Control nets information:
RUN-1001 : DFF Distribution
RUN-1001 : -------------------------------------
RUN-1001 :   CE   |  SSR  |  ASR  |  DFF Count  
RUN-1001 : -------------------------------------
RUN-1001 :   No   |  No   |  No   |    6778     
RUN-1001 :   No   |  No   |  Yes  |    3533     
RUN-1001 :   No   |  Yes  |  No   |     346     
RUN-1001 :   Yes  |  No   |  No   |     424     
RUN-1001 :   Yes  |  No   |  Yes  |    2256     
RUN-1001 :   Yes  |  Yes  |  No   |     146     
RUN-1001 : -------------------------------------
RUN-1001 : Control Group Statistic
RUN-1001 : -----------------------------
RUN-1001 :   #CLK  |  #CE  |  #SSR/ASR  
RUN-1001 : -----------------------------
RUN-1001 :    9    |  113  |     27     
RUN-1001 : -----------------------------
RUN-0007 : Control Set = 150
PHY-1001 : Stage 2.1 | Place Fixed Instances
PHY-1001 : Processing 2 clock pins of DDR instance u_ph1p35_324_ddr_wrapper/u_ddr2/ph1p_ddrmc_wrapper/ph1p_ddrmc_top/u_ddr_phy/u_ddrphy_top/u_ddrphy/ac_byte[0]$ac_byte_used$u_ddrphy_ac_byte_wrapper/u_ddrphy_byte, location = x0y70z0.
PHY-1001 :   User location X0Y59Z1 of ioclk instance u_ph1p35_324_ddr_wrapper/u_ddr2/ph1p_ddrmc_wrapper/ph1p_ddrmc_top/u_ddr_phy/u_ddrphy_top/u_ddrphy_clk/ioclk[0]$u_ioclk_1.
PHY-1001 :   Placement of ioclk instance u_ph1p35_324_ddr_wrapper/u_ddr2/ph1p_ddrmc_wrapper/ph1p_ddrmc_top/u_ddr_phy/u_ddrphy_top/u_ddrphy_clk/ioclk[0]$u_ioclk_1; location = x0y59z1.
PHY-1001 :   User location X0Y59Z0 of ioclk instance u_ph1p35_324_ddr_wrapper/u_ddr2/ph1p_ddrmc_wrapper/ph1p_ddrmc_top/u_ddr_phy/u_ddrphy_top/u_ddrphy_clk/ioclk[0]$u_ioclk_0.
PHY-1001 :   Placement of ioclk instance u_ph1p35_324_ddr_wrapper/u_ddr2/ph1p_ddrmc_wrapper/ph1p_ddrmc_top/u_ddr_phy/u_ddrphy_top/u_ddrphy_clk/ioclk[0]$u_ioclk_0; location = x0y59z0.
PHY-1001 : Processing 2 clock pins of DDR instance u_ph1p35_324_ddr_wrapper/u_ddr2/ph1p_ddrmc_wrapper/ph1p_ddrmc_top/u_ddr_phy/u_ddrphy_top/u_ddrphy/ac_byte[1]$ac_byte_used$u_ddrphy_ac_byte_wrapper/u_ddrphy_byte, location = x0y60z0.
PHY-1001 :   Placed ioclk instance u_ph1p35_324_ddr_wrapper/u_ddr2/ph1p_ddrmc_wrapper/ph1p_ddrmc_top/u_ddr_phy/u_ddrphy_top/u_ddrphy_clk/ioclk[0]$u_ioclk_1, location = x0y59z1.
PHY-1001 :   Placed ioclk instance u_ph1p35_324_ddr_wrapper/u_ddr2/ph1p_ddrmc_wrapper/ph1p_ddrmc_top/u_ddr_phy/u_ddrphy_top/u_ddrphy_clk/ioclk[0]$u_ioclk_0, location = x0y59z0.
PHY-1001 : Processing 2 clock pins of DDR instance u_ph1p35_324_ddr_wrapper/u_ddr2/ph1p_ddrmc_wrapper/ph1p_ddrmc_top/u_ddr_phy/u_ddrphy_top/u_ddrphy/ac_byte[2]$ac_byte_used$u_ddrphy_ac_byte_wrapper/u_ddrphy_byte, location = x0y50z0.
PHY-1001 :   Placed ioclk instance u_ph1p35_324_ddr_wrapper/u_ddr2/ph1p_ddrmc_wrapper/ph1p_ddrmc_top/u_ddr_phy/u_ddrphy_top/u_ddrphy_clk/ioclk[0]$u_ioclk_1, location = x0y59z1.
PHY-1001 :   Placed ioclk instance u_ph1p35_324_ddr_wrapper/u_ddr2/ph1p_ddrmc_wrapper/ph1p_ddrmc_top/u_ddr_phy/u_ddrphy_top/u_ddrphy_clk/ioclk[0]$u_ioclk_0, location = x0y59z0.
PHY-1001 : Processing 2 clock pins of DDR instance u_ph1p35_324_ddr_wrapper/u_ddr2/ph1p_ddrmc_wrapper/ph1p_ddrmc_top/u_ddr_phy/u_ddrphy_top/u_ddrphy/ac_byte[3]$ac_byte_used$u_ddrphy_ac_byte_wrapper/u_ddrphy_byte, location = x0y40z0.
PHY-1001 :   Placed ioclk instance u_ph1p35_324_ddr_wrapper/u_ddr2/ph1p_ddrmc_wrapper/ph1p_ddrmc_top/u_ddr_phy/u_ddrphy_top/u_ddrphy_clk/ioclk[0]$u_ioclk_1, location = x0y59z1.
PHY-1001 :   Placed ioclk instance u_ph1p35_324_ddr_wrapper/u_ddr2/ph1p_ddrmc_wrapper/ph1p_ddrmc_top/u_ddr_phy/u_ddrphy_top/u_ddrphy_clk/ioclk[0]$u_ioclk_0, location = x0y59z0.
PHY-1001 : Processing 2 clock pins of DDR instance u_ph1p35_324_ddr_wrapper/u_ddr2/ph1p_ddrmc_wrapper/ph1p_ddrmc_top/u_ddr_phy/u_ddrphy_top/u_ddrphy/dx_byte[0]$dx_byte_used$u_ddrphy_dx_byte_wrapper/u_ddrphy_byte, location = x0y30z0.
PHY-1001 :   User location X0Y19Z1 of ioclk instance u_ph1p35_324_ddr_wrapper/u_ddr2/ph1p_ddrmc_wrapper/ph1p_ddrmc_top/u_ddr_phy/u_ddrphy_top/u_ddrphy_clk/ioclk[1]$u_ioclk_1.
PHY-1001 :   Placement of ioclk instance u_ph1p35_324_ddr_wrapper/u_ddr2/ph1p_ddrmc_wrapper/ph1p_ddrmc_top/u_ddr_phy/u_ddrphy_top/u_ddrphy_clk/ioclk[1]$u_ioclk_1; location = x0y19z1.
PHY-1001 :   User location X0Y19Z0 of ioclk instance u_ph1p35_324_ddr_wrapper/u_ddr2/ph1p_ddrmc_wrapper/ph1p_ddrmc_top/u_ddr_phy/u_ddrphy_top/u_ddrphy_clk/ioclk[1]$u_ioclk_0.
PHY-1001 :   Placement of ioclk instance u_ph1p35_324_ddr_wrapper/u_ddr2/ph1p_ddrmc_wrapper/ph1p_ddrmc_top/u_ddr_phy/u_ddrphy_top/u_ddrphy_clk/ioclk[1]$u_ioclk_0; location = x0y19z0.
PHY-1001 : Processing 2 clock pins of DDR instance u_ph1p35_324_ddr_wrapper/u_ddr2/ph1p_ddrmc_wrapper/ph1p_ddrmc_top/u_ddr_phy/u_ddrphy_top/u_ddrphy/dx_byte[1]$dx_byte_used$u_ddrphy_dx_byte_wrapper/u_ddrphy_byte, location = x0y10z0.
PHY-1001 :   Placed ioclk instance u_ph1p35_324_ddr_wrapper/u_ddr2/ph1p_ddrmc_wrapper/ph1p_ddrmc_top/u_ddr_phy/u_ddrphy_top/u_ddrphy_clk/ioclk[1]$u_ioclk_1, location = x0y19z1.
PHY-1001 :   Placed ioclk instance u_ph1p35_324_ddr_wrapper/u_ddr2/ph1p_ddrmc_wrapper/ph1p_ddrmc_top/u_ddr_phy/u_ddrphy_top/u_ddrphy_clk/ioclk[1]$u_ioclk_0, location = x0y19z0.
PHY-1001 : DDR MLCLK topology u_ph1p35_324_ddr_wrapper/u_ddr2/ph1p_ddrmc_wrapper/ph1p_ddrmc_top/u_ddr_phy/u_ddrphy_top/u_ddrphy_clk/u_mlclk_1.
PHY-1001 :   Driver: PH1P_PHY_PLL_V2 u_ph1p35_324_ddr_wrapper/u_ddr2/ph1p_ddrmc_wrapper/ph1p_ddrmc_top/u_ddr_phy/u_ddrphy_top/u_ddrphy_clk/u_pll0/u_pll_inst.clkc[1], user location :X0Y40Z0.
PHY-1001 :   Sink: PH1P_PHY_IOCLK u_ph1p35_324_ddr_wrapper/u_ddr2/ph1p_ddrmc_wrapper/ph1p_ddrmc_top/u_ddr_phy/u_ddrphy_top/u_ddrphy_clk/ioclk[0]$u_ioclk_0, location = x0y59z0, sectorID = 1.
PHY-1001 :   Sink: PH1P_PHY_IOCLK u_ph1p35_324_ddr_wrapper/u_ddr2/ph1p_ddrmc_wrapper/ph1p_ddrmc_top/u_ddr_phy/u_ddrphy_top/u_ddrphy_clk/ioclk[1]$u_ioclk_0, location = x0y19z0, sectorID = 0.
PHY-1001 : Placement of MLCLK instance u_ph1p35_324_ddr_wrapper/u_ddr2/ph1p_ddrmc_wrapper/ph1p_ddrmc_top/u_ddr_phy/u_ddrphy_top/u_ddrphy_clk/u_mlclk_1; location = x0y59z0,  sectorID = 1.
PHY-1001 : DDR MLCLK topology u_ph1p35_324_ddr_wrapper/u_ddr2/ph1p_ddrmc_wrapper/ph1p_ddrmc_top/u_ddr_phy/u_ddrphy_top/u_ddrphy_clk/u_mlclk_2.
PHY-1001 :   Driver: PH1P_PHY_PLL_V2 u_ph1p35_324_ddr_wrapper/u_ddr2/ph1p_ddrmc_wrapper/ph1p_ddrmc_top/u_ddr_phy/u_ddrphy_top/u_ddrphy_clk/u_pll0/u_pll_inst.clkc[2], user location :X0Y40Z0.
PHY-1001 :   Sink: PH1P_PHY_IOCLK u_ph1p35_324_ddr_wrapper/u_ddr2/ph1p_ddrmc_wrapper/ph1p_ddrmc_top/u_ddr_phy/u_ddrphy_top/u_ddrphy_clk/ioclk[0]$u_ioclk_1, location = x0y59z1, sectorID = 1.
PHY-1001 :   Sink: PH1P_PHY_IOCLK u_ph1p35_324_ddr_wrapper/u_ddr2/ph1p_ddrmc_wrapper/ph1p_ddrmc_top/u_ddr_phy/u_ddrphy_top/u_ddrphy_clk/ioclk[1]$u_ioclk_1, location = x0y19z1, sectorID = 0.
PHY-1001 : Placement of MLCLK instance u_ph1p35_324_ddr_wrapper/u_ddr2/ph1p_ddrmc_wrapper/ph1p_ddrmc_top/u_ddr_phy/u_ddrphy_top/u_ddrphy_clk/u_mlclk_2; location = x0y59z1,  sectorID = 1.
PHY-5016 WARNING: PLL clkc is driving an IO without location.
PHY-5016 WARNING: PLL clkc is not driving a clock-capable IO.
PHY-5016 WARNING: PLL clkc is driving an IO without location.
PHY-5016 WARNING: PLL clkc is not driving a clock-capable IO.
PHY-1001 : End Stage 2.1 | Place Fixed Instances; Time: 0.071261s wall, 0.078125s user + 0.000000s system = 0.078125s CPU (109.6%); Memory(MB): used = 794, reserved = 787, peak = 794;

PHY-1001 : Stage 2.2 | Pre-Place DRC Check
PHY-1001 : Stage 2.2.1 | Force Route Constraint Check
PHY-1001 : Check Pass.
PHY-1001 : End Stage 2.2.1 | Force Route Constraint Check; Time: 0.003517s wall, 0.000000s user + 0.000000s system = 0.000000s CPU (n/a%); Memory(MB): used = 794, reserved = 787, peak = 794;

PHY-1001 : End Stage 2.2 | Pre-Place DRC Check; Time: 0.003576s wall, 0.000000s user + 0.000000s system = 0.000000s CPU (n/a%); Memory(MB): used = 794, reserved = 787, peak = 794;

PHY-1001 : Clock GCLK Statistics:
RUN-1001 : GCLK Index: 
RUN-1001 : -------------------------------------------------------------------------------------------------------------------------------------------------------
RUN-1001 :   Index  |                                                          Clock GCLK                                                           |  Location   
RUN-1001 : -------------------------------------------------------------------------------------------------------------------------------------------------------
RUN-1001 :     1    |                           u_mipi_dphy_rx_ph1p_mipiio_wrapper/u_ph1p_mipiio_rx_wrapper/bufg_feedback                           |  x23y39z0   
RUN-1001 :     2    |   u_ph1p35_324_ddr_wrapper/u_ddr2/ph1p_ddrmc_wrapper/ph1p_ddrmc_top/u_ddr_phy/u_ddrphy_top/u_ddrphy_clk/u_pll1/u_bufg_fbclk   |  x23y39z16  
RUN-1001 :     3    |                                              u_hdmi_mixer/I_clk_created_gclkinst                                              |  x23y39z17  
RUN-1001 :     4    |                                               I_sys_clk_dup_6_created_gclkinst                                                |  x23y39z22  
RUN-1001 :     5    |                                               O_cam_24m_dup_1_created_gclkinst                                                |  x23y39z18  
RUN-1001 :     6    |                          u_hdmi_tx/u_hdmi2phy_wrapper/u0_lane_lvds_8_1/I_serial_clk_created_gclkinst                          |  x23y39z19  
RUN-1001 :     7    |  u_ph1p35_324_ddr_wrapper/u_ddr2/ph1p_ddrmc_wrapper/ph1p_ddrmc_top/u_ddr_phy/u_ddrphy_top/u_ddrphy/apb_pclk_created_gclkinst  |  x23y39z20  
RUN-1001 :     8    |                                       u_uicfgcs500/uii2c_inst/scl_clk_created_gclkinst                                        |  x23y39z1   
RUN-1001 :     9    |                                                      u_PLL/bufg_feedback                                                      |  x23y39z21  
RUN-1001 : -------------------------------------------------------------------------------------------------------------------------------------------------------
RUN-1001 : Clock Nets Connect To GCLK Statistics: 
RUN-1001 : -----------------------------------------------------------------------------------------------------------------------------------------------------------------------------------------
RUN-1001 :   Index  |                        Leading Net                        |  CLK/DATA/IO/PLL Sink(s)  |                       Following Net                       |  CLK/DATA/IO/PLL Sink(s)  
RUN-1001 : -----------------------------------------------------------------------------------------------------------------------------------------------------------------------------------------
RUN-1001 :     1    | u_mipi_dphy_rx_ph1p_mipiio_wrapper/u_ph1p_mipiio_rx_w...  |          1/0/0/0          | u_isp_top/u_demosaic/raw_matrix_3x3_buffer_d/zhenghe_...  |        8148/0/0/0         
RUN-1001 :     2    | u_ph1p35_324_ddr_wrapper/u_ddr2/ph1p_ddrmc_wrapper/ph...  |          1/0/0/0          | u_ph1p35_324_ddr_wrapper/u_ddr2/ph1p_ddrmc_wrapper/ph...  |        3554/0/0/0         
RUN-1001 :     3    |                    u_hdmi_mixer/I_clk                     |          1/0/0/0          |                u_hdmi_mixer/I_clk_syn_654                 |        1445/0/0/0         
RUN-1001 :     4    |                      I_sys_clk_dup_6                      |          3/0/0/0          |                      I_sys_clk_syn_8                      |         137/0/0/0         
RUN-1001 :     5    |                      O_cam_24m_dup_1                      |          1/0/0/0          |                      O_cam_24m_syn_3                      |         102/1/0/0         
RUN-1001 :     6    | u_hdmi_tx/u_hdmi2phy_wrapper/u0_lane_lvds_8_1/I_seria...  |          1/0/0/0          | u_hdmi_tx/u_hdmi2phy_wrapper/u0_lane_lvds_8_1/I_seria...  |         61/0/0/0          
RUN-1001 :     7    | u_ph1p35_324_ddr_wrapper/u_ddr2/ph1p_ddrmc_wrapper/ph...  |          1/0/0/0          | u_ph1p35_324_ddr_wrapper/u_ddr2/ph1p_ddrmc_wrapper/ph...  |         43/0/0/0          
RUN-1001 :     8    |              u_uicfgcs500/uii2c_inst/scl_clk              |          1/2/0/0          |           u_uicfgcs500/uii2c_inst/scl_clk_syn_9           |         24/0/0/0          
RUN-1001 :     9    |                      u_PLL/clk0_buf                       |          1/0/0/0          | u_mipi_dphy_rx_ph1p_mipiio_wrapper/u_ph1p_mipiio_rx_w...  |         13/0/0/0          
RUN-1001 : -----------------------------------------------------------------------------------------------------------------------------------------------------------------------------------------
PHY-1001 : Stage 2.3 | Global Placement Step 1
PHY-3001 : Target density is 60%
PHY-1001 : Stage 2.3.1 | Update Timing
RUN-1002 : start command "start_timer"
RUN-1003 : finish command "start_timer" in  1.387724s wall, 1.296875s user + 0.078125s system = 1.375000s CPU (99.1%)

RUN-1004 : used memory is 830 MB, reserved memory is 825 MB, peak memory is 830 MB
PHY-1001 : SWNS: 867, STNS: 0, FEP: 0
PHY-3001 : tot_pins 241368 tot_hfn_pins 14578 perc. 6 tot_hhfn_pins 4978 perc. 2
PHY-1001 : End Stage 2.3.1 | Update Timing; Time: 2.665744s wall, 2.578125s user + 0.078125s system = 2.656250s CPU (99.6%); Memory(MB): used = 840, reserved = 834, peak = 840;

PHY-0007 : Cell area utilization is 47%
RUN-1001 : Huge Net Statistic
RUN-1001 : ----------------------------------------------------------------------------------------------------------------------------------------------------------------------------------------
RUN-1001 :   Fanout  |  Slack  |                                                                                Net                                                                                
RUN-1001 : ----------------------------------------------------------------------------------------------------------------------------------------------------------------------------------------
RUN-1001 :    2417   |   Inf   |                                u_ph1p35_324_ddr_wrapper/u_ddr2/ph1p_ddrmc_wrapper/ph1p_ddrmc_top/u_ddr_phy/u_ddrphy_top/sys_rst_n                                 
RUN-1001 :    1472   |  11982  |                                u_ph1p35_324_ddr_wrapper/u_ddr2/ph1p_ddrmc_wrapper/ph1p_ddrmc_top/u_alc_mc_top/u_rbuf_addr_fifo/rst                                
RUN-1001 :    1089   |   Inf   |  u_ph1p35_324_ddr_wrapper/u_ddr2/ph1p_ddrmc_wrapper/ph1p_ddrmc_top/u_ddr_phy/u_ddrphy_top/u_ddrphy/dx_byte[1]$dx_byte_used$u_ddrphy_dx_byte_wrapper/dx_phy_rst_n  
RUN-1001 : ----------------------------------------------------------------------------------------------------------------------------------------------------------------------------------------
PHY-3001 : Clustering ...
PHY-3001 : End clustering;  0.141895s wall, 0.343750s user + 0.562500s system = 0.906250s CPU (638.7%)

PHY-3001 : Target density is 60%
PHY-1001 : Stage 2.3.2 | GP Iteration
PHY-1001 : End Stage 2.3.2 | GP Iteration; Time: 2.268254s wall, 9.484375s user + 2.640625s system = 12.125000s CPU (534.6%); Memory(MB): used = 851, reserved = 844, peak = 851;

PHY-3001 : Multithread accelerating rate: 5.38
RUN-1002 : start command "start_timer"
USR-1002 : Derived clock:  create_generated_clock -name {u_PLL/ph1p_phy_pll_wrapper_25a56e5ce2f9_Inst/u_PH1P_PHY_PLL.clkc[0]} -source [get_ports {I_sys_clk}] -master_clock {sys_clk_50m} -multiply_by 2.0000 -duty_cycle 50.0000 [get_pins {u_PLL/ph1p_phy_pll_wrapper_25a56e5ce2f9_Inst/u_PH1P_PHY_PLL.clkc[0]}]
USR-1002 : Derived clock:  create_generated_clock -name {u_PLL/ph1p_phy_pll_wrapper_25a56e5ce2f9_Inst/u_PH1P_PHY_PLL.clkc[1]} -source [get_ports {I_sys_clk}] -master_clock {sys_clk_50m} -divide_by 2.1000 -duty_cycle 50.0000 [get_pins {u_PLL/ph1p_phy_pll_wrapper_25a56e5ce2f9_Inst/u_PH1P_PHY_PLL.clkc[1]}]
USR-1002 : Derived clock:  create_generated_clock -name {u_PLL/ph1p_phy_pll_wrapper_25a56e5ce2f9_Inst/u_PH1P_PHY_PLL.clkc[4]} -source [get_ports {I_sys_clk}] -master_clock {sys_clk_50m} -multiply_by 1.5000 -duty_cycle 50.0000 [get_pins {u_PLL/ph1p_phy_pll_wrapper_25a56e5ce2f9_Inst/u_PH1P_PHY_PLL.clkc[4]}]
USR-1002 : Derived clock:  create_generated_clock -name {u_PLL/ph1p_phy_pll_wrapper_25a56e5ce2f9_Inst/u_PH1P_PHY_PLL.clkc[5]} -source [get_ports {I_sys_clk}] -master_clock {sys_clk_50m} -multiply_by 7.5000 -duty_cycle 50.0000 [get_pins {u_PLL/ph1p_phy_pll_wrapper_25a56e5ce2f9_Inst/u_PH1P_PHY_PLL.clkc[5]}]
USR-1002 : Derived clock:  create_generated_clock -name {u_ph1p35_324_ddr_wrapper/u_ddr2/ph1p_ddrmc_wrapper/ph1p_ddrmc_top/u_ddr_phy/u_ddrphy_top/u_ddrphy_clk/u_pll0/u_pll_inst.clkc[0]} -source [get_ports {I_sys_clk}] -master_clock {sys_clk_50m} -multiply_by 1.3333 -duty_cycle 50.0000 [get_pins {u_ph1p35_324_ddr_wrapper/u_ddr2/ph1p_ddrmc_wrapper/ph1p_ddrmc_top/u_ddr_phy/u_ddrphy_top/u_ddrphy_clk/u_pll0/u_pll_inst.clkc[0]}]
USR-1002 : Derived clock:  create_generated_clock -name {u_ph1p35_324_ddr_wrapper/u_ddr2/ph1p_ddrmc_wrapper/ph1p_ddrmc_top/u_ddr_phy/u_ddrphy_top/u_ddrphy_clk/u_pll0/u_pll_inst.clkc[1]} -source [get_ports {I_sys_clk}] -master_clock {sys_clk_50m} -multiply_by 1.3333 -duty_cycle 50.0000 [get_pins {u_ph1p35_324_ddr_wrapper/u_ddr2/ph1p_ddrmc_wrapper/ph1p_ddrmc_top/u_ddr_phy/u_ddrphy_top/u_ddrphy_clk/u_pll0/u_pll_inst.clkc[1]}]
USR-1002 : Derived clock:  create_generated_clock -name {u_ph1p35_324_ddr_wrapper/u_ddr2/ph1p_ddrmc_wrapper/ph1p_ddrmc_top/u_ddr_phy/u_ddrphy_top/u_ddrphy_clk/u_pll0/u_pll_inst.clkc[2]} -source [get_ports {I_sys_clk}] -master_clock {sys_clk_50m} -multiply_by 5.3333 -duty_cycle 50.0000 [get_pins {u_ph1p35_324_ddr_wrapper/u_ddr2/ph1p_ddrmc_wrapper/ph1p_ddrmc_top/u_ddr_phy/u_ddrphy_top/u_ddrphy_clk/u_pll0/u_pll_inst.clkc[2]}]
USR-1002 : Derived clock:  create_generated_clock -name {u_ph1p35_324_ddr_wrapper/u_ddr2/ph1p_ddrmc_wrapper/ph1p_ddrmc_top/u_ddr_phy/u_ddrphy_top/u_ddrphy_clk/u_pll0/u_pll_inst.clkc[3]} -source [get_ports {I_sys_clk}] -master_clock {sys_clk_50m} -divide_by 1.9687 -duty_cycle 50.0000 [get_pins {u_ph1p35_324_ddr_wrapper/u_ddr2/ph1p_ddrmc_wrapper/ph1p_ddrmc_top/u_ddr_phy/u_ddrphy_top/u_ddrphy_clk/u_pll0/u_pll_inst.clkc[3]}]
USR-1002 : Derived clock:  create_generated_clock -name {u_ph1p35_324_ddr_wrapper/u_ddr2/ph1p_ddrmc_wrapper/ph1p_ddrmc_top/u_ddr_phy/u_ddrphy_top/u_ddrphy_clk/u_pll1/u_pll_inst.clkc[0]} -source [get_pins {u_ph1p35_324_ddr_wrapper/u_ddr2/ph1p_ddrmc_wrapper/ph1p_ddrmc_top/u_ddr_phy/u_ddrphy_top/u_ddrphy_clk/u_pll0/u_pll_inst.clkc[0]}] -master_clock {u_ph1p35_324_ddr_wrapper/u_ddr2/ph1p_ddrmc_wrapper/ph1p_ddrmc_top/u_ddr_phy/u_ddrphy_top/u_ddrphy_clk/u_pll0/u_pll_inst.clkc[0]} -multiply_by 1.0000 -duty_cycle 50.0000 [get_pins {u_ph1p35_324_ddr_wrapper/u_ddr2/ph1p_ddrmc_wrapper/ph1p_ddrmc_top/u_ddr_phy/u_ddrphy_top/u_ddrphy_clk/u_pll1/u_pll_inst.clkc[0]}]
8.888000
15.000000
15.000000
13.333000
RUN-1003 : finish command "start_timer" in  1.796197s wall, 1.687500s user + 0.078125s system = 1.765625s CPU (98.3%)

RUN-1004 : used memory is 851 MB, reserved memory is 844 MB, peak memory is 851 MB
TMR-2502 : Net delay update with mode: Placed
PHY-3001 : No need to merge 9x9 Dsps.
PHY-1001 : Populate physical database on model design_top_wrapper.
PHY-1001 : End Stage 2.3 | Global Placement Step 1; Time: 8.677855s wall, 15.796875s user + 3.531250s system = 19.328125s CPU (222.7%); Memory(MB): used = 902, reserved = 894, peak = 902;

PHY-1001 : Stage 2.4 | RAM/DSP Legalization and Detailed Placement
PHY-1001 : Stage 2.4.1 | Legalization
PHY-3001 : Before Legalized: Len = 1.67831e+06
PHY-3001 : After Legalized: Len = 1.69583e+06, Over = 83.7812
PHY-1001 : End Stage 2.4.1 | Legalization; Time: 1.555041s wall, 1.562500s user + 0.000000s system = 1.562500s CPU (100.5%); Memory(MB): used = 904, reserved = 896, peak = 904;

PHY-1001 : Stage 2.4.2 | Detailed Placement
PHY-1001 : Stage 2.4.2.1 | Simulated Annealing Based DP
PHY-0007 : Initial: WL Cost = 137170, TD Cost = 143461, SWNS = 1324, STNS = 0, Nums per T = 480, Range Limit = 2x32
PHY-0007 : Finally: WL Cost = 133849, TD Cost = 141805, WL Ratio = 0.97579, TD Ratio = 0.988458, SWNS = 1324, STNS = 0
RUN-1001 : Print Detailed placement's Summary information
RUN-1001 : -------------------------------------------------------------------------------------------------------------------------------
RUN-1001 :             |  Total  |  Accept  |  Reject by overFlow  |  Reject by worseCost  |  Failed by noTarget  |  Failed by gridCheck  
RUN-1001 : -------------------------------------------------------------------------------------------------------------------------------
RUN-1001 :   RAM/DSPs  |  2400   |    55    |          0           |         2345          |          0           |           0           
RUN-1001 :    Macros   |   417   |    15    |          0           |          402          |          0           |           0           
RUN-1001 : -------------------------------------------------------------------------------------------------------------------------------
PHY-1001 : End Stage 2.4.2.1 | Simulated Annealing Based DP; Time: 1.878989s wall, 2.781250s user + 0.156250s system = 2.937500s CPU (156.3%); Memory(MB): used = 906, reserved = 899, peak = 906;

PHY-3001 : End Detailed Place; 
PHY-1001 : End Stage 2.4.2 | Detailed Placement; Time: 2.055562s wall, 2.906250s user + 0.187500s system = 3.093750s CPU (150.5%); Memory(MB): used = 906, reserved = 899, peak = 906;

PHY-1001 : End Stage 2.4 | RAM/DSP Legalization and Detailed Placement; Time: 3.611169s wall, 4.468750s user + 0.187500s system = 4.656250s CPU (128.9%); Memory(MB): used = 906, reserved = 899, peak = 906;

PHY-1001 : Stage 2.5 | Global Placement Step 2
PHY-3001 : Target density is 60%
PHY-1001 : Stage 2.5.1 | Update Timing
PHY-1001 : SWNS: 1324, STNS: 0, FEP: 0
PHY-1001 : End Stage 2.5.1 | Update Timing; Time: 0.150083s wall, 0.156250s user + 0.000000s system = 0.156250s CPU (104.1%); Memory(MB): used = 906, reserved = 899, peak = 906;

PHY-1001 : Stage 2.5.2 | Refresh Congestion
RUN-1001 : Generating global routing grids ...
RUN-1001 : Building simple global routing graph ...
PHY-1001 : Generate routing nets ...
PHY-1001 : Reuse net number 0/12423.
PHY-1001 : Global iterations in 32 thread ...
PHY-1002 : len = 1.69782e+06, over cnt = 2133(2%), over = 11831, worst = 50
PHY-1001 : End global iterations;  0.517722s wall, 0.953125s user + 0.000000s system = 0.953125s CPU (184.1%)

PHY-1001 : Congestion index:
PHY-1001 : top1  = 173.81(S 132.37, N 136.88, E 125.00, W 114.76, I 292.76, O 360.94)
PHY-1001 : top5  = 118.32(S 87.31, N 82.81, E 76.36, W 74.52, I 163.70, O 221.79)
PHY-1001 : top10 = 95.52(S 65.79, N 61.43, E 58.37, W 57.97, I 115.61, O 160.25)
PHY-1001 : top15 = 82.25(S 53.38, N 49.84, E 48.38, W 48.13, I 88.99, O 124.75)
PHY-1001 : End Stage 2.5.2 | Refresh Congestion; Time: 0.990751s wall, 1.390625s user + 0.015625s system = 1.406250s CPU (141.9%); Memory(MB): used = 985, reserved = 977, peak = 985;

PHY-1001 : Stage 2.5.3 | GP Iteration
PHY-1001 : End Stage 2.5.3 | GP Iteration; Time: 5.867975s wall, 48.218750s user + 1.640625s system = 49.859375s CPU (849.7%); Memory(MB): used = 989, reserved = 981, peak = 989;

PHY-3001 : Multithread accelerating rate: 8.46
PHY-1001 : End Stage 2.5 | Global Placement Step 2; Time: 8.588846s wall, 51.328125s user + 1.656250s system = 52.984375s CPU (616.9%); Memory(MB): used = 992, reserved = 983, peak = 992;

PHY-1001 : Stage 2.6 | RAM/DSP Detailed Placement
PHY-1001 : Stage 2.6.1 | Detailed Placement
PHY-1001 : Stage 2.6.1.1 | Simulated Annealing Based DP
PHY-0007 : Initial: WL Cost = 116155, TD Cost = 112738, SWNS = 1311, STNS = 0, Nums per T = 480, Range Limit = 2x32
PHY-0007 : Finally: WL Cost = 116155, TD Cost = 112738, WL Ratio = 1, TD Ratio = 1, SWNS = 1311, STNS = 0
RUN-1001 : Print Detailed placement's Summary information
RUN-1001 : -------------------------------------------------------------------------------------------------------------------------------
RUN-1001 :             |  Total  |  Accept  |  Reject by overFlow  |  Reject by worseCost  |  Failed by noTarget  |  Failed by gridCheck  
RUN-1001 : -------------------------------------------------------------------------------------------------------------------------------
RUN-1001 :   RAM/DSPs  |   480   |    0     |          0           |          480          |          0           |           0           
RUN-1001 :    Macros   |   86    |    0     |          0           |          86           |          0           |           0           
RUN-1001 : -------------------------------------------------------------------------------------------------------------------------------
PHY-1001 : End Stage 2.6.1.1 | Simulated Annealing Based DP; Time: 0.115549s wall, 0.406250s user + 0.000000s system = 0.406250s CPU (351.6%); Memory(MB): used = 992, reserved = 984, peak = 992;

PHY-3001 : End Detailed Place; 
PHY-1001 : End Stage 2.6.1 | Detailed Placement; Time: 0.291902s wall, 0.593750s user + 0.000000s system = 0.593750s CPU (203.4%); Memory(MB): used = 993, reserved = 984, peak = 993;

PHY-1001 : Stage 2.6.2 | Spreading
OPT-1001 : Total overflow 535.69 peak overflow 4.22
PHY-3001 : Spreading for sector grids.
PHY-3001 : Iter 1, total overflow: 0
PHY-3001 : tot_capacity: 24, usage_cnt: 11, movable_cnt: 18
PHY-3001 : End spreading;  0.081106s wall, 0.500000s user + 0.031250s system = 0.531250s CPU (655.0%)

PHY-1001 : End Stage 2.6.2 | Spreading; Time: 0.081193s wall, 0.500000s user + 0.031250s system = 0.531250s CPU (654.3%); Memory(MB): used = 993, reserved = 984, peak = 993;

PHY-1001 : End Stage 2.6 | RAM/DSP Detailed Placement; Time: 0.562180s wall, 1.281250s user + 0.031250s system = 1.312500s CPU (233.5%); Memory(MB): used = 993, reserved = 984, peak = 993;

PHY-1001 : Stage 2.7 | Optimize Design
OPT-1001 : Start physical optimization ...
OPT-1001 : Total overflow 535.69 peak overflow 4.22
OPT-1001 : Stage 2.7.1 | Synthesize High-fanout Net
OPT-1001 : Start high-fanout net optimization in pre-pack flow with medium effort ...
OPT-1001 : Update timing in Manhattan mode
OPT-1001 : End timing update;  1.512036s wall, 1.500000s user + 0.000000s system = 1.500000s CPU (99.2%)

OPT-1001 : Start: SWNS 1311 STNS 0 NUM_FEPS 0
OPT-1001 : Total overflow 535.69 peak overflow 4.22
PHY-1001 : Populate physical database on model design_top_wrapper.
OPT-1001 : 29 high-fanout net processed.
PHY-3001 : Start incremental placement ...
PHY-1001 : Populate physical database on model design_top_wrapper.
PHY-1001 : Processing 2 clock pins of DDR instance u_ph1p35_324_ddr_wrapper/u_ddr2/ph1p_ddrmc_wrapper/ph1p_ddrmc_top/u_ddr_phy/u_ddrphy_top/u_ddrphy/ac_byte[0]$ac_byte_used$u_ddrphy_ac_byte_wrapper/u_ddrphy_byte, location = x0y70z0.
PHY-1001 :   Placed ioclk instance u_ph1p35_324_ddr_wrapper/u_ddr2/ph1p_ddrmc_wrapper/ph1p_ddrmc_top/u_ddr_phy/u_ddrphy_top/u_ddrphy_clk/ioclk[0]$u_ioclk_1, location = x0y59z1.
PHY-1001 :   Placed ioclk instance u_ph1p35_324_ddr_wrapper/u_ddr2/ph1p_ddrmc_wrapper/ph1p_ddrmc_top/u_ddr_phy/u_ddrphy_top/u_ddrphy_clk/ioclk[0]$u_ioclk_0, location = x0y59z0.
PHY-1001 : Processing 2 clock pins of DDR instance u_ph1p35_324_ddr_wrapper/u_ddr2/ph1p_ddrmc_wrapper/ph1p_ddrmc_top/u_ddr_phy/u_ddrphy_top/u_ddrphy/ac_byte[1]$ac_byte_used$u_ddrphy_ac_byte_wrapper/u_ddrphy_byte, location = x0y60z0.
PHY-1001 :   Placed ioclk instance u_ph1p35_324_ddr_wrapper/u_ddr2/ph1p_ddrmc_wrapper/ph1p_ddrmc_top/u_ddr_phy/u_ddrphy_top/u_ddrphy_clk/ioclk[0]$u_ioclk_1, location = x0y59z1.
PHY-1001 :   Placed ioclk instance u_ph1p35_324_ddr_wrapper/u_ddr2/ph1p_ddrmc_wrapper/ph1p_ddrmc_top/u_ddr_phy/u_ddrphy_top/u_ddrphy_clk/ioclk[0]$u_ioclk_0, location = x0y59z0.
PHY-1001 : Processing 2 clock pins of DDR instance u_ph1p35_324_ddr_wrapper/u_ddr2/ph1p_ddrmc_wrapper/ph1p_ddrmc_top/u_ddr_phy/u_ddrphy_top/u_ddrphy/ac_byte[2]$ac_byte_used$u_ddrphy_ac_byte_wrapper/u_ddrphy_byte, location = x0y50z0.
PHY-1001 :   Placed ioclk instance u_ph1p35_324_ddr_wrapper/u_ddr2/ph1p_ddrmc_wrapper/ph1p_ddrmc_top/u_ddr_phy/u_ddrphy_top/u_ddrphy_clk/ioclk[0]$u_ioclk_1, location = x0y59z1.
PHY-1001 :   Placed ioclk instance u_ph1p35_324_ddr_wrapper/u_ddr2/ph1p_ddrmc_wrapper/ph1p_ddrmc_top/u_ddr_phy/u_ddrphy_top/u_ddrphy_clk/ioclk[0]$u_ioclk_0, location = x0y59z0.
PHY-1001 : Processing 2 clock pins of DDR instance u_ph1p35_324_ddr_wrapper/u_ddr2/ph1p_ddrmc_wrapper/ph1p_ddrmc_top/u_ddr_phy/u_ddrphy_top/u_ddrphy/ac_byte[3]$ac_byte_used$u_ddrphy_ac_byte_wrapper/u_ddrphy_byte, location = x0y40z0.
PHY-1001 :   Placed ioclk instance u_ph1p35_324_ddr_wrapper/u_ddr2/ph1p_ddrmc_wrapper/ph1p_ddrmc_top/u_ddr_phy/u_ddrphy_top/u_ddrphy_clk/ioclk[0]$u_ioclk_1, location = x0y59z1.
PHY-1001 :   Placed ioclk instance u_ph1p35_324_ddr_wrapper/u_ddr2/ph1p_ddrmc_wrapper/ph1p_ddrmc_top/u_ddr_phy/u_ddrphy_top/u_ddrphy_clk/ioclk[0]$u_ioclk_0, location = x0y59z0.
PHY-1001 : Processing 2 clock pins of DDR instance u_ph1p35_324_ddr_wrapper/u_ddr2/ph1p_ddrmc_wrapper/ph1p_ddrmc_top/u_ddr_phy/u_ddrphy_top/u_ddrphy/dx_byte[0]$dx_byte_used$u_ddrphy_dx_byte_wrapper/u_ddrphy_byte, location = x0y30z0.
PHY-1001 :   Placed ioclk instance u_ph1p35_324_ddr_wrapper/u_ddr2/ph1p_ddrmc_wrapper/ph1p_ddrmc_top/u_ddr_phy/u_ddrphy_top/u_ddrphy_clk/ioclk[1]$u_ioclk_1, location = x0y19z1.
PHY-1001 :   Placed ioclk instance u_ph1p35_324_ddr_wrapper/u_ddr2/ph1p_ddrmc_wrapper/ph1p_ddrmc_top/u_ddr_phy/u_ddrphy_top/u_ddrphy_clk/ioclk[1]$u_ioclk_0, location = x0y19z0.
PHY-1001 : Processing 2 clock pins of DDR instance u_ph1p35_324_ddr_wrapper/u_ddr2/ph1p_ddrmc_wrapper/ph1p_ddrmc_top/u_ddr_phy/u_ddrphy_top/u_ddrphy/dx_byte[1]$dx_byte_used$u_ddrphy_dx_byte_wrapper/u_ddrphy_byte, location = x0y10z0.
PHY-1001 :   Placed ioclk instance u_ph1p35_324_ddr_wrapper/u_ddr2/ph1p_ddrmc_wrapper/ph1p_ddrmc_top/u_ddr_phy/u_ddrphy_top/u_ddrphy_clk/ioclk[1]$u_ioclk_1, location = x0y19z1.
PHY-1001 :   Placed ioclk instance u_ph1p35_324_ddr_wrapper/u_ddr2/ph1p_ddrmc_wrapper/ph1p_ddrmc_top/u_ddr_phy/u_ddrphy_top/u_ddrphy_clk/ioclk[1]$u_ioclk_0, location = x0y19z0.
PHY-3001 : Target density is 60%
PHY-3001 : Target density is 60%
PHY-1001 : Stage 2.7.1.1 | Update Timing
PHY-1001 : SWNS: 1311, STNS: 0, FEP: 0
PHY-1001 : End Stage 2.7.1.1 | Update Timing; Time: 0.158847s wall, 0.156250s user + 0.000000s system = 0.156250s CPU (98.4%); Memory(MB): used = 993, reserved = 984, peak = 993;

PHY-1001 : Stage 2.7.1.2 | Refresh Congestion
RUN-1001 : Generating global routing grids ...
PHY-1001 : Generate routing nets ...
PHY-1001 : Reuse net number 258/23070.
PHY-1001 : Global iterations in 32 thread ...
PHY-1002 : len = 1.47579e+06, over cnt = 2887(4%), over = 16198, worst = 60
PHY-1001 : End global iterations;  0.836516s wall, 1.968750s user + 0.015625s system = 1.984375s CPU (237.2%)

PHY-1001 : Congestion index:
PHY-1001 : top1  = 171.65(S 138.10, N 122.17, E 140.73, W 130.20, I 181.47, O 213.16)
PHY-1001 : top5  = 127.04(S 96.37, N 87.21, E 90.13, W 82.36, I 110.21, O 138.00)
PHY-1001 : top10 = 107.41(S 75.33, N 67.74, E 70.43, W 64.02, I 82.71, O 106.69)
PHY-1001 : top15 = 94.63(S 62.47, N 56.38, E 59.21, W 54.11, I 67.75, O 89.20)
PHY-1001 : End Stage 2.7.1.2 | Refresh Congestion; Time: 1.075590s wall, 2.218750s user + 0.015625s system = 2.234375s CPU (207.7%); Memory(MB): used = 1003, reserved = 994, peak = 1003;

PHY-1001 : Stage 2.7.1.3 | GP Iteration
PHY-1001 : End Stage 2.7.1.3 | GP Iteration; Time: 1.853484s wall, 16.468750s user + 0.593750s system = 17.062500s CPU (920.6%); Memory(MB): used = 1005, reserved = 996, peak = 1005;

PHY-3001 : Multithread accelerating rate: 9.08
OPT-1001 : Total overflow 544.94 peak overflow 5.12
PHY-3001 : Spreading for sector grids.
PHY-3001 : Iter 1, total overflow: 0
PHY-3001 : tot_capacity: 48, usage_cnt: 19, movable_cnt: 39
PHY-3001 : End spreading;  0.084276s wall, 0.500000s user + 0.031250s system = 0.531250s CPU (630.4%)

PHY-3001 : Final: Len = 1.13946e+06, Over = 91.7812
PHY-3001 : End incremental placement;  3.501418s wall, 19.687500s user + 0.640625s system = 20.328125s CPU (580.6%)

OPT-1001 : Total overflow 544.94 peak overflow 5.12
RUN-1001 : HFN opt statistic
RUN-1001 : ------------------------------------------------------
RUN-1001 :   DriverCell type  |  HFN count  |  Duplicated count  
RUN-1001 : ------------------------------------------------------
RUN-1001 :         REG        |     16      |         69         
RUN-1001 :        LUT6        |      2      |         10         
RUN-1001 :        LUT5        |      3      |         12         
RUN-1001 :        LUT4        |      1      |         3          
RUN-1001 :        LUT3        |      2      |         6          
RUN-1001 :        LUT2        |      5      |         21         
RUN-1001 :        TOTAL       |     29      |        121         
RUN-1001 : ------------------------------------------------------
OPT-1001 : End high-fanout net optimization;  6.161284s wall, 22.328125s user + 0.640625s system = 22.968750s CPU (372.8%)

OPT-1001 : Update timing in Manhattan mode
OPT-1001 : End timing update;  1.561347s wall, 1.562500s user + 0.000000s system = 1.562500s CPU (100.1%)

OPT-1001 : Current memory(MB): used = 1003, reserved = 994, peak = 1005.
OPT-1001 : End Stage 2.7.1 | Synthesize High-fanout Net; Time: 7.901000s wall, 24.062500s user + 0.640625s system = 24.703125s CPU (312.7%); Memory(MB): used = 1003, reserved = 994, peak = 1005;

OPT-1001 : Stage 2.7.2 | Global Optimization
OPT-1001 : Start global optimization ...
OPT-0007 : Start: SWNS 1304 STNS 0 NUM_FEPS 0
OPT-1001 : Start congestion update ...
RUN-1001 : Generating global routing grids ...
PHY-1001 : Generate routing nets ...
PHY-1001 : Reuse net number 1105/21440.
PHY-1001 : Global iterations in 32 thread ...
PHY-1002 : len = 1.30106e+06, over cnt = 2528(3%), over = 8622, worst = 15
PHY-1002 : len = 1.40603e+06, over cnt = 2151(3%), over = 5496, worst = 15
PHY-1002 : len = 1.52594e+06, over cnt = 884(1%), over = 1943, worst = 12
PHY-1002 : len = 1.58066e+06, over cnt = 292(0%), over = 494, worst = 9
PHY-1002 : len = 1.60573e+06, over cnt = 32(0%), over = 47, worst = 8
PHY-1001 : End global iterations;  2.270947s wall, 3.484375s user + 0.093750s system = 3.578125s CPU (157.6%)

PHY-1001 : Congestion index:
PHY-1001 : top1  = 85.54(S 79.40, N 71.88, E 77.73, W 75.49, I 176.62, O 198.19)
PHY-1001 : top5  = 73.32(S 64.38, N 58.96, E 60.37, W 60.38, I 103.26, O 128.81)
PHY-1001 : top10 = 67.08(S 54.93, N 50.80, E 50.49, W 51.85, I 77.43, O 101.01)
PHY-1001 : top15 = 62.19(S 48.59, N 45.24, E 44.41, W 46.17, I 64.13, O 84.65)
OPT-1001 : End congestion update;  2.642971s wall, 3.843750s user + 0.109375s system = 3.953125s CPU (149.6%)

OPT-0007 : Iter 1: improved SWNS 1426 STNS 0 NUM_FEPS 0 with 68 cells processed and 10357 slack improved
OPT-0007 : Iter 2: improved SWNS 1427 STNS 0 NUM_FEPS 0 with 32 cells processed and 1906 slack improved
OPT-0007 : Iter 3: improved SWNS 1427 STNS 0 NUM_FEPS 0 with 19 cells processed and 2101 slack improved
OPT-0007 : Iter 4: improved SWNS 1427 STNS 0 NUM_FEPS 0 with 8 cells processed and 396 slack improved
OPT-1001 : Overall commit ratio 0.59
OPT-1001 : End global optimization;  2.779826s wall, 3.984375s user + 0.109375s system = 4.093750s CPU (147.3%)

OPT-1001 : Current memory(MB): used = 1003, reserved = 994, peak = 1005.
OPT-1001 : End Stage 2.7.2 | Global Optimization; Time: 3.930969s wall, 5.140625s user + 0.109375s system = 5.250000s CPU (133.6%); Memory(MB): used = 1003, reserved = 994, peak = 1005;

OPT-0007 : End flow prepack: SWNS 1427 STNS 0 NUM_FEPS 0
OPT-1001 : End physical optimization;  11.874097s wall, 29.687500s user + 0.765625s system = 30.453125s CPU (256.5%)

PHY-1001 : End Stage 2.7 | Optimize Design; Time: 11.877446s wall, 29.687500s user + 0.765625s system = 30.453125s CPU (256.4%); Memory(MB): used = 1003, reserved = 994, peak = 1005;

PHY-1001 : Stage 2.8 | Pack and Legalization
PHY-1001 : Stage 2.8.1 | Direct Legalization
PHY-3001 : Start Direct Legalization ...
PHY-3001 : Get top1 grid util = 0.601922, top1_avg = 0.601922.
PHY-1001 : Populate physical database on model design_top_wrapper.
PHY-3001 : Target density is 60%
PHY-3001 : Before Legalization for Slice Macros, Len = 1.14521e+06.
RUN-1001 : Legalization top10 inst displacement:
RUN-1001 : -------------------------------------------------------------------------------------------------------------------------------------------------------------------------------------------------------------------------
RUN-1001 :   Index  |  Bounded  |  Height  |       Location       |  Disp. (slots)  |  Disp. (grids)  |                                                            Name                                                             
RUN-1001 : -------------------------------------------------------------------------------------------------------------------------------------------------------------------------------------------------------------------------
RUN-1001 :     1    |     N     |    8     |  x2y14z1 to x5y16z0  |       39        |        5        |  u_ph1p35_324_ddr_wrapper/u_ddr2/ph1p_ddrmc_wrapper/ph1p_ddrmc_top/u_phy2mc_fifo/byteIdx_1[1]$u_wfifo_sync/ramread0_syn_28  
RUN-1001 :     2    |     N     |    8     |  x3y60z1 to x5y63z0  |       39        |        5        |   u_ph1p35_324_ddr_wrapper/u_ddr2/ph1p_ddrmc_wrapper/ph1p_ddrmc_top/u_ddr_phy/u_ddrphy_top/u_ddrphy_init/ramread0_syn_111   
RUN-1001 :     3    |     N     |    8     |  x3y60z0 to x5y62z0  |       32        |        4        |   u_ph1p35_324_ddr_wrapper/u_ddr2/ph1p_ddrmc_wrapper/ph1p_ddrmc_top/u_ddr_phy/u_ddrphy_top/u_ddrphy_init/ramread0_syn_51    
RUN-1001 :     4    |     N     |    8     |  x2y57z5 to x5y57z0  |       29        |        3        |   u_ph1p35_324_ddr_wrapper/u_ddr2/ph1p_ddrmc_wrapper/ph1p_ddrmc_top/u_ddr_phy/u_ddrphy_top/u_ddrphy_init/ramread0_syn_131   
RUN-1001 :     5    |     N     |    8     |  x3y10z5 to x5y12z0  |       27        |        4        |  u_ph1p35_324_ddr_wrapper/u_ddr2/ph1p_ddrmc_wrapper/ph1p_ddrmc_top/u_phy2mc_fifo/byteIdx_1[1]$u_wfifo_sync/ramread0_syn_68  
RUN-1001 :     6    |     N     |    8     |  x2y22z3 to x5y22z0  |       27        |        3        |  u_ph1p35_324_ddr_wrapper/u_ddr2/ph1p_ddrmc_wrapper/ph1p_ddrmc_top/u_phy2mc_fifo/byteIdx_1[0]$u_wfifo_sync/ramread0_syn_68  
RUN-1001 :     7    |     N     |    8     |  x2y52z2 to x5y52z0  |       26        |        3        |     u_ph1p35_324_ddr_wrapper/u_ddr2/ph1p_ddrmc_wrapper/ph1p_ddrmc_top/u_alc_mc_top/u_wr_data/u_ptr_ram0/ramread0_syn_25     
RUN-1001 :     8    |     N     |    8     |  x3y59z1 to x5y58z0  |       25        |        3        |   u_ph1p35_324_ddr_wrapper/u_ddr2/ph1p_ddrmc_wrapper/ph1p_ddrmc_top/u_ddr_phy/u_ddrphy_top/u_ddrphy_init/ramread0_syn_151   
RUN-1001 :     9    |     N     |    8     |  x2y51z1 to x5y51z0  |       25        |        3        |       u_ph1p35_324_ddr_wrapper/u_ddr2/ph1p_ddrmc_wrapper/ph1p_ddrmc_top/u_alc_mc_top/u_rbuf_addr_fifo/ramread0_syn_25       
RUN-1001 :    10    |     N     |    8     |  x2y53z0 to x5y53z0  |       24        |        3        |       u_ph1p35_324_ddr_wrapper/u_ddr2/ph1p_ddrmc_wrapper/ph1p_ddrmc_top/u_alc_mc_top/u_wbuf_addr_fifo/ramread0_syn_25       
RUN-1001 : -------------------------------------------------------------------------------------------------------------------------------------------------------------------------------------------------------------------------
PHY-3001 : After Legalization for Slice Macros, Len = 1.18657e+06.
RUN-1001 : Generating global routing grids ...
PHY-1001 : Generate routing nets ...
PHY-1001 : Reuse net number 19130/21580.
RUN-1002 : start command "update_timing -mode MANHATTAN"
RUN-1002 : start command "start_timer"
RUN-1003 : finish command "start_timer" in  1.541195s wall, 1.500000s user + 0.031250s system = 1.531250s CPU (99.4%)

RUN-1004 : used memory is 1029 MB, reserved memory is 1020 MB, peak memory is 1029 MB
RUN-1003 : finish command "update_timing -mode MANHATTAN" in  2.961508s wall, 2.921875s user + 0.031250s system = 2.953125s CPU (99.7%)

RUN-1004 : used memory is 1029 MB, reserved memory is 1020 MB, peak memory is 1029 MB
PHY-1001 : Global iterations in 32 thread ...
PHY-1002 : len = 1.60829e+06, over cnt = 859(1%), over = 1983, worst = 10
PHY-1002 : len = 1.62429e+06, over cnt = 708(0%), over = 1270, worst = 9
PHY-1002 : len = 1.64936e+06, over cnt = 288(0%), over = 457, worst = 7
PHY-1002 : len = 1.65946e+06, over cnt = 78(0%), over = 118, worst = 6
PHY-1002 : len = 1.66382e+06, over cnt = 7(0%), over = 7, worst = 1
PHY-1001 : End global iterations;  0.927596s wall, 1.078125s user + 0.078125s system = 1.156250s CPU (124.7%)

PHY-1001 : Congestion index:
PHY-1001 : top1  = 85.31(S 76.55, N 72.25, E 78.44, W 77.47, I 171.49, O 193.75)
PHY-1001 : top5  = 73.48(S 63.62, N 59.99, E 60.98, W 61.83, I 100.67, O 126.29)
PHY-1001 : top10 = 67.34(S 54.86, N 51.40, E 51.31, W 52.99, I 76.65, O 100.36)
PHY-1001 : top15 = 62.70(S 48.72, N 45.68, E 45.60, W 47.32, I 63.87, O 84.94)
PHY-3001 : Total Iter 109, legal = 22008 / 22008 (100.00%), avg_move = 30.72, max_move = 306.
PHY-3001 : There are no illegal insts.
PHY-1001 : Populate physical database on model design_top_wrapper.
PHY-3001 : End Direct Legalization;  21.978609s wall, 253.109375s user + 2.781250s system = 255.890625s CPU (1164.3%)

RUN-1001 : Summary of LUT-FF Pairs
RUN-1001 : ---------------------------------------------------------------
RUN-1001 :   Num of Fanout Seqs  |   1x   |  2x  |  3~5  |  6~10  |  >10  
RUN-1001 : ---------------------------------------------------------------
RUN-1001 :         Total         |  6449  |  5   |  51   |   2    |  23   
RUN-1001 :          Grid         |  6448  |  5   |  49   |   2    |  23   
RUN-1001 :          Bank         |  6268  |  5   |  47   |   2    |  22   
RUN-1001 :         Paired        |  6246  |  5   |  46   |   2    |  22   
RUN-1001 : ---------------------------------------------------------------
RUN-1001 : Summary of LUT Pairs
RUN-1001 : ---------------------------------------------------------------------------------------------------------------------
RUN-1001 :            |           |           |           |           |           |  O5 + O6  |  Only O5  |  Only O6  |  Total  
RUN-1001 : ---------------------------------------------------------------------------------------------------------------------
RUN-1001 :   5 Share  |  4 Share  |  3 Share  |  2 Share  |  1 Share  |  0 Share  |           |           |           |         
RUN-1001 :     45     |    150    |    221    |    376    |   1613    |   3222    |   5627    |   2223    |   1608    |  9458   
RUN-1001 : ---------------------------------------------------------------------------------------------------------------------
PHY-1001 : End Stage 2.8.1 | Direct Legalization; Time: 22.038260s wall, 253.171875s user + 2.781250s system = 255.953125s CPU (1161.4%); Memory(MB): used = 1125, reserved = 1124, peak = 1126;

PHY-3001 : Target density is 60%
PHY-3001 : After Direct Legalization, Len = 1.46218e+06.
PHY-1001 : End Stage 2.8 | Pack and Legalization; Time: 22.218655s wall, 253.656250s user + 2.781250s system = 256.437500s CPU (1154.2%); Memory(MB): used = 1126, reserved = 1124, peak = 1126;

RUN-1002 : start command "start_timer"
RUN-1003 : finish command "start_timer" in  3.133793s wall, 3.125000s user + 0.000000s system = 3.125000s CPU (99.7%)

RUN-1004 : used memory is 1126 MB, reserved memory is 1124 MB, peak memory is 1126 MB
PHY-1001 : End Stage 2 | Global Placement; Time: 60.327125s wall, 361.015625s user + 8.953125s system = 369.968750s CPU (613.3%); Memory(MB): used = 1126, reserved = 1124, peak = 1126;

PHY-1001 : Stage 3 | Detailed Placement
PHY-1001 : Stage 3.1 | SLICE Detailed Placement
PHY-1001 : Stage 3.1.1 | Spreading
PHY-3001 : Design contains 136 ce signals.
PHY-3001 : Spreading for sector grids.
PHY-3001 : Iter 1, total overflow: 0
PHY-3001 : tot_capacity: 24, usage_cnt: 11, movable_cnt: 17
PHY-3001 : Spreading for clock grids.
PHY-3001 : clock grid count for 24 x 4 grids
PHY-3001 : Spreading for plb grids.
PHY-3001 : total displace: 0, max displace: 0.
PHY-3001 : End spreading;  0.331624s wall, 0.265625s user + 0.031250s system = 0.296875s CPU (89.5%)

PHY-1001 : End Stage 3.1.1 | Spreading; Time: 0.331727s wall, 0.265625s user + 0.031250s system = 0.296875s CPU (89.5%); Memory(MB): used = 1128, reserved = 1126, peak = 1128;

PHY-1001 : Stage 3.1.2 | Simulated Annealing Based DP
RUN-1001 : Generating global routing grids ...
PHY-1001 : Generate routing nets ...
PHY-1001 : Reuse net number 1702/16903.
PHY-1001 : Global iterations in 32 thread ...
PHY-1002 : len = 1.55962e+06, over cnt = 1273(1%), over = 2623, worst = 9
PHY-1002 : len = 1.58493e+06, over cnt = 850(1%), over = 1549, worst = 9
PHY-1002 : len = 1.60979e+06, over cnt = 306(0%), over = 583, worst = 7
PHY-1002 : len = 1.62096e+06, over cnt = 60(0%), over = 117, worst = 6
PHY-1002 : len = 1.624e+06, over cnt = 0(0%), over = 0, worst = 0
PHY-1001 : End global iterations;  1.535013s wall, 2.218750s user + 0.140625s system = 2.359375s CPU (153.7%)

PHY-1001 : Congestion index:
PHY-1001 : top1  = 74.54(S 65.84, N 60.90, E 63.20, W 69.00, I 62.55, O 71.38)
PHY-1001 : top5  = 63.28(S 51.15, N 50.19, E 49.58, W 53.56, I 51.04, O 59.41)
PHY-1001 : top10 = 57.34(S 43.96, N 43.51, E 42.76, W 45.76, I 44.30, O 53.39)
PHY-1001 : top15 = 53.63(S 39.32, N 38.89, E 38.39, W 41.19, I 39.85, O 48.57)
PHY-0007 : Initial: WL Cost = 112673, TD Cost = 68763.4, SWNS = 1438, STNS = 0, Nums per T = 91010, Range Limit = 4x8
PHY-0007 : Finally: WL Cost = 100138, TD Cost = 51642.6, WL Ratio = 0.888752, TD Ratio = 0.751018, SWNS = 1391, STNS = 0
RUN-1001 : Print Detailed placement's Summary information
RUN-1001 : ------------------------------------------------------------------------------------------------------------------------------
RUN-1001 :           |  Total   |  Accept  |  Reject by overFlow  |  Reject by worseCost  |  Failed by noTarget  |  Failed by gridCheck  
RUN-1001 : ------------------------------------------------------------------------------------------------------------------------------
RUN-1001 :   Slices  |  819090  |  25372   |         346          |        782019         |         275          |         11078         
RUN-1001 :   Macros  |  17855   |   122    |          28          |         17579         |          95          |          31           
RUN-1001 : ------------------------------------------------------------------------------------------------------------------------------
PHY-1001 : End Stage 3.1.2 | Simulated Annealing Based DP; Time: 21.279470s wall, 22.203125s user + 0.828125s system = 23.031250s CPU (108.2%); Memory(MB): used = 1137, reserved = 1135, peak = 1137;

PHY-3001 : End Detailed Place; 
PHY-3001 : Final: Len = 1.28399e+06, Over = 0
PHY-1001 : End Stage 3.1 | SLICE Detailed Placement; Time: 21.959547s wall, 22.781250s user + 0.890625s system = 23.671875s CPU (107.8%); Memory(MB): used = 1137, reserved = 1135, peak = 1137;

PHY-3001 : End Detailed Place; 
PHY-1001 : Stage 3.2 | Optimize Design
OPT-1001 : Start physical optimization ...
OPT-1001 : Total overflow 0.00 peak overflow 0.00
OPT-1001 : Stage 3.2.1 | Physical Optimization
OPT-1001 : Start high-fanout net optimization in optimize equivalent flow with medium effort ...
OPT-1001 : Clean unloaded insts before merging registers
PHY-1001 : Populate physical database on model design_top_wrapper.
PHY-1001 : Populate physical database on model design_top_wrapper.
OPT-1001 : Total overflow 0.00 peak overflow 0.00
OPT-1001 : End optimize duplicated nets. Total 45 instances are merged and 505 sinks are reconnected,  2.247255s wall, 2.250000s user + 0.000000s system = 2.250000s CPU (100.1%)

OPT-1001 : End high-fanout net optimization;  2.249009s wall, 2.250000s user + 0.000000s system = 2.250000s CPU (100.0%)

OPT-1001 : Update timing in Manhattan mode
RUN-1002 : start command "start_timer"
RUN-1003 : finish command "start_timer" in  2.466595s wall, 2.468750s user + 0.000000s system = 2.468750s CPU (100.1%)

RUN-1004 : used memory is 1137 MB, reserved memory is 1135 MB, peak memory is 1137 MB
OPT-1001 : End timing update;  3.934070s wall, 3.937500s user + 0.000000s system = 3.937500s CPU (100.1%)

OPT-1001 : Current memory(MB): used = 1137, reserved = 1135, peak = 1137.
OPT-1001 : End Stage 3.2.1 | Physical Optimization; Time: 6.339109s wall, 6.343750s user + 0.000000s system = 6.343750s CPU (100.1%); Memory(MB): used = 1137, reserved = 1135, peak = 1137;

OPT-1001 : Stage 3.2.2 | Synthesize High-fanout Net
OPT-1001 : Start high-fanout net optimization in post-pack flow with medium effort ...
OPT-1001 : Start: SWNS 1391 STNS 0 NUM_FEPS 0
OPT-1001 : Total overflow 0.00 peak overflow 0.00
PHY-1001 : Populate physical database on model design_top_wrapper.
OPT-1001 : 15 high-fanout net processed.
OPT-1001 : Total overflow 0.00 peak overflow 0.00
RUN-1001 : HFN opt statistic
RUN-1001 : ------------------------------------------------------
RUN-1001 :   DriverCell type  |  HFN count  |  Duplicated count  
RUN-1001 : ------------------------------------------------------
RUN-1001 :       LSLICE       |      0      |         0          
RUN-1001 :       MSLICE       |      0      |         0          
RUN-1001 :        OTHER       |     15      |         14         
RUN-1001 :        TOTAL       |     15      |         14         
RUN-1001 : ------------------------------------------------------
OPT-1001 : End high-fanout net optimization;  0.842877s wall, 0.828125s user + 0.015625s system = 0.843750s CPU (100.1%)

OPT-1001 : Current memory(MB): used = 1137, reserved = 1135, peak = 1137.
OPT-1001 : End Stage 3.2.2 | Synthesize High-fanout Net; Time: 1.002191s wall, 0.984375s user + 0.015625s system = 1.000000s CPU (99.8%); Memory(MB): used = 1137, reserved = 1135, peak = 1137;

OPT-1001 : Stage 3.2.3 | Optimize Path
OPT-1001 : Start unpack path based optimization ...
OPT-0007 : Start: SWNS 1391 STNS 0 NUM_FEPS 0 with mode 2
OPT-1001 : Start congestion update ...
RUN-1001 : Generating global routing grids ...
PHY-1001 : Generate routing nets ...
PHY-1001 : Reuse net number 5299/17439.
PHY-1001 : Global iterations in 32 thread ...
PHY-1002 : len = 1.44862e+06, over cnt = 1585(2%), over = 3313, worst = 9
PHY-1002 : len = 1.48805e+06, over cnt = 1029(1%), over = 1885, worst = 9
PHY-1002 : len = 1.52114e+06, over cnt = 367(0%), over = 676, worst = 7
PHY-1002 : len = 1.53304e+06, over cnt = 133(0%), over = 212, worst = 7
PHY-1002 : len = 1.53717e+06, over cnt = 15(0%), over = 23, worst = 5
PHY-1001 : End global iterations;  1.645608s wall, 2.296875s user + 0.093750s system = 2.390625s CPU (145.3%)

PHY-1001 : Congestion index:
PHY-1001 : top1  = 73.26(S 62.75, N 61.61, E 63.57, W 67.60, I 62.20, O 68.67)
PHY-1001 : top5  = 62.34(S 51.53, N 50.55, E 49.72, W 52.60, I 49.72, O 56.74)
PHY-1001 : top10 = 57.07(S 45.01, N 43.71, E 42.69, W 45.38, I 43.65, O 51.29)
PHY-1001 : top15 = 53.43(S 40.53, N 38.84, E 38.35, W 40.98, I 39.40, O 47.41)
OPT-1001 : End congestion update;  2.086841s wall, 2.718750s user + 0.125000s system = 2.843750s CPU (136.3%)

OPT-0007 : Iter 1: improved SWNS 1553 STNS 0 NUM_FEPS 0 with 67(638) cells and 319(319) paths processed with 8630 slack improved, crit_thod: 3000 ratio: 0.94(72/77) rt: 0.4s
OPT-0007 : Iter 2: improved SWNS 1576 STNS 0 NUM_FEPS 0 with 6(294) cells and 147(147) paths processed with 349 slack improved, crit_thod: 3000 ratio: 0.67(6/9) rt: 0.2s
OPT-0007 : Iter 3: improved SWNS 1576 STNS 0 NUM_FEPS 0 with 0(294) cells and 147(147) paths processed with 0 slack improved, crit_thod: 3000 ratio: 0.00(0/4) rt: 0.1s
OPT-1001 : End path based optimization;  2.820079s wall, 3.375000s user + 0.156250s system = 3.531250s CPU (125.2%)

OPT-1001 : Current memory(MB): used = 1138, reserved = 1135, peak = 1138.
OPT-1001 : End Stage 3.2.3 | Optimize Path; Time: 2.977782s wall, 3.531250s user + 0.156250s system = 3.687500s CPU (123.8%); Memory(MB): used = 1138, reserved = 1135, peak = 1138;

OPT-1001 : Stage 3.2.4 | Optimize Duplicated Nets
OPT-1001 : Start: WNS 1576 TNS 0 NUM_FEPS 0
OPT-1001 : Clean unloaded insts before merging registers
PHY-1001 : Populate physical database on model design_top_wrapper.
PHY-1001 : Populate physical database on model design_top_wrapper.
OPT-1001 : Total overflow 0.00 peak overflow 0.00
OPT-1001 : End optimize duplicated nets. Total 1 instances are merged and 101 sinks are reconnected,  2.170375s wall, 2.156250s user + 0.015625s system = 2.171875s CPU (100.1%)

OPT-1001 : Update timing in Manhattan mode
RUN-1002 : start command "start_timer"
RUN-1003 : finish command "start_timer" in  2.497191s wall, 2.500000s user + 0.000000s system = 2.500000s CPU (100.1%)

RUN-1004 : used memory is 1138 MB, reserved memory is 1135 MB, peak memory is 1138 MB
OPT-1001 : End timing update;  3.976635s wall, 3.984375s user + 0.000000s system = 3.984375s CPU (100.2%)

OPT-1001 : Current memory(MB): used = 1138, reserved = 1135, peak = 1138.
OPT-1001 : End Stage 3.2.4 | Optimize Duplicated Nets; Time: 6.312258s wall, 6.296875s user + 0.015625s system = 6.312500s CPU (100.0%); Memory(MB): used = 1138, reserved = 1135, peak = 1138;

OPT-1001 : Stage 3.2.5 | Swap Pins
OPT-1001 : Start pin optimization...
OPT-1001 : Start: SWNS 1576 STNS 0 NUM_FEPS 0
OPT-1001 : Successfully optimized 484 instances
OPT-1001 : Successfully optimized 51 instances
OPT-1001 : End pin optimization;  1.151597s wall, 1.140625s user + 0.000000s system = 1.140625s CPU (99.0%)

OPT-1001 : Current memory(MB): used = 1138, reserved = 1135, peak = 1138.
OPT-1001 : End Stage 3.2.5 | Swap Pins; Time: 1.314193s wall, 1.296875s user + 0.000000s system = 1.296875s CPU (98.7%); Memory(MB): used = 1138, reserved = 1135, peak = 1138;

OPT-1001 : Stage 3.2.6 | Optimize Beeline
OPT-1001 : Start beeline optimization...
OPT-1001 : Start: SWNS 1576 STNS 0 NUM_FEPS 0
PHY-1001 : Beeline DP, 710 out of 4726 (15.02)%; hop = 948.
PHY-1001 : Beeline DP, 278 out of 4104 (6.77)%; hop = 375.
PHY-1001 : Beeline DP, 155 out of 4014 (3.86)%; hop = 220.
PHY-1001 : Beeline DP, 122 out of 3951 (3.09)%; hop = 163.
PHY-1001 : Beeline DP, 102 out of 3937 (2.59)%; hop = 138.
PHY-1001 : Beeline optimization intraPLB, 2060 1-hop(39.91%), 2159 2-hop(41.82%), 393 3-hop( 7.61%), 550 others (10.65%)
PHY-1001 :  9.571797s wall, 9.234375s user + 0.265625s system = 9.500000s CPU (99.2%)

RUN-1001 : Beeline optimization outerPLB: 1-hop 1639, 2-hop 3122, 3-hop 1858, 4-hop 581, other 1554 
OPT-1001 : End beeline optimization;  10.230460s wall, 9.875000s user + 0.281250s system = 10.156250s CPU (99.3%)

OPT-1001 : Update timing in Manhattan mode
OPT-1001 : End timing update;  1.520076s wall, 1.515625s user + 0.000000s system = 1.515625s CPU (99.7%)

OPT-1001 : End Stage 3.2.6 | Optimize Beeline; Time: 12.043130s wall, 12.140625s user + 0.296875s system = 12.437500s CPU (103.3%); Memory(MB): used = 1138, reserved = 1135, peak = 1138;

OPT-0007 : End flow postpack: SWNS 1441 STNS 0 NUM_FEPS 0
RUN-1001 : Generating global routing grids ...
PHY-1001 : Generate routing nets ...
PHY-1001 : Reuse net number 15178/16869.
PHY-1001 : Global iterations in 32 thread ...
PHY-1002 : len = 1.54982e+06, over cnt = 411(0%), over = 615, worst = 6
PHY-1002 : len = 1.55573e+06, over cnt = 242(0%), over = 326, worst = 4
PHY-1002 : len = 1.56259e+06, over cnt = 46(0%), over = 56, worst = 2
PHY-1002 : len = 1.56323e+06, over cnt = 14(0%), over = 18, worst = 2
PHY-1002 : len = 1.56362e+06, over cnt = 0(0%), over = 0, worst = 0
PHY-1001 : End global iterations;  0.630122s wall, 0.718750s user + 0.031250s system = 0.750000s CPU (119.0%)

PHY-1001 : Congestion index:
PHY-1001 : top1  = 73.45(S 62.63, N 60.70, E 64.00, W 68.50, I 62.09, O 69.16)
PHY-1001 : top5  = 62.39(S 50.98, N 50.30, E 49.75, W 52.82, I 49.27, O 56.71)
PHY-1001 : top10 = 56.92(S 44.66, N 43.63, E 42.88, W 45.52, I 43.08, O 51.23)
PHY-1001 : top15 = 53.29(S 40.36, N 38.96, E 38.52, W 41.18, I 38.94, O 47.38)
RUN-1001 : QoR Analysis:
OPT-0007 :   SWNS 1441 STNS 0 NUM_FEPS 0
RUN-1001 :   No local congestion issue, and most congested 1% tile average routing util is 73.000000
RUN-1001 :   Top critical paths
RUN-1001 :       #1 path slack 1441ps with logic level 1 
RUN-1001 :       #2 path slack 1503ps with logic level 1 
RUN-1001 :       #3 path slack 1522ps with logic level 1 
RUN-1001 :       #4 path slack 1522ps with logic level 1 
RUN-1001 :       #5 path slack 1522ps with logic level 1 
RUN-1001 :       #6 path slack 1522ps with logic level 1 
RUN-1001 :       #7 path slack 1522ps with logic level 1 
RUN-1001 :       #8 path slack 1522ps with logic level 1 
RUN-1001 :       #9 path slack 1522ps with logic level 1 
OPT-1001 : End physical optimization;  31.249874s wall, 31.921875s user + 0.515625s system = 32.437500s CPU (103.8%)

PHY-1001 : End Stage 3.2 | Optimize Design; Time: 31.250108s wall, 31.921875s user + 0.515625s system = 32.437500s CPU (103.8%); Memory(MB): used = 1138, reserved = 1135, peak = 1138;

RUN-1001 : Report Control nets information:
RUN-1001 : DFF Distribution
RUN-1001 : -------------------------------------
RUN-1001 :   CE   |  SSR  |  ASR  |  DFF Count  
RUN-1001 : -------------------------------------
RUN-1001 :   No   |  No   |  No   |     224     
RUN-1001 :   No   |  No   |  Yes  |      0      
RUN-1001 :   No   |  Yes  |  No   |      0      
RUN-1001 :   Yes  |  No   |  No   |    6994     
RUN-1001 :   Yes  |  No   |  Yes  |    5833     
RUN-1001 :   Yes  |  Yes  |  No   |     492     
RUN-1001 : -------------------------------------
RUN-1001 : Control Group Statistic
RUN-1001 : -----------------------------
RUN-1001 :   #CLK  |  #CE  |  #SSR/ASR  
RUN-1001 : -----------------------------
RUN-1001 :    10   |  393  |     33     
RUN-1001 : -----------------------------
RUN-0007 : Control Set = 475
PHY-1001 : End Stage 3 | Detailed Placement; Time: 53.399967s wall, 54.921875s user + 1.406250s system = 56.328125s CPU (105.5%); Memory(MB): used = 1138, reserved = 1135, peak = 1138;

PHY-1001 : Populate physical database on model design_top_wrapper.
PHY-1001 : Stage 4 | Optimize Design
PHY-3001 : Start incremental legalization ...
PHY-1001 : Populate physical database on model design_top_wrapper.
PHY-1001 : Processing 2 clock pins of DDR instance u_ph1p35_324_ddr_wrapper/u_ddr2/ph1p_ddrmc_wrapper/ph1p_ddrmc_top/u_ddr_phy/u_ddrphy_top/u_ddrphy/ac_byte[0]$ac_byte_used$u_ddrphy_ac_byte_wrapper/u_ddrphy_byte, location = x0y70z0.
PHY-1001 :   Placed ioclk instance u_ph1p35_324_ddr_wrapper/u_ddr2/ph1p_ddrmc_wrapper/ph1p_ddrmc_top/u_ddr_phy/u_ddrphy_top/u_ddrphy_clk/ioclk[0]$u_ioclk_1, location = x0y59z1.
PHY-1001 :   Placed ioclk instance u_ph1p35_324_ddr_wrapper/u_ddr2/ph1p_ddrmc_wrapper/ph1p_ddrmc_top/u_ddr_phy/u_ddrphy_top/u_ddrphy_clk/ioclk[0]$u_ioclk_0, location = x0y59z0.
PHY-1001 : Processing 2 clock pins of DDR instance u_ph1p35_324_ddr_wrapper/u_ddr2/ph1p_ddrmc_wrapper/ph1p_ddrmc_top/u_ddr_phy/u_ddrphy_top/u_ddrphy/ac_byte[1]$ac_byte_used$u_ddrphy_ac_byte_wrapper/u_ddrphy_byte, location = x0y60z0.
PHY-1001 :   Placed ioclk instance u_ph1p35_324_ddr_wrapper/u_ddr2/ph1p_ddrmc_wrapper/ph1p_ddrmc_top/u_ddr_phy/u_ddrphy_top/u_ddrphy_clk/ioclk[0]$u_ioclk_1, location = x0y59z1.
PHY-1001 :   Placed ioclk instance u_ph1p35_324_ddr_wrapper/u_ddr2/ph1p_ddrmc_wrapper/ph1p_ddrmc_top/u_ddr_phy/u_ddrphy_top/u_ddrphy_clk/ioclk[0]$u_ioclk_0, location = x0y59z0.
PHY-1001 : Processing 2 clock pins of DDR instance u_ph1p35_324_ddr_wrapper/u_ddr2/ph1p_ddrmc_wrapper/ph1p_ddrmc_top/u_ddr_phy/u_ddrphy_top/u_ddrphy/ac_byte[2]$ac_byte_used$u_ddrphy_ac_byte_wrapper/u_ddrphy_byte, location = x0y50z0.
PHY-1001 :   Placed ioclk instance u_ph1p35_324_ddr_wrapper/u_ddr2/ph1p_ddrmc_wrapper/ph1p_ddrmc_top/u_ddr_phy/u_ddrphy_top/u_ddrphy_clk/ioclk[0]$u_ioclk_1, location = x0y59z1.
PHY-1001 :   Placed ioclk instance u_ph1p35_324_ddr_wrapper/u_ddr2/ph1p_ddrmc_wrapper/ph1p_ddrmc_top/u_ddr_phy/u_ddrphy_top/u_ddrphy_clk/ioclk[0]$u_ioclk_0, location = x0y59z0.
PHY-1001 : Processing 2 clock pins of DDR instance u_ph1p35_324_ddr_wrapper/u_ddr2/ph1p_ddrmc_wrapper/ph1p_ddrmc_top/u_ddr_phy/u_ddrphy_top/u_ddrphy/ac_byte[3]$ac_byte_used$u_ddrphy_ac_byte_wrapper/u_ddrphy_byte, location = x0y40z0.
PHY-1001 :   Placed ioclk instance u_ph1p35_324_ddr_wrapper/u_ddr2/ph1p_ddrmc_wrapper/ph1p_ddrmc_top/u_ddr_phy/u_ddrphy_top/u_ddrphy_clk/ioclk[0]$u_ioclk_1, location = x0y59z1.
PHY-1001 :   Placed ioclk instance u_ph1p35_324_ddr_wrapper/u_ddr2/ph1p_ddrmc_wrapper/ph1p_ddrmc_top/u_ddr_phy/u_ddrphy_top/u_ddrphy_clk/ioclk[0]$u_ioclk_0, location = x0y59z0.
PHY-1001 : Processing 2 clock pins of DDR instance u_ph1p35_324_ddr_wrapper/u_ddr2/ph1p_ddrmc_wrapper/ph1p_ddrmc_top/u_ddr_phy/u_ddrphy_top/u_ddrphy/dx_byte[0]$dx_byte_used$u_ddrphy_dx_byte_wrapper/u_ddrphy_byte, location = x0y30z0.
PHY-1001 :   Placed ioclk instance u_ph1p35_324_ddr_wrapper/u_ddr2/ph1p_ddrmc_wrapper/ph1p_ddrmc_top/u_ddr_phy/u_ddrphy_top/u_ddrphy_clk/ioclk[1]$u_ioclk_1, location = x0y19z1.
PHY-1001 :   Placed ioclk instance u_ph1p35_324_ddr_wrapper/u_ddr2/ph1p_ddrmc_wrapper/ph1p_ddrmc_top/u_ddr_phy/u_ddrphy_top/u_ddrphy_clk/ioclk[1]$u_ioclk_0, location = x0y19z0.
PHY-1001 : Processing 2 clock pins of DDR instance u_ph1p35_324_ddr_wrapper/u_ddr2/ph1p_ddrmc_wrapper/ph1p_ddrmc_top/u_ddr_phy/u_ddrphy_top/u_ddrphy/dx_byte[1]$dx_byte_used$u_ddrphy_dx_byte_wrapper/u_ddrphy_byte, location = x0y10z0.
PHY-1001 :   Placed ioclk instance u_ph1p35_324_ddr_wrapper/u_ddr2/ph1p_ddrmc_wrapper/ph1p_ddrmc_top/u_ddr_phy/u_ddrphy_top/u_ddrphy_clk/ioclk[1]$u_ioclk_1, location = x0y19z1.
PHY-1001 :   Placed ioclk instance u_ph1p35_324_ddr_wrapper/u_ddr2/ph1p_ddrmc_wrapper/ph1p_ddrmc_top/u_ddr_phy/u_ddrphy_top/u_ddrphy_clk/ioclk[1]$u_ioclk_0, location = x0y19z0.
PHY-3001 : Target density is 60%
PHY-3001 : Target density is 60%
PHY-3001 : Initial: Len = 1.34176e+06, Over = 0
PHY-1001 : Stage 4.1 | Spreading
PHY-3001 : Design contains 128 ce signals.
PHY-3001 : Spreading for sector grids.
PHY-3001 : Iter 1, total overflow: 0
PHY-3001 : tot_capacity: 36, usage_cnt: 15, movable_cnt: 28
PHY-3001 : Spreading for clock grids.
PHY-3001 : clock grid count for 24 x 4 grids
PHY-3001 : Spreading for plb grids.
PHY-3001 : total displace: 0, max displace: 0.
PHY-3001 : End spreading;  0.335585s wall, 0.296875s user + 0.046875s system = 0.343750s CPU (102.4%)

PHY-1001 : End Stage 4.1 | Spreading; Time: 0.335683s wall, 0.296875s user + 0.046875s system = 0.343750s CPU (102.4%); Memory(MB): used = 1138, reserved = 1135, peak = 1138;

PHY-3001 : Final: Len = 1.34176e+06, Over = 0
PHY-3001 : End incremental legalization;  0.630164s wall, 0.906250s user + 0.062500s system = 0.968750s CPU (153.7%)

RUN-1002 : start command "report_qor -step place -file place.qor"
RUN-1002 : start command "start_timer"
RUN-1003 : finish command "start_timer" in  1.845016s wall, 1.718750s user + 0.093750s system = 1.812500s CPU (98.2%)

RUN-1004 : used memory is 1138 MB, reserved memory is 1135 MB, peak memory is 1138 MB
RUN-1001 : Generating global routing grids ...
-----------------------------------------------------------
| QoR metrics               |         value               |
-----------------------------------------------------------
| Timing                    |                             |
|     Setup WNS             |         1441                |
|     Setup TNS             |            0                |
|     Num of violated S-EP  |            0                |
|     FMAX                  |   816.327MHz                |
|     SWNS path clock period |       2666ps                |
|     Hold WNS              |         -281                |
|     Hold TNS              |       -81225                |
|     Num of violated H-EP  |          594                |
-----------------------------------------------------------
| Routing Resource          |                             |
|     Wire length           |      1337539                |
|     Route Net Num         |        21133                |
|     DontRoute Net Num     |         8817                |
|     RouteSinks Num        |        61773                |
-----------------------------------------------------------
| Utilization               |                             |
|     #slices               |        12316                |
|     slices percentage     |       58.05%                |
|     #RAMs                 |           40                |
|     #DSPs                 |            8                |
|     #DRAMHARDCON          |           37                |
-----------------------------------------------------------
| Congestion                |                             |
|     Top 1% tile util      |           67                |
|     Top 1% tile avg util  |       73.00%                |
|     Over 100% util #tile  |            0                |
-----------------------------------------------------------
Report place stage QoR done.

RUN-1003 : finish command "report_qor -step place -file place.qor" in  4.101255s wall, 4.406250s user + 0.140625s system = 4.546875s CPU (110.9%)

RUN-1004 : used memory is 1139 MB, reserved memory is 1135 MB, peak memory is 1139 MB
PHY-1001 : End Stage 4 | Optimize Design; Time: 4.751683s wall, 5.328125s user + 0.203125s system = 5.531250s CPU (116.4%); Memory(MB): used = 1139, reserved = 1135, peak = 1139;

PHY-1001 : Stage 5 | DRC Check
PHY-1001 : Stage 5.1 | Slice Attributes Check
PHY-1035 : Redundant attributes/nets in slice detected. You can use tcl "check_slice_attr -verbose" to get full message.
PHY-1039 : Found 112 mslices getting no used reg attributes, eg: u_hdmi_tx/u_hdmi_1_4b_transmitter_core_wrapper/u_hdmi_tx_controller_wrapper/u_hdmi_video_data_assemble/S_island_guard_band_1d_syn_10.
PHY-1039 : Found 112 mslices getting no used ce attributes, eg: u_hdmi_tx/u_hdmi_1_4b_transmitter_core_wrapper/u_hdmi_tx_controller_wrapper/u_hdmi_video_data_assemble/S_island_guard_band_1d_syn_10.
PHY-1001 : End Stage 5.1 | Slice Attributes Check; Time: 0.057200s wall, 0.046875s user + 0.000000s system = 0.046875s CPU (81.9%); Memory(MB): used = 1139, reserved = 1135, peak = 1139;

PHY-1001 : Stage 5.2 | Clock Bound Check
PHY-1001 : Check pass.
PHY-1001 : End Stage 5.2 | Clock Bound Check; Time: 0.002441s wall, 0.015625s user + 0.000000s system = 0.015625s CPU (640.2%); Memory(MB): used = 1139, reserved = 1135, peak = 1139;

PHY-1001 : Stage 5.3 | Force Route Constraint Check
PHY-1001 : Check Pass.
PHY-1001 : End Stage 5.3 | Force Route Constraint Check; Time: 0.002794s wall, 0.000000s user + 0.000000s system = 0.000000s CPU (n/a%); Memory(MB): used = 1139, reserved = 1135, peak = 1139;

PHY-1001 : Stage 5.4 | Sigmap Check
PHY-1001 : Check pass.
PHY-1001 : End Stage 5.4 | Sigmap Check; Time: 0.092611s wall, 0.093750s user + 0.000000s system = 0.093750s CPU (101.2%); Memory(MB): used = 1139, reserved = 1135, peak = 1139;

PHY-1001 : Stage 5.5 | Duplicated SelfDriven Check
PHY-1001 : Check pass.
PHY-1001 : End Stage 5.5 | Duplicated SelfDriven Check; Time: 0.370958s wall, 0.359375s user + 0.000000s system = 0.359375s CPU (96.9%); Memory(MB): used = 1139, reserved = 1135, peak = 1139;

PHY-1001 : Stage 5.6 | Clock Rule Check
PHY-5088 WARNING: Clock_Analyzer: Detected 1 buffer(s) clkin net because they drive non-clock sinks. Run "analyze_clock -detail" for more infomation.
PHY-5088 WARNING: Clock_Analyzer: Detected 1 buffer(s) clkout net because they drive non-clock sinks. Run "analyze_clock -detail" for more infomation.
PHY-5088 WARNING: Clock_Analyzer: 3 clock-net(s) because they drive other clock net, may cause clock skew. Run "analyze_clock -detail" for more infomation.
PHY-1001 : End Stage 5.6 | Clock Rule Check; Time: 0.082641s wall, 0.093750s user + 0.000000s system = 0.093750s CPU (113.4%); Memory(MB): used = 1139, reserved = 1135, peak = 1139;

PHY-1001 : End Stage 5 | DRC Check; Time: 0.679208s wall, 0.687500s user + 0.000000s system = 0.687500s CPU (101.2%); Memory(MB): used = 1139, reserved = 1135, peak = 1139;

OPT-1001 : QoR tracer report on placement steps:
    SWNS [   incr ]    STNS [   incr ]    FEPS [   incr ]    CRIT [   incr ]      CELL [     incr ]        WL [     incr ]    CONG [   incr ]    PDES [   incr ]   RT(s) [   incr ]   MEM(mb) [     incr ]
       0 [      0 ]       0 [      0 ]       0 [      0 ]       0 [      0 ]     25893 [        0 ]         0 [        0 ]    0.00 [   0.00 ]       0 [      0 ]       0 [      0 ]       513 [        0 ] : preplace:simplify_lut
       0 [      0 ]       0 [      0 ]       0 [      0 ]       0 [      0 ]     25893 [        0 ]         0 [        0 ]    0.00 [   0.00 ]       0 [      0 ]       0 [      0 ]       513 [        0 ] : preplace:sweep
       0 [      0 ]       0 [      0 ]       0 [      0 ]       0 [      0 ]     25893 [        0 ]         0 [        0 ]    0.00 [   0.00 ]       0 [      0 ]       0 [      0 ]       513 [        0 ] : preplace:lut_merge
       0 [      0 ]       0 [      0 ]       0 [      0 ]       0 [      0 ]     25893 [        0 ]         0 [        0 ]    0.00 [   0.00 ]       0 [      0 ]       0 [      0 ]       514 [        1 ] : preplace:hfn_opt
    1324 [   1324 ]       0 [      0 ]       0 [      0 ]    4487 [   4487 ]     27679 [     1786 ]   1672568 [  1672568 ]    0.00 [   0.00 ]       0 [      0 ]      12 [     12 ]       899 [      385 ] : step1_gp
    1324 [      0 ]       0 [      0 ]       0 [      0 ]    4503 [     16 ]     27679 [        0 ]   1689840 [    17272 ]    0.00 [   0.00 ]       0 [      0 ]      14 [      2 ]       904 [        5 ] : step1_legal
    1324 [      0 ]       0 [      0 ]       0 [      0 ]    4503 [      0 ]     27679 [        0 ]   1647715 [   -42125 ]    0.00 [   0.00 ]       0 [      0 ]      16 [      2 ]       906 [        2 ] : step1_dp
    1311 [    -13 ]       0 [      0 ]       0 [      0 ]    4777 [    274 ]     27679 [        0 ]   1370282 [  -277433 ]  173.32 [ 173.32 ]       0 [      0 ]      24 [      8 ]       992 [       86 ] : step2_gp
    1311 [      0 ]       0 [      0 ]       0 [      0 ]    4777 [      0 ]     27679 [        0 ]   1370282 [        0 ]  173.32 [   0.00 ]       0 [      0 ]      25 [      1 ]       993 [        1 ] : step2_dp
    1311 [      0 ]       0 [      0 ]       0 [      0 ]    4777 [      0 ]     27679 [        0 ]   1370282 [        0 ]  173.32 [   0.00 ]       0 [      0 ]      25 [      0 ]       993 [        0 ] : prepack_spreading
    1304 [     -7 ]       0 [      0 ]       0 [      0 ]    4938 [    161 ]     27800 [      121 ]   1133715 [  -236567 ]  171.21 [  -2.11 ]       0 [      0 ]      33 [      8 ]      1005 [       12 ] : prepack:hfn_opt
    1427 [    123 ]       0 [      0 ]       0 [      0 ]    4938 [      0 ]     27800 [        0 ]   1139955 [     6240 ]   85.13 [ -86.08 ]       0 [      0 ]      37 [      4 ]      1005 [        0 ] : prepack:global_opt
    1438 [     11 ]       0 [      0 ]       0 [      0 ]    5199 [    261 ]     14288 [   -13512 ]   1457947 [   317992 ]   84.95 [  -0.18 ]       0 [      0 ]      64 [     27 ]      1126 [      121 ] : direct_legalization
    1438 [      0 ]       0 [      0 ]       0 [      0 ]    5199 [      0 ]     14288 [        0 ]   1457947 [        0 ]   84.95 [   0.00 ]       0 [      0 ]      64 [      0 ]      1128 [        2 ] : post_pack_spreading
    1391 [    -47 ]       0 [      0 ]       0 [      0 ]    5350 [    151 ]     14288 [        0 ]   1279762 [  -178185 ]   74.11 [ -10.84 ]       0 [      0 ]      86 [     22 ]      1137 [        9 ] : post_pack_dp
    1391 [      0 ]       0 [      0 ]       0 [      0 ]    5354 [      4 ]     14278 [      -10 ]   1274818 [    -4944 ]   74.11 [   0.00 ]       0 [      0 ]      92 [      6 ]      1137 [        0 ] : postpack:optimize_equivalent_quick
    1391 [      0 ]       0 [      0 ]       0 [      0 ]    5352 [     -2 ]     14292 [       14 ]   1276522 [     1704 ]   74.11 [   0.00 ]       0 [      0 ]      93 [      1 ]      1137 [        0 ] : postpack:hfn_opt
    1576 [    185 ]       0 [      0 ]       0 [      0 ]    5354 [      2 ]     14296 [        4 ]   1281120 [     4598 ]   72.79 [  -1.32 ]       0 [      0 ]      96 [      3 ]      1138 [        1 ] : postpack:path_opt
    1576 [      0 ]       0 [      0 ]       0 [      0 ]    5354 [      0 ]     14295 [       -1 ]   1280466 [     -654 ]   72.79 [   0.00 ]       0 [      0 ]     102 [      6 ]      1138 [        0 ] : postpack:optimize_equivalent
    1576 [      0 ]       0 [      0 ]       0 [      0 ]    5511 [    157 ]     14295 [        0 ]   1280466 [        0 ]   72.79 [   0.00 ]       0 [      0 ]     104 [      2 ]      1138 [        0 ] : postpack:pin_opt
    1441 [   -135 ]       0 [      0 ]       0 [      0 ]    5481 [    -30 ]     14295 [        0 ]   1315996 [    35530 ]   72.79 [   0.00 ]       0 [      0 ]     116 [     12 ]      1138 [        0 ] : postpack:beeline_opt

RUN-1003 : finish command "place" in  123.184194s wall, 425.656250s user + 10.750000s system = 436.406250s CPU (354.3%)

RUN-1004 : used memory is 1139 MB, reserved memory is 1135 MB, peak memory is 1139 MB
RUN-1002 : start command "update_timing -mode manhattan"
RUN-1002 : start command "start_timer"
RUN-1003 : finish command "start_timer" in  1.827914s wall, 1.812500s user + 0.000000s system = 1.812500s CPU (99.2%)

RUN-1004 : used memory is 1139 MB, reserved memory is 1135 MB, peak memory is 1139 MB
RUN-1003 : finish command "update_timing -mode manhattan" in  3.237145s wall, 3.203125s user + 0.015625s system = 3.218750s CPU (99.4%)

RUN-1004 : used memory is 1139 MB, reserved memory is 1135 MB, peak memory is 1139 MB
RUN-1002 : start command "report_timing_summary -file camera_to_dsi_display_place.timing"
RUN-1002 : start command "report_area -io_info -file camera_to_dsi_display_phy.area"
SYN-4034 : The count of slices with lut is 6474.
SYN-4035 : The count of slices with lut+ripple is 2991.
RUN-1001 : standard
***Report Model: design_top_wrapper Device: PH1P35MDG324***

Design Statistics
#IO                        58   out of    160   36.25%
  #input                    2
  #output                  31
  #inout                   25
#lut6                    9873   out of  21216   46.54%
#reg                    13319
  #slice reg            13319   out of  42432   31.39%
  #pad reg                  0

Utilization Statistics
#slice                  12316   out of  21216   58.05%
  #used ram               408
    #dram lut             296
    #shifter lut          112
  #used logic           11908
    #with luts           6474
    #with adder          2991
    #reg only            2443
#f7mux                      0   out of  10608    0.00%
#f8mux                      0   out of   5304    0.00%
#eram                      40   out of    108   37.04%
  #eram20k                 40
  #fifo20k                  0
#dsp                        8   out of     40   20.00%
#ddr_byte                   6   out of     12   50.00%
#mipi_tx                    0   out of      2    0.00%
#mipi_rx                    1   out of      2   50.00%
#pad                       17   out of    160   10.62%
#pll                        3   out of      6   50.00%
#gclk                       9   out of     32   28.12%
#lclk                       0   out of     12    0.00%
#sclk                       0   out of     48    0.00%
#mlclk                      2   out of      6   33.33%
#ioclk                      4   out of     18   22.22%

RUN-1002 : start command "flow_status -file place_flow.status"
Location         : D:\2026fpga\lab_hd_1_mipi_hdmi\td_project\camera_to_dsi_display_Runs\phy_1
Running with     : Tang Dynasty v6.2.168116
                   Copyright (c) 2012-2025 Anlogic Inc.
Top Model        : design_top_wrapper
Device           : PH1P35MDG324
Speed            : 3

Timing Mode      : manhattan
Setup            : WNS  1441ps  TNS        0ps  NUM_FEPS     0
Hold             : WNS  -281ps  TNS   -81225ps  NUM_FEPS   594

Flow Statistics  :
RUN-1001 : Flow Statistics:
RUN-1001 : --------------------------------------------------------------------------------------------------
RUN-1001 :      command     |  #calls  |  wall time  |  cpu time(s)  |  used memory(mb)  |  peak memory(mb)  
RUN-1001 : --------------------------------------------------------------------------------------------------
RUN-1001 :       place      |    1     |  2m3s(98%)  |   435(99%)    |       1139        |       1139        
RUN-1001 :   import_device  |    1     |   2s(1%)    |     2(0%)     |        323        |        323        
RUN-1001 :     import_db    |    1     |   0s(0%)    |     0(0%)     |        512        |        512        
RUN-1001 : --------------------------------------------------------------------------------------------------
RUN-1001 :       total      |    3     |    2m5s     |      437      |       1139        |       1139        
RUN-1001 : --------------------------------------------------------------------------------------------------
RUN-1002 : start command "report_clock_utilization -file place_clock_utilization.txt"
RUN-1002 : start command "export_db camera_to_dsi_display_place.db"
RUN-1001 : Exported flow parameters
RUN-1001 : Exported /
RUN-1001 : Exported libs
RUN-1001 : Exported entities
RUN-1001 : Exported ports
RUN-1001 : Exported pins
RUN-1001 : Exported instances
RUN-1001 : Exported nets
RUN-1001 : Exported buses
RUN-1001 : Exported models
RUN-1001 : Exported phy database
RUN-1001 : Exported packer
RUN-1001 : Exported congestions
RUN-1001 : Exported violations
RUN-1001 : Exported ATMR Setting
RUN-1001 : Exported timing constraints
RUN-1001 : Exported IO constraints
RUN-1001 : Exported Inst constraints
RUN-1001 : Exported ChipWatcher
RUN-1002 : start command "commit_param -step route"
RUN-1001 : Print Global Property
RUN-1001 : -------------------------------------------------------------
RUN-1001 :     Parameters    |   Settings   |  Default Values  |  Note  
RUN-1001 : -------------------------------------------------------------
RUN-1001 :    enable_seed    |     off      |       off        |        
RUN-1001 :    hfn_to_clock   |  1000000000  |    1000000000    |        
RUN-1001 :      message      |   standard   |     standard     |        
RUN-1001 :    qor_monitor    |      on      |        on        |        
RUN-1001 :   speedup_effort  |      0       |        0         |        
RUN-1001 :    syn_ip_flow    |     off      |       off        |        
RUN-1001 :       thread      |     auto     |       auto       |        
RUN-1001 : -------------------------------------------------------------
RUN-1001 : Print Route Property
RUN-1001 : ---------------------------------------------------------------
RUN-1001 :       Parameters      |  Settings  |  Default Values  |  Note  
RUN-1001 : ---------------------------------------------------------------
RUN-1001 :         effort        |   normal   |      normal      |        
RUN-1001 :        fix_hold       |     on     |        on        |        
RUN-1001 :   hold_fix_iteration  |     5      |        5         |        
RUN-1001 :     post_route_opt    |    auto    |       auto       |        
RUN-1001 :         timing        |     on     |        on        |        
RUN-1001 : ---------------------------------------------------------------
RUN-1002 : start command "route"
RUN-1001 : Open license file F:/AnlogicFpga/TD_6.2.1_Engineer_6.2.168.116/license/Anlogic.lic
PHY-1001 : Reconnected 29 VDD pins with routing demanding
PHY-1001 : Populate physical database on model design_top_wrapper.
RUN-1001 : Dedicate pll clock connection statistics:
RUN-1001 : Clock Region s_1_l [0,40][23,79]; Utilization: 1 out of 12
RUN-1001 : ----------------------------------------------------------------------------------------------------------------------------------------------------------------------------------------------------------------------------------
RUN-1001 :   Index  |                                    Leading Clock                                     |                                                          Special Sink                                                           
RUN-1001 : ----------------------------------------------------------------------------------------------------------------------------------------------------------------------------------------------------------------------------------
RUN-1001 :     1    |  u_ph1p35_324_ddr_wrapper/u_ddr2/ph1p_ddrmc_wrapper/ph1p_ddrmc_top/u_alc_mc_top/clk  |  u_ph1p35_324_ddr_wrapper/u_ddr2/ph1p_ddrmc_wrapper/ph1p_ddrmc_top/u_ddr_phy/u_ddrphy_top/u_ddrphy_clk/u_pll1/u_pll_inst.fbclk  
RUN-1001 : ----------------------------------------------------------------------------------------------------------------------------------------------------------------------------------------------------------------------------------
RUN-1001 : Clock Region s_1_r [24,40][43,79]; Utilization: 1 out of 12
RUN-1001 : -----------------------------------------------------------------------------------------------------------------------------------------------------------------------
RUN-1001 :   Index  |                                     Leading Clock                                     |                            Special Sink                             
RUN-1001 : -----------------------------------------------------------------------------------------------------------------------------------------------------------------------
RUN-1001 :     1    |  u_mipi_dphy_rx_ph1p_mipiio_wrapper/u_ph1p_mipiio_rx_wrapper/u_lane0_hs_detect/I_clk  |  u_PLL/ph1p_phy_pll_wrapper_25a56e5ce2f9_Inst/u_PH1P_PHY_PLL.fbclk  
RUN-1001 : -----------------------------------------------------------------------------------------------------------------------------------------------------------------------
PHY-1001 : Working orders of clock nets being processed in bank assignment:
PHY-1001 : u_ph1p35_324_ddr_wrapper/u_ddr2/ph1p_ddrmc_wrapper/ph1p_ddrmc_top/u_alc_mc_top/clk;
PHY-1001 : u_mipi_dphy_rx_ph1p_mipiio_wrapper/u_ph1p_mipiio_rx_wrapper/u_lane0_hs_detect/I_clk;
PHY-1001 : u_isp_top/u_demosaic/raw_matrix_3x3_buffer_d/zhenghe_d/blk_mem_gen_zhenghe_d1/ram_d32970204f32_Inst/clkb;
PHY-1001 : u_hdmi_mixer/I_clk_syn_654;
PHY-1001 : I_sys_clk_syn_8;
PHY-1001 : O_cam_24m_syn_3;
PHY-1001 : u_hdmi_tx/u_hdmi2phy_wrapper/u0_lane_lvds_8_1/I_serial_clk_syn_1;
PHY-1001 : u_ph1p35_324_ddr_wrapper/u_ddr2/ph1p_ddrmc_wrapper/ph1p_ddrmc_top/u_ddr_phy/u_ddrphy_top/u_ddrphy/apb_pclk_syn_1;
PHY-1001 : u_uicfgcs500/uii2c_inst/scl_clk_syn_9;
PHY-1001 : Internal bound Intnl_0_0_25_40 is being created by clock MIPI_RX_BYTE_CLK through SCLK.
PHY-1001 : Internal bound Intnl_25_0_23_40 is being created by clock MIPI_RX_BYTE_CLK through SCLK.
PHY-1001 : Internal bound Intnl_0_40_25_40 is being created by clock u_ph1p35_324_ddr_wrapper/u_ddr2/usr_clk through SCLK.
PHY-1001 : Internal bound Intnl_25_40_19_40 is being created by clock MIPI_RX_BYTE_CLK through SCLK.
RUN-1001 : Clock region assignment statistics:
RUN-1001 : Clock Region s_0_l [0,0][23,39]; Utilization: 7 out of 12
RUN-1001 : ----------------------------------------------------------------------------------------------------------------------------------------------------------------------------------------------------------------------------------------------------------------------------------------------------------------------------------------
RUN-1001 :   Bank  |                                                   Leading Clock                                                    |       Type        |                                                                          Buffer                                                                           |  Regional Clock Fanouts  
RUN-1001 : ----------------------------------------------------------------------------------------------------------------------------------------------------------------------------------------------------------------------------------------------------------------------------------------------------------------------------------------
RUN-1001 :    1    |      u_isp_top/u_demosaic/raw_matrix_3x3_buffer_d/zhenghe_d/blk_mem_gen_zhenghe_d1/ram_d32970204f32_Inst/clkb      |  (infered sclk)   |                           u_mipi_dphy_rx_ph1p_mipiio_wrapper/u_ph1p_mipiio_rx_wrapper/bufg_feedback_auto_created_sclk_s_0_l_bk1                           |           1018           
RUN-1001 :    2    |                 u_ph1p35_324_ddr_wrapper/u_ddr2/ph1p_ddrmc_wrapper/ph1p_ddrmc_top/u_alc_mc_top/clk                 |  (infered sclk)   |   u_ph1p35_324_ddr_wrapper/u_ddr2/ph1p_ddrmc_wrapper/ph1p_ddrmc_top/u_ddr_phy/u_ddrphy_top/u_ddrphy_clk/u_pll1/u_bufg_fbclk_auto_created_sclk_s_0_l_bk2   |           787            
RUN-1001 :    3    |                                             u_hdmi_mixer/I_clk_syn_654                                             |  (infered sclk)   |                                              u_hdmi_mixer/I_clk_created_gclkinst_auto_created_sclk_s_0_l_bk3                                              |           138            
RUN-1001 :    4    |                                                  I_sys_clk_syn_8                                                   |  (infered sclk)   |                                               I_sys_clk_dup_6_created_gclkinst_auto_created_sclk_s_0_l_bk4                                                |            77            
RUN-1001 :    5    |                                                  O_cam_24m_syn_3                                                   |  (infered sclk)   |                                               O_cam_24m_dup_1_created_gclkinst_auto_created_sclk_s_0_l_bk5                                                |            76            
RUN-1001 :    6    |                                       u_uicfgcs500/uii2c_inst/scl_clk_syn_9                                        |  (infered sclk)   |                                       u_uicfgcs500/uii2c_inst/scl_clk_created_gclkinst_auto_created_sclk_s_0_l_bk6                                        |            15            
RUN-1001 :    7    |  u_ph1p35_324_ddr_wrapper/u_ddr2/ph1p_ddrmc_wrapper/ph1p_ddrmc_top/u_ddr_phy/u_ddrphy_top/u_ddrphy/apb_pclk_syn_1  |  (infered sclk)   |  u_ph1p35_324_ddr_wrapper/u_ddr2/ph1p_ddrmc_wrapper/ph1p_ddrmc_top/u_ddr_phy/u_ddrphy_top/u_ddrphy/apb_pclk_created_gclkinst_auto_created_sclk_s_0_l_bk7  |            3             
RUN-1001 : ----------------------------------------------------------------------------------------------------------------------------------------------------------------------------------------------------------------------------------------------------------------------------------------------------------------------------------------
RUN-1001 : Clock Region s_0_r [24,0][47,39]; Utilization: 4 out of 12
RUN-1001 : ------------------------------------------------------------------------------------------------------------------------------------------------------------------------------------------------------------------------------------------------------------------------------
RUN-1001 :   Bank  |                                               Leading Clock                                                |       Type        |                                                 Buffer                                                  |  Regional Clock Fanouts  
RUN-1001 : ------------------------------------------------------------------------------------------------------------------------------------------------------------------------------------------------------------------------------------------------------------------------------
RUN-1001 :    1    |  u_isp_top/u_demosaic/raw_matrix_3x3_buffer_d/zhenghe_d/blk_mem_gen_zhenghe_d1/ram_d32970204f32_Inst/clkb  |  (infered sclk)   |  u_mipi_dphy_rx_ph1p_mipiio_wrapper/u_ph1p_mipiio_rx_wrapper/bufg_feedback_auto_created_sclk_s_0_r_bk1  |           1610           
RUN-1001 :    2    |                                         u_hdmi_mixer/I_clk_syn_654                                         |  (infered sclk)   |                     u_hdmi_mixer/I_clk_created_gclkinst_auto_created_sclk_s_0_r_bk2                     |            34            
RUN-1001 :    3    |            u_mipi_dphy_rx_ph1p_mipiio_wrapper/u_ph1p_mipiio_rx_wrapper/u_lane0_hs_detect/I_clk             |  (infered sclk)   |                             u_PLL/bufg_feedback_auto_created_sclk_s_0_r_bk3                             |            7             
RUN-1001 :    4    |                                              O_cam_24m_syn_3                                               |  (infered sclk)   |                      O_cam_24m_dup_1_created_gclkinst_auto_created_sclk_s_0_r_bk4                       |            1             
RUN-1001 : ------------------------------------------------------------------------------------------------------------------------------------------------------------------------------------------------------------------------------------------------------------------------------
RUN-1001 : Clock Region s_1_l [0,40][23,79]; Utilization: 4 out of 12
RUN-1001 : ----------------------------------------------------------------------------------------------------------------------------------------------------------------------------------------------------------------------------------------------------------------------------------------------------------------------------------------
RUN-1001 :   Bank  |                                                   Leading Clock                                                    |       Type        |                                                                          Buffer                                                                           |  Regional Clock Fanouts  
RUN-1001 : ----------------------------------------------------------------------------------------------------------------------------------------------------------------------------------------------------------------------------------------------------------------------------------------------------------------------------------------
RUN-1001 :    1    |                 u_ph1p35_324_ddr_wrapper/u_ddr2/ph1p_ddrmc_wrapper/ph1p_ddrmc_top/u_alc_mc_top/clk                 |  (infered sclk)   |   u_ph1p35_324_ddr_wrapper/u_ddr2/ph1p_ddrmc_wrapper/ph1p_ddrmc_top/u_ddr_phy/u_ddrphy_top/u_ddrphy_clk/u_pll1/u_bufg_fbclk_auto_created_sclk_s_1_l_bk1   |           1443           
RUN-1001 :    2    |      u_isp_top/u_demosaic/raw_matrix_3x3_buffer_d/zhenghe_d/blk_mem_gen_zhenghe_d1/ram_d32970204f32_Inst/clkb      |  (infered sclk)   |                           u_mipi_dphy_rx_ph1p_mipiio_wrapper/u_ph1p_mipiio_rx_wrapper/bufg_feedback_auto_created_sclk_s_1_l_bk2                           |           1014           
RUN-1001 :    3    |                                             u_hdmi_mixer/I_clk_syn_654                                             |  (infered sclk)   |                                              u_hdmi_mixer/I_clk_created_gclkinst_auto_created_sclk_s_1_l_bk3                                              |           141            
RUN-1001 :    4    |  u_ph1p35_324_ddr_wrapper/u_ddr2/ph1p_ddrmc_wrapper/ph1p_ddrmc_top/u_ddr_phy/u_ddrphy_top/u_ddrphy/apb_pclk_syn_1  |  (infered sclk)   |  u_ph1p35_324_ddr_wrapper/u_ddr2/ph1p_ddrmc_wrapper/ph1p_ddrmc_top/u_ddr_phy/u_ddrphy_top/u_ddrphy/apb_pclk_created_gclkinst_auto_created_sclk_s_1_l_bk4  |            24            
RUN-1001 : ----------------------------------------------------------------------------------------------------------------------------------------------------------------------------------------------------------------------------------------------------------------------------------------------------------------------------------------
RUN-1001 : Clock Region s_1_r [24,40][43,79]; Utilization: 4 out of 12
RUN-1001 : --------------------------------------------------------------------------------------------------------------------------------------------------------------------------------------------------------------------------------------------------------------------------------
RUN-1001 :   Bank  |                                               Leading Clock                                                |       Type        |                                                  Buffer                                                   |  Regional Clock Fanouts  
RUN-1001 : --------------------------------------------------------------------------------------------------------------------------------------------------------------------------------------------------------------------------------------------------------------------------------
RUN-1001 :    1    |            u_mipi_dphy_rx_ph1p_mipiio_wrapper/u_ph1p_mipiio_rx_wrapper/u_lane0_hs_detect/I_clk             |  (infered sclk)   |                              u_PLL/bufg_feedback_auto_created_sclk_s_1_r_bk1                              |            1             
RUN-1001 :    2    |  u_isp_top/u_demosaic/raw_matrix_3x3_buffer_d/zhenghe_d/blk_mem_gen_zhenghe_d1/ram_d32970204f32_Inst/clkb  |  (infered sclk)   |   u_mipi_dphy_rx_ph1p_mipiio_wrapper/u_ph1p_mipiio_rx_wrapper/bufg_feedback_auto_created_sclk_s_1_r_bk2   |           1042           
RUN-1001 :    3    |                                         u_hdmi_mixer/I_clk_syn_654                                         |  (infered sclk)   |                      u_hdmi_mixer/I_clk_created_gclkinst_auto_created_sclk_s_1_r_bk3                      |           574            
RUN-1001 :    4    |                      u_hdmi_tx/u_hdmi2phy_wrapper/u0_lane_lvds_8_1/I_serial_clk_syn_1                      |  (infered sclk)   |  u_hdmi_tx/u_hdmi2phy_wrapper/u0_lane_lvds_8_1/I_serial_clk_created_gclkinst_auto_created_sclk_s_1_r_bk4  |            39            
RUN-1001 : --------------------------------------------------------------------------------------------------------------------------------------------------------------------------------------------------------------------------------------------------------------------------------
PHY-1001 : Populate physical database on model design_top_wrapper.
PHY-1001 : Route runs in 32 thread(s)
RUN-1001 : There are total 12786 instances
RUN-1001 : 408 mslices, 11908 lslices, 54 pads, 40 brams, 8 dsps
RUN-1001 : There are total 30238 nets
RUN-1001 : 19339 nets have 2 pins
RUN-1001 : 8552 nets have [3 - 5] pins
RUN-1001 : 1625 nets have [6 - 10] pins
RUN-1001 : 480 nets have [11 - 20] pins
RUN-1001 : 226 nets have [21 - 99] pins
RUN-1001 : 16 nets have 100+ pins
RUN-1002 : start command "start_timer"
RUN-1003 : finish command "start_timer" in  3.143500s wall, 3.140625s user + 0.000000s system = 3.140625s CPU (99.9%)

RUN-1004 : used memory is 1160 MB, reserved memory is 1255 MB, peak memory is 1160 MB
PHY-1001 : 408 mslices, 11908 lslices, 54 pads, 40 brams, 8 dsps

PHY-1001 : Stage 1 | Global Routing
PHY-1001 : Start global routing, caller is route ...
RUN-1001 : Generating global routing grids ...
PHY-1001 : Generate routing nets ...
RUN-1001 : Generate nets statistics:
RUN-1001 : ----------------------------
RUN-1001 :        Type       |  Nets   
RUN-1001 : ----------------------------
RUN-1001 :   TotalRouteNets  |  21152  
RUN-1001 :   DontRouteNets   |  4283   
RUN-1001 :     RouteNets     |  16869  
RUN-1001 :     RouteSinks    |  31097  
RUN-1001 : ----------------------------
PHY-1001 : Global iterations in 32 thread ...
PHY-1002 : len = 1.42157e+06, over cnt = 1791(2%), over = 3958, worst = 9
PHY-1002 : len = 1.4727e+06, over cnt = 1122(1%), over = 1999, worst = 9
PHY-1002 : len = 1.51566e+06, over cnt = 312(0%), over = 524, worst = 8
PHY-1002 : len = 1.53168e+06, over cnt = 0(0%), over = 0, worst = 0
PHY-1001 : End global iterations;  1.790036s wall, 2.734375s user + 0.109375s system = 2.843750s CPU (158.9%)

PHY-1001 : Congestion index:
PHY-1001 : top1  = 73.58(S 62.92, N 60.09, E 62.53, W 69.28, I 68.91, O 76.89)
PHY-1001 : top5  = 62.28(S 51.57, N 49.89, E 49.43, W 52.83, I 51.04, O 58.14)
PHY-1001 : top10 = 56.76(S 44.95, N 43.30, E 42.48, W 45.44, I 44.09, O 51.91)
PHY-1001 : top15 = 53.18(S 40.34, N 38.61, E 38.19, W 40.97, I 39.67, O 47.81)
PHY-1001 : End global routing;  2.199065s wall, 3.093750s user + 0.125000s system = 3.218750s CPU (146.4%)

PHY-1001 : End Stage 1 | Global Routing; Time: 2.199136s wall, 3.093750s user + 0.125000s system = 3.218750s CPU (146.4%); Memory(MB): used = 1179, reserved = 1255, peak = 1179;

PHY-1001 : Stage 2 | Detail Routing
PHY-1001 : Stage 2.1 | Build Routing Design
PHY-1001 : Routing in high effort: false
PHY-1001 : Routing Mode: normal
PHY-1001 : Generate detailed routing grids ...
RUN-1001 : Constructing routing connections ...
PHY-1001 : End build routing graph; 3.393272s wall, 24.093750s user + 0.468750s system = 24.562500s CPU (723.9%)

PHY-1001 : Generate nets ...
RUN-1001 : Generate nets statistics:
RUN-1001 : ------------------------------
RUN-1001 :         Type        |  Nets   
RUN-1001 : ------------------------------
RUN-1001 :        Route        |  21422  
RUN-1001 :      DontRoute      |  8816   
RUN-1001 :      RouteSinks     |  63378  
RUN-1001 :   RouteEntitySinks  |    0    
RUN-1001 :       Lut2Dff       |    0    
RUN-1001 :       Ram2Dff       |    0    
RUN-1001 :      Carry2Dff      |    0    
RUN-1001 : ------------------------------
RUN-1001 : DR clock net summary:
RUN-1001 : ---------------------------------------------------------------------------------------------------------------------------------------------------
RUN-1001 :   Net Idx  |                                                        Net Name                                                        |  Clock Type  
RUN-1001 : ---------------------------------------------------------------------------------------------------------------------------------------------------
RUN-1001 :      1     |                                                    I_sys_clk_dup_6                                                     |    Normal    
RUN-1001 :      2     |                                                    I_sys_clk_syn_8                                                     |    Normal    
RUN-1001 :      3     |                                                    O_cam_24m_dup_1                                                     |    Normal    
RUN-1001 :      4     |                                                    O_cam_24m_syn_3                                                     |    Normal    
RUN-1001 :      5     |                                                     u_PLL/clk0_buf                                                     |    Normal    
RUN-1001 :      6     |                                                   u_hdmi_mixer/I_clk                                                   |    Normal    
RUN-1001 :      7     |                                               u_hdmi_mixer/I_clk_syn_654                                               |    Normal    
RUN-1001 :      8     |                               u_hdmi_tx/u_hdmi2phy_wrapper/u0_lane_lvds_8_1/I_serial_clk                               |    Normal    
RUN-1001 :      9     |                            u_hdmi_tx/u_hdmi2phy_wrapper/u0_lane_lvds_8_1/I_serial_clk_syn_1                            |    Normal    
RUN-1001 :     10     |        u_isp_top/u_demosaic/raw_matrix_3x3_buffer_d/zhenghe_d/blk_mem_gen_zhenghe_d1/ram_d32970204f32_Inst/clkb        |    Normal    
RUN-1001 :     11     |                     u_mipi_dphy_rx_ph1p_mipiio_wrapper/u_ph1p_mipiio_rx_wrapper/S_mipiio_hs_rx_clk                     |    Normal    
RUN-1001 :     12     |                  u_mipi_dphy_rx_ph1p_mipiio_wrapper/u_ph1p_mipiio_rx_wrapper/u_lane0_hs_detect/I_clk                   |    Normal    
RUN-1001 :     13     |                   u_ph1p35_324_ddr_wrapper/u_ddr2/ph1p_ddrmc_wrapper/ph1p_ddrmc_top/u_alc_mc_top/clk                   |    Normal    
RUN-1001 :     14     |       u_ph1p35_324_ddr_wrapper/u_ddr2/ph1p_ddrmc_wrapper/ph1p_ddrmc_top/u_ddr_phy/u_ddrphy_top/u_ddrphy/apb_pclk       |    Normal    
RUN-1001 :     15     |    u_ph1p35_324_ddr_wrapper/u_ddr2/ph1p_ddrmc_wrapper/ph1p_ddrmc_top/u_ddr_phy/u_ddrphy_top/u_ddrphy/apb_pclk_syn_1    |    Normal    
RUN-1001 :     16     |      u_ph1p35_324_ddr_wrapper/u_ddr2/ph1p_ddrmc_wrapper/ph1p_ddrmc_top/u_ddr_phy/u_ddrphy_top/u_ddrphy/ctl_clk[0]      |    Normal    
RUN-1001 :     17     |      u_ph1p35_324_ddr_wrapper/u_ddr2/ph1p_ddrmc_wrapper/ph1p_ddrmc_top/u_ddr_phy/u_ddrphy_top/u_ddrphy/ctl_clk[1]      |    Normal    
RUN-1001 :     18     |      u_ph1p35_324_ddr_wrapper/u_ddr2/ph1p_ddrmc_wrapper/ph1p_ddrmc_top/u_ddr_phy/u_ddrphy_top/u_ddrphy/ddr_clk[0]      |    Normal    
RUN-1001 :     19     |      u_ph1p35_324_ddr_wrapper/u_ddr2/ph1p_ddrmc_wrapper/ph1p_ddrmc_top/u_ddr_phy/u_ddrphy_top/u_ddrphy/ddr_clk[1]      |    Normal    
RUN-1001 :     20     |    u_ph1p35_324_ddr_wrapper/u_ddr2/ph1p_ddrmc_wrapper/ph1p_ddrmc_top/u_ddr_phy/u_ddrphy_top/u_ddrphy_clk/pll0_clk_1    |    Normal    
RUN-1001 :     21     |    u_ph1p35_324_ddr_wrapper/u_ddr2/ph1p_ddrmc_wrapper/ph1p_ddrmc_top/u_ddr_phy/u_ddrphy_top/u_ddrphy_clk/pll0_clk_2    |    Normal    
RUN-1001 :     22     |   u_ph1p35_324_ddr_wrapper/u_ddr2/ph1p_ddrmc_wrapper/ph1p_ddrmc_top/u_ddr_phy/u_ddrphy_top/u_ddrphy_clk/pll0_mlclk_1   |    Normal    
RUN-1001 :     23     |   u_ph1p35_324_ddr_wrapper/u_ddr2/ph1p_ddrmc_wrapper/ph1p_ddrmc_top/u_ddr_phy/u_ddrphy_top/u_ddrphy_clk/pll0_mlclk_2   |    Normal    
RUN-1001 :     24     |  u_ph1p35_324_ddr_wrapper/u_ddr2/ph1p_ddrmc_wrapper/ph1p_ddrmc_top/u_ddr_phy/u_ddrphy_top/u_ddrphy_clk/u_pll1/clkc[0]  |    Normal    
RUN-1001 :     25     |  u_ph1p35_324_ddr_wrapper/u_ddr2/ph1p_ddrmc_wrapper/ph1p_ddrmc_top/u_ddr_phy/u_ddrphy_top/u_ddrphy_clk/u_pll1/refclk   |    Normal    
RUN-1001 :     26     |                                            u_uicfgcs500/uii2c_inst/scl_clk                                             |    Normal    
RUN-1001 :     27     |                                         u_uicfgcs500/uii2c_inst/scl_clk_syn_9                                          |    Normal    
RUN-1001 : ---------------------------------------------------------------------------------------------------------------------------------------------------
RUN-1001 : DR clock buffer summary:
RUN-1001 : -------------------------------------------------------------------------------------------------------------------------------------------------------------------
RUN-1001 :   Idx  |                                                                           Name                                                                            
RUN-1001 : -------------------------------------------------------------------------------------------------------------------------------------------------------------------
RUN-1001 :    1   |                           u_mipi_dphy_rx_ph1p_mipiio_wrapper/u_ph1p_mipiio_rx_wrapper/bufg_feedback_auto_created_sclk_s_0_l_bk1                           
RUN-1001 :    2   |   u_ph1p35_324_ddr_wrapper/u_ddr2/ph1p_ddrmc_wrapper/ph1p_ddrmc_top/u_ddr_phy/u_ddrphy_top/u_ddrphy_clk/u_pll1/u_bufg_fbclk_auto_created_sclk_s_0_l_bk2   
RUN-1001 :    3   |                                              u_hdmi_mixer/I_clk_created_gclkinst_auto_created_sclk_s_0_l_bk3                                              
RUN-1001 :    4   |                                               I_sys_clk_dup_6_created_gclkinst_auto_created_sclk_s_0_l_bk4                                                
RUN-1001 :    5   |                                               O_cam_24m_dup_1_created_gclkinst_auto_created_sclk_s_0_l_bk5                                                
RUN-1001 :    6   |                                       u_uicfgcs500/uii2c_inst/scl_clk_created_gclkinst_auto_created_sclk_s_0_l_bk6                                        
RUN-1001 :    7   |  u_ph1p35_324_ddr_wrapper/u_ddr2/ph1p_ddrmc_wrapper/ph1p_ddrmc_top/u_ddr_phy/u_ddrphy_top/u_ddrphy/apb_pclk_created_gclkinst_auto_created_sclk_s_0_l_bk7  
RUN-1001 :    8   |                           u_mipi_dphy_rx_ph1p_mipiio_wrapper/u_ph1p_mipiio_rx_wrapper/bufg_feedback_auto_created_sclk_s_0_r_bk1                           
RUN-1001 :    9   |                                              u_hdmi_mixer/I_clk_created_gclkinst_auto_created_sclk_s_0_r_bk2                                              
RUN-1001 :   10   |                                                      u_PLL/bufg_feedback_auto_created_sclk_s_0_r_bk3                                                      
RUN-1001 :   11   |                                               O_cam_24m_dup_1_created_gclkinst_auto_created_sclk_s_0_r_bk4                                                
RUN-1001 :   12   |   u_ph1p35_324_ddr_wrapper/u_ddr2/ph1p_ddrmc_wrapper/ph1p_ddrmc_top/u_ddr_phy/u_ddrphy_top/u_ddrphy_clk/u_pll1/u_bufg_fbclk_auto_created_sclk_s_1_l_bk1   
RUN-1001 :   13   |                           u_mipi_dphy_rx_ph1p_mipiio_wrapper/u_ph1p_mipiio_rx_wrapper/bufg_feedback_auto_created_sclk_s_1_l_bk2                           
RUN-1001 :   14   |                                              u_hdmi_mixer/I_clk_created_gclkinst_auto_created_sclk_s_1_l_bk3                                              
RUN-1001 :   15   |  u_ph1p35_324_ddr_wrapper/u_ddr2/ph1p_ddrmc_wrapper/ph1p_ddrmc_top/u_ddr_phy/u_ddrphy_top/u_ddrphy/apb_pclk_created_gclkinst_auto_created_sclk_s_1_l_bk4  
RUN-1001 :   16   |                                                      u_PLL/bufg_feedback_auto_created_sclk_s_1_r_bk1                                                      
RUN-1001 :   17   |                           u_mipi_dphy_rx_ph1p_mipiio_wrapper/u_ph1p_mipiio_rx_wrapper/bufg_feedback_auto_created_sclk_s_1_r_bk2                           
RUN-1001 :   18   |                                              u_hdmi_mixer/I_clk_created_gclkinst_auto_created_sclk_s_1_r_bk3                                              
RUN-1001 :   19   |                          u_hdmi_tx/u_hdmi2phy_wrapper/u0_lane_lvds_8_1/I_serial_clk_created_gclkinst_auto_created_sclk_s_1_r_bk4                          
RUN-1001 : -------------------------------------------------------------------------------------------------------------------------------------------------------------------
PHY-1001 : End Stage 2.1 | Build Routing Design; Time: 3.927332s wall, 24.609375s user + 0.484375s system = 25.093750s CPU (639.0%); Memory(MB): used = 1498, reserved = 1494, peak = 1498;

RUN-1001 : Top Percentage Crit. Net Stat.
RUN-1001 : -------------------------------------------------------
RUN-1001 :   Top %  |  Net Count  |  Avg. Fanout  |  Avg. Slack   
RUN-1001 : -------------------------------------------------------
RUN-1001 :     1    |     302     |   2.433775    |  3555.006623  
RUN-1001 :     2    |     604     |   2.653974    |  4242.793046  
RUN-1001 :     3    |     907     |   2.635061    |  4542.713341  
RUN-1001 :     4    |    1209     |   2.639371    |  4726.057072  
RUN-1001 :     5    |    1511     |   2.629385    |  4859.999338  
RUN-1001 :     6    |    1814     |   2.646086    |  4967.299338  
RUN-1001 :     7    |    2116     |   2.618620    |  5057.679584  
RUN-1001 :     8    |    2419     |   2.654403    |  5136.587433  
RUN-1001 :     9    |    2721     |   2.595002    |  5206.612642  
RUN-1001 :    10    |    3023     |   2.532584    |  5270.741647  
RUN-1001 : -------------------------------------------------------
PHY-1001 : Stage 2.2 | Tile Base Routing
PHY-1001 : 169 nets need to preroute.
PHY-1001 : len = 0, over cnt = 0(0%), over = 0, worst = 0, crit = 0
PHY-1001 : End Stage 2.2 | Tile Base Routing; Time: 0.282525s wall, 6.140625s user + 0.031250s system = 6.171875s CPU (2184.5%); Memory(MB): used = 1505, reserved = 1501, peak = 1505;

PHY-1001 : Stage 2.3 | Clock Nets Routing
PHY-1001 : Routed 0% nets.
PHY-1001 : len = 387456, over cnt = 0(0%), over = 0, worst = 0, crit = 0
PHY-1001 : End Stage 2.3 | Clock Nets Routing; Time: 1.240061s wall, 1.156250s user + 0.046875s system = 1.203125s CPU (97.0%); Memory(MB): used = 1539, reserved = 1534, peak = 1539;

PHY-1001 : Stage 2.4 | Routing Initialization
PHY-1001 : Mark 1% net(place mode slack < 4760ps) as critical nets.
PHY-1001 : Stage 2.4.1 | Normal Nets Routing
PHY-1001 : Routed 68% nets.
PHY-1001 : len = 2.45997e+06, over cnt = 11575(0%), over = 12417, worst = 5, crit = 0
PHY-1001 : End Stage 2.4.1 | Normal Nets Routing; Time: 7.563538s wall, 17.890625s user + 0.609375s system = 18.500000s CPU (244.6%); Memory(MB): used = 1581, reserved = 1577, peak = 1581;

PHY-1001 : Stage 2.4.2 | Update Timing
RUN-1002 : start command "start_timer"
USR-1002 : Derived clock:  create_generated_clock -name {u_PLL/ph1p_phy_pll_wrapper_25a56e5ce2f9_Inst/u_PH1P_PHY_PLL.clkc[0]} -source [get_ports {I_sys_clk}] -master_clock {sys_clk_50m} -multiply_by 2.0000 -duty_cycle 50.0000 [get_pins {u_PLL/ph1p_phy_pll_wrapper_25a56e5ce2f9_Inst/u_PH1P_PHY_PLL.clkc[0]}]
USR-1002 : Derived clock:  create_generated_clock -name {u_PLL/ph1p_phy_pll_wrapper_25a56e5ce2f9_Inst/u_PH1P_PHY_PLL.clkc[1]} -source [get_ports {I_sys_clk}] -master_clock {sys_clk_50m} -divide_by 2.1000 -duty_cycle 50.0000 [get_pins {u_PLL/ph1p_phy_pll_wrapper_25a56e5ce2f9_Inst/u_PH1P_PHY_PLL.clkc[1]}]
USR-1002 : Derived clock:  create_generated_clock -name {u_PLL/ph1p_phy_pll_wrapper_25a56e5ce2f9_Inst/u_PH1P_PHY_PLL.clkc[4]} -source [get_ports {I_sys_clk}] -master_clock {sys_clk_50m} -multiply_by 1.5000 -duty_cycle 50.0000 [get_pins {u_PLL/ph1p_phy_pll_wrapper_25a56e5ce2f9_Inst/u_PH1P_PHY_PLL.clkc[4]}]
USR-1002 : Derived clock:  create_generated_clock -name {u_PLL/ph1p_phy_pll_wrapper_25a56e5ce2f9_Inst/u_PH1P_PHY_PLL.clkc[5]} -source [get_ports {I_sys_clk}] -master_clock {sys_clk_50m} -multiply_by 7.5000 -duty_cycle 50.0000 [get_pins {u_PLL/ph1p_phy_pll_wrapper_25a56e5ce2f9_Inst/u_PH1P_PHY_PLL.clkc[5]}]
USR-1002 : Derived clock:  create_generated_clock -name {u_ph1p35_324_ddr_wrapper/u_ddr2/ph1p_ddrmc_wrapper/ph1p_ddrmc_top/u_ddr_phy/u_ddrphy_top/u_ddrphy_clk/u_pll0/u_pll_inst.clkc[0]} -source [get_ports {I_sys_clk}] -master_clock {sys_clk_50m} -multiply_by 1.3333 -duty_cycle 50.0000 [get_pins {u_ph1p35_324_ddr_wrapper/u_ddr2/ph1p_ddrmc_wrapper/ph1p_ddrmc_top/u_ddr_phy/u_ddrphy_top/u_ddrphy_clk/u_pll0/u_pll_inst.clkc[0]}]
USR-1002 : Derived clock:  create_generated_clock -name {u_ph1p35_324_ddr_wrapper/u_ddr2/ph1p_ddrmc_wrapper/ph1p_ddrmc_top/u_ddr_phy/u_ddrphy_top/u_ddrphy_clk/u_pll0/u_pll_inst.clkc[1]} -source [get_ports {I_sys_clk}] -master_clock {sys_clk_50m} -multiply_by 1.3333 -duty_cycle 50.0000 [get_pins {u_ph1p35_324_ddr_wrapper/u_ddr2/ph1p_ddrmc_wrapper/ph1p_ddrmc_top/u_ddr_phy/u_ddrphy_top/u_ddrphy_clk/u_pll0/u_pll_inst.clkc[1]}]
USR-1002 : Derived clock:  create_generated_clock -name {u_ph1p35_324_ddr_wrapper/u_ddr2/ph1p_ddrmc_wrapper/ph1p_ddrmc_top/u_ddr_phy/u_ddrphy_top/u_ddrphy_clk/u_pll0/u_pll_inst.clkc[2]} -source [get_ports {I_sys_clk}] -master_clock {sys_clk_50m} -multiply_by 5.3333 -duty_cycle 50.0000 [get_pins {u_ph1p35_324_ddr_wrapper/u_ddr2/ph1p_ddrmc_wrapper/ph1p_ddrmc_top/u_ddr_phy/u_ddrphy_top/u_ddrphy_clk/u_pll0/u_pll_inst.clkc[2]}]
USR-1002 : Derived clock:  create_generated_clock -name {u_ph1p35_324_ddr_wrapper/u_ddr2/ph1p_ddrmc_wrapper/ph1p_ddrmc_top/u_ddr_phy/u_ddrphy_top/u_ddrphy_clk/u_pll0/u_pll_inst.clkc[3]} -source [get_ports {I_sys_clk}] -master_clock {sys_clk_50m} -divide_by 1.9687 -duty_cycle 50.0000 [get_pins {u_ph1p35_324_ddr_wrapper/u_ddr2/ph1p_ddrmc_wrapper/ph1p_ddrmc_top/u_ddr_phy/u_ddrphy_top/u_ddrphy_clk/u_pll0/u_pll_inst.clkc[3]}]
USR-1002 : Derived clock:  create_generated_clock -name {u_ph1p35_324_ddr_wrapper/u_ddr2/ph1p_ddrmc_wrapper/ph1p_ddrmc_top/u_ddr_phy/u_ddrphy_top/u_ddrphy_clk/u_pll1/u_pll_inst.clkc[0]} -source [get_pins {u_ph1p35_324_ddr_wrapper/u_ddr2/ph1p_ddrmc_wrapper/ph1p_ddrmc_top/u_ddr_phy/u_ddrphy_top/u_ddrphy_clk/u_pll0/u_pll_inst.clkc[0]}] -master_clock {u_ph1p35_324_ddr_wrapper/u_ddr2/ph1p_ddrmc_wrapper/ph1p_ddrmc_top/u_ddr_phy/u_ddrphy_top/u_ddrphy_clk/u_pll0/u_pll_inst.clkc[0]} -multiply_by 1.0000 -duty_cycle 50.0000 [get_pins {u_ph1p35_324_ddr_wrapper/u_ddr2/ph1p_ddrmc_wrapper/ph1p_ddrmc_top/u_ddr_phy/u_ddrphy_top/u_ddrphy_clk/u_pll1/u_pll_inst.clkc[0]}]
8.888000
15.000000
15.000000
13.333000
RUN-1003 : finish command "start_timer" in  2.091269s wall, 1.906250s user + 0.156250s system = 2.062500s CPU (98.6%)

RUN-1004 : used memory is 1582 MB, reserved memory is 1577 MB, peak memory is 1582 MB
TMR-2502 : Net delay update with mode: Routed
PHY-1001 : 0/21152(0%) critical/total net(s).
PHY-1001 : Setup: WNS(ns) = 1.338, TNS(ns) = 0.000, FEP = 0 | Hold: WNS(ns) = -0.219, TNS(ns) = -16.196, FEP = 329.
PHY-1001 : End Stage 2.4.2 | Update Timing; Time: 6.271619s wall, 5.875000s user + 0.359375s system = 6.234375s CPU (99.4%); Memory(MB): used = 1688, reserved = 1684, peak = 1688;

PHY-1001 : Stage 2.4.3 | Deskew Clock Tree
RUN-1001 : Deskew Summary
RUN-1001 : ---------------------------------------------------------------------------------------------------------------------------------
RUN-1001 :                                                 Clock                                                 |  Pre-Skew  |  Post-Skew  
RUN-1001 : ---------------------------------------------------------------------------------------------------------------------------------
RUN-1001 :                                             mipi_rx_ck_pad                                            |     32     |     32      
RUN-1001 :   u_mipi_dphy_rx_ph1p_mipiio_wrapper/u_ph1p_mipiio_rx_wrapper/u_PH1P_LOGIC_DPHY_MIPI_RX.io_clk_pad_p  |     32     |     32      
RUN-1001 :                                            MIPI_RX_BYTE_CLK                                           |     32     |     32      
RUN-1001 :                                              pll_clk_100m                                             |     20     |     20      
RUN-1001 :                                             HDMI_PIXEL_CLK                                            |     15     |     15      
RUN-1001 :                                u_ph1p35_324_ddr_wrapper/u_ddr2/usr_clk                                |     12     |     12      
RUN-1001 :                                u_ph1p35_324_ddr_wrapper/u_ddr2/mcu_clk                                |     12     |     12      
RUN-1001 :                                              pll_clk_24m                                              |     4      |      4      
RUN-1001 : ---------------------------------------------------------------------------------------------------------------------------------
PHY-1001 : 0/21152(0%) critical/total net(s).
PHY-1001 : Setup: WNS(ns) = 1.338, TNS(ns) = 0.000, FEP = 0 | Hold: WNS(ns) = -0.219, TNS(ns) = -16.196, FEP = 329.
PHY-1001 : End Stage 2.4.3 | Deskew Clock Tree; Time: 4.246432s wall, 4.203125s user + 0.015625s system = 4.218750s CPU (99.3%); Memory(MB): used = 1718, reserved = 1713, peak = 1718;

PHY-1001 : End Stage 2.4 | Routing Initialization; Time: 18.182068s wall, 28.062500s user + 0.984375s system = 29.046875s CPU (159.8%); Memory(MB): used = 1719, reserved = 1713, peak = 1719;

PHY-1001 : Stage 2.5 | Routing Optimization
PHY-1001 : Build lut bridge;  0.161218s wall, 0.140625s user + 0.000000s system = 0.140625s CPU (87.2%)

PHY-1001 : Stage 2.5.1 | Phase 1
PHY-1001 : Stage 2.5.1.1 | Hold TimeOptimization
PHY-1001 : Iter 0; Processed 445 pins with HWNS -0.219ns HTNS -6.150ns FEP 134 took 0.868749 seconds.
PHY-1001 : Iter 1; Processed 596 pins with HWNS 0.001ns HTNS 0.000ns FEP 0 took 1.2482 seconds.
PHY-1001 : len = 2.5035e+06, over cnt = 11501(0%), over = 12353, worst = 5, crit = 0
PHY-1001 : End Stage 2.5.1.1 | Hold TimeOptimization; Time: 2.215350s wall, 3.015625s user + 0.062500s system = 3.078125s CPU (138.9%); Memory(MB): used = 1722, reserved = 1717, peak = 1722;

PHY-1001 : Stage 2.5.1.2 | High Fanout Nets Optimization
PHY-1001 : High fanout net optimize summary:
PHY-1001 : Process 0 nets and 0 pins with SWNS 1.338ns STNS 0.000ns FEP 0.
PHY-1001 : len = 2.5035e+06, over cnt = 11501(0%), over = 12353, worst = 5, crit = 0
PHY-1001 : End Stage 2.5.1.2 | High Fanout Nets Optimization; Time: 0.234105s wall, 0.218750s user + 0.015625s system = 0.234375s CPU (100.1%); Memory(MB): used = 1722, reserved = 1717, peak = 1722;

PHY-1001 : Stage 2.5.1.3 | Setup TimeOptimization
PHY-1001 : len = 2.5035e+06, over cnt = 11501(0%), over = 12353, worst = 5, crit = 0
PHY-1001 : End Stage 2.5.1.3 | Setup TimeOptimization; Time: 0.242294s wall, 0.218750s user + 0.015625s system = 0.234375s CPU (96.7%); Memory(MB): used = 1722, reserved = 1717, peak = 1722;

PHY-1001 : Stage 2.5.1.4 | Rip-up And ReRoute
PHY-0007 : Congestion: {75.74, 65.74, 60.97, 57.99}; Timing: {1.338ns, 0.000ns, 0}
PHY-1001 : Iter 1: len = 2.58056e+06, over cnt = 5193(0%), over = 5381, worst = 3, crit = 0, time(s) = 4.76
PHY-1001 : Iter 2: len = 2.60243e+06, over cnt = 2911(0%), over = 2962, worst = 3, crit = 0, time(s) = 3.31
PHY-1001 : Iter 3: len = 2.60978e+06, over cnt = 2208(0%), over = 2223, worst = 2, crit = 0, time(s) = 1.01
PHY-1001 : Iter 4: len = 2.64624e+06, over cnt = 894(0%), over = 895, worst = 2, crit = 0, time(s) = 1.88
PHY-1001 : Iter 5: len = 2.65398e+06, over cnt = 644(0%), over = 645, worst = 2, crit = 0, time(s) = 0.76
PHY-1001 : Iter 6: len = 2.65648e+06, over cnt = 541(0%), over = 541, worst = 1, crit = 0, time(s) = 0.37
PHY-1001 : Iter 7: len = 2.6575e+06, over cnt = 503(0%), over = 503, worst = 1, crit = 0, time(s) = 0.53
PHY-1001 : Marking 7 (0.18%) hot zones with cutoff utilization 82.35.
PHY-1001 : Iter 8: len = 2.68173e+06, over cnt = 79(0%), over = 79, worst = 1, crit = 0, time(s) = 0.67
PHY-1001 : Iter 9: len = 2.68398e+06, over cnt = 43(0%), over = 43, worst = 1, crit = 0, time(s) = 0.13
PHY-1001 : Iter 10: len = 2.6868e+06, over cnt = 13(0%), over = 13, worst = 1, crit = 0, time(s) = 0.09
PHY-1001 : Iter 11: len = 2.68749e+06, over cnt = 5(0%), over = 5, worst = 1, crit = 0, time(s) = 0.06
PHY-1001 : Iter 12: len = 2.68752e+06, over cnt = 1(0%), over = 1, worst = 1, crit = 0, time(s) = 0.10
PHY-1001 : Marking 7 (0.18%) hot zones with cutoff utilization 82.35.
PHY-1001 : Iter 13: len = 2.68758e+06, over cnt = 0(0%), over = 0, worst = 0, crit = 0, time(s) = 0.05
PHY-1001 : Marking 7 (0.18%) hot zones with cutoff utilization 82.35.
PHY-1001 : Update congestion ...
PHY-1001 : Marking 7 (0.18%) hot zones with cutoff utilization 82.35.
PHY-1001 : Congestion index:
PHY-1001 : top1  = 78.44(S 68.07, N 65.58, E 71.71, W 75.66, I 68.91, O 76.89)
PHY-1001 : top5  = 69.94(S 58.43, N 55.98, E 60.31, W 65.29, I 51.04, O 58.14)
PHY-1001 : top10 = 65.51(S 53.14, N 51.11, E 53.90, W 59.66, I 44.09, O 51.91)
PHY-1001 : top15 = 62.54(S 49.52, N 47.64, E 49.60, W 55.47, I 39.67, O 47.81)
PHY-1001 : End update congestion; 0.027572s wall, 0.031250s user + 0.000000s system = 0.031250s CPU (113.3%)

PHY-1001 : End Stage 2.5.1.4 | Rip-up And ReRoute; Time: 13.934665s wall, 34.687500s user + 0.750000s system = 35.437500s CPU (254.3%); Memory(MB): used = 1725, reserved = 1720, peak = 1725;

PHY-1001 : Stage 2.5.1.5 | Update Timing
PHY-1001 : 0/21152(0%) critical/total net(s).
PHY-1001 : Setup: WNS(ns) = 1.239, TNS(ns) = 0.000, FEP = 0 | Hold: WNS(ns) = -0.147, TNS(ns) = -2.246, FEP = 55.
PHY-1001 : End Stage 2.5.1.5 | Update Timing; Time: 2.449387s wall, 2.421875s user + 0.015625s system = 2.437500s CPU (99.5%); Memory(MB): used = 1738, reserved = 1732, peak = 1738;

PHY-1001 : Stage 2.5.1.6 | Commit Data
PHY-1001 : Commit better result to database ...
PHY-1001 : End Stage 2.5.1.6 | Commit Data; Time: 0.124458s wall, 0.109375s user + 0.015625s system = 0.125000s CPU (100.4%); Memory(MB): used = 1755, reserved = 1750, peak = 1755;

PHY-1001 : End Stage 2.5.1 | Phase 1; Time: 19.767506s wall, 41.593750s user + 0.890625s system = 42.484375s CPU (214.9%); Memory(MB): used = 1755, reserved = 1750, peak = 1755;

PHY-1001 : End Stage 2.5 | Routing Optimization; Time: 24.258823s wall, 46.437500s user + 0.968750s system = 47.406250s CPU (195.4%); Memory(MB): used = 1755, reserved = 1750, peak = 1755;

PHY-1001 : Stage 2.6 | Multi-try route Optimization
PHY-1001 : End Stage 2.6 | Multi-try route Optimization; Time: 0.068281s wall, 0.078125s user + 0.000000s system = 0.078125s CPU (114.4%); Memory(MB): used = 1755, reserved = 1750, peak = 1755;

PHY-1003 : Routed, final wirelength = 2.68758e+06
RUN-1001 : Clock region assignment statistics:
RUN-1001 : Clock Region s_0_l [0,0][23,39]; Utilization: 7 out of 12
RUN-1001 : -----------------------------------------------------------------------------------------------------------------------------------------------------------------------------------------------------------------------------------------------------------------------------------------------------------------------------------------------------------------------------------------------------------------------------------------------------
RUN-1001 :   Bank  |                                                   Assigned Clock                                                   |                                                    Route Clock                                                     |  Marking  |                                                                          Buffer                                                                           |  Regional Clock Fanouts  
RUN-1001 : -----------------------------------------------------------------------------------------------------------------------------------------------------------------------------------------------------------------------------------------------------------------------------------------------------------------------------------------------------------------------------------------------------------------------------------------------------
RUN-1001 :    1    |      u_isp_top/u_demosaic/raw_matrix_3x3_buffer_d/zhenghe_d/blk_mem_gen_zhenghe_d1/ram_d32970204f32_Inst/clkb      |      u_isp_top/u_demosaic/raw_matrix_3x3_buffer_d/zhenghe_d/blk_mem_gen_zhenghe_d1/ram_d32970204f32_Inst/clkb      |           |                           u_mipi_dphy_rx_ph1p_mipiio_wrapper/u_ph1p_mipiio_rx_wrapper/bufg_feedback_auto_created_sclk_s_0_l_bk1                           |           1018           
RUN-1001 :    2    |                 u_ph1p35_324_ddr_wrapper/u_ddr2/ph1p_ddrmc_wrapper/ph1p_ddrmc_top/u_alc_mc_top/clk                 |                 u_ph1p35_324_ddr_wrapper/u_ddr2/ph1p_ddrmc_wrapper/ph1p_ddrmc_top/u_alc_mc_top/clk                 |           |   u_ph1p35_324_ddr_wrapper/u_ddr2/ph1p_ddrmc_wrapper/ph1p_ddrmc_top/u_ddr_phy/u_ddrphy_top/u_ddrphy_clk/u_pll1/u_bufg_fbclk_auto_created_sclk_s_0_l_bk2   |           787            
RUN-1001 :    3    |                                             u_hdmi_mixer/I_clk_syn_654                                             |                                             u_hdmi_mixer/I_clk_syn_654                                             |           |                                              u_hdmi_mixer/I_clk_created_gclkinst_auto_created_sclk_s_0_l_bk3                                              |           138            
RUN-1001 :    4    |                                                  I_sys_clk_syn_8                                                   |                                                  I_sys_clk_syn_8                                                   |           |                                               I_sys_clk_dup_6_created_gclkinst_auto_created_sclk_s_0_l_bk4                                                |            77            
RUN-1001 :    5    |                                                  O_cam_24m_syn_3                                                   |                                                  O_cam_24m_syn_3                                                   |           |                                               O_cam_24m_dup_1_created_gclkinst_auto_created_sclk_s_0_l_bk5                                                |            76            
RUN-1001 :    6    |                                       u_uicfgcs500/uii2c_inst/scl_clk_syn_9                                        |                                       u_uicfgcs500/uii2c_inst/scl_clk_syn_9                                        |           |                                       u_uicfgcs500/uii2c_inst/scl_clk_created_gclkinst_auto_created_sclk_s_0_l_bk6                                        |            15            
RUN-1001 :    7    |  u_ph1p35_324_ddr_wrapper/u_ddr2/ph1p_ddrmc_wrapper/ph1p_ddrmc_top/u_ddr_phy/u_ddrphy_top/u_ddrphy/apb_pclk_syn_1  |  u_ph1p35_324_ddr_wrapper/u_ddr2/ph1p_ddrmc_wrapper/ph1p_ddrmc_top/u_ddr_phy/u_ddrphy_top/u_ddrphy/apb_pclk_syn_1  |           |  u_ph1p35_324_ddr_wrapper/u_ddr2/ph1p_ddrmc_wrapper/ph1p_ddrmc_top/u_ddr_phy/u_ddrphy_top/u_ddrphy/apb_pclk_created_gclkinst_auto_created_sclk_s_0_l_bk7  |            3             
RUN-1001 : -----------------------------------------------------------------------------------------------------------------------------------------------------------------------------------------------------------------------------------------------------------------------------------------------------------------------------------------------------------------------------------------------------------------------------------------------------
RUN-1001 : Clock Region s_0_r [24,0][47,39]; Utilization: 4 out of 12
RUN-1001 : -----------------------------------------------------------------------------------------------------------------------------------------------------------------------------------------------------------------------------------------------------------------------------------------------------------------------------------------------------------------------------------
RUN-1001 :   Bank  |                                               Assigned Clock                                               |                                                Route Clock                                                 |  Marking  |                                                 Buffer                                                  |  Regional Clock Fanouts  
RUN-1001 : -----------------------------------------------------------------------------------------------------------------------------------------------------------------------------------------------------------------------------------------------------------------------------------------------------------------------------------------------------------------------------------
RUN-1001 :    1    |  u_isp_top/u_demosaic/raw_matrix_3x3_buffer_d/zhenghe_d/blk_mem_gen_zhenghe_d1/ram_d32970204f32_Inst/clkb  |  u_isp_top/u_demosaic/raw_matrix_3x3_buffer_d/zhenghe_d/blk_mem_gen_zhenghe_d1/ram_d32970204f32_Inst/clkb  |           |  u_mipi_dphy_rx_ph1p_mipiio_wrapper/u_ph1p_mipiio_rx_wrapper/bufg_feedback_auto_created_sclk_s_0_r_bk1  |           1610           
RUN-1001 :    2    |                                         u_hdmi_mixer/I_clk_syn_654                                         |                                         u_hdmi_mixer/I_clk_syn_654                                         |           |                     u_hdmi_mixer/I_clk_created_gclkinst_auto_created_sclk_s_0_r_bk2                     |            34            
RUN-1001 :    3    |            u_mipi_dphy_rx_ph1p_mipiio_wrapper/u_ph1p_mipiio_rx_wrapper/u_lane0_hs_detect/I_clk             |            u_mipi_dphy_rx_ph1p_mipiio_wrapper/u_ph1p_mipiio_rx_wrapper/u_lane0_hs_detect/I_clk             |           |                             u_PLL/bufg_feedback_auto_created_sclk_s_0_r_bk3                             |            7             
RUN-1001 :    4    |                                              O_cam_24m_syn_3                                               |                                              O_cam_24m_syn_3                                               |           |                      O_cam_24m_dup_1_created_gclkinst_auto_created_sclk_s_0_r_bk4                       |            1             
RUN-1001 : -----------------------------------------------------------------------------------------------------------------------------------------------------------------------------------------------------------------------------------------------------------------------------------------------------------------------------------------------------------------------------------
RUN-1001 : Clock Region s_1_l [0,40][23,79]; Utilization: 4 out of 12
RUN-1001 : -----------------------------------------------------------------------------------------------------------------------------------------------------------------------------------------------------------------------------------------------------------------------------------------------------------------------------------------------------------------------------------------------------------------------------------------------------
RUN-1001 :   Bank  |                                                   Assigned Clock                                                   |                                                    Route Clock                                                     |  Marking  |                                                                          Buffer                                                                           |  Regional Clock Fanouts  
RUN-1001 : -----------------------------------------------------------------------------------------------------------------------------------------------------------------------------------------------------------------------------------------------------------------------------------------------------------------------------------------------------------------------------------------------------------------------------------------------------
RUN-1001 :    1    |                 u_ph1p35_324_ddr_wrapper/u_ddr2/ph1p_ddrmc_wrapper/ph1p_ddrmc_top/u_alc_mc_top/clk                 |                 u_ph1p35_324_ddr_wrapper/u_ddr2/ph1p_ddrmc_wrapper/ph1p_ddrmc_top/u_alc_mc_top/clk                 |           |   u_ph1p35_324_ddr_wrapper/u_ddr2/ph1p_ddrmc_wrapper/ph1p_ddrmc_top/u_ddr_phy/u_ddrphy_top/u_ddrphy_clk/u_pll1/u_bufg_fbclk_auto_created_sclk_s_1_l_bk1   |           1443           
RUN-1001 :    2    |      u_isp_top/u_demosaic/raw_matrix_3x3_buffer_d/zhenghe_d/blk_mem_gen_zhenghe_d1/ram_d32970204f32_Inst/clkb      |      u_isp_top/u_demosaic/raw_matrix_3x3_buffer_d/zhenghe_d/blk_mem_gen_zhenghe_d1/ram_d32970204f32_Inst/clkb      |           |                           u_mipi_dphy_rx_ph1p_mipiio_wrapper/u_ph1p_mipiio_rx_wrapper/bufg_feedback_auto_created_sclk_s_1_l_bk2                           |           1014           
RUN-1001 :    3    |                                             u_hdmi_mixer/I_clk_syn_654                                             |                                             u_hdmi_mixer/I_clk_syn_654                                             |           |                                              u_hdmi_mixer/I_clk_created_gclkinst_auto_created_sclk_s_1_l_bk3                                              |           141            
RUN-1001 :    4    |  u_ph1p35_324_ddr_wrapper/u_ddr2/ph1p_ddrmc_wrapper/ph1p_ddrmc_top/u_ddr_phy/u_ddrphy_top/u_ddrphy/apb_pclk_syn_1  |  u_ph1p35_324_ddr_wrapper/u_ddr2/ph1p_ddrmc_wrapper/ph1p_ddrmc_top/u_ddr_phy/u_ddrphy_top/u_ddrphy/apb_pclk_syn_1  |           |  u_ph1p35_324_ddr_wrapper/u_ddr2/ph1p_ddrmc_wrapper/ph1p_ddrmc_top/u_ddr_phy/u_ddrphy_top/u_ddrphy/apb_pclk_created_gclkinst_auto_created_sclk_s_1_l_bk4  |            24            
RUN-1001 : -----------------------------------------------------------------------------------------------------------------------------------------------------------------------------------------------------------------------------------------------------------------------------------------------------------------------------------------------------------------------------------------------------------------------------------------------------
RUN-1001 : Clock Region s_1_r [24,40][43,79]; Utilization: 4 out of 12
RUN-1001 : -------------------------------------------------------------------------------------------------------------------------------------------------------------------------------------------------------------------------------------------------------------------------------------------------------------------------------------------------------------------------------------
RUN-1001 :   Bank  |                                               Assigned Clock                                               |                                                Route Clock                                                 |  Marking  |                                                  Buffer                                                   |  Regional Clock Fanouts  
RUN-1001 : -------------------------------------------------------------------------------------------------------------------------------------------------------------------------------------------------------------------------------------------------------------------------------------------------------------------------------------------------------------------------------------
RUN-1001 :    1    |            u_mipi_dphy_rx_ph1p_mipiio_wrapper/u_ph1p_mipiio_rx_wrapper/u_lane0_hs_detect/I_clk             |            u_mipi_dphy_rx_ph1p_mipiio_wrapper/u_ph1p_mipiio_rx_wrapper/u_lane0_hs_detect/I_clk             |           |                              u_PLL/bufg_feedback_auto_created_sclk_s_1_r_bk1                              |            1             
RUN-1001 :    2    |  u_isp_top/u_demosaic/raw_matrix_3x3_buffer_d/zhenghe_d/blk_mem_gen_zhenghe_d1/ram_d32970204f32_Inst/clkb  |  u_isp_top/u_demosaic/raw_matrix_3x3_buffer_d/zhenghe_d/blk_mem_gen_zhenghe_d1/ram_d32970204f32_Inst/clkb  |           |   u_mipi_dphy_rx_ph1p_mipiio_wrapper/u_ph1p_mipiio_rx_wrapper/bufg_feedback_auto_created_sclk_s_1_r_bk2   |           1042           
RUN-1001 :    3    |                                         u_hdmi_mixer/I_clk_syn_654                                         |                                         u_hdmi_mixer/I_clk_syn_654                                         |           |                      u_hdmi_mixer/I_clk_created_gclkinst_auto_created_sclk_s_1_r_bk3                      |           574            
RUN-1001 :    4    |                      u_hdmi_tx/u_hdmi2phy_wrapper/u0_lane_lvds_8_1/I_serial_clk_syn_1                      |                      u_hdmi_tx/u_hdmi2phy_wrapper/u0_lane_lvds_8_1/I_serial_clk_syn_1                      |           |  u_hdmi_tx/u_hdmi2phy_wrapper/u0_lane_lvds_8_1/I_serial_clk_created_gclkinst_auto_created_sclk_s_1_r_bk4  |            39            
RUN-1001 : -------------------------------------------------------------------------------------------------------------------------------------------------------------------------------------------------------------------------------------------------------------------------------------------------------------------------------------------------------------------------------------
RUN-1002 : start command "export_db camera_to_dsi_display_pr.db"
RUN-1001 : Exported flow parameters
RUN-1001 : Exported /
RUN-1001 : Exported libs
RUN-1001 : Exported entities
RUN-1001 : Exported ports
RUN-1001 : Exported pins
RUN-1001 : Exported instances
RUN-1001 : Exported nets
RUN-1001 : Exported buses
RUN-1001 : Exported models
RUN-1001 : Exported phy database
RUN-1001 : Exported packer
RUN-1001 : Exported congestions
RUN-1001 : Exported violations
RUN-1001 : Exported ATMR Setting
RUN-1001 : Exported timing constraints
RUN-1001 : Exported IO constraints
RUN-1001 : Exported Inst constraints
RUN-1001 : Exported ChipWatcher
RUN-1003 : finish command "export_db camera_to_dsi_display_pr.db" in  1.294759s wall, 1.656250s user + 0.171875s system = 1.828125s CPU (141.2%)

RUN-1004 : used memory is 1807 MB, reserved memory is 1899 MB, peak memory is 1822 MB
PHY-1001 : Current memory(MB): used = 1807, reserved = 1899, peak = 1822.
PHY-1001 : End export database. 1.365392s wall, 1.718750s user + 0.171875s system = 1.890625s CPU (138.5%)

PHY-1001 : End detail routing;  51.256073s wall, 110.062500s user + 2.750000s system = 112.812500s CPU (220.1%)

PHY-1001 : End Stage 2 | Detail Routing; Time: 51.256206s wall, 110.062500s user + 2.750000s system = 112.812500s CPU (220.1%); Memory(MB): used = 1807, reserved = 1899, peak = 1822;

RUN-1002 : start command "fix_hold"

PHY-1001 : Stage 3 | Hold Fix
PHY-1001 : Stage 3.1 | Load Design Data
PHY-1034 : Refresh detailed routing grids ...
PHY-1001 : Generate nets ...
PHY-1001 : eco open net = 0
PHY-1001 : End Stage 3.1 | Load Design Data; Time: 0.444364s wall, 0.437500s user + 0.015625s system = 0.453125s CPU (102.0%); Memory(MB): used = 1812, reserved = 1905, peak = 1822;

PHY-1001 : Stage 3.2 | Hold Fix Optimization
RUN-1002 : start command "start_timer"
RUN-1003 : finish command "start_timer" in  1.878366s wall, 1.781250s user + 0.046875s system = 1.828125s CPU (97.3%)

RUN-1004 : used memory is 1812 MB, reserved memory is 1905 MB, peak memory is 1822 MB
PHY-1001 : Timing info: SWNS 1.239ns | STNS 0.000ns | HWNS -0.147ns | HTNS -2.246ns.
PHY-1001 : Processing hold violation on 91 end-point, worst slack = -147ps, best slack = 18ps.
PHY-1001 : End timing refresh.  5.814353s wall, 5.625000s user + 0.093750s system = 5.718750s CPU (98.4%)

PHY-1001 : Stage 3.2.1 | Phase 1
PHY-1001 : Stage 3.2.1.1 | Hold Fix By LutBridge
PHY-1001 : len = 2.69448e+06, over cnt = 0(0%), over = 0, worst = 0, crit = 0
PHY-1001 : Bridge count = 7; unresolved count = 0.
PHY-1001 : 2 out of 91 ((2.20)%) EP fixed by LB.
PHY-1001 : End Stage 3.2.1.1 | Hold Fix By LutBridge; Time: 3.075746s wall, 2.890625s user + 0.156250s system = 3.046875s CPU (99.1%); Memory(MB): used = 1812, reserved = 1905, peak = 1822;

PHY-1001 : Timing info: SWNS 1.239ns | STNS 0.000ns | HWNS -0.040ns | HTNS -0.056ns.
PHY-1001 : Processing hold violation on 7 end-point, worst slack = -40ps, best slack = 11ps.
PHY-1001 : End timing refresh.  0.097349s wall, 0.093750s user + 0.000000s system = 0.093750s CPU (96.3%)

PHY-1001 : Stage 3.2.1.2 | Hold Fix By Pin
PHY-1001 : len = 2.69464e+06, over cnt = 0(0%), over = 0, worst = 0, crit = 0
PHY-1001 : 3 out of 7 ((42.86)%) EP fixed by pin delay.
PHY-1001 : End Stage 3.2.1.2 | Hold Fix By Pin; Time: 0.568787s wall, 0.562500s user + 0.000000s system = 0.562500s CPU (98.9%); Memory(MB): used = 1812, reserved = 1905, peak = 1822;

PHY-1001 : Timing info: SWNS 1.239ns | STNS 0.000ns | HWNS -0.040ns | HTNS -0.051ns.
PHY-1001 : Processing hold violation on 4 end-point, worst slack = -40ps, best slack = 1ps.
PHY-1001 : End timing refresh.  0.096360s wall, 0.109375s user + 0.000000s system = 0.109375s CPU (113.5%)

PHY-1001 : Stage 3.2.1.3 | Hold Fix By Net
PHY-1001 : len = 2.6952e+06, over cnt = 0(0%), over = 0, worst = 0, crit = 0
PHY-1001 : 4 out of 4 ((100.00)%) EP fixed by net delay.
PHY-1001 : End Stage 3.2.1.3 | Hold Fix By Net; Time: 0.213671s wall, 0.609375s user + 0.000000s system = 0.609375s CPU (285.2%); Memory(MB): used = 1812, reserved = 1905, peak = 1822;

PHY-1001 : Timing info: SWNS 1.239ns | STNS 0.000ns | HWNS 0.020ns | HTNS 0.000ns.
PHY-1001 : End timing refresh.  0.098396s wall, 0.109375s user + 0.000000s system = 0.109375s CPU (111.2%)

PHY-1001 : End Stage 3.2.1 | Phase 1; Time: 4.183467s wall, 4.406250s user + 0.156250s system = 4.562500s CPU (109.1%); Memory(MB): used = 1812, reserved = 1905, peak = 1822;

PHY-1001 : End Stage 3.2 | Hold Fix Optimization; Time: 9.998764s wall, 10.031250s user + 0.250000s system = 10.281250s CPU (102.8%); Memory(MB): used = 1812, reserved = 1905, peak = 1822;

PHY-1001 : End Stage 3 | Hold Fix; Time: 10.629582s wall, 10.656250s user + 0.265625s system = 10.921875s CPU (102.7%); Memory(MB): used = 1812, reserved = 1905, peak = 1822;

RUN-1003 : finish command "fix_hold" in  10.665322s wall, 10.687500s user + 0.265625s system = 10.953125s CPU (102.7%)

RUN-1004 : used memory is 1812 MB, reserved memory is 1905 MB, peak memory is 1822 MB
PHY-1001 : Stage 4 | Report Route Qor
RUN-1002 : start command "report_qor -step route -file route.qor"
RUN-1002 : start command "start_timer"
RUN-1003 : finish command "start_timer" in  1.873984s wall, 1.843750s user + 0.015625s system = 1.859375s CPU (99.2%)

RUN-1004 : used memory is 1812 MB, reserved memory is 1905 MB, peak memory is 1822 MB
-----------------------------------------------------------
| QoR metrics               |         value               |
-----------------------------------------------------------
| Timing                    |                             |
|     Setup WNS             |         1239                |
|     Setup TNS             |            0                |
|     Num of violated S-EP  |            0                |
|     Hold WNS              |           20                |
|     Hold TNS              |            0                |
|     Num of violated H-EP  |            0                |
-----------------------------------------------------------
| Routing Resource          |                             |
|     Wire length           |      2695200                |
-----------------------------------------------------------
| Utilization               |                             |
|     #slices               |        12316                |
|     slices percentage     |       58.05%                |
|     #RAMs                 |           40                |
|     #DSPs                 |            8                |
|     #DRAMHARDCON          |           37                |
-----------------------------------------------------------
Report route stage QoR done.

RUN-1003 : finish command "report_qor -step route -file route.qor" in  5.819204s wall, 5.796875s user + 0.015625s system = 5.812500s CPU (99.9%)

RUN-1004 : used memory is 1813 MB, reserved memory is 1905 MB, peak memory is 1822 MB
RUN-1002 : start command "update_timing -mode final"
RUN-1002 : start command "start_timer"
RUN-1003 : finish command "start_timer" in  1.877796s wall, 1.875000s user + 0.000000s system = 1.875000s CPU (99.9%)

RUN-1004 : used memory is 1813 MB, reserved memory is 1905 MB, peak memory is 1822 MB
RUN-1003 : finish command "update_timing -mode final" in  5.742145s wall, 5.734375s user + 0.000000s system = 5.734375s CPU (99.9%)

RUN-1004 : used memory is 1813 MB, reserved memory is 1905 MB, peak memory is 1822 MB
RUN-1002 : start command "report_timing_summary -file final_timing.rpt"
OPT-1001 : QoR tracer report on route step:
    SWNS [   incr ]    STNS [   incr ]  S-FEPS [   incr ]    HWNS [   incr ]      HTNS [     incr ]    H-FEPS [     incr ]    CELL [   incr ]       WL [    incr ]   RT(s) [   incr ]   MEM(mb) [     incr ]
    1338 [      0 ]       0 [      0 ]       0 [      0 ]    -219 [      0 ]    -16196 [        0 ]       329 [        0 ]   12786 [      0 ]  2459968 [       0 ]      32 [      0 ]      1719 [        0 ] : dr_initialization
    1338 [      0 ]       0 [      0 ]       0 [      0 ]       1 [    220 ]         0 [    16196 ]         0 [     -329 ]   12786 [      0 ]  2503504 [   43536 ]      39 [      7 ]      1722 [        3 ] : dr_timing_opt_phase1
    1239 [    -99 ]       0 [      0 ]       0 [      0 ]    -147 [   -148 ]     -2246 [    -2246 ]        55 [       55 ]   12786 [      0 ]  2687584 [  184080 ]      56 [     17 ]      1755 [       33 ] : dr_opt_phase1
    1239 [      0 ]       0 [      0 ]       0 [      0 ]    -147 [      0 ]     -2246 [        0 ]        55 [        0 ]   12786 [      0 ]  2687584 [       0 ]      56 [      0 ]      1755 [        0 ] : multi_try_opt
    1239 [      0 ]       0 [      0 ]       0 [      0 ]      20 [    167 ]         0 [     2246 ]         0 [      -55 ]   12786 [      0 ]  2695200 [    7616 ]      69 [     13 ]      1822 [       67 ] : fix_hold_opt

PHY-1001 : End Stage 4 | Report Route Qor; Time: 11.723786s wall, 11.687500s user + 0.015625s system = 11.703125s CPU (99.8%); Memory(MB): used = 1813, reserved = 1905, peak = 1822;

PHY-1001 : Stage 5 | Routing DRC
PHY-1001 : Stage 5.1 | Check And Add Lut-bridge
PHY-1001 : End Stage 5.1 | Check And Add Lut-bridge; Time: 0.100028s wall, 0.093750s user + 0.015625s system = 0.109375s CPU (109.3%); Memory(MB): used = 1813, reserved = 1905, peak = 1822;

PHY-1001 : Stage 5.2 | Lut Bridge Check
PHY-1001 : End Stage 5.2 | Lut Bridge Check; Time: 0.228151s wall, 0.218750s user + 0.000000s system = 0.218750s CPU (95.9%); Memory(MB): used = 1813, reserved = 1905, peak = 1822;

PHY-1001 : Stage 5.3 | Physical Net Status Check
PHY-1001 : End Stage 5.3 | Physical Net Status Check; Time: 0.064605s wall, 0.062500s user + 0.000000s system = 0.062500s CPU (96.7%); Memory(MB): used = 1813, reserved = 1905, peak = 1822;

PHY-1001 : Start multi-drive drc check......
PHY-1001 : No multi-drive.
PHY-1001 : Stage 5.4 | Clock Net Status Check
PHY-1001 : 2 clock net(s) utilize local routing resource.
PHY-5079 CRITICAL-WARNING: Marked 1 clock net(s) utilize the local routing resources. Please check log message and the sinks of clock nets.
RUN-1001 : CTS Local Wire Summary
RUN-1001 : ------------------------------------------------------------------------------------------------------------------------------------------------------------
RUN-1001 :    ClockName    |   DriverType    |  Clock/Fanout  |  LocalWireNum  |                                  NetName                                   |  Marked  
RUN-1001 : ------------------------------------------------------------------------------------------------------------------------------------------------------------
RUN-1001 :        -        |  AL_PHY_LSLICE  |      1/3       |       12       |                      u_uicfgcs500/uii2c_inst/scl_clk                       |    -     
RUN-1001 :   pll_clk_24m   |   AL_PHY_SCLK   |     75/76      |       3        |  O_cam_24m_dup_1_created_gclkinst_auto_created_sclk_s_0_l_bk5_sclk_outnet  |   true   
RUN-1001 : ------------------------------------------------------------------------------------------------------------------------------------------------------------
PHY-5088 WARNING: Clock_Analyzer: Detected 1 buffer(s) clkin net because they drive non-clock sinks. Run "analyze_clock -detail" for more infomation.
PHY-5088 WARNING: Clock_Analyzer: Detected 1 buffer(s) clkout net because they drive non-clock sinks. Run "analyze_clock -detail" for more infomation.
PHY-5088 WARNING: Clock_Analyzer: 2 clock-net(s) because they drive other clock net, may cause clock skew. Run "analyze_clock -detail" for more infomation.
PHY-1001 : End Stage 5.4 | Clock Net Status Check; Time: 0.080423s wall, 0.078125s user + 0.000000s system = 0.078125s CPU (97.1%); Memory(MB): used = 1813, reserved = 1905, peak = 1822;

PHY-1001 : Stage 5.5 | Abnormal Timing Path check
PHY-1001 : No abnormal timing path.
PHY-1001 : End Stage 5.5 | Abnormal Timing Path check; Time: 0.246553s wall, 0.250000s user + 0.000000s system = 0.250000s CPU (101.4%); Memory(MB): used = 1813, reserved = 1905, peak = 1822;

PHY-1001 : Stage 5.6 | Bound Check
PHY-1001 : Check Pass.
PHY-1001 : End Stage 5.6 | Bound Check; Time: 0.002986s wall, 0.000000s user + 0.000000s system = 0.000000s CPU (n/a%); Memory(MB): used = 1813, reserved = 1905, peak = 1822;

PHY-1001 : End Stage 5 | Routing DRC; Time: 0.780995s wall, 0.765625s user + 0.015625s system = 0.781250s CPU (100.0%); Memory(MB): used = 1813, reserved = 1905, peak = 1822;

RUN-1003 : finish command "route" in  81.705051s wall, 141.296875s user + 3.203125s system = 144.500000s CPU (176.9%)

RUN-1004 : used memory is 1813 MB, reserved memory is 1905 MB, peak memory is 1822 MB
RUN-1002 : start command "report_area -io_info -file camera_to_dsi_display_phy.area"
SYN-4034 : The count of slices with lut is 6474.
SYN-4035 : The count of slices with lut+ripple is 2991.
RUN-1001 : standard
***Report Model: design_top_wrapper Device: PH1P35MDG324***

Design Statistics
#IO                        58   out of    160   36.25%
  #input                    2
  #output                  31
  #inout                   25
#lut6                    9873   out of  21216   46.54%
#reg                    13319
  #slice reg            13319   out of  42432   31.39%
  #pad reg                  0

Utilization Statistics
#slice                  12316   out of  21216   58.05%
  #used ram               408
    #dram lut             296
    #shifter lut          112
  #used logic           11908
    #with luts           6474
    #with adder          2991
    #reg only            2443
#feedthrough             2407
#f7mux                      0   out of  10608    0.00%
#f8mux                      0   out of   5304    0.00%
#eram                      40   out of    108   37.04%
  #eram20k                 40
  #fifo20k                  0
#dsp                        8   out of     40   20.00%
#ddr_byte                   6   out of     12   50.00%
#mipi_tx                    0   out of      2    0.00%
#mipi_rx                    1   out of      2   50.00%
#pad                       17   out of    160   10.62%
#pll                        3   out of      6   50.00%
#gclk                       9   out of     32   28.12%
#lclk                       0   out of     12    0.00%
#sclk                      19   out of     48   39.58%
#mlclk                      2   out of      6   33.33%
#ioclk                      4   out of     18   22.22%


DataNet Average Fanout:

   Index     Fanout     Nets   
    #1          1       19173  
    #2          2       7034   
    #3          3        919   
    #4          4        512   
    #5        5-10      1623   
    #6        11-50      400   
    #7       51-100      38    
    #8       101-500      2    
  Average     2.01             

RUN-1002 : start command "update_timing -mode final"
RUN-1002 : start command "start_timer"
RUN-1003 : finish command "start_timer" in  1.865209s wall, 1.859375s user + 0.000000s system = 1.859375s CPU (99.7%)

RUN-1004 : used memory is 1813 MB, reserved memory is 1905 MB, peak memory is 1822 MB
RUN-1003 : finish command "update_timing -mode final" in  5.734149s wall, 5.687500s user + 0.031250s system = 5.718750s CPU (99.7%)

RUN-1004 : used memory is 1813 MB, reserved memory is 1905 MB, peak memory is 1822 MB
RUN-1002 : start command "report_timing_status -file camera_to_dsi_display_phy.ts"
RUN-1002 : start command "report_timing_summary -file camera_to_dsi_display_pr.timing"
RUN-1002 : start command "report_timing_exception -file camera_to_dsi_display_exception.timing"
RUN-1002 : start command "flow_status -file route_flow.status"
Location         : D:\2026fpga\lab_hd_1_mipi_hdmi\td_project\camera_to_dsi_display_Runs\phy_1
Running with     : Tang Dynasty v6.2.168116
                   Copyright (c) 2012-2025 Anlogic Inc.
Top Model        : design_top_wrapper
Device           : PH1P35MDG324
Speed            : 3

Timing Mode      : final
Setup            : WNS  1239ps  TNS        0ps  NUM_FEPS     0
Hold             : WNS    20ps  TNS        0ps  NUM_FEPS     0

Flow Statistics  :
RUN-1001 : Flow Statistics:
RUN-1001 : ---------------------------------------------------------------------------------------------------
RUN-1001 :      command     |  #calls  |  wall time   |  cpu time(s)  |  used memory(mb)  |  peak memory(mb)  
RUN-1001 : ---------------------------------------------------------------------------------------------------
RUN-1001 :       place      |    1     |  2m3s(59%)   |   435(74%)    |       1139        |       1139        
RUN-1001 :       route      |    1     |  1m11s(34%)  |   134(23%)    |       1813        |       1822        
RUN-1001 :     fix_hold     |    1     |   10s(4%)    |    10(1%)     |       1812        |       1822        
RUN-1001 :   import_device  |    1     |    2s(0%)    |     2(0%)     |        323        |        323        
RUN-1001 :     import_db    |    1     |    0s(0%)    |     0(0%)     |        512        |        512        
RUN-1001 : ---------------------------------------------------------------------------------------------------
RUN-1001 :       total      |    5     |    3m26s     |      581      |       1813        |       1822        
RUN-1001 : ---------------------------------------------------------------------------------------------------
RUN-1002 : start command "report_clock_utilization -file route_clock_utilization.txt"
RUN-1002 : start command "export_db camera_to_dsi_display_pr.db"
RUN-1001 : Exported flow parameters
RUN-1001 : Exported /
RUN-1001 : Exported libs
RUN-1001 : Exported entities
RUN-1001 : Exported ports
RUN-1001 : Exported pins
RUN-1001 : Exported instances
RUN-1001 : Exported nets
RUN-1001 : Exported buses
RUN-1001 : Exported models
RUN-1001 : Exported phy database
RUN-1001 : Exported packer
RUN-1001 : Exported congestions
RUN-1001 : Exported violations
RUN-1001 : Exported ATMR Setting
RUN-1001 : Exported timing constraints
RUN-1001 : Exported IO constraints
RUN-1001 : Exported Inst constraints
RUN-1001 : Exported ChipWatcher
RUN-1003 : finish command "export_db camera_to_dsi_display_pr.db" in  1.271022s wall, 1.718750s user + 0.046875s system = 1.765625s CPU (138.9%)

RUN-1004 : used memory is 1818 MB, reserved memory is 1921 MB, peak memory is 1822 MB
RUN-1002 : start command "commit_param -step bitgen"
RUN-1001 : Print Global Property
RUN-1001 : -------------------------------------------------------------
RUN-1001 :     Parameters    |   Settings   |  Default Values  |  Note  
RUN-1001 : -------------------------------------------------------------
RUN-1001 :    enable_seed    |     off      |       off        |        
RUN-1001 :    hfn_to_clock   |  1000000000  |    1000000000    |        
RUN-1001 :      message      |   standard   |     standard     |        
RUN-1001 :    qor_monitor    |      on      |        on        |        
RUN-1001 :   speedup_effort  |      0       |        0         |        
RUN-1001 :    syn_ip_flow    |     off      |       off        |        
RUN-1001 :       thread      |     auto     |       auto       |        
RUN-1001 : -------------------------------------------------------------
RUN-1002 : start command "set_param bitgen compress on"
RUN-1001 : Print Bitgen Property
RUN-1001 : -------------------------------------------------------------
RUN-1001 :      Parameters     |  Settings  |  Default Values  |  Note  
RUN-1001 : -------------------------------------------------------------
RUN-1001 :         bin         |    off     |       off        |        
RUN-1001 :       compress      |     on     |       off        |   *    
RUN-1001 :       gen_mask      |    off     |       off        |        
RUN-1001 :      max_stream     |     on     |        on        |        
RUN-1001 :      time_info      |     on     |        on        |        
RUN-1001 :   unused_io_status  |   pullup   |      pullup      |        
RUN-1001 :       version       |    0x00    |       0x00       |        
RUN-1001 : -------------------------------------------------------------
RUN-1002 : start command "bitgen -bit camera_to_dsi_display.bit"
RUN-1002 : start command "export_bid camera_to_dsi_display_inst.bid"
BIT-1003 : Start to generate bitstream. 
BIT-1002 : Bitgen processed 3 pll_pd instances.
BIT-1002 : Init instances with 32 threads.
BIT-1002 : Init instances completely, inst num: 12787
BIT-1002 : Init pips with 32 threads.
BIT-1002 : Init pips completely, net num: 21422, pip num: 196486
BIT-1002 : Init feedthrough with 32 threads.
BIT-1002 : Init feedthrough completely, num: 2407
BIT-1003 : Multithreading accelaration with 32 threads.
BIT-1003 : Generate bitstream completely, there are 672922 bits set as '1'.
PRG-1501 : Bit compressed, frame number changed from 3481 to 3422, ratio 1.69%
BIT-1004 : Generate file camera_to_dsi_display_compress.bit.
BIT-1004 : Generate file camera_to_dsi_display.bit.
RUN-1003 : finish command "bitgen -bit camera_to_dsi_display.bit" in  4.325547s wall, 50.062500s user + 2.000000s system = 52.062500s CPU (1203.6%)

RUN-1004 : used memory is 1819 MB, reserved memory is 1921 MB, peak memory is 1822 MB
RUN-1002 : start command "setup_debugger"
RUN-1002 : start command "export_bitgen_param -file .bitgen_param.f"
RUN-1002 : start command "export_flow_status -s opt_place -e bitgen"
RUN-1002 : start command "flow_status"

Location         : D:\2026fpga\lab_hd_1_mipi_hdmi\td_project\camera_to_dsi_display_Runs\phy_1
Running with     : Tang Dynasty v6.2.168116
                   Copyright (c) 2012-2025 Anlogic Inc.
Top Model        : design_top_wrapper
Device           : PH1P35MDG324
Speed            : 3

Timing Mode      : final
Setup            : WNS  1239ps  TNS        0ps  NUM_FEPS     0
Hold             : WNS    20ps  TNS        0ps  NUM_FEPS     0

RUN-1001 : Flow Statistics:
RUN-1001 : ---------------------------------------------------------------------------------------------------
RUN-1001 :      command     |  #calls  |  wall time   |  cpu time(s)  |  used memory(mb)  |  peak memory(mb)  
RUN-1001 : ---------------------------------------------------------------------------------------------------
RUN-1001 :       place      |    1     |  2m3s(58%)   |   435(68%)    |       1139        |       1139        
RUN-1001 :       route      |    1     |  1m11s(33%)  |   134(21%)    |       1813        |       1822        
RUN-1001 :     fix_hold     |    1     |   10s(4%)    |    10(1%)     |       1812        |       1822        
RUN-1001 :      bitgen      |    1     |    4s(1%)    |    52(8%)     |       1819        |       1822        
RUN-1001 :   import_device  |    1     |    2s(0%)    |     2(0%)     |        323        |        323        
RUN-1001 :     import_db    |    1     |    0s(0%)    |     0(0%)     |        512        |        512        
RUN-1001 : ---------------------------------------------------------------------------------------------------
RUN-1001 :       total      |    6     |    3m30s     |      633      |       1819        |       1822        
RUN-1001 : ---------------------------------------------------------------------------------------------------

