============================================================
   Tang Dynasty, V6.2.168116
   Copyright (c) 2012-2025 Anlogic Inc.
   Executable = F:/AnlogicFpga/TD_6.2.1_Engineer_6.2.168.116/bin/td_commands_prompt.exe
   Built at =   16:32:07 Jun 12 2025
   Run by =     pc
   Run Date =   Fri Sep 18 18:29:08 2026

   Run on =     CIRBUG
============================================================
RUN-1002 : start command "import_device ph1_35p.db -package PH1P35MDG324 -speed 3"
ARC-1001 : Device Initialization.
ARC-1001 : ----------------------------------------------------------------
ARC-1001 :           OPTION          |          IO           |   SETTING   
ARC-1001 : ----------------------------------------------------------------
ARC-1001 :   non_jtag_persist(none)  |        35 IOs         |    gpio    
ARC-1001 :            jtag           |  P13/P15/L14/R13/T13  |  dedicate  
ARC-1001 : ----------------------------------------------------------------
RUN-1003 : finish command "import_device ph1_35p.db -package PH1P35MDG324 -speed 3" in  2.343367s wall, 2.062500s user + 0.062500s system = 2.125000s CPU (90.7%)

RUN-1004 : used memory is 325 MB, reserved memory is 321 MB, peak memory is 325 MB
RUN-1002 : start command "open_project camera_to_dsi_display.prj -noanalyze"
RUN-1002 : start command "import_db ../syn_1/camera_to_dsi_display_gate.db"
RUN-1001 : Importing database generated by Tang Dynasty, V6.2.168116.
RUN-1001 : Database version number 46207
RUN-1001 : Import flow parameters
RUN-1001 : Import netlist
RUN-1001 : Import timing constraints
RUN-1001 : Import IO constraints
RUN-1001 : Import Inst constraints
RUN-1001 : Import ChipWatcher
RUN-1001 : Import design success TD_VERSION=6.2.168116 , DB_VERSION=46207
RUN-1003 : finish command "import_db ../syn_1/camera_to_dsi_display_gate.db" in  1.122244s wall, 0.656250s user + 0.046875s system = 0.703125s CPU (62.7%)

RUN-1004 : used memory is 535 MB, reserved memory is 531 MB, peak memory is 535 MB
RUN-1002 : start command "commit_param -step place"
RUN-1001 : Print Global Property
RUN-1001 : -------------------------------------------------------------
RUN-1001 :     Parameters    |   Settings   |  Default Values  |  Note  
RUN-1001 : -------------------------------------------------------------
RUN-1001 :    enable_seed    |     off      |       off        |        
RUN-1001 :    hfn_to_clock   |  1000000000  |    1000000000    |        
RUN-1001 :      message      |   standard   |     standard     |        
RUN-1001 :    qor_monitor    |      on      |        on        |        
RUN-1001 :   speedup_effort  |      0       |        0         |        
RUN-1001 :    syn_ip_flow    |     off      |       off        |        
RUN-1001 :       thread      |     auto     |       auto       |        
RUN-1001 : -------------------------------------------------------------
RUN-1001 : Print Place Property
RUN-1001 : ---------------------------------------------------------------
RUN-1001 :       Parameters      |  Settings  |  Default Values  |  Note  
RUN-1001 : ---------------------------------------------------------------
RUN-1001 :         effort        |   medium   |      medium      |        
RUN-1001 :     hfn_opt_effort    |   medium   |      medium      |        
RUN-1001 :    logic_level_opt    |    off     |       off        |        
RUN-1001 :   macro_performance   |    auto    |       auto       |        
RUN-1001 :       max_fanout      |   999999   |      999999      |        
RUN-1001 :       opt_timing      |   medium   |      medium      |        
RUN-1001 :     post_place_opt    |    auto    |       auto       |        
RUN-1001 :      pr_strategy      |     1      |        1         |        
RUN-1001 :   preplace_floorplan  |    off     |       off        |        
RUN-1001 : ---------------------------------------------------------------
RUN-1002 : start command "insert_debugger"
RUN-1002 : start command "place"
RUN-1001 : Open license file F:/AnlogicFpga/TD_6.2.1_Engineer_6.2.168.116/license/Anlogic.lic
PHY-3001 : Placer runs in 32 thread(s).
PHY-1001 : Stage 1 | Initialize Design
PHY-1001 : Stage 1.1 | Build Design
PHY-1001 : 10274 luts, 14387 seqs, 408 mslices, 3296 lslices, 53 pads, 49 brams, 8 dsps
RUN-1002 : start command "legalize_phy_inst"
SYN-1011 : Flatten model design_top_wrapper
SYN-1001 : ADC: Instance "u_ph1p35_324_ddr_wrapper/u_ddr2/ph1p_ddrmc_wrapper/ph1p_ddrmc_top/u_ddr_phy/u_ddrphy_top/u_ddrphy/ac_byte[0]$ac_byte_used$u_ddrphy_ac_byte_wrapper/u_ddrphy_byte" LOCATION="X0Y70Z0"
SYN-1001 : ADC: Instance "u_ph1p35_324_ddr_wrapper/u_ddr2/ph1p_ddrmc_wrapper/ph1p_ddrmc_top/u_ddr_phy/u_ddrphy_top/u_ddrphy/ac_byte[1]$ac_byte_used$u_ddrphy_ac_byte_wrapper/u_ddrphy_byte" LOCATION="X0Y60Z0"
SYN-1001 : ADC: Instance "u_ph1p35_324_ddr_wrapper/u_ddr2/ph1p_ddrmc_wrapper/ph1p_ddrmc_top/u_ddr_phy/u_ddrphy_top/u_ddrphy/ac_byte[2]$ac_byte_used$u_ddrphy_ac_byte_wrapper/u_ddrphy_byte" LOCATION="X0Y50Z0"
SYN-1001 : ADC: Instance "u_ph1p35_324_ddr_wrapper/u_ddr2/ph1p_ddrmc_wrapper/ph1p_ddrmc_top/u_ddr_phy/u_ddrphy_top/u_ddrphy/ac_byte[3]$ac_byte_used$u_ddrphy_ac_byte_wrapper/u_ddrphy_byte" LOCATION="X0Y40Z0"
SYN-1001 : ADC: Instance "u_ph1p35_324_ddr_wrapper/u_ddr2/ph1p_ddrmc_wrapper/ph1p_ddrmc_top/u_ddr_phy/u_ddrphy_top/u_ddrphy/bkref[0]$u_ddrphy_bankref" LOCATION="X0Y19Z0"
SYN-1001 : ADC: Instance "u_ph1p35_324_ddr_wrapper/u_ddr2/ph1p_ddrmc_wrapper/ph1p_ddrmc_top/u_ddr_phy/u_ddrphy_top/u_ddrphy/bkref[1]$u_ddrphy_bankref" LOCATION="X0Y59Z0"
SYN-1001 : ADC: Instance "u_ph1p35_324_ddr_wrapper/u_ddr2/ph1p_ddrmc_wrapper/ph1p_ddrmc_top/u_ddr_phy/u_ddrphy_top/u_ddrphy/dx_byte[0]$dx_byte_used$u_ddrphy_dx_byte_wrapper/u_ddrphy_byte" LOCATION="X0Y30Z0"
SYN-1001 : ADC: Instance "u_ph1p35_324_ddr_wrapper/u_ddr2/ph1p_ddrmc_wrapper/ph1p_ddrmc_top/u_ddr_phy/u_ddrphy_top/u_ddrphy/dx_byte[1]$dx_byte_used$u_ddrphy_dx_byte_wrapper/u_ddrphy_byte" LOCATION="X0Y10Z0"
SYN-1001 : ADC: Instance "u_ph1p35_324_ddr_wrapper/u_ddr2/ph1p_ddrmc_wrapper/ph1p_ddrmc_top/u_ddr_phy/u_ddrphy_top/u_ddrphy_clk/ioclk[0]$u_ioclk_0" LOCATION="X0Y59Z0"
SYN-1001 : ADC: Instance "u_ph1p35_324_ddr_wrapper/u_ddr2/ph1p_ddrmc_wrapper/ph1p_ddrmc_top/u_ddr_phy/u_ddrphy_top/u_ddrphy_clk/ioclk[0]$u_ioclk_1" LOCATION="X0Y59Z1"
SYN-1001 : ADC: Instance "u_ph1p35_324_ddr_wrapper/u_ddr2/ph1p_ddrmc_wrapper/ph1p_ddrmc_top/u_ddr_phy/u_ddrphy_top/u_ddrphy_clk/ioclk[1]$u_ioclk_0" LOCATION="X0Y19Z0"
SYN-1001 : ADC: Instance "u_ph1p35_324_ddr_wrapper/u_ddr2/ph1p_ddrmc_wrapper/ph1p_ddrmc_top/u_ddr_phy/u_ddrphy_top/u_ddrphy_clk/ioclk[1]$u_ioclk_1" LOCATION="X0Y19Z1"
SYN-1001 : ADC: Instance "u_ph1p35_324_ddr_wrapper/u_ddr2/ph1p_ddrmc_wrapper/ph1p_ddrmc_top/u_ddr_phy/u_ddrphy_top/u_ddrphy_clk/u_mlclk_1" LOCATION="X0Y59Z0"
SYN-1001 : ADC: Instance "u_ph1p35_324_ddr_wrapper/u_ddr2/ph1p_ddrmc_wrapper/ph1p_ddrmc_top/u_ddr_phy/u_ddrphy_top/u_ddrphy_clk/u_mlclk_2" LOCATION="X0Y59Z1"
SYN-1001 : ADC: Instance "u_ph1p35_324_ddr_wrapper/u_ddr2/ph1p_ddrmc_wrapper/ph1p_ddrmc_top/u_ddr_phy/u_ddrphy_top/u_ddrphy_clk/u_pll0/u_pll_inst" LOCATION="X0Y40Z0"
SYN-1001 : ADC: Instance "u_ph1p35_324_ddr_wrapper/u_ddr2/ph1p_ddrmc_wrapper/ph1p_ddrmc_top/u_ddr_phy/u_ddrphy_top/u_ddrphy_clk/u_pll1/u_pll_inst" LOCATION="X0Y79Z0"
PHY-1001 : Remove keep and sweep redundant instances ...
PHY-1001 : 9961 luts, 14045 seqs, 408 mslices, 3265 lslices, 53 pads, 49 brams, 8 dsps
PHY-1001 : End Stage 1.1 | Build Design; Time: 0.469660s wall, 0.453125s user + 0.015625s system = 0.468750s CPU (99.8%); Memory(MB): used = 536, reserved = 531, peak = 536;

PHY-1001 : Stage 1.2 | Optimize Design
OPT-1001 : Stage 1.2.1 | Simplify Lut
OPT-1001 : End Stage 1.2.1 | Simplify Lut; Time: 0.069362s wall, 0.078125s user + 0.000000s system = 0.078125s CPU (112.6%); Memory(MB): used = 537, reserved = 531, peak = 537;

OPT-1001 : Stage 1.2.2 | Sweep
OPT-1001 : End Stage 1.2.2 | Sweep; Time: 0.022700s wall, 0.015625s user + 0.000000s system = 0.015625s CPU (68.8%); Memory(MB): used = 537, reserved = 531, peak = 537;

OPT-1001 : Stage 1.2.3 | Merge Lut
OPT-1001 : Start remap optimization ...
RUN-1001 :   Added 0 lut1 for undup drivers
OPT-1001 : skip lut merge since lut number 9959 is similar to or less than reg number 14045
OPT-1001 : End Stage 1.2.3 | Merge Lut; Time: 0.039036s wall, 0.046875s user + 0.000000s system = 0.046875s CPU (120.1%); Memory(MB): used = 537, reserved = 531, peak = 537;

OPT-1001 : Stage 1.2.4 | Synthesize High-fanout Net
OPT-1001 : Start high-fanout net optimization in pre-place flow with medium effort ...
RUN-1001 : HFN opt statistic
RUN-1001 : ------------------------------------------------------
RUN-1001 :   DriverCell type  |  HFN count  |  Duplicated count  
RUN-1001 : ------------------------------------------------------
RUN-1001 :       LSLICE       |      0      |         0          
RUN-1001 :       MSLICE       |      0      |         0          
RUN-1001 :        TOTAL       |      0      |         0          
RUN-1001 : ------------------------------------------------------
OPT-1001 : End high-fanout net optimization;  0.001211s wall, 0.000000s user + 0.000000s system = 0.000000s CPU (n/a%)

OPT-1001 : Current memory(MB): used = 537, reserved = 531, peak = 537.
OPT-1001 : End Stage 1.2.4 | Synthesize High-fanout Net; Time: 0.002297s wall, 0.000000s user + 0.000000s system = 0.000000s CPU (n/a%); Memory(MB): used = 537, reserved = 531, peak = 537;

OPT-1001 : End physical optimization;  0.135427s wall, 0.140625s user + 0.000000s system = 0.140625s CPU (103.8%)

PHY-1001 : End Stage 1.2 | Optimize Design; Time: 0.140961s wall, 0.140625s user + 0.000000s system = 0.140625s CPU (99.8%); Memory(MB): used = 537, reserved = 531, peak = 537;

PHY-1001 : Stage 1.3 | Initialize Clock
PHY-1001 : Start to synthesize physical clock networks.
RUN-1002 : start command "start_timer"
USR-1002 : Derived clock:  create_generated_clock -name {u_PLL/ph1p_phy_pll_wrapper_25a56e5ce2f9_Inst/u_PH1P_PHY_PLL.clkc[0]} -source [get_ports {I_sys_clk}] -master_clock {sys_clk_50m} -multiply_by 2.0000 -duty_cycle 50.0000 [get_pins {u_PLL/ph1p_phy_pll_wrapper_25a56e5ce2f9_Inst/u_PH1P_PHY_PLL.clkc[0]}]
USR-1002 : Derived clock:  create_generated_clock -name {u_PLL/ph1p_phy_pll_wrapper_25a56e5ce2f9_Inst/u_PH1P_PHY_PLL.clkc[1]} -source [get_ports {I_sys_clk}] -master_clock {sys_clk_50m} -divide_by 2.1000 -duty_cycle 50.0000 [get_pins {u_PLL/ph1p_phy_pll_wrapper_25a56e5ce2f9_Inst/u_PH1P_PHY_PLL.clkc[1]}]
USR-1002 : Derived clock:  create_generated_clock -name {u_PLL/ph1p_phy_pll_wrapper_25a56e5ce2f9_Inst/u_PH1P_PHY_PLL.clkc[2]} -source [get_ports {I_sys_clk}] -master_clock {sys_clk_50m} -multiply_by 1.0000 -duty_cycle 50.0000 [get_pins {u_PLL/ph1p_phy_pll_wrapper_25a56e5ce2f9_Inst/u_PH1P_PHY_PLL.clkc[2]}]
USR-1002 : Derived clock:  create_generated_clock -name {u_PLL/ph1p_phy_pll_wrapper_25a56e5ce2f9_Inst/u_PH1P_PHY_PLL.clkc[3]} -source [get_ports {I_sys_clk}] -master_clock {sys_clk_50m} -multiply_by 6.0000 -duty_cycle 50.0000 [get_pins {u_PLL/ph1p_phy_pll_wrapper_25a56e5ce2f9_Inst/u_PH1P_PHY_PLL.clkc[3]}]
USR-1002 : Derived clock:  create_generated_clock -name {u_PLL/ph1p_phy_pll_wrapper_25a56e5ce2f9_Inst/u_PH1P_PHY_PLL.clkc[4]} -source [get_ports {I_sys_clk}] -master_clock {sys_clk_50m} -multiply_by 1.5000 -duty_cycle 50.0000 [get_pins {u_PLL/ph1p_phy_pll_wrapper_25a56e5ce2f9_Inst/u_PH1P_PHY_PLL.clkc[4]}]
USR-1002 : Derived clock:  create_generated_clock -name {u_PLL/ph1p_phy_pll_wrapper_25a56e5ce2f9_Inst/u_PH1P_PHY_PLL.clkc[5]} -source [get_ports {I_sys_clk}] -master_clock {sys_clk_50m} -multiply_by 7.5000 -duty_cycle 50.0000 [get_pins {u_PLL/ph1p_phy_pll_wrapper_25a56e5ce2f9_Inst/u_PH1P_PHY_PLL.clkc[5]}]
USR-1002 : Derived clock:  create_generated_clock -name {u_ph1p35_324_ddr_wrapper/u_ddr2/ph1p_ddrmc_wrapper/ph1p_ddrmc_top/u_ddr_phy/u_ddrphy_top/u_ddrphy_clk/u_pll0/u_pll_inst.clkc[0]} -source [get_ports {I_sys_clk}] -master_clock {sys_clk_50m} -multiply_by 1.3333 -duty_cycle 50.0000 [get_pins {u_ph1p35_324_ddr_wrapper/u_ddr2/ph1p_ddrmc_wrapper/ph1p_ddrmc_top/u_ddr_phy/u_ddrphy_top/u_ddrphy_clk/u_pll0/u_pll_inst.clkc[0]}]
USR-1002 : Derived clock:  create_generated_clock -name {u_ph1p35_324_ddr_wrapper/u_ddr2/ph1p_ddrmc_wrapper/ph1p_ddrmc_top/u_ddr_phy/u_ddrphy_top/u_ddrphy_clk/u_pll0/u_pll_inst.clkc[1]} -source [get_ports {I_sys_clk}] -master_clock {sys_clk_50m} -multiply_by 1.3333 -duty_cycle 50.0000 [get_pins {u_ph1p35_324_ddr_wrapper/u_ddr2/ph1p_ddrmc_wrapper/ph1p_ddrmc_top/u_ddr_phy/u_ddrphy_top/u_ddrphy_clk/u_pll0/u_pll_inst.clkc[1]}]
USR-1002 : Derived clock:  create_generated_clock -name {u_ph1p35_324_ddr_wrapper/u_ddr2/ph1p_ddrmc_wrapper/ph1p_ddrmc_top/u_ddr_phy/u_ddrphy_top/u_ddrphy_clk/u_pll0/u_pll_inst.clkc[2]} -source [get_ports {I_sys_clk}] -master_clock {sys_clk_50m} -multiply_by 5.3333 -duty_cycle 50.0000 [get_pins {u_ph1p35_324_ddr_wrapper/u_ddr2/ph1p_ddrmc_wrapper/ph1p_ddrmc_top/u_ddr_phy/u_ddrphy_top/u_ddrphy_clk/u_pll0/u_pll_inst.clkc[2]}]
USR-1002 : Derived clock:  create_generated_clock -name {u_ph1p35_324_ddr_wrapper/u_ddr2/ph1p_ddrmc_wrapper/ph1p_ddrmc_top/u_ddr_phy/u_ddrphy_top/u_ddrphy_clk/u_pll0/u_pll_inst.clkc[3]} -source [get_ports {I_sys_clk}] -master_clock {sys_clk_50m} -divide_by 1.9687 -duty_cycle 50.0000 [get_pins {u_ph1p35_324_ddr_wrapper/u_ddr2/ph1p_ddrmc_wrapper/ph1p_ddrmc_top/u_ddr_phy/u_ddrphy_top/u_ddrphy_clk/u_pll0/u_pll_inst.clkc[3]}]
USR-1002 : Derived clock:  create_generated_clock -name {u_ph1p35_324_ddr_wrapper/u_ddr2/ph1p_ddrmc_wrapper/ph1p_ddrmc_top/u_ddr_phy/u_ddrphy_top/u_ddrphy_clk/u_pll1/u_pll_inst.clkc[0]} -source [get_pins {u_ph1p35_324_ddr_wrapper/u_ddr2/ph1p_ddrmc_wrapper/ph1p_ddrmc_top/u_ddr_phy/u_ddrphy_top/u_ddrphy_clk/u_pll0/u_pll_inst.clkc[0]}] -master_clock {u_ph1p35_324_ddr_wrapper/u_ddr2/ph1p_ddrmc_wrapper/ph1p_ddrmc_top/u_ddr_phy/u_ddrphy_top/u_ddrphy_clk/u_pll0/u_pll_inst.clkc[0]} -multiply_by 1.0000 -duty_cycle 50.0000 [get_pins {u_ph1p35_324_ddr_wrapper/u_ddr2/ph1p_ddrmc_wrapper/ph1p_ddrmc_top/u_ddr_phy/u_ddrphy_top/u_ddrphy_clk/u_pll1/u_pll_inst.clkc[0]}]
8.888000
15.000000
15.000000
13.333000
RUN-1003 : finish command "start_timer" in  2.044378s wall, 1.968750s user + 0.062500s system = 2.031250s CPU (99.4%)

RUN-1004 : used memory is 722 MB, reserved memory is 723 MB, peak memory is 722 MB
TMR-2502 : Net delay update with mode: Synthesized
PHY-5060 CRITICAL-WARNING: Clock net candidate u_uicfgcs500/uii2c_inst/scl_clk has mixed fanouts of 1 clock pins; 2 data/ctrl pins. Please check connection of the net in design.
PHY-5060 CRITICAL-WARNING: Clock net candidate O_cam_24m_syn_3 has mixed fanouts of 150 clock pins; 1 data/ctrl pins. Please check connection of the net in design.
PHY-1001 : Populate physical database on model design_top_wrapper.
RUN-1001 : There are total 27892 instances
RUN-0007 : 9959 luts, 14045 seqs, 408 mslices, 3265 lslices, 53 pads, 49 brams, 8 dsps
RUN-1001 : There are total 38301 nets
RUN-1001 : 26018 nets have 2 pins
RUN-1001 : 9788 nets have [3 - 5] pins
RUN-1001 : 1752 nets have [6 - 10] pins
RUN-1001 : 422 nets have [11 - 20] pins
RUN-1001 : 279 nets have [21 - 99] pins
RUN-1001 : 42 nets have 100+ pins
PHY-1001 : Start to check user instance location assignments; please refer to ADC constraint.
PHY-1001 : End Stage 1.3 | Initialize Clock; Time: 3.449570s wall, 3.265625s user + 0.109375s system = 3.375000s CPU (97.8%); Memory(MB): used = 809, reserved = 808, peak = 809;

PHY-1001 : End Stage 1 | Initialize Design; Time: 4.110240s wall, 3.906250s user + 0.125000s system = 4.031250s CPU (98.1%); Memory(MB): used = 809, reserved = 808, peak = 809;

PHY-1001 : Stage 2 | Global Placement
RUN-1001 : Report Control nets information:
RUN-1001 : DFF Distribution
RUN-1001 : -------------------------------------
RUN-1001 :   CE   |  SSR  |  ASR  |  DFF Count  
RUN-1001 : -------------------------------------
RUN-1001 :   No   |  No   |  No   |    6710     
RUN-1001 :   No   |  No   |  Yes  |    3881     
RUN-1001 :   No   |  Yes  |  No   |     218     
RUN-1001 :   Yes  |  No   |  No   |     376     
RUN-1001 :   Yes  |  No   |  Yes  |    2938     
RUN-1001 :   Yes  |  Yes  |  No   |     146     
RUN-1001 : -------------------------------------
RUN-1001 : Control Group Statistic
RUN-1001 : -----------------------------
RUN-1001 :   #CLK  |  #CE  |  #SSR/ASR  
RUN-1001 : -----------------------------
RUN-1001 :    10   |  126  |     26     
RUN-1001 : -----------------------------
RUN-0007 : Control Set = 164
PHY-1001 : Stage 2.1 | Place Fixed Instances
PHY-1001 : Processing 2 clock pins of DDR instance u_ph1p35_324_ddr_wrapper/u_ddr2/ph1p_ddrmc_wrapper/ph1p_ddrmc_top/u_ddr_phy/u_ddrphy_top/u_ddrphy/ac_byte[0]$ac_byte_used$u_ddrphy_ac_byte_wrapper/u_ddrphy_byte, location = x0y70z0.
PHY-1001 :   User location X0Y59Z1 of ioclk instance u_ph1p35_324_ddr_wrapper/u_ddr2/ph1p_ddrmc_wrapper/ph1p_ddrmc_top/u_ddr_phy/u_ddrphy_top/u_ddrphy_clk/ioclk[0]$u_ioclk_1.
PHY-1001 :   Placement of ioclk instance u_ph1p35_324_ddr_wrapper/u_ddr2/ph1p_ddrmc_wrapper/ph1p_ddrmc_top/u_ddr_phy/u_ddrphy_top/u_ddrphy_clk/ioclk[0]$u_ioclk_1; location = x0y59z1.
PHY-1001 :   User location X0Y59Z0 of ioclk instance u_ph1p35_324_ddr_wrapper/u_ddr2/ph1p_ddrmc_wrapper/ph1p_ddrmc_top/u_ddr_phy/u_ddrphy_top/u_ddrphy_clk/ioclk[0]$u_ioclk_0.
PHY-1001 :   Placement of ioclk instance u_ph1p35_324_ddr_wrapper/u_ddr2/ph1p_ddrmc_wrapper/ph1p_ddrmc_top/u_ddr_phy/u_ddrphy_top/u_ddrphy_clk/ioclk[0]$u_ioclk_0; location = x0y59z0.
PHY-1001 : Processing 2 clock pins of DDR instance u_ph1p35_324_ddr_wrapper/u_ddr2/ph1p_ddrmc_wrapper/ph1p_ddrmc_top/u_ddr_phy/u_ddrphy_top/u_ddrphy/ac_byte[1]$ac_byte_used$u_ddrphy_ac_byte_wrapper/u_ddrphy_byte, location = x0y60z0.
PHY-1001 :   Placed ioclk instance u_ph1p35_324_ddr_wrapper/u_ddr2/ph1p_ddrmc_wrapper/ph1p_ddrmc_top/u_ddr_phy/u_ddrphy_top/u_ddrphy_clk/ioclk[0]$u_ioclk_1, location = x0y59z1.
PHY-1001 :   Placed ioclk instance u_ph1p35_324_ddr_wrapper/u_ddr2/ph1p_ddrmc_wrapper/ph1p_ddrmc_top/u_ddr_phy/u_ddrphy_top/u_ddrphy_clk/ioclk[0]$u_ioclk_0, location = x0y59z0.
PHY-1001 : Processing 2 clock pins of DDR instance u_ph1p35_324_ddr_wrapper/u_ddr2/ph1p_ddrmc_wrapper/ph1p_ddrmc_top/u_ddr_phy/u_ddrphy_top/u_ddrphy/ac_byte[2]$ac_byte_used$u_ddrphy_ac_byte_wrapper/u_ddrphy_byte, location = x0y50z0.
PHY-1001 :   Placed ioclk instance u_ph1p35_324_ddr_wrapper/u_ddr2/ph1p_ddrmc_wrapper/ph1p_ddrmc_top/u_ddr_phy/u_ddrphy_top/u_ddrphy_clk/ioclk[0]$u_ioclk_1, location = x0y59z1.
PHY-1001 :   Placed ioclk instance u_ph1p35_324_ddr_wrapper/u_ddr2/ph1p_ddrmc_wrapper/ph1p_ddrmc_top/u_ddr_phy/u_ddrphy_top/u_ddrphy_clk/ioclk[0]$u_ioclk_0, location = x0y59z0.
PHY-1001 : Processing 2 clock pins of DDR instance u_ph1p35_324_ddr_wrapper/u_ddr2/ph1p_ddrmc_wrapper/ph1p_ddrmc_top/u_ddr_phy/u_ddrphy_top/u_ddrphy/ac_byte[3]$ac_byte_used$u_ddrphy_ac_byte_wrapper/u_ddrphy_byte, location = x0y40z0.
PHY-1001 :   Placed ioclk instance u_ph1p35_324_ddr_wrapper/u_ddr2/ph1p_ddrmc_wrapper/ph1p_ddrmc_top/u_ddr_phy/u_ddrphy_top/u_ddrphy_clk/ioclk[0]$u_ioclk_1, location = x0y59z1.
PHY-1001 :   Placed ioclk instance u_ph1p35_324_ddr_wrapper/u_ddr2/ph1p_ddrmc_wrapper/ph1p_ddrmc_top/u_ddr_phy/u_ddrphy_top/u_ddrphy_clk/ioclk[0]$u_ioclk_0, location = x0y59z0.
PHY-1001 : Processing 2 clock pins of DDR instance u_ph1p35_324_ddr_wrapper/u_ddr2/ph1p_ddrmc_wrapper/ph1p_ddrmc_top/u_ddr_phy/u_ddrphy_top/u_ddrphy/dx_byte[0]$dx_byte_used$u_ddrphy_dx_byte_wrapper/u_ddrphy_byte, location = x0y30z0.
PHY-1001 :   User location X0Y19Z1 of ioclk instance u_ph1p35_324_ddr_wrapper/u_ddr2/ph1p_ddrmc_wrapper/ph1p_ddrmc_top/u_ddr_phy/u_ddrphy_top/u_ddrphy_clk/ioclk[1]$u_ioclk_1.
PHY-1001 :   Placement of ioclk instance u_ph1p35_324_ddr_wrapper/u_ddr2/ph1p_ddrmc_wrapper/ph1p_ddrmc_top/u_ddr_phy/u_ddrphy_top/u_ddrphy_clk/ioclk[1]$u_ioclk_1; location = x0y19z1.
PHY-1001 :   User location X0Y19Z0 of ioclk instance u_ph1p35_324_ddr_wrapper/u_ddr2/ph1p_ddrmc_wrapper/ph1p_ddrmc_top/u_ddr_phy/u_ddrphy_top/u_ddrphy_clk/ioclk[1]$u_ioclk_0.
PHY-1001 :   Placement of ioclk instance u_ph1p35_324_ddr_wrapper/u_ddr2/ph1p_ddrmc_wrapper/ph1p_ddrmc_top/u_ddr_phy/u_ddrphy_top/u_ddrphy_clk/ioclk[1]$u_ioclk_0; location = x0y19z0.
PHY-1001 : Processing 2 clock pins of DDR instance u_ph1p35_324_ddr_wrapper/u_ddr2/ph1p_ddrmc_wrapper/ph1p_ddrmc_top/u_ddr_phy/u_ddrphy_top/u_ddrphy/dx_byte[1]$dx_byte_used$u_ddrphy_dx_byte_wrapper/u_ddrphy_byte, location = x0y10z0.
PHY-1001 :   Placed ioclk instance u_ph1p35_324_ddr_wrapper/u_ddr2/ph1p_ddrmc_wrapper/ph1p_ddrmc_top/u_ddr_phy/u_ddrphy_top/u_ddrphy_clk/ioclk[1]$u_ioclk_1, location = x0y19z1.
PHY-1001 :   Placed ioclk instance u_ph1p35_324_ddr_wrapper/u_ddr2/ph1p_ddrmc_wrapper/ph1p_ddrmc_top/u_ddr_phy/u_ddrphy_top/u_ddrphy_clk/ioclk[1]$u_ioclk_0, location = x0y19z0.
PHY-1001 : DDR MLCLK topology u_ph1p35_324_ddr_wrapper/u_ddr2/ph1p_ddrmc_wrapper/ph1p_ddrmc_top/u_ddr_phy/u_ddrphy_top/u_ddrphy_clk/u_mlclk_1.
PHY-1001 :   Driver: PH1P_PHY_PLL_V2 u_ph1p35_324_ddr_wrapper/u_ddr2/ph1p_ddrmc_wrapper/ph1p_ddrmc_top/u_ddr_phy/u_ddrphy_top/u_ddrphy_clk/u_pll0/u_pll_inst.clkc[1], user location :X0Y40Z0.
PHY-1001 :   Sink: PH1P_PHY_IOCLK u_ph1p35_324_ddr_wrapper/u_ddr2/ph1p_ddrmc_wrapper/ph1p_ddrmc_top/u_ddr_phy/u_ddrphy_top/u_ddrphy_clk/ioclk[0]$u_ioclk_0, location = x0y59z0, sectorID = 1.
PHY-1001 :   Sink: PH1P_PHY_IOCLK u_ph1p35_324_ddr_wrapper/u_ddr2/ph1p_ddrmc_wrapper/ph1p_ddrmc_top/u_ddr_phy/u_ddrphy_top/u_ddrphy_clk/ioclk[1]$u_ioclk_0, location = x0y19z0, sectorID = 0.
PHY-1001 : Placement of MLCLK instance u_ph1p35_324_ddr_wrapper/u_ddr2/ph1p_ddrmc_wrapper/ph1p_ddrmc_top/u_ddr_phy/u_ddrphy_top/u_ddrphy_clk/u_mlclk_1; location = x0y59z0,  sectorID = 1.
PHY-1001 : DDR MLCLK topology u_ph1p35_324_ddr_wrapper/u_ddr2/ph1p_ddrmc_wrapper/ph1p_ddrmc_top/u_ddr_phy/u_ddrphy_top/u_ddrphy_clk/u_mlclk_2.
PHY-1001 :   Driver: PH1P_PHY_PLL_V2 u_ph1p35_324_ddr_wrapper/u_ddr2/ph1p_ddrmc_wrapper/ph1p_ddrmc_top/u_ddr_phy/u_ddrphy_top/u_ddrphy_clk/u_pll0/u_pll_inst.clkc[2], user location :X0Y40Z0.
PHY-1001 :   Sink: PH1P_PHY_IOCLK u_ph1p35_324_ddr_wrapper/u_ddr2/ph1p_ddrmc_wrapper/ph1p_ddrmc_top/u_ddr_phy/u_ddrphy_top/u_ddrphy_clk/ioclk[0]$u_ioclk_1, location = x0y59z1, sectorID = 1.
PHY-1001 :   Sink: PH1P_PHY_IOCLK u_ph1p35_324_ddr_wrapper/u_ddr2/ph1p_ddrmc_wrapper/ph1p_ddrmc_top/u_ddr_phy/u_ddrphy_top/u_ddrphy_clk/ioclk[1]$u_ioclk_1, location = x0y19z1, sectorID = 0.
PHY-1001 : Placement of MLCLK instance u_ph1p35_324_ddr_wrapper/u_ddr2/ph1p_ddrmc_wrapper/ph1p_ddrmc_top/u_ddr_phy/u_ddrphy_top/u_ddrphy_clk/u_mlclk_2; location = x0y59z1,  sectorID = 1.
PHY-5016 WARNING: PLL clkc is driving an IO without location.
PHY-5016 WARNING: PLL clkc is not driving a clock-capable IO.
PHY-5016 WARNING: PLL clkc is driving an IO without location.
PHY-5016 WARNING: PLL clkc is driving an IO without location.
PHY-5016 WARNING: PLL clkc is driving an IO without location.
PHY-5016 WARNING: PLL clkc is not driving a clock-capable IO.
PHY-1001 : End Stage 2.1 | Place Fixed Instances; Time: 0.087753s wall, 0.062500s user + 0.000000s system = 0.062500s CPU (71.2%); Memory(MB): used = 839, reserved = 837, peak = 839;

PHY-1001 : Stage 2.2 | Pre-Place DRC Check
PHY-1001 : Stage 2.2.1 | Force Route Constraint Check
PHY-1001 : Check Pass.
PHY-1001 : End Stage 2.2.1 | Force Route Constraint Check; Time: 0.003458s wall, 0.015625s user + 0.000000s system = 0.015625s CPU (451.8%); Memory(MB): used = 839, reserved = 837, peak = 839;

PHY-1001 : End Stage 2.2 | Pre-Place DRC Check; Time: 0.004225s wall, 0.015625s user + 0.000000s system = 0.015625s CPU (369.8%); Memory(MB): used = 839, reserved = 837, peak = 839;

PHY-1001 : Clock GCLK Statistics:
RUN-1001 : GCLK Index: 
RUN-1001 : -------------------------------------------------------------------------------------------------------------------------------------------------------
RUN-1001 :   Index  |                                                          Clock GCLK                                                           |  Location   
RUN-1001 : -------------------------------------------------------------------------------------------------------------------------------------------------------
RUN-1001 :     1    |                           u_mipi_dphy_rx_ph1p_mipiio_wrapper/u_ph1p_mipiio_rx_wrapper/bufg_feedback                           |  x23y39z0   
RUN-1001 :     2    |   u_ph1p35_324_ddr_wrapper/u_ddr2/ph1p_ddrmc_wrapper/ph1p_ddrmc_top/u_ddr_phy/u_ddrphy_top/u_ddrphy_clk/u_pll1/u_bufg_fbclk   |  x23y39z16  
RUN-1001 :     3    |                                               S_hdmi_pixel_clk_created_gclkinst                                               |  x23y39z17  
RUN-1001 :     4    |                                               O_cam_24m_dup_1_created_gclkinst                                                |  x23y39z18  
RUN-1001 :     5    |                                               I_sys_clk_dup_6_created_gclkinst                                                |  x23y39z24  
RUN-1001 :     6    |                                           u_mcu_ui_apb_regs/I_clk_created_gclkinst                                            |  x23y39z19  
RUN-1001 :     7    |                          u_hdmi_tx/u_hdmi2phy_wrapper/u0_lane_lvds_8_1/I_serial_clk_created_gclkinst                          |  x23y39z20  
RUN-1001 :     8    |  u_ph1p35_324_ddr_wrapper/u_ddr2/ph1p_ddrmc_wrapper/ph1p_ddrmc_top/u_ddr_phy/u_ddrphy_top/u_ddrphy/apb_pclk_created_gclkinst  |  x23y39z21  
RUN-1001 :     9    |                                       u_uicfgcs500/uii2c_inst/scl_clk_created_gclkinst                                        |  x23y39z1   
RUN-1001 :    10    |                                                      u_PLL/bufg_feedback                                                      |  x23y39z22  
RUN-1001 :    11    |                                     u_mcu/MCU_521bd43d073e_Inst/core_clk_created_gclkinst                                     |  x23y39z23  
RUN-1001 : -------------------------------------------------------------------------------------------------------------------------------------------------------
RUN-1001 : Clock Nets Connect To GCLK Statistics: 
RUN-1001 : -----------------------------------------------------------------------------------------------------------------------------------------------------------------------------------------
RUN-1001 :   Index  |                        Leading Net                        |  CLK/DATA/IO/PLL Sink(s)  |                       Following Net                       |  CLK/DATA/IO/PLL Sink(s)  
RUN-1001 : -----------------------------------------------------------------------------------------------------------------------------------------------------------------------------------------
RUN-1001 :     1    | u_mipi_dphy_rx_ph1p_mipiio_wrapper/u_ph1p_mipiio_rx_w...  |          1/0/0/0          | u_isp_top/u_rgb96_downscale_crop/u_scale_line_buffer/...  |        8723/0/0/0         
RUN-1001 :     2    | u_ph1p35_324_ddr_wrapper/u_ddr2/ph1p_ddrmc_wrapper/ph...  |          1/0/0/0          | u_ph1p35_324_ddr_wrapper/u_ddr2/ph1p_ddrmc_wrapper/ph...  |        3545/0/0/0         
RUN-1001 :     3    |                     S_hdmi_pixel_clk                      |          1/0/0/0          |                 S_hdmi_pixel_clk_syn_652                  |        1509/0/0/0         
RUN-1001 :     4    |                      O_cam_24m_dup_1                      |          1/0/0/0          |                      O_cam_24m_syn_3                      |         150/1/0/0         
RUN-1001 :     5    |                      I_sys_clk_dup_6                      |          3/0/0/0          |                      I_sys_clk_syn_8                      |         137/0/0/0         
RUN-1001 :     6    |                  u_mcu_ui_apb_regs/I_clk                  |          1/0/0/0          |               u_mcu_ui_apb_regs/I_clk_syn_1               |         127/0/0/0         
RUN-1001 :     7    | u_hdmi_tx/u_hdmi2phy_wrapper/u0_lane_lvds_8_1/I_seria...  |          1/0/0/0          | u_hdmi_tx/u_hdmi2phy_wrapper/u0_lane_lvds_8_1/I_seria...  |         61/0/0/0          
RUN-1001 :     8    | u_ph1p35_324_ddr_wrapper/u_ddr2/ph1p_ddrmc_wrapper/ph...  |          1/0/0/0          | u_ph1p35_324_ddr_wrapper/u_ddr2/ph1p_ddrmc_wrapper/ph...  |         43/0/0/0          
RUN-1001 :     9    |              u_uicfgcs500/uii2c_inst/scl_clk              |          1/2/0/0          |           u_uicfgcs500/uii2c_inst/scl_clk_syn_9           |         24/0/0/0          
RUN-1001 :    10    |                      u_PLL/clk0_buf                       |          1/0/0/0          | u_mipi_dphy_rx_ph1p_mipiio_wrapper/u_ph1p_mipiio_rx_w...  |         14/0/0/0          
RUN-1001 :    11    |           u_mcu/MCU_521bd43d073e_Inst/core_clk            |          1/0/0/0          |        u_mcu/MCU_521bd43d073e_Inst/core_clk_syn_1         |          1/0/0/0          
RUN-1001 : -----------------------------------------------------------------------------------------------------------------------------------------------------------------------------------------
PHY-1001 : Stage 2.3 | Global Placement Step 1
PHY-3001 : Target density is 60%
PHY-1001 : Stage 2.3.1 | Update Timing
RUN-1002 : start command "start_timer"
RUN-1003 : finish command "start_timer" in  1.493126s wall, 1.484375s user + 0.000000s system = 1.484375s CPU (99.4%)

RUN-1004 : used memory is 875 MB, reserved memory is 874 MB, peak memory is 875 MB
PHY-1001 : SWNS: -506, STNS: -5631, FEP: 51
PHY-3001 : tot_pins 272421 tot_hfn_pins 21610 perc. 7 tot_hhfn_pins 5960 perc. 2
PHY-1001 : End Stage 2.3.1 | Update Timing; Time: 2.861667s wall, 2.843750s user + 0.000000s system = 2.843750s CPU (99.4%); Memory(MB): used = 886, reserved = 886, peak = 886;

PHY-0007 : Cell area utilization is 50%
RUN-1001 : Huge Net Statistic
RUN-1001 : ----------------------------------------------------------------------------------------------------------------------------------------------------------------------------------------
RUN-1001 :   Fanout  |  Slack  |                                                                                Net                                                                                
RUN-1001 : ----------------------------------------------------------------------------------------------------------------------------------------------------------------------------------------
RUN-1001 :    3399   |   Inf   |                                u_ph1p35_324_ddr_wrapper/u_ddr2/ph1p_ddrmc_wrapper/ph1p_ddrmc_top/u_ddr_phy/u_ddrphy_top/sys_rst_n                                 
RUN-1001 :    1472   |  11982  |                                u_ph1p35_324_ddr_wrapper/u_ddr2/ph1p_ddrmc_wrapper/ph1p_ddrmc_top/u_alc_mc_top/u_rbuf_addr_fifo/rst                                
RUN-1001 :    1089   |   Inf   |  u_ph1p35_324_ddr_wrapper/u_ddr2/ph1p_ddrmc_wrapper/ph1p_ddrmc_top/u_ddr_phy/u_ddrphy_top/u_ddrphy/dx_byte[1]$dx_byte_used$u_ddrphy_dx_byte_wrapper/dx_phy_rst_n  
RUN-1001 : ----------------------------------------------------------------------------------------------------------------------------------------------------------------------------------------
PHY-3001 : Clustering ...
PHY-3001 : End clustering;  0.160699s wall, 0.312500s user + 0.359375s system = 0.671875s CPU (418.1%)

PHY-3001 : Target density is 60%
PHY-1001 : Stage 2.3.2 | GP Iteration
PHY-1001 : End Stage 2.3.2 | GP Iteration; Time: 2.971133s wall, 12.437500s user + 3.171875s system = 15.609375s CPU (525.4%); Memory(MB): used = 898, reserved = 897, peak = 898;

PHY-3001 : Multithread accelerating rate: 5.14
RUN-1002 : start command "start_timer"
USR-1002 : Derived clock:  create_generated_clock -name {u_PLL/ph1p_phy_pll_wrapper_25a56e5ce2f9_Inst/u_PH1P_PHY_PLL.clkc[0]} -source [get_ports {I_sys_clk}] -master_clock {sys_clk_50m} -multiply_by 2.0000 -duty_cycle 50.0000 [get_pins {u_PLL/ph1p_phy_pll_wrapper_25a56e5ce2f9_Inst/u_PH1P_PHY_PLL.clkc[0]}]
USR-1002 : Derived clock:  create_generated_clock -name {u_PLL/ph1p_phy_pll_wrapper_25a56e5ce2f9_Inst/u_PH1P_PHY_PLL.clkc[1]} -source [get_ports {I_sys_clk}] -master_clock {sys_clk_50m} -divide_by 2.1000 -duty_cycle 50.0000 [get_pins {u_PLL/ph1p_phy_pll_wrapper_25a56e5ce2f9_Inst/u_PH1P_PHY_PLL.clkc[1]}]
USR-1002 : Derived clock:  create_generated_clock -name {u_PLL/ph1p_phy_pll_wrapper_25a56e5ce2f9_Inst/u_PH1P_PHY_PLL.clkc[2]} -source [get_ports {I_sys_clk}] -master_clock {sys_clk_50m} -multiply_by 1.0000 -duty_cycle 50.0000 [get_pins {u_PLL/ph1p_phy_pll_wrapper_25a56e5ce2f9_Inst/u_PH1P_PHY_PLL.clkc[2]}]
USR-1002 : Derived clock:  create_generated_clock -name {u_PLL/ph1p_phy_pll_wrapper_25a56e5ce2f9_Inst/u_PH1P_PHY_PLL.clkc[3]} -source [get_ports {I_sys_clk}] -master_clock {sys_clk_50m} -multiply_by 6.0000 -duty_cycle 50.0000 [get_pins {u_PLL/ph1p_phy_pll_wrapper_25a56e5ce2f9_Inst/u_PH1P_PHY_PLL.clkc[3]}]
USR-1002 : Derived clock:  create_generated_clock -name {u_PLL/ph1p_phy_pll_wrapper_25a56e5ce2f9_Inst/u_PH1P_PHY_PLL.clkc[4]} -source [get_ports {I_sys_clk}] -master_clock {sys_clk_50m} -multiply_by 1.5000 -duty_cycle 50.0000 [get_pins {u_PLL/ph1p_phy_pll_wrapper_25a56e5ce2f9_Inst/u_PH1P_PHY_PLL.clkc[4]}]
USR-1002 : Derived clock:  create_generated_clock -name {u_PLL/ph1p_phy_pll_wrapper_25a56e5ce2f9_Inst/u_PH1P_PHY_PLL.clkc[5]} -source [get_ports {I_sys_clk}] -master_clock {sys_clk_50m} -multiply_by 7.5000 -duty_cycle 50.0000 [get_pins {u_PLL/ph1p_phy_pll_wrapper_25a56e5ce2f9_Inst/u_PH1P_PHY_PLL.clkc[5]}]
USR-1002 : Derived clock:  create_generated_clock -name {u_ph1p35_324_ddr_wrapper/u_ddr2/ph1p_ddrmc_wrapper/ph1p_ddrmc_top/u_ddr_phy/u_ddrphy_top/u_ddrphy_clk/u_pll0/u_pll_inst.clkc[0]} -source [get_ports {I_sys_clk}] -master_clock {sys_clk_50m} -multiply_by 1.3333 -duty_cycle 50.0000 [get_pins {u_ph1p35_324_ddr_wrapper/u_ddr2/ph1p_ddrmc_wrapper/ph1p_ddrmc_top/u_ddr_phy/u_ddrphy_top/u_ddrphy_clk/u_pll0/u_pll_inst.clkc[0]}]
USR-1002 : Derived clock:  create_generated_clock -name {u_ph1p35_324_ddr_wrapper/u_ddr2/ph1p_ddrmc_wrapper/ph1p_ddrmc_top/u_ddr_phy/u_ddrphy_top/u_ddrphy_clk/u_pll0/u_pll_inst.clkc[1]} -source [get_ports {I_sys_clk}] -master_clock {sys_clk_50m} -multiply_by 1.3333 -duty_cycle 50.0000 [get_pins {u_ph1p35_324_ddr_wrapper/u_ddr2/ph1p_ddrmc_wrapper/ph1p_ddrmc_top/u_ddr_phy/u_ddrphy_top/u_ddrphy_clk/u_pll0/u_pll_inst.clkc[1]}]
USR-1002 : Derived clock:  create_generated_clock -name {u_ph1p35_324_ddr_wrapper/u_ddr2/ph1p_ddrmc_wrapper/ph1p_ddrmc_top/u_ddr_phy/u_ddrphy_top/u_ddrphy_clk/u_pll0/u_pll_inst.clkc[2]} -source [get_ports {I_sys_clk}] -master_clock {sys_clk_50m} -multiply_by 5.3333 -duty_cycle 50.0000 [get_pins {u_ph1p35_324_ddr_wrapper/u_ddr2/ph1p_ddrmc_wrapper/ph1p_ddrmc_top/u_ddr_phy/u_ddrphy_top/u_ddrphy_clk/u_pll0/u_pll_inst.clkc[2]}]
USR-1002 : Derived clock:  create_generated_clock -name {u_ph1p35_324_ddr_wrapper/u_ddr2/ph1p_ddrmc_wrapper/ph1p_ddrmc_top/u_ddr_phy/u_ddrphy_top/u_ddrphy_clk/u_pll0/u_pll_inst.clkc[3]} -source [get_ports {I_sys_clk}] -master_clock {sys_clk_50m} -divide_by 1.9687 -duty_cycle 50.0000 [get_pins {u_ph1p35_324_ddr_wrapper/u_ddr2/ph1p_ddrmc_wrapper/ph1p_ddrmc_top/u_ddr_phy/u_ddrphy_top/u_ddrphy_clk/u_pll0/u_pll_inst.clkc[3]}]
USR-1002 : Derived clock:  create_generated_clock -name {u_ph1p35_324_ddr_wrapper/u_ddr2/ph1p_ddrmc_wrapper/ph1p_ddrmc_top/u_ddr_phy/u_ddrphy_top/u_ddrphy_clk/u_pll1/u_pll_inst.clkc[0]} -source [get_pins {u_ph1p35_324_ddr_wrapper/u_ddr2/ph1p_ddrmc_wrapper/ph1p_ddrmc_top/u_ddr_phy/u_ddrphy_top/u_ddrphy_clk/u_pll0/u_pll_inst.clkc[0]}] -master_clock {u_ph1p35_324_ddr_wrapper/u_ddr2/ph1p_ddrmc_wrapper/ph1p_ddrmc_top/u_ddr_phy/u_ddrphy_top/u_ddrphy_clk/u_pll0/u_pll_inst.clkc[0]} -multiply_by 1.0000 -duty_cycle 50.0000 [get_pins {u_ph1p35_324_ddr_wrapper/u_ddr2/ph1p_ddrmc_wrapper/ph1p_ddrmc_top/u_ddr_phy/u_ddrphy_top/u_ddrphy_clk/u_pll1/u_pll_inst.clkc[0]}]
8.888000
15.000000
15.000000
13.333000
RUN-1003 : finish command "start_timer" in  1.850677s wall, 1.828125s user + 0.015625s system = 1.843750s CPU (99.6%)

RUN-1004 : used memory is 898 MB, reserved memory is 897 MB, peak memory is 898 MB
TMR-2502 : Net delay update with mode: Placed
PHY-3001 : No need to merge 9x9 Dsps.
PHY-1001 : Populate physical database on model design_top_wrapper.
PHY-1001 : End Stage 2.3 | Global Placement Step 1; Time: 9.795141s wall, 19.328125s user + 3.578125s system = 22.906250s CPU (233.9%); Memory(MB): used = 953, reserved = 952, peak = 953;

PHY-1001 : Stage 2.4 | RAM/DSP Legalization and Detailed Placement
PHY-1001 : Stage 2.4.1 | Legalization
PHY-3001 : Before Legalized: Len = 1.84463e+06
PHY-3001 : After Legalized: Len = 1.8489e+06, Over = 122.219
PHY-1001 : End Stage 2.4.1 | Legalization; Time: 1.653254s wall, 1.625000s user + 0.015625s system = 1.640625s CPU (99.2%); Memory(MB): used = 956, reserved = 954, peak = 956;

PHY-1001 : Stage 2.4.2 | Detailed Placement
PHY-1001 : Stage 2.4.2.1 | Simulated Annealing Based DP
PHY-0007 : Initial: WL Cost = 153245, TD Cost = 217488, SWNS = 1324, STNS = 0, Nums per T = 570, Range Limit = 2x32
PHY-0007 : Finally: WL Cost = 151059, TD Cost = 216993, WL Ratio = 0.985741, TD Ratio = 0.997722, SWNS = 1324, STNS = 0
RUN-1001 : Print Detailed placement's Summary information
RUN-1001 : -------------------------------------------------------------------------------------------------------------------------------
RUN-1001 :             |  Total  |  Accept  |  Reject by overFlow  |  Reject by worseCost  |  Failed by noTarget  |  Failed by gridCheck  
RUN-1001 : -------------------------------------------------------------------------------------------------------------------------------
RUN-1001 :   RAM/DSPs  |  2280   |    56    |          0           |         2224          |          0           |           0           
RUN-1001 :    Macros   |   334   |    5     |          0           |          329          |          0           |           0           
RUN-1001 : -------------------------------------------------------------------------------------------------------------------------------
PHY-1001 : End Stage 2.4.2.1 | Simulated Annealing Based DP; Time: 1.892290s wall, 2.718750s user + 0.125000s system = 2.843750s CPU (150.3%); Memory(MB): used = 958, reserved = 956, peak = 958;

PHY-3001 : End Detailed Place; 
PHY-1001 : End Stage 2.4.2 | Detailed Placement; Time: 2.080710s wall, 2.906250s user + 0.125000s system = 3.031250s CPU (145.7%); Memory(MB): used = 958, reserved = 956, peak = 958;

PHY-1001 : End Stage 2.4 | RAM/DSP Legalization and Detailed Placement; Time: 3.734506s wall, 4.531250s user + 0.140625s system = 4.671875s CPU (125.1%); Memory(MB): used = 958, reserved = 956, peak = 958;

PHY-1001 : Stage 2.5 | Global Placement Step 2
PHY-3001 : Target density is 60%
PHY-1001 : Stage 2.5.1 | Update Timing
PHY-1001 : SWNS: 1324, STNS: 0, FEP: 0
PHY-1001 : End Stage 2.5.1 | Update Timing; Time: 0.161765s wall, 0.156250s user + 0.000000s system = 0.156250s CPU (96.6%); Memory(MB): used = 958, reserved = 956, peak = 958;

PHY-1001 : Stage 2.5.2 | Refresh Congestion
RUN-1001 : Generating global routing grids ...
RUN-1001 : Building simple global routing graph ...
PHY-1001 : Generate routing nets ...
PHY-1001 : Reuse net number 0/13327.
PHY-1001 : Global iterations in 32 thread ...
PHY-1002 : len = 1.8876e+06, over cnt = 2439(3%), over = 13512, worst = 69
PHY-1001 : End global iterations;  0.587631s wall, 1.031250s user + 0.031250s system = 1.062500s CPU (180.8%)

PHY-1001 : Congestion index:
PHY-1001 : top1  = 188.03(S 144.87, N 141.86, E 137.34, W 131.17, I 333.85, O 407.65)
PHY-1001 : top5  = 126.99(S 89.21, N 86.26, E 86.99, W 80.21, I 174.42, O 230.73)
PHY-1001 : top10 = 101.53(S 67.00, N 64.91, E 66.59, W 61.06, I 122.82, O 166.73)
PHY-1001 : top15 = 87.44(S 54.81, N 53.46, E 55.30, W 50.23, I 95.67, O 131.88)
PHY-1001 : End Stage 2.5.2 | Refresh Congestion; Time: 1.103093s wall, 1.515625s user + 0.031250s system = 1.546875s CPU (140.2%); Memory(MB): used = 1039, reserved = 1037, peak = 1039;

PHY-1001 : Stage 2.5.3 | GP Iteration
PHY-1001 : End Stage 2.5.3 | GP Iteration; Time: 5.261937s wall, 39.781250s user + 1.843750s system = 41.625000s CPU (791.1%); Memory(MB): used = 1045, reserved = 1044, peak = 1045;

PHY-3001 : Multithread accelerating rate: 7.86
PHY-1001 : End Stage 2.5 | Global Placement Step 2; Time: 8.244717s wall, 43.156250s user + 1.875000s system = 45.031250s CPU (546.2%); Memory(MB): used = 1049, reserved = 1047, peak = 1049;

PHY-1001 : Stage 2.6 | RAM/DSP Detailed Placement
PHY-1001 : Stage 2.6.1 | Detailed Placement
PHY-1001 : Stage 2.6.1.1 | Simulated Annealing Based DP
PHY-0007 : Initial: WL Cost = 134148, TD Cost = 182032, SWNS = 1310, STNS = 0, Nums per T = 570, Range Limit = 2x32
PHY-0007 : Finally: WL Cost = 133846, TD Cost = 181974, WL Ratio = 0.997751, TD Ratio = 0.999679, SWNS = 1310, STNS = 0
RUN-1001 : Print Detailed placement's Summary information
RUN-1001 : -------------------------------------------------------------------------------------------------------------------------------
RUN-1001 :             |  Total  |  Accept  |  Reject by overFlow  |  Reject by worseCost  |  Failed by noTarget  |  Failed by gridCheck  
RUN-1001 : -------------------------------------------------------------------------------------------------------------------------------
RUN-1001 :   RAM/DSPs  |  1140   |    8     |          0           |         1132          |          0           |           0           
RUN-1001 :    Macros   |   171   |    0     |          0           |          171          |          0           |           0           
RUN-1001 : -------------------------------------------------------------------------------------------------------------------------------
PHY-1001 : End Stage 2.6.1.1 | Simulated Annealing Based DP; Time: 0.165352s wall, 0.578125s user + 0.015625s system = 0.593750s CPU (359.1%); Memory(MB): used = 1049, reserved = 1047, peak = 1049;

PHY-3001 : End Detailed Place; 
PHY-1001 : End Stage 2.6.1 | Detailed Placement; Time: 0.353029s wall, 0.765625s user + 0.015625s system = 0.781250s CPU (221.3%); Memory(MB): used = 1049, reserved = 1047, peak = 1049;

PHY-1001 : Stage 2.6.2 | Spreading
OPT-1001 : Total overflow 555.59 peak overflow 4.28
PHY-3001 : Spreading for sector grids.
PHY-3001 : Iter 1, total overflow: 0
PHY-3001 : tot_capacity: 48, usage_cnt: 24, movable_cnt: 33
PHY-3001 : End spreading;  0.088641s wall, 0.078125s user + 0.000000s system = 0.078125s CPU (88.1%)

PHY-1001 : End Stage 2.6.2 | Spreading; Time: 0.088740s wall, 0.078125s user + 0.000000s system = 0.078125s CPU (88.0%); Memory(MB): used = 1049, reserved = 1047, peak = 1049;

PHY-1001 : End Stage 2.6 | RAM/DSP Detailed Placement; Time: 0.650787s wall, 1.046875s user + 0.015625s system = 1.062500s CPU (163.3%); Memory(MB): used = 1049, reserved = 1047, peak = 1049;

PHY-1001 : Stage 2.7 | Optimize Design
OPT-1001 : Start physical optimization ...
OPT-1001 : Total overflow 555.59 peak overflow 4.28
OPT-1001 : Stage 2.7.1 | Synthesize High-fanout Net
OPT-1001 : Start high-fanout net optimization in pre-pack flow with medium effort ...
OPT-1001 : Update timing in Manhattan mode
OPT-1001 : End timing update;  1.603529s wall, 1.593750s user + 0.000000s system = 1.593750s CPU (99.4%)

OPT-1001 : Start: SWNS 1310 STNS 0 NUM_FEPS 0
OPT-1001 : Total overflow 555.59 peak overflow 4.28
PHY-1001 : Populate physical database on model design_top_wrapper.
OPT-1001 : 33 high-fanout net processed.
PHY-3001 : Start incremental placement ...
PHY-1001 : Populate physical database on model design_top_wrapper.
PHY-1001 : Processing 2 clock pins of DDR instance u_ph1p35_324_ddr_wrapper/u_ddr2/ph1p_ddrmc_wrapper/ph1p_ddrmc_top/u_ddr_phy/u_ddrphy_top/u_ddrphy/ac_byte[0]$ac_byte_used$u_ddrphy_ac_byte_wrapper/u_ddrphy_byte, location = x0y70z0.
PHY-1001 :   Placed ioclk instance u_ph1p35_324_ddr_wrapper/u_ddr2/ph1p_ddrmc_wrapper/ph1p_ddrmc_top/u_ddr_phy/u_ddrphy_top/u_ddrphy_clk/ioclk[0]$u_ioclk_1, location = x0y59z1.
PHY-1001 :   Placed ioclk instance u_ph1p35_324_ddr_wrapper/u_ddr2/ph1p_ddrmc_wrapper/ph1p_ddrmc_top/u_ddr_phy/u_ddrphy_top/u_ddrphy_clk/ioclk[0]$u_ioclk_0, location = x0y59z0.
PHY-1001 : Processing 2 clock pins of DDR instance u_ph1p35_324_ddr_wrapper/u_ddr2/ph1p_ddrmc_wrapper/ph1p_ddrmc_top/u_ddr_phy/u_ddrphy_top/u_ddrphy/ac_byte[1]$ac_byte_used$u_ddrphy_ac_byte_wrapper/u_ddrphy_byte, location = x0y60z0.
PHY-1001 :   Placed ioclk instance u_ph1p35_324_ddr_wrapper/u_ddr2/ph1p_ddrmc_wrapper/ph1p_ddrmc_top/u_ddr_phy/u_ddrphy_top/u_ddrphy_clk/ioclk[0]$u_ioclk_1, location = x0y59z1.
PHY-1001 :   Placed ioclk instance u_ph1p35_324_ddr_wrapper/u_ddr2/ph1p_ddrmc_wrapper/ph1p_ddrmc_top/u_ddr_phy/u_ddrphy_top/u_ddrphy_clk/ioclk[0]$u_ioclk_0, location = x0y59z0.
PHY-1001 : Processing 2 clock pins of DDR instance u_ph1p35_324_ddr_wrapper/u_ddr2/ph1p_ddrmc_wrapper/ph1p_ddrmc_top/u_ddr_phy/u_ddrphy_top/u_ddrphy/ac_byte[2]$ac_byte_used$u_ddrphy_ac_byte_wrapper/u_ddrphy_byte, location = x0y50z0.
PHY-1001 :   Placed ioclk instance u_ph1p35_324_ddr_wrapper/u_ddr2/ph1p_ddrmc_wrapper/ph1p_ddrmc_top/u_ddr_phy/u_ddrphy_top/u_ddrphy_clk/ioclk[0]$u_ioclk_1, location = x0y59z1.
PHY-1001 :   Placed ioclk instance u_ph1p35_324_ddr_wrapper/u_ddr2/ph1p_ddrmc_wrapper/ph1p_ddrmc_top/u_ddr_phy/u_ddrphy_top/u_ddrphy_clk/ioclk[0]$u_ioclk_0, location = x0y59z0.
PHY-1001 : Processing 2 clock pins of DDR instance u_ph1p35_324_ddr_wrapper/u_ddr2/ph1p_ddrmc_wrapper/ph1p_ddrmc_top/u_ddr_phy/u_ddrphy_top/u_ddrphy/ac_byte[3]$ac_byte_used$u_ddrphy_ac_byte_wrapper/u_ddrphy_byte, location = x0y40z0.
PHY-1001 :   Placed ioclk instance u_ph1p35_324_ddr_wrapper/u_ddr2/ph1p_ddrmc_wrapper/ph1p_ddrmc_top/u_ddr_phy/u_ddrphy_top/u_ddrphy_clk/ioclk[0]$u_ioclk_1, location = x0y59z1.
PHY-1001 :   Placed ioclk instance u_ph1p35_324_ddr_wrapper/u_ddr2/ph1p_ddrmc_wrapper/ph1p_ddrmc_top/u_ddr_phy/u_ddrphy_top/u_ddrphy_clk/ioclk[0]$u_ioclk_0, location = x0y59z0.
PHY-1001 : Processing 2 clock pins of DDR instance u_ph1p35_324_ddr_wrapper/u_ddr2/ph1p_ddrmc_wrapper/ph1p_ddrmc_top/u_ddr_phy/u_ddrphy_top/u_ddrphy/dx_byte[0]$dx_byte_used$u_ddrphy_dx_byte_wrapper/u_ddrphy_byte, location = x0y30z0.
PHY-1001 :   Placed ioclk instance u_ph1p35_324_ddr_wrapper/u_ddr2/ph1p_ddrmc_wrapper/ph1p_ddrmc_top/u_ddr_phy/u_ddrphy_top/u_ddrphy_clk/ioclk[1]$u_ioclk_1, location = x0y19z1.
PHY-1001 :   Placed ioclk instance u_ph1p35_324_ddr_wrapper/u_ddr2/ph1p_ddrmc_wrapper/ph1p_ddrmc_top/u_ddr_phy/u_ddrphy_top/u_ddrphy_clk/ioclk[1]$u_ioclk_0, location = x0y19z0.
PHY-1001 : Processing 2 clock pins of DDR instance u_ph1p35_324_ddr_wrapper/u_ddr2/ph1p_ddrmc_wrapper/ph1p_ddrmc_top/u_ddr_phy/u_ddrphy_top/u_ddrphy/dx_byte[1]$dx_byte_used$u_ddrphy_dx_byte_wrapper/u_ddrphy_byte, location = x0y10z0.
PHY-1001 :   Placed ioclk instance u_ph1p35_324_ddr_wrapper/u_ddr2/ph1p_ddrmc_wrapper/ph1p_ddrmc_top/u_ddr_phy/u_ddrphy_top/u_ddrphy_clk/ioclk[1]$u_ioclk_1, location = x0y19z1.
PHY-1001 :   Placed ioclk instance u_ph1p35_324_ddr_wrapper/u_ddr2/ph1p_ddrmc_wrapper/ph1p_ddrmc_top/u_ddr_phy/u_ddrphy_top/u_ddrphy_clk/ioclk[1]$u_ioclk_0, location = x0y19z0.
PHY-3001 : Target density is 60%
PHY-3001 : Target density is 60%
PHY-1001 : Stage 2.7.1.1 | Update Timing
PHY-1001 : SWNS: 1310, STNS: 0, FEP: 0
PHY-1001 : End Stage 2.7.1.1 | Update Timing; Time: 0.173101s wall, 0.156250s user + 0.015625s system = 0.171875s CPU (99.3%); Memory(MB): used = 1050, reserved = 1047, peak = 1050;

PHY-1001 : Stage 2.7.1.2 | Refresh Congestion
RUN-1001 : Generating global routing grids ...
PHY-1001 : Generate routing nets ...
PHY-1001 : Reuse net number 204/24720.
PHY-1001 : Global iterations in 32 thread ...
PHY-1002 : len = 1.68446e+06, over cnt = 3228(4%), over = 17061, worst = 56
PHY-1001 : End global iterations;  1.032765s wall, 2.171875s user + 0.140625s system = 2.312500s CPU (223.9%)

PHY-1001 : Congestion index:
PHY-1001 : top1  = 170.44(S 140.71, N 132.61, E 137.38, W 114.95, I 180.78, O 217.43)
PHY-1001 : top5  = 124.52(S 90.23, N 93.37, E 92.26, W 80.30, I 109.67, O 137.21)
PHY-1001 : top10 = 105.42(S 70.43, N 75.89, E 73.17, W 64.02, I 83.12, O 106.74)
PHY-1001 : top15 = 93.92(S 59.49, N 64.03, E 62.28, W 54.57, I 68.85, O 89.66)
PHY-1001 : End Stage 2.7.1.2 | Refresh Congestion; Time: 1.297497s wall, 2.406250s user + 0.171875s system = 2.578125s CPU (198.7%); Memory(MB): used = 1061, reserved = 1058, peak = 1061;

PHY-1001 : Stage 2.7.1.3 | GP Iteration
PHY-1001 : End Stage 2.7.1.3 | GP Iteration; Time: 2.171520s wall, 15.281250s user + 1.031250s system = 16.312500s CPU (751.2%); Memory(MB): used = 1064, reserved = 1061, peak = 1064;

PHY-3001 : Multithread accelerating rate: 7.43
OPT-1001 : Total overflow 590.38 peak overflow 4.19
PHY-3001 : Spreading for sector grids.
PHY-3001 : Iter 1, total overflow: 0
PHY-3001 : tot_capacity: 48, usage_cnt: 24, movable_cnt: 35
PHY-3001 : End spreading;  0.093498s wall, 0.093750s user + 0.000000s system = 0.093750s CPU (100.3%)

PHY-3001 : Final: Len = 1.28258e+06, Over = 140.031
PHY-3001 : End incremental placement;  4.102130s wall, 18.281250s user + 1.234375s system = 19.515625s CPU (475.7%)

OPT-1001 : Total overflow 590.38 peak overflow 4.19
RUN-1001 : HFN opt statistic
RUN-1001 : ------------------------------------------------------
RUN-1001 :   DriverCell type  |  HFN count  |  Duplicated count  
RUN-1001 : ------------------------------------------------------
RUN-1001 :         REG        |     18      |         82         
RUN-1001 :        LUT6        |      2      |         10         
RUN-1001 :        LUT5        |      3      |         11         
RUN-1001 :        LUT4        |      2      |         8          
RUN-1001 :        LUT3        |      3      |         9          
RUN-1001 :        LUT2        |      5      |         23         
RUN-1001 :        TOTAL       |     33      |        143         
RUN-1001 : ------------------------------------------------------
OPT-1001 : End high-fanout net optimization;  7.163368s wall, 21.718750s user + 1.281250s system = 23.000000s CPU (321.1%)

OPT-1001 : Update timing in Manhattan mode
OPT-1001 : End timing update;  1.648575s wall, 1.640625s user + 0.000000s system = 1.640625s CPU (99.5%)

OPT-1001 : Current memory(MB): used = 1064, reserved = 1061, peak = 1064.
OPT-1001 : End Stage 2.7.1 | Synthesize High-fanout Net; Time: 9.001854s wall, 23.546875s user + 1.281250s system = 24.828125s CPU (275.8%); Memory(MB): used = 1064, reserved = 1061, peak = 1064;

OPT-1001 : Stage 2.7.2 | Global Optimization
OPT-1001 : Start global optimization ...
OPT-0007 : Start: SWNS 1310 STNS 0 NUM_FEPS 0
OPT-1001 : Start congestion update ...
RUN-1001 : Generating global routing grids ...
PHY-1001 : Generate routing nets ...
PHY-1001 : Reuse net number 1449/22931.
PHY-1001 : Global iterations in 32 thread ...
PHY-1002 : len = 1.45261e+06, over cnt = 2843(3%), over = 9602, worst = 24
PHY-1002 : len = 1.57686e+06, over cnt = 2379(3%), over = 5739, worst = 12
PHY-1002 : len = 1.6663e+06, over cnt = 1337(1%), over = 3063, worst = 12
PHY-1002 : len = 1.74926e+06, over cnt = 342(0%), over = 797, worst = 10
PHY-1002 : len = 1.77757e+06, over cnt = 22(0%), over = 40, worst = 2
PHY-1001 : End global iterations;  3.347994s wall, 4.343750s user + 0.093750s system = 4.437500s CPU (132.5%)

PHY-1001 : Congestion index:
PHY-1001 : top1  = 87.43(S 71.57, N 74.17, E 77.21, W 82.30, I 164.80, O 176.56)
PHY-1001 : top5  = 73.65(S 59.66, N 64.81, E 60.88, W 63.22, I 104.23, O 125.49)
PHY-1001 : top10 = 67.67(S 51.99, N 57.06, E 51.83, W 53.97, I 81.50, O 102.42)
PHY-1001 : top15 = 63.41(S 46.85, N 51.00, E 46.33, W 48.02, I 68.41, O 88.16)
OPT-1001 : End congestion update;  3.750636s wall, 5.171875s user + 0.093750s system = 5.265625s CPU (140.4%)

OPT-0007 : Iter 1: improved SWNS 1310 STNS 0 NUM_FEPS 0 with 66 cells processed and 3372 slack improved
OPT-0007 : Iter 2: improved SWNS 1310 STNS 0 NUM_FEPS 0 with 11 cells processed and 227 slack improved
OPT-1001 : Overall commit ratio 0.47
OPT-1001 : End global optimization;  3.900571s wall, 5.328125s user + 0.093750s system = 5.421875s CPU (139.0%)

OPT-1001 : Current memory(MB): used = 1064, reserved = 1061, peak = 1064.
OPT-1001 : End Stage 2.7.2 | Global Optimization; Time: 4.555773s wall, 5.984375s user + 0.093750s system = 6.078125s CPU (133.4%); Memory(MB): used = 1064, reserved = 1061, peak = 1064;

OPT-0007 : End flow prepack: SWNS 1310 STNS 0 NUM_FEPS 0
OPT-1001 : End physical optimization;  13.608282s wall, 29.828125s user + 1.406250s system = 31.234375s CPU (229.5%)

PHY-1001 : End Stage 2.7 | Optimize Design; Time: 13.611790s wall, 29.828125s user + 1.406250s system = 31.234375s CPU (229.5%); Memory(MB): used = 1064, reserved = 1061, peak = 1064;

PHY-1001 : Stage 2.8 | Pack and Legalization
PHY-1001 : Stage 2.8.1 | Direct Legalization
PHY-3001 : Start Direct Legalization ...
PHY-3001 : Get top1 grid util = 0.651074, top1_avg = 0.651074.
PHY-1001 : Populate physical database on model design_top_wrapper.
PHY-3001 : Target density is 60%
PHY-3001 : Before Legalization for Slice Macros, Len = 1.2856e+06.
RUN-1001 : Legalization top10 inst displacement:
RUN-1001 : ------------------------------------------------------------------------------------------------------------------------------------------------------------------------------------------------------------------------------------
RUN-1001 :   Index  |  Bounded  |  Height  |       Location       |  Disp. (slots)  |  Disp. (grids)  |                                                                  Name                                                                  
RUN-1001 : ------------------------------------------------------------------------------------------------------------------------------------------------------------------------------------------------------------------------------------
RUN-1001 :     1    |     N     |    8     |  x2y57z6 to x5y60z0  |       42        |        6        |         u_ph1p35_324_ddr_wrapper/u_ddr2/ph1p_ddrmc_wrapper/ph1p_ddrmc_top/u_ddr_phy/u_ddrphy_top/u_ddrphy_init/ramread0_syn_91         
RUN-1001 :     2    |     N     |    8     |  x2y57z6 to x5y56z0  |       38        |        4        |         u_ph1p35_324_ddr_wrapper/u_ddr2/ph1p_ddrmc_wrapper/ph1p_ddrmc_top/u_ddr_phy/u_ddrphy_top/u_ddrphy_init/ramread0_syn_31         
RUN-1001 :     3    |     N     |    8     |  x2y16z3 to x5y15z0  |       35        |        4        |       u_ph1p35_324_ddr_wrapper/u_ddr2/ph1p_ddrmc_wrapper/ph1p_ddrmc_top/u_phy2mc_fifo/byteIdx_1[1]$u_wfifo_sync/ramread0_syn_68        
RUN-1001 :     4    |     N     |    8     |  x2y57z7 to x5y59z0  |       33        |        5        |         u_ph1p35_324_ddr_wrapper/u_ddr2/ph1p_ddrmc_wrapper/ph1p_ddrmc_top/u_ddr_phy/u_ddrphy_top/u_ddrphy_init/ramread0_syn_71         
RUN-1001 :     5    |     N     |    8     |  x2y42z0 to x5y43z0  |       32        |        4        |            u_ph1p35_324_ddr_wrapper/u_ddr2/ph1p_ddrmc_wrapper/ph1p_ddrmc_top/u_alc_mc_top/u_wbuf_addr_fifo/ramread0_syn_25             
RUN-1001 :     6    |     N     |    8     |  x2y56z0 to x5y55z0  |       32        |        4        |        u_ph1p35_324_ddr_wrapper/u_ddr2/ph1p_ddrmc_wrapper/ph1p_ddrmc_top/u_ddr_phy/u_ddrphy_top/u_ddrphy_init/ramread0_syn_151         
RUN-1001 :     7    |     N     |    8     |  x2y54z7 to x5y54z0  |       31        |        3        |        u_ph1p35_324_ddr_wrapper/u_ddr2/ph1p_ddrmc_wrapper/ph1p_ddrmc_top/u_ddr_phy/u_ddrphy_top/u_ddrphy_init/ramread0_syn_131         
RUN-1001 :     8    |     N     |    8     |  x2y57z5 to x5y57z0  |       29        |        3        |        u_ph1p35_324_ddr_wrapper/u_ddr2/ph1p_ddrmc_wrapper/ph1p_ddrmc_top/u_ddr_phy/u_ddrphy_top/u_ddrphy_init/ramread0_syn_111         
RUN-1001 :     9    |     N     |    8     |  x2y40z4 to x5y41z0  |       28        |        4        |          u_ph1p35_324_ddr_wrapper/u_ddr2/ph1p_ddrmc_wrapper/ph1p_ddrmc_top/u_alc_mc_top/u_wr_data/u_ptr_ram0/ramread0_syn_25           
RUN-1001 :    10    |     N     |    8     |  x3y22z4 to x5y24z0  |       28        |        4        |  u_ph1p35_324_ddr_wrapper/u_ddr2/ph1p_ddrmc_wrapper/ph1p_ddrmc_top/u_alc_mc_top/u_rd_data/rd_buffer[0]$u_rd_data_buf/ramread0_syn_112  
RUN-1001 : ------------------------------------------------------------------------------------------------------------------------------------------------------------------------------------------------------------------------------------
PHY-3001 : After Legalization for Slice Macros, Len = 1.33235e+06.
RUN-1001 : Generating global routing grids ...
PHY-1001 : Generate routing nets ...
PHY-1001 : Reuse net number 20286/23103.
RUN-1002 : start command "update_timing -mode MANHATTAN"
RUN-1002 : start command "start_timer"
RUN-1003 : finish command "start_timer" in  1.668909s wall, 1.656250s user + 0.000000s system = 1.656250s CPU (99.2%)

RUN-1004 : used memory is 1087 MB, reserved memory is 1085 MB, peak memory is 1087 MB
RUN-1003 : finish command "update_timing -mode MANHATTAN" in  3.173735s wall, 3.171875s user + 0.000000s system = 3.171875s CPU (99.9%)

RUN-1004 : used memory is 1088 MB, reserved memory is 1085 MB, peak memory is 1088 MB
PHY-1001 : Global iterations in 32 thread ...
PHY-1002 : len = 1.78637e+06, over cnt = 864(1%), over = 2002, worst = 10
PHY-1002 : len = 1.8035e+06, over cnt = 725(1%), over = 1168, worst = 9
PHY-1002 : len = 1.81886e+06, over cnt = 410(0%), over = 613, worst = 6
PHY-1002 : len = 1.82856e+06, over cnt = 225(0%), over = 324, worst = 6
PHY-1002 : len = 1.83821e+06, over cnt = 21(0%), over = 39, worst = 2
PHY-1001 : End global iterations;  1.321628s wall, 1.484375s user + 0.015625s system = 1.500000s CPU (113.5%)

PHY-1001 : Congestion index:
PHY-1001 : top1  = 87.10(S 71.49, N 74.72, E 76.79, W 82.38, I 159.68, O 171.30)
PHY-1001 : top5  = 73.36(S 59.62, N 64.58, E 60.86, W 63.69, I 100.08, O 122.36)
PHY-1001 : top10 = 67.33(S 51.91, N 56.73, E 52.61, W 54.83, I 79.09, O 100.85)
PHY-1001 : top15 = 63.17(S 46.88, N 50.75, E 47.18, W 49.12, I 67.07, O 87.11)
PHY-3001 : Total Iter 104, legal = 23638 / 23638 (100.00%), avg_move = 31.04, max_move = 256.
PHY-3001 : There are no illegal insts.
PHY-1001 : Populate physical database on model design_top_wrapper.
PHY-3001 : End Direct Legalization;  22.010463s wall, 251.562500s user + 2.718750s system = 254.281250s CPU (1155.3%)

RUN-1001 : Summary of LUT-FF Pairs
RUN-1001 : ---------------------------------------------------------------
RUN-1001 :   Num of Fanout Seqs  |   1x   |  2x  |  3~5  |  6~10  |  >10  
RUN-1001 : ---------------------------------------------------------------
RUN-1001 :         Total         |  6856  |  5   |  53   |   2    |  23   
RUN-1001 :          Grid         |  6852  |  5   |  48   |   2    |  23   
RUN-1001 :          Bank         |  6687  |  5   |  41   |   2    |  23   
RUN-1001 :         Paired        |  6667  |  5   |  40   |   2    |  22   
RUN-1001 : ---------------------------------------------------------------
RUN-1001 : Summary of LUT Pairs
RUN-1001 : ---------------------------------------------------------------------------------------------------------------------
RUN-1001 :            |           |           |           |           |           |  O5 + O6  |  Only O5  |  Only O6  |  Total  
RUN-1001 : ---------------------------------------------------------------------------------------------------------------------
RUN-1001 :   5 Share  |  4 Share  |  3 Share  |  2 Share  |  1 Share  |  0 Share  |           |           |           |         
RUN-1001 :     51     |    160    |    253    |    428    |   1714    |   3472    |   6078    |   2442    |   1952    |  10472  
RUN-1001 : ---------------------------------------------------------------------------------------------------------------------
PHY-1001 : End Stage 2.8.1 | Direct Legalization; Time: 22.080032s wall, 251.609375s user + 2.734375s system = 254.343750s CPU (1151.9%); Memory(MB): used = 1186, reserved = 1183, peak = 1186;

PHY-3001 : Target density is 60%
PHY-3001 : After Direct Legalization, Len = 1.64628e+06.
PHY-1001 : End Stage 2.8 | Pack and Legalization; Time: 22.282151s wall, 251.796875s user + 2.750000s system = 254.546875s CPU (1142.4%); Memory(MB): used = 1186, reserved = 1183, peak = 1186;

RUN-1002 : start command "start_timer"
RUN-1003 : finish command "start_timer" in  3.333455s wall, 3.343750s user + 0.000000s system = 3.343750s CPU (100.3%)

RUN-1004 : used memory is 1186 MB, reserved memory is 1183 MB, peak memory is 1186 MB
PHY-1001 : End Stage 2 | Global Placement; Time: 63.402787s wall, 354.734375s user + 9.796875s system = 364.531250s CPU (574.9%); Memory(MB): used = 1187, reserved = 1183, peak = 1187;

PHY-1001 : Stage 3 | Detailed Placement
PHY-1001 : Stage 3.1 | SLICE Detailed Placement
PHY-1001 : Stage 3.1.1 | Spreading
PHY-3001 : Design contains 165 ce signals.
PHY-3001 : Spreading for sector grids.
PHY-3001 : Iter 1, total overflow: 0
PHY-3001 : tot_capacity: 48, usage_cnt: 24, movable_cnt: 30
PHY-3001 : Spreading for clock grids.
PHY-3001 : clock grid count for 24 x 4 grids
PHY-3001 : Spreading for plb grids.
PHY-3001 : total displace: 0, max displace: 0.
PHY-3001 : End spreading;  0.364420s wall, 0.343750s user + 0.015625s system = 0.359375s CPU (98.6%)

PHY-1001 : End Stage 3.1.1 | Spreading; Time: 0.364555s wall, 0.343750s user + 0.015625s system = 0.359375s CPU (98.6%); Memory(MB): used = 1191, reserved = 1188, peak = 1191;

PHY-1001 : Stage 3.1.2 | Simulated Annealing Based DP
RUN-1001 : Generating global routing grids ...
PHY-1001 : Generate routing nets ...
PHY-1001 : Reuse net number 2057/18269.
PHY-1001 : Global iterations in 32 thread ...
PHY-1002 : len = 1.76606e+06, over cnt = 1374(1%), over = 2839, worst = 9
PHY-1002 : len = 1.79766e+06, over cnt = 815(1%), over = 1370, worst = 9
PHY-1002 : len = 1.82026e+06, over cnt = 299(0%), over = 478, worst = 9
PHY-1002 : len = 1.82731e+06, over cnt = 135(0%), over = 199, worst = 5
PHY-1002 : len = 1.83083e+06, over cnt = 15(0%), over = 18, worst = 3
PHY-1001 : End global iterations;  1.964247s wall, 2.671875s user + 0.109375s system = 2.781250s CPU (141.6%)

PHY-1001 : Congestion index:
PHY-1001 : top1  = 75.08(S 62.25, N 63.57, E 67.06, W 70.28, I 62.77, O 72.12)
PHY-1001 : top5  = 64.19(S 51.21, N 52.23, E 53.66, W 54.73, I 51.60, O 60.17)
PHY-1001 : top10 = 58.50(S 44.76, N 46.22, E 46.98, W 47.59, I 45.35, O 53.92)
PHY-1001 : top15 = 54.92(S 40.34, N 41.91, E 42.49, W 42.92, I 41.11, O 49.22)
PHY-0007 : Initial: WL Cost = 128041, TD Cost = 126620, SWNS = 1020, STNS = 0, Nums per T = 98150, Range Limit = 4x8
PHY-0007 : Finally: WL Cost = 114563, TD Cost = 91313.6, WL Ratio = 0.894736, TD Ratio = 0.721162, SWNS = 1101, STNS = 0
RUN-1001 : Print Detailed placement's Summary information
RUN-1001 : ------------------------------------------------------------------------------------------------------------------------------
RUN-1001 :           |  Total   |  Accept  |  Reject by overFlow  |  Reject by worseCost  |  Failed by noTarget  |  Failed by gridCheck  
RUN-1001 : ------------------------------------------------------------------------------------------------------------------------------
RUN-1001 :   Slices  |  981500  |  28214   |         919          |        936780         |         352          |         15235         
RUN-1001 :   Macros  |  23197   |   129    |          65          |         22872         |         116          |          15           
RUN-1001 : ------------------------------------------------------------------------------------------------------------------------------
PHY-1001 : End Stage 3.1.2 | Simulated Annealing Based DP; Time: 24.629440s wall, 26.390625s user + 0.218750s system = 26.609375s CPU (108.0%); Memory(MB): used = 1202, reserved = 1198, peak = 1202;

PHY-3001 : End Detailed Place; 
PHY-3001 : Final: Len = 1.44898e+06, Over = 0
PHY-1001 : End Stage 3.1 | SLICE Detailed Placement; Time: 25.387064s wall, 27.078125s user + 0.265625s system = 27.343750s CPU (107.7%); Memory(MB): used = 1202, reserved = 1198, peak = 1202;

PHY-3001 : End Detailed Place; 
PHY-1001 : Stage 3.2 | Optimize Design
OPT-1001 : Start physical optimization ...
OPT-1001 : Total overflow 0.00 peak overflow 0.00
OPT-1001 : Stage 3.2.1 | Physical Optimization
OPT-1001 : Start high-fanout net optimization in optimize equivalent flow with medium effort ...
OPT-1001 : Clean unloaded insts before merging registers
PHY-1001 : Populate physical database on model design_top_wrapper.
PHY-1001 : Populate physical database on model design_top_wrapper.
OPT-1001 : Total overflow 0.00 peak overflow 0.00
OPT-1001 : End optimize duplicated nets. Total 58 instances are merged and 829 sinks are reconnected,  2.491731s wall, 2.375000s user + 0.015625s system = 2.390625s CPU (95.9%)

OPT-1001 : End high-fanout net optimization;  2.493668s wall, 2.375000s user + 0.015625s system = 2.390625s CPU (95.9%)

OPT-1001 : Update timing in Manhattan mode
RUN-1002 : start command "start_timer"
RUN-1003 : finish command "start_timer" in  2.675284s wall, 2.656250s user + 0.000000s system = 2.656250s CPU (99.3%)

RUN-1004 : used memory is 1202 MB, reserved memory is 1198 MB, peak memory is 1202 MB
OPT-1001 : End timing update;  4.254303s wall, 4.234375s user + 0.000000s system = 4.234375s CPU (99.5%)

OPT-1001 : Current memory(MB): used = 1202, reserved = 1198, peak = 1202.
OPT-1001 : End Stage 3.2.1 | Physical Optimization; Time: 6.918031s wall, 6.796875s user + 0.015625s system = 6.812500s CPU (98.5%); Memory(MB): used = 1202, reserved = 1198, peak = 1202;

OPT-1001 : Stage 3.2.2 | Synthesize High-fanout Net
OPT-1001 : Start high-fanout net optimization in post-pack flow with medium effort ...
OPT-1001 : Start: SWNS 1101 STNS 0 NUM_FEPS 0
OPT-1001 : Total overflow 0.00 peak overflow 0.00
PHY-1001 : Populate physical database on model design_top_wrapper.
OPT-1001 : 14 high-fanout net processed.
OPT-1001 : Total overflow 0.00 peak overflow 0.00
RUN-1001 : HFN opt statistic
RUN-1001 : ------------------------------------------------------
RUN-1001 :   DriverCell type  |  HFN count  |  Duplicated count  
RUN-1001 : ------------------------------------------------------
RUN-1001 :       LSLICE       |      0      |         0          
RUN-1001 :       MSLICE       |      0      |         0          
RUN-1001 :        OTHER       |     14      |         8          
RUN-1001 :        TOTAL       |     14      |         8          
RUN-1001 : ------------------------------------------------------
OPT-1001 : End high-fanout net optimization;  0.807883s wall, 0.812500s user + 0.000000s system = 0.812500s CPU (100.6%)

OPT-1001 : Current memory(MB): used = 1202, reserved = 1198, peak = 1202.
OPT-1001 : End Stage 3.2.2 | Synthesize High-fanout Net; Time: 0.977735s wall, 0.984375s user + 0.000000s system = 0.984375s CPU (100.7%); Memory(MB): used = 1202, reserved = 1198, peak = 1202;

OPT-1001 : Stage 3.2.3 | Optimize Path
OPT-1001 : Start unpack path based optimization ...
OPT-0007 : Start: SWNS 1101 STNS 0 NUM_FEPS 0 with mode 2
OPT-1001 : Start congestion update ...
RUN-1001 : Generating global routing grids ...
PHY-1001 : Generate routing nets ...
PHY-1001 : Reuse net number 5896/18840.
PHY-1001 : Global iterations in 32 thread ...
PHY-1002 : len = 1.64744e+06, over cnt = 1797(2%), over = 3722, worst = 9
PHY-1002 : len = 1.69072e+06, over cnt = 1109(1%), over = 1910, worst = 9
PHY-1002 : len = 1.72882e+06, over cnt = 399(0%), over = 597, worst = 7
PHY-1002 : len = 1.7387e+06, over cnt = 166(0%), over = 242, worst = 6
PHY-1002 : len = 1.7444e+06, over cnt = 0(0%), over = 0, worst = 0
PHY-1001 : End global iterations;  2.019830s wall, 2.765625s user + 0.046875s system = 2.812500s CPU (139.2%)

PHY-1001 : Congestion index:
PHY-1001 : top1  = 74.05(S 62.90, N 64.00, E 67.11, W 68.19, I 62.45, O 69.74)
PHY-1001 : top5  = 64.08(S 52.73, N 53.54, E 52.38, W 54.90, I 50.41, O 57.68)
PHY-1001 : top10 = 59.00(S 46.40, N 47.18, E 45.40, W 47.70, I 44.86, O 52.25)
PHY-1001 : top15 = 55.52(S 41.91, N 42.77, E 41.06, W 42.87, I 41.04, O 48.67)
OPT-1001 : End congestion update;  2.500229s wall, 3.250000s user + 0.046875s system = 3.296875s CPU (131.9%)

OPT-0007 : Iter 1: improved SWNS 1225 STNS 0 NUM_FEPS 0 with 79(3504) cells and 1752(1752) paths processed with 9338 slack improved, crit_thod: 3000 ratio: 0.92(95/103) rt: 1.2s
OPT-0007 : Iter 2: improved SWNS 1232 STNS 0 NUM_FEPS 0 with 14(2600) cells and 1300(1300) paths processed with 1110 slack improved, crit_thod: 3000 ratio: 0.79(15/19) rt: 0.6s
OPT-0007 : Iter 3: improved SWNS 1241 STNS 0 NUM_FEPS 0 with 3(2508) cells and 1254(1254) paths processed with 18 slack improved, crit_thod: 3000 ratio: 0.43(3/7) rt: 0.5s
OPT-0007 : Iter 4: improved SWNS 1241 STNS 0 NUM_FEPS 0 with 1(2508) cells and 1254(1254) paths processed with 22 slack improved, crit_thod: 3000 ratio: 0.33(2/6) rt: 0.5s
OPT-1001 : End path based optimization;  5.296436s wall, 5.937500s user + 0.062500s system = 6.000000s CPU (113.3%)

OPT-1001 : Current memory(MB): used = 1203, reserved = 1198, peak = 1203.
OPT-1001 : End Stage 3.2.3 | Optimize Path; Time: 5.468828s wall, 6.109375s user + 0.062500s system = 6.171875s CPU (112.9%); Memory(MB): used = 1203, reserved = 1198, peak = 1203;

OPT-1001 : Stage 3.2.4 | Optimize Duplicated Nets
OPT-1001 : Start: WNS 1241 TNS 0 NUM_FEPS 0
OPT-1001 : Clean unloaded insts before merging registers
PHY-1001 : Populate physical database on model design_top_wrapper.
PHY-1001 : Populate physical database on model design_top_wrapper.
PHY-1001 : Populate physical database on model design_top_wrapper.
OPT-1001 : Total overflow 0.00 peak overflow 0.00
OPT-1001 : End optimize duplicated nets. Total 3 instances are merged and 199 sinks are reconnected,  2.406942s wall, 2.390625s user + 0.000000s system = 2.390625s CPU (99.3%)

OPT-1001 : Update timing in Manhattan mode
RUN-1002 : start command "start_timer"
RUN-1003 : finish command "start_timer" in  2.725502s wall, 2.718750s user + 0.015625s system = 2.734375s CPU (100.3%)

RUN-1004 : used memory is 1203 MB, reserved memory is 1198 MB, peak memory is 1203 MB
OPT-1001 : End timing update;  4.343398s wall, 4.328125s user + 0.015625s system = 4.343750s CPU (100.0%)

OPT-1001 : Current memory(MB): used = 1203, reserved = 1198, peak = 1203.
OPT-1001 : End Stage 3.2.4 | Optimize Duplicated Nets; Time: 6.928549s wall, 6.890625s user + 0.015625s system = 6.906250s CPU (99.7%); Memory(MB): used = 1203, reserved = 1198, peak = 1203;

OPT-1001 : Stage 3.2.5 | Swap Pins
OPT-1001 : Start pin optimization...
OPT-1001 : Start: SWNS 1241 STNS 0 NUM_FEPS 0
OPT-1001 : Successfully optimized 672 instances
OPT-1001 : Successfully optimized 123 instances
OPT-1001 : End pin optimization;  1.396452s wall, 1.406250s user + 0.000000s system = 1.406250s CPU (100.7%)

OPT-1001 : Current memory(MB): used = 1203, reserved = 1198, peak = 1203.
OPT-1001 : End Stage 3.2.5 | Swap Pins; Time: 1.588031s wall, 1.562500s user + 0.015625s system = 1.578125s CPU (99.4%); Memory(MB): used = 1203, reserved = 1198, peak = 1203;

OPT-1001 : Stage 3.2.6 | Optimize Beeline
OPT-1001 : Start beeline optimization...
OPT-1001 : Start: SWNS 1241 STNS 0 NUM_FEPS 0
PHY-1001 : Beeline DP, 716 out of 4909 (14.59)%; hop = 966.
PHY-1001 : Beeline DP, 232 out of 4252 (5.46)%; hop = 321.
PHY-1001 : Beeline DP, 124 out of 4146 (2.99)%; hop = 178.
PHY-1001 : Beeline DP, 95 out of 4096 (2.32)%; hop = 135.
PHY-1001 : Beeline DP, 79 out of 4088 (1.93)%; hop = 109.
PHY-1001 : Beeline optimization intraPLB, 2138 1-hop(39.83%), 2196 2-hop(40.91%), 430 3-hop( 8.01%), 604 others (11.25%)
PHY-1001 :  10.052941s wall, 10.015625s user + 0.031250s system = 10.046875s CPU (99.9%)

RUN-1001 : Beeline optimization outerPLB: 1-hop 1942, 2-hop 3582, 3-hop 2051, 4-hop 667, other 1807 
OPT-1001 : End beeline optimization;  10.758983s wall, 10.687500s user + 0.031250s system = 10.718750s CPU (99.6%)

OPT-1001 : Update timing in Manhattan mode
OPT-1001 : End timing update;  1.616470s wall, 1.625000s user + 0.000000s system = 1.625000s CPU (100.5%)

OPT-1001 : End Stage 3.2.6 | Optimize Beeline; Time: 12.684014s wall, 12.625000s user + 0.031250s system = 12.656250s CPU (99.8%); Memory(MB): used = 1203, reserved = 1198, peak = 1203;

OPT-0007 : End flow postpack: SWNS 1223 STNS 0 NUM_FEPS 0
RUN-1001 : Generating global routing grids ...
PHY-1001 : Generate routing nets ...
PHY-1001 : Reuse net number 16483/18226.
PHY-1001 : Global iterations in 32 thread ...
PHY-1002 : len = 1.75722e+06, over cnt = 412(0%), over = 586, worst = 5
PHY-1002 : len = 1.76403e+06, over cnt = 227(0%), over = 285, worst = 4
PHY-1002 : len = 1.76811e+06, over cnt = 107(0%), over = 131, worst = 3
PHY-1002 : len = 1.77042e+06, over cnt = 38(0%), over = 42, worst = 3
PHY-1002 : len = 1.77168e+06, over cnt = 1(0%), over = 1, worst = 1
PHY-1001 : End global iterations;  0.712716s wall, 0.890625s user + 0.031250s system = 0.921875s CPU (129.3%)

PHY-1001 : Congestion index:
PHY-1001 : top1  = 74.25(S 63.48, N 63.42, E 66.94, W 67.91, I 62.23, O 70.64)
PHY-1001 : top5  = 64.00(S 52.73, N 53.25, E 52.27, W 54.40, I 50.53, O 58.01)
PHY-1001 : top10 = 58.85(S 46.47, N 46.96, E 45.55, W 47.33, I 44.84, O 52.47)
PHY-1001 : top15 = 55.35(S 42.03, N 42.53, E 41.18, W 42.64, I 40.91, O 48.59)
RUN-1001 : QoR Analysis:
OPT-0007 :   SWNS 1223 STNS 0 NUM_FEPS 0
RUN-1001 :   No local congestion issue, and most congested 1% tile average routing util is 73.815789
RUN-1001 :   Top critical paths
RUN-1001 :       #1 path slack 1223ps with logic level 1 
RUN-1001 :       #2 path slack 1234ps with logic level 1 
RUN-1001 :       #3 path slack 1241ps with logic level 1 
RUN-1001 :       #4 path slack 1243ps with logic level 1 
RUN-1001 :       #5 path slack 1275ps with logic level 1 
RUN-1001 :       #6 path slack 1276ps with logic level 1 
RUN-1001 :       #7 path slack 1276ps with logic level 1 
RUN-1001 :       #8 path slack 1284ps with logic level 1 
RUN-1001 :       #9 path slack 1284ps with logic level 1 
RUN-1001 :       #10 path slack 1286ps with logic level 1 
OPT-1001 : End physical optimization;  35.956256s wall, 36.890625s user + 0.218750s system = 37.109375s CPU (103.2%)

PHY-1001 : End Stage 3.2 | Optimize Design; Time: 35.956513s wall, 36.890625s user + 0.218750s system = 37.109375s CPU (103.2%); Memory(MB): used = 1203, reserved = 1198, peak = 1203;

RUN-1001 : Report Control nets information:
RUN-1001 : DFF Distribution
RUN-1001 : -------------------------------------
RUN-1001 :   CE   |  SSR  |  ASR  |  DFF Count  
RUN-1001 : -------------------------------------
RUN-1001 :   No   |  No   |  No   |     224     
RUN-1001 :   No   |  No   |  Yes  |      0      
RUN-1001 :   No   |  Yes  |  No   |      0      
RUN-1001 :   Yes  |  No   |  No   |    6872     
RUN-1001 :   Yes  |  No   |  Yes  |    6870     
RUN-1001 :   Yes  |  Yes  |  No   |     364     
RUN-1001 : -------------------------------------
RUN-1001 : Control Group Statistic
RUN-1001 : -----------------------------
RUN-1001 :   #CLK  |  #CE  |  #SSR/ASR  
RUN-1001 : -----------------------------
RUN-1001 :    11   |  422  |     31     
RUN-1001 : -----------------------------
RUN-0007 : Control Set = 503
PHY-1001 : End Stage 3 | Detailed Placement; Time: 61.558991s wall, 64.171875s user + 0.484375s system = 64.656250s CPU (105.0%); Memory(MB): used = 1203, reserved = 1198, peak = 1203;

PHY-1001 : Populate physical database on model design_top_wrapper.
PHY-1001 : Stage 4 | Optimize Design
PHY-3001 : Start incremental legalization ...
PHY-1001 : Populate physical database on model design_top_wrapper.
PHY-1001 : Processing 2 clock pins of DDR instance u_ph1p35_324_ddr_wrapper/u_ddr2/ph1p_ddrmc_wrapper/ph1p_ddrmc_top/u_ddr_phy/u_ddrphy_top/u_ddrphy/ac_byte[0]$ac_byte_used$u_ddrphy_ac_byte_wrapper/u_ddrphy_byte, location = x0y70z0.
PHY-1001 :   Placed ioclk instance u_ph1p35_324_ddr_wrapper/u_ddr2/ph1p_ddrmc_wrapper/ph1p_ddrmc_top/u_ddr_phy/u_ddrphy_top/u_ddrphy_clk/ioclk[0]$u_ioclk_1, location = x0y59z1.
PHY-1001 :   Placed ioclk instance u_ph1p35_324_ddr_wrapper/u_ddr2/ph1p_ddrmc_wrapper/ph1p_ddrmc_top/u_ddr_phy/u_ddrphy_top/u_ddrphy_clk/ioclk[0]$u_ioclk_0, location = x0y59z0.
PHY-1001 : Processing 2 clock pins of DDR instance u_ph1p35_324_ddr_wrapper/u_ddr2/ph1p_ddrmc_wrapper/ph1p_ddrmc_top/u_ddr_phy/u_ddrphy_top/u_ddrphy/ac_byte[1]$ac_byte_used$u_ddrphy_ac_byte_wrapper/u_ddrphy_byte, location = x0y60z0.
PHY-1001 :   Placed ioclk instance u_ph1p35_324_ddr_wrapper/u_ddr2/ph1p_ddrmc_wrapper/ph1p_ddrmc_top/u_ddr_phy/u_ddrphy_top/u_ddrphy_clk/ioclk[0]$u_ioclk_1, location = x0y59z1.
PHY-1001 :   Placed ioclk instance u_ph1p35_324_ddr_wrapper/u_ddr2/ph1p_ddrmc_wrapper/ph1p_ddrmc_top/u_ddr_phy/u_ddrphy_top/u_ddrphy_clk/ioclk[0]$u_ioclk_0, location = x0y59z0.
PHY-1001 : Processing 2 clock pins of DDR instance u_ph1p35_324_ddr_wrapper/u_ddr2/ph1p_ddrmc_wrapper/ph1p_ddrmc_top/u_ddr_phy/u_ddrphy_top/u_ddrphy/ac_byte[2]$ac_byte_used$u_ddrphy_ac_byte_wrapper/u_ddrphy_byte, location = x0y50z0.
PHY-1001 :   Placed ioclk instance u_ph1p35_324_ddr_wrapper/u_ddr2/ph1p_ddrmc_wrapper/ph1p_ddrmc_top/u_ddr_phy/u_ddrphy_top/u_ddrphy_clk/ioclk[0]$u_ioclk_1, location = x0y59z1.
PHY-1001 :   Placed ioclk instance u_ph1p35_324_ddr_wrapper/u_ddr2/ph1p_ddrmc_wrapper/ph1p_ddrmc_top/u_ddr_phy/u_ddrphy_top/u_ddrphy_clk/ioclk[0]$u_ioclk_0, location = x0y59z0.
PHY-1001 : Processing 2 clock pins of DDR instance u_ph1p35_324_ddr_wrapper/u_ddr2/ph1p_ddrmc_wrapper/ph1p_ddrmc_top/u_ddr_phy/u_ddrphy_top/u_ddrphy/ac_byte[3]$ac_byte_used$u_ddrphy_ac_byte_wrapper/u_ddrphy_byte, location = x0y40z0.
PHY-1001 :   Placed ioclk instance u_ph1p35_324_ddr_wrapper/u_ddr2/ph1p_ddrmc_wrapper/ph1p_ddrmc_top/u_ddr_phy/u_ddrphy_top/u_ddrphy_clk/ioclk[0]$u_ioclk_1, location = x0y59z1.
PHY-1001 :   Placed ioclk instance u_ph1p35_324_ddr_wrapper/u_ddr2/ph1p_ddrmc_wrapper/ph1p_ddrmc_top/u_ddr_phy/u_ddrphy_top/u_ddrphy_clk/ioclk[0]$u_ioclk_0, location = x0y59z0.
PHY-1001 : Processing 2 clock pins of DDR instance u_ph1p35_324_ddr_wrapper/u_ddr2/ph1p_ddrmc_wrapper/ph1p_ddrmc_top/u_ddr_phy/u_ddrphy_top/u_ddrphy/dx_byte[0]$dx_byte_used$u_ddrphy_dx_byte_wrapper/u_ddrphy_byte, location = x0y30z0.
PHY-1001 :   Placed ioclk instance u_ph1p35_324_ddr_wrapper/u_ddr2/ph1p_ddrmc_wrapper/ph1p_ddrmc_top/u_ddr_phy/u_ddrphy_top/u_ddrphy_clk/ioclk[1]$u_ioclk_1, location = x0y19z1.
PHY-1001 :   Placed ioclk instance u_ph1p35_324_ddr_wrapper/u_ddr2/ph1p_ddrmc_wrapper/ph1p_ddrmc_top/u_ddr_phy/u_ddrphy_top/u_ddrphy_clk/ioclk[1]$u_ioclk_0, location = x0y19z0.
PHY-1001 : Processing 2 clock pins of DDR instance u_ph1p35_324_ddr_wrapper/u_ddr2/ph1p_ddrmc_wrapper/ph1p_ddrmc_top/u_ddr_phy/u_ddrphy_top/u_ddrphy/dx_byte[1]$dx_byte_used$u_ddrphy_dx_byte_wrapper/u_ddrphy_byte, location = x0y10z0.
PHY-1001 :   Placed ioclk instance u_ph1p35_324_ddr_wrapper/u_ddr2/ph1p_ddrmc_wrapper/ph1p_ddrmc_top/u_ddr_phy/u_ddrphy_top/u_ddrphy_clk/ioclk[1]$u_ioclk_1, location = x0y19z1.
PHY-1001 :   Placed ioclk instance u_ph1p35_324_ddr_wrapper/u_ddr2/ph1p_ddrmc_wrapper/ph1p_ddrmc_top/u_ddr_phy/u_ddrphy_top/u_ddrphy_clk/ioclk[1]$u_ioclk_0, location = x0y19z0.
PHY-3001 : Target density is 60%
PHY-3001 : Target density is 60%
PHY-3001 : Initial: Len = 1.49601e+06, Over = 0
PHY-1001 : Stage 4.1 | Spreading
PHY-3001 : Design contains 149 ce signals.
PHY-3001 : Spreading for sector grids.
PHY-3001 : Iter 1, total overflow: 0
PHY-3001 : tot_capacity: 36, usage_cnt: 20, movable_cnt: 24
PHY-3001 : Spreading for clock grids.
PHY-3001 : clock grid count for 24 x 4 grids
PHY-3001 : Spreading for plb grids.
PHY-3001 : total displace: 0, max displace: 0.
PHY-3001 : End spreading;  0.341209s wall, 0.343750s user + 0.000000s system = 0.343750s CPU (100.7%)

PHY-1001 : End Stage 4.1 | Spreading; Time: 0.341307s wall, 0.343750s user + 0.000000s system = 0.343750s CPU (100.7%); Memory(MB): used = 1203, reserved = 1198, peak = 1203;

PHY-3001 : Final: Len = 1.49601e+06, Over = 0
PHY-3001 : End incremental legalization;  0.679285s wall, 0.640625s user + 0.015625s system = 0.656250s CPU (96.6%)

RUN-1002 : start command "report_qor -step place -file place.qor"
RUN-1002 : start command "start_timer"
RUN-1003 : finish command "start_timer" in  1.984371s wall, 1.984375s user + 0.000000s system = 1.984375s CPU (100.0%)

RUN-1004 : used memory is 1203 MB, reserved memory is 1198 MB, peak memory is 1203 MB
RUN-1001 : Generating global routing grids ...
-----------------------------------------------------------
| QoR metrics               |         value               |
-----------------------------------------------------------
| Timing                    |                             |
|     Setup WNS             |         1223                |
|     Setup TNS             |            0                |
|     Num of violated S-EP  |            0                |
|     FMAX                  |    53.257MHz                |
|     SWNS path clock period |      20000ps                |
|     Hold WNS              |         -265                |
|     Hold TNS              |       -65844                |
|     Num of violated H-EP  |          564                |
-----------------------------------------------------------
| Routing Resource          |                             |
|     Wire length           |      1491479                |
|     Route Net Num         |        22698                |
|     DontRoute Net Num     |         9291                |
|     RouteSinks Num        |        67908                |
-----------------------------------------------------------
| Utilization               |                             |
|     #slices               |        13267                |
|     slices percentage     |       62.53%                |
|     #RAMs                 |           49                |
|     #DSPs                 |            8                |
|     #DRAMHARDCON          |           37                |
-----------------------------------------------------------
| Congestion                |                             |
|     Top 1% tile util      |           68                |
|     Top 1% tile avg util  |       73.82%                |
|     Over 100% util #tile  |            0                |
-----------------------------------------------------------
Report place stage QoR done.

RUN-1003 : finish command "report_qor -step place -file place.qor" in  4.491529s wall, 4.484375s user + 0.000000s system = 4.484375s CPU (99.8%)

RUN-1004 : used memory is 1203 MB, reserved memory is 1198 MB, peak memory is 1203 MB
PHY-1001 : End Stage 4 | Optimize Design; Time: 5.196460s wall, 5.156250s user + 0.015625s system = 5.171875s CPU (99.5%); Memory(MB): used = 1203, reserved = 1198, peak = 1203;

PHY-1001 : Stage 5 | DRC Check
PHY-1001 : Stage 5.1 | Slice Attributes Check
PHY-1035 : Redundant attributes/nets in slice detected. You can use tcl "check_slice_attr -verbose" to get full message.
PHY-1039 : Found 112 mslices getting no used reg attributes, eg: u_hdmi_tx/u_hdmi_1_4b_transmitter_core_wrapper/u_hdmi_tx_controller_wrapper/u_hdmi_video_data_assemble/S_island_guard_band_1d_syn_10.
PHY-1039 : Found 112 mslices getting no used ce attributes, eg: u_hdmi_tx/u_hdmi_1_4b_transmitter_core_wrapper/u_hdmi_tx_controller_wrapper/u_hdmi_video_data_assemble/S_island_guard_band_1d_syn_10.
PHY-1001 : End Stage 5.1 | Slice Attributes Check; Time: 0.067610s wall, 0.062500s user + 0.000000s system = 0.062500s CPU (92.4%); Memory(MB): used = 1203, reserved = 1198, peak = 1203;

PHY-1001 : Stage 5.2 | Clock Bound Check
PHY-1001 : Check pass.
PHY-1001 : End Stage 5.2 | Clock Bound Check; Time: 0.002898s wall, 0.015625s user + 0.000000s system = 0.015625s CPU (539.1%); Memory(MB): used = 1203, reserved = 1198, peak = 1203;

PHY-1001 : Stage 5.3 | Force Route Constraint Check
PHY-1001 : Check Pass.
PHY-1001 : End Stage 5.3 | Force Route Constraint Check; Time: 0.003088s wall, 0.000000s user + 0.000000s system = 0.000000s CPU (n/a%); Memory(MB): used = 1203, reserved = 1198, peak = 1203;

PHY-1001 : Stage 5.4 | Sigmap Check
PHY-1001 : Check pass.
PHY-1001 : End Stage 5.4 | Sigmap Check; Time: 0.103910s wall, 0.093750s user + 0.000000s system = 0.093750s CPU (90.2%); Memory(MB): used = 1203, reserved = 1198, peak = 1203;

PHY-1001 : Stage 5.5 | Duplicated SelfDriven Check
PHY-1001 : Check pass.
PHY-1001 : End Stage 5.5 | Duplicated SelfDriven Check; Time: 0.456812s wall, 0.421875s user + 0.000000s system = 0.421875s CPU (92.4%); Memory(MB): used = 1203, reserved = 1198, peak = 1203;

PHY-1001 : Stage 5.6 | Clock Rule Check
PHY-5088 WARNING: Clock_Analyzer: Detected 1 buffer(s) clkin net because they drive non-clock sinks. Run "analyze_clock -detail" for more infomation.
PHY-5088 WARNING: Clock_Analyzer: Detected 1 buffer(s) clkout net because they drive non-clock sinks. Run "analyze_clock -detail" for more infomation.
PHY-5088 WARNING: Clock_Analyzer: 3 clock-net(s) because they drive other clock net, may cause clock skew. Run "analyze_clock -detail" for more infomation.
PHY-1001 : End Stage 5.6 | Clock Rule Check; Time: 0.097451s wall, 0.078125s user + 0.000000s system = 0.078125s CPU (80.2%); Memory(MB): used = 1203, reserved = 1198, peak = 1203;

PHY-1001 : End Stage 5 | DRC Check; Time: 0.810838s wall, 0.750000s user + 0.000000s system = 0.750000s CPU (92.5%); Memory(MB): used = 1203, reserved = 1198, peak = 1203;

OPT-1001 : QoR tracer report on placement steps:
    SWNS [   incr ]    STNS [   incr ]    FEPS [   incr ]    CRIT [   incr ]      CELL [     incr ]        WL [     incr ]    CONG [   incr ]    PDES [   incr ]   RT(s) [   incr ]   MEM(mb) [     incr ]
       0 [      0 ]       0 [      0 ]       0 [      0 ]       0 [      0 ]     27884 [        0 ]         0 [        0 ]    0.00 [   0.00 ]       0 [      0 ]       0 [      0 ]       537 [        0 ] : preplace:simplify_lut
       0 [      0 ]       0 [      0 ]       0 [      0 ]       0 [      0 ]     27884 [        0 ]         0 [        0 ]    0.00 [   0.00 ]       0 [      0 ]       0 [      0 ]       537 [        0 ] : preplace:sweep
       0 [      0 ]       0 [      0 ]       0 [      0 ]       0 [      0 ]     27884 [        0 ]         0 [        0 ]    0.00 [   0.00 ]       0 [      0 ]       0 [      0 ]       537 [        0 ] : preplace:lut_merge
       0 [      0 ]       0 [      0 ]       0 [      0 ]       0 [      0 ]     27884 [        0 ]         0 [        0 ]    0.00 [   0.00 ]       0 [      0 ]       0 [      0 ]       537 [        0 ] : preplace:hfn_opt
    1324 [   1324 ]       0 [      0 ]       0 [      0 ]    4478 [   4478 ]     29672 [     1788 ]   1838959 [  1838959 ]    0.00 [   0.00 ]       0 [      0 ]      14 [     14 ]       950 [      413 ] : step1_gp
    1324 [      0 ]       0 [      0 ]       0 [      0 ]    4495 [     17 ]     29672 [        0 ]   1843408 [     4449 ]    0.00 [   0.00 ]       0 [      0 ]      15 [      1 ]       956 [        6 ] : step1_legal
    1324 [      0 ]       0 [      0 ]       0 [      0 ]    4496 [      1 ]     29672 [        0 ]   1810903 [   -32505 ]    0.00 [   0.00 ]       0 [      0 ]      17 [      2 ]       958 [        2 ] : step1_dp
    1310 [    -14 ]       0 [      0 ]       0 [      0 ]    4710 [    214 ]     29672 [        0 ]   1559790 [  -251113 ]  187.53 [ 187.53 ]       0 [      0 ]      26 [      9 ]      1049 [       91 ] : step2_gp
    1310 [      0 ]       0 [      0 ]       0 [      0 ]    4709 [     -1 ]     29672 [        0 ]   1556361 [    -3429 ]  187.53 [   0.00 ]       0 [      0 ]      26 [      0 ]      1049 [        0 ] : step2_dp
    1310 [      0 ]       0 [      0 ]       0 [      0 ]    4709 [      0 ]     29672 [        0 ]   1556361 [        0 ]  187.53 [   0.00 ]       0 [      0 ]      26 [      0 ]      1049 [        0 ] : prepack_spreading
    1310 [      0 ]       0 [      0 ]       0 [      0 ]    4863 [    154 ]     29815 [      143 ]   1276621 [  -279740 ]  169.92 [ -17.61 ]       0 [      0 ]      35 [      9 ]      1064 [       15 ] : prepack:hfn_opt
    1310 [      0 ]       0 [      0 ]       0 [      0 ]    4861 [     -2 ]     29815 [        0 ]   1279684 [     3063 ]   87.05 [ -82.87 ]       0 [      0 ]      40 [      5 ]      1064 [        0 ] : prepack:global_opt
    1020 [   -290 ]       0 [      0 ]       0 [      0 ]    5052 [    191 ]     15253 [   -14562 ]   1641737 [   362053 ]   86.68 [  -0.37 ]       0 [      0 ]      67 [     27 ]      1187 [      123 ] : direct_legalization
    1020 [      0 ]       0 [      0 ]       0 [      0 ]    5052 [      0 ]     15253 [        0 ]   1641737 [        0 ]   86.68 [   0.00 ]       0 [      0 ]      68 [      1 ]      1192 [        5 ] : post_pack_spreading
    1101 [     81 ]       0 [      0 ]       0 [      0 ]    5199 [    147 ]     15253 [        0 ]   1444439 [  -197298 ]   74.61 [ -12.08 ]       0 [      0 ]      92 [     24 ]      1202 [       10 ] : post_pack_dp
    1101 [      0 ]       0 [      0 ]       0 [      0 ]    5202 [      3 ]     15240 [      -13 ]   1437856 [    -6583 ]   74.61 [   0.00 ]       0 [      0 ]     100 [      8 ]      1202 [        0 ] : postpack:optimize_equivalent_quick
    1101 [      0 ]       0 [      0 ]       0 [      0 ]    5202 [      0 ]     15248 [        8 ]   1438926 [     1070 ]   74.61 [   0.00 ]       0 [      0 ]     101 [      1 ]      1202 [        0 ] : postpack:hfn_opt
    1241 [    140 ]       0 [      0 ]       0 [      0 ]    5200 [     -2 ]     15263 [       15 ]   1445328 [     6402 ]   73.63 [  -0.97 ]       0 [      0 ]     106 [      5 ]      1203 [        1 ] : postpack:path_opt
    1241 [      0 ]       0 [      0 ]       0 [      0 ]    5202 [      2 ]     15262 [       -1 ]   1444766 [     -562 ]   73.63 [   0.00 ]       0 [      0 ]     113 [      7 ]      1203 [        0 ] : postpack:optimize_equivalent
    1241 [      0 ]       0 [      0 ]       0 [      0 ]    5376 [    174 ]     15262 [        0 ]   1444766 [        0 ]   73.63 [   0.00 ]       0 [      0 ]     115 [      2 ]      1203 [        0 ] : postpack:pin_opt
    1223 [    -18 ]       0 [      0 ]       0 [      0 ]    5341 [    -35 ]     15262 [        0 ]   1483056 [    38290 ]   73.63 [   0.00 ]       0 [      0 ]     127 [     12 ]      1203 [        0 ] : postpack:beeline_opt

RUN-1003 : finish command "place" in  135.328240s wall, 428.953125s user + 10.421875s system = 439.375000s CPU (324.7%)

RUN-1004 : used memory is 1203 MB, reserved memory is 1198 MB, peak memory is 1203 MB
RUN-1002 : start command "update_timing -mode manhattan"
RUN-1002 : start command "start_timer"
RUN-1003 : finish command "start_timer" in  2.000701s wall, 2.000000s user + 0.000000s system = 2.000000s CPU (100.0%)

RUN-1004 : used memory is 1203 MB, reserved memory is 1197 MB, peak memory is 1203 MB
RUN-1003 : finish command "update_timing -mode manhattan" in  3.529421s wall, 3.515625s user + 0.000000s system = 3.515625s CPU (99.6%)

RUN-1004 : used memory is 1203 MB, reserved memory is 1197 MB, peak memory is 1203 MB
RUN-1002 : start command "report_timing_summary -file camera_to_dsi_display_place.timing"
RUN-1002 : start command "report_area -io_info -file camera_to_dsi_display_phy.area"
SYN-4034 : The count of slices with lut is 7215.
SYN-4035 : The count of slices with lut+ripple is 3254.
RUN-1001 : standard
***Report Model: design_top_wrapper Device: PH1P35MDG324***

Design Statistics
#IO                        62   out of    160   38.75%
  #input                    7
  #output                  32
  #inout                   23
#lut6                   10877   out of  21216   51.27%
#reg                    14106
  #slice reg            14106   out of  42432   33.24%
  #pad reg                  0

Utilization Statistics
#slice                  13267   out of  21216   62.53%
  #used ram               408
    #dram lut             296
    #shifter lut          112
  #used logic           12859
    #with luts           7215
    #with adder          3254
    #reg only            2390
#f7mux                      0   out of  10608    0.00%
#f8mux                      0   out of   5304    0.00%
#eram                      49   out of    108   45.37%
  #eram20k                 49
  #fifo20k                  0
#dsp                        8   out of     40   20.00%
#mcu                        1   out of      1  100.00%
#ddr_byte                   6   out of     12   50.00%
#mipi_tx                    0   out of      2    0.00%
#mipi_rx                    1   out of      2   50.00%
#pad                       21   out of    160   13.12%
#pll                        3   out of      6   50.00%
#gclk                      11   out of     32   34.38%
#lclk                       0   out of     12    0.00%
#sclk                       0   out of     48    0.00%
#mlclk                      2   out of      6   33.33%
#ioclk                      4   out of     18   22.22%

RUN-1002 : start command "flow_status -file place_flow.status"
Location         : D:\2026fpga\lab_hd_1_mipi_hdmi\td_project\camera_to_dsi_display_Runs\phy_1
Running with     : Tang Dynasty v6.2.168116
                   Copyright (c) 2012-2025 Anlogic Inc.
Top Model        : design_top_wrapper
Device           : PH1P35MDG324
Speed            : 3

Timing Mode      : manhattan
Setup            : WNS  1223ps  TNS        0ps  NUM_FEPS     0
Hold             : WNS  -265ps  TNS   -65844ps  NUM_FEPS   564

Flow Statistics  :
RUN-1001 : Flow Statistics:
RUN-1001 : ---------------------------------------------------------------------------------------------------
RUN-1001 :      command     |  #calls  |  wall time   |  cpu time(s)  |  used memory(mb)  |  peak memory(mb)  
RUN-1001 : ---------------------------------------------------------------------------------------------------
RUN-1001 :       place      |    1     |  2m15s(97%)  |   438(99%)    |       1203        |       1203        
RUN-1001 :   import_device  |    1     |    2s(1%)    |     2(0%)     |        325        |        325        
RUN-1001 :     import_db    |    1     |    1s(0%)    |     0(0%)     |        535        |        535        
RUN-1001 : ---------------------------------------------------------------------------------------------------
RUN-1001 :       total      |    3     |    2m18s     |      440      |       1203        |       1203        
RUN-1001 : ---------------------------------------------------------------------------------------------------
RUN-1002 : start command "report_clock_utilization -file place_clock_utilization.txt"
RUN-1002 : start command "export_db camera_to_dsi_display_place.db"
RUN-1001 : Exported flow parameters
RUN-1001 : Exported /
RUN-1001 : Exported libs
RUN-1001 : Exported entities
RUN-1001 : Exported ports
RUN-1001 : Exported pins
RUN-1001 : Exported instances
RUN-1001 : Exported nets
RUN-1001 : Exported buses
RUN-1001 : Exported models
RUN-1001 : Exported phy database
RUN-1001 : Exported packer
RUN-1001 : Exported congestions
RUN-1001 : Exported violations
RUN-1001 : Exported ATMR Setting
RUN-1001 : Exported timing constraints
RUN-1001 : Exported IO constraints
RUN-1001 : Exported Inst constraints
RUN-1001 : Exported ChipWatcher
RUN-1003 : finish command "export_db camera_to_dsi_display_place.db" in  1.056364s wall, 1.484375s user + 0.046875s system = 1.531250s CPU (145.0%)

RUN-1004 : used memory is 1225 MB, reserved memory is 1310 MB, peak memory is 1225 MB
RUN-1002 : start command "commit_param -step route"
RUN-1001 : Print Global Property
RUN-1001 : -------------------------------------------------------------
RUN-1001 :     Parameters    |   Settings   |  Default Values  |  Note  
RUN-1001 : -------------------------------------------------------------
RUN-1001 :    enable_seed    |     off      |       off        |        
RUN-1001 :    hfn_to_clock   |  1000000000  |    1000000000    |        
RUN-1001 :      message      |   standard   |     standard     |        
RUN-1001 :    qor_monitor    |      on      |        on        |        
RUN-1001 :   speedup_effort  |      0       |        0         |        
RUN-1001 :    syn_ip_flow    |     off      |       off        |        
RUN-1001 :       thread      |     auto     |       auto       |        
RUN-1001 : -------------------------------------------------------------
RUN-1001 : Print Route Property
RUN-1001 : ---------------------------------------------------------------
RUN-1001 :       Parameters      |  Settings  |  Default Values  |  Note  
RUN-1001 : ---------------------------------------------------------------
RUN-1001 :         effort        |   normal   |      normal      |        
RUN-1001 :        fix_hold       |     on     |        on        |        
RUN-1001 :   hold_fix_iteration  |     5      |        5         |        
RUN-1001 :     post_route_opt    |    auto    |       auto       |        
RUN-1001 :         timing        |     on     |        on        |        
RUN-1001 : ---------------------------------------------------------------
RUN-1002 : start command "route"
RUN-1001 : Open license file F:/AnlogicFpga/TD_6.2.1_Engineer_6.2.168.116/license/Anlogic.lic
PHY-1001 : Reconnected 30 VDD pins with routing demanding
PHY-1001 : Populate physical database on model design_top_wrapper.
RUN-1001 : Dedicate pll clock connection statistics:
RUN-1001 : Clock Region s_1_l [0,40][23,79]; Utilization: 1 out of 12
RUN-1001 : ----------------------------------------------------------------------------------------------------------------------------------------------------------------------------------------------------------------------------------
RUN-1001 :   Index  |                                    Leading Clock                                     |                                                          Special Sink                                                           
RUN-1001 : ----------------------------------------------------------------------------------------------------------------------------------------------------------------------------------------------------------------------------------
RUN-1001 :     1    |  u_ph1p35_324_ddr_wrapper/u_ddr2/ph1p_ddrmc_wrapper/ph1p_ddrmc_top/u_alc_mc_top/clk  |  u_ph1p35_324_ddr_wrapper/u_ddr2/ph1p_ddrmc_wrapper/ph1p_ddrmc_top/u_ddr_phy/u_ddrphy_top/u_ddrphy_clk/u_pll1/u_pll_inst.fbclk  
RUN-1001 : ----------------------------------------------------------------------------------------------------------------------------------------------------------------------------------------------------------------------------------
RUN-1001 : Clock Region s_1_r [24,40][43,79]; Utilization: 1 out of 12
RUN-1001 : -----------------------------------------------------------------------------------------------------------------------------------------------------------------------
RUN-1001 :   Index  |                                     Leading Clock                                     |                            Special Sink                             
RUN-1001 : -----------------------------------------------------------------------------------------------------------------------------------------------------------------------
RUN-1001 :     1    |  u_mipi_dphy_rx_ph1p_mipiio_wrapper/u_ph1p_mipiio_rx_wrapper/u_lane0_hs_detect/I_clk  |  u_PLL/ph1p_phy_pll_wrapper_25a56e5ce2f9_Inst/u_PH1P_PHY_PLL.fbclk  
RUN-1001 : -----------------------------------------------------------------------------------------------------------------------------------------------------------------------
PHY-1001 : Working orders of clock nets being processed in bank assignment:
PHY-1001 : u_ph1p35_324_ddr_wrapper/u_ddr2/ph1p_ddrmc_wrapper/ph1p_ddrmc_top/u_alc_mc_top/clk;
PHY-1001 : u_mipi_dphy_rx_ph1p_mipiio_wrapper/u_ph1p_mipiio_rx_wrapper/u_lane0_hs_detect/I_clk;
PHY-1001 : u_isp_top/u_rgb96_downscale_crop/u_scale_line_buffer/ram_f84573da5ab5_Inst/clkb;
PHY-1001 : S_hdmi_pixel_clk_syn_652;
PHY-1001 : O_cam_24m_syn_3;
PHY-1001 : I_sys_clk_syn_8;
PHY-1001 : u_mcu_ui_apb_regs/I_clk_syn_1;
PHY-1001 : u_hdmi_tx/u_hdmi2phy_wrapper/u0_lane_lvds_8_1/I_serial_clk_syn_1;
PHY-1001 : u_ph1p35_324_ddr_wrapper/u_ddr2/ph1p_ddrmc_wrapper/ph1p_ddrmc_top/u_ddr_phy/u_ddrphy_top/u_ddrphy/apb_pclk_syn_1;
PHY-1001 : u_uicfgcs500/uii2c_inst/scl_clk_syn_9;
PHY-1001 : u_mcu/MCU_521bd43d073e_Inst/core_clk_syn_1;
PHY-1001 : Internal bound Intnl_0_0_25_40 is being created by clock MIPI_RX_BYTE_CLK through SCLK.
PHY-1001 : Internal bound Intnl_25_0_23_40 is being created by clock MIPI_RX_BYTE_CLK through SCLK.
PHY-1001 : Internal bound Intnl_0_40_25_40 is being created by clock u_ph1p35_324_ddr_wrapper/u_ddr2/usr_clk through SCLK.
PHY-1001 : Internal bound Intnl_25_40_19_40 is being created by clock MIPI_RX_BYTE_CLK through SCLK.
RUN-1001 : Clock region assignment statistics:
RUN-1001 : Clock Region s_0_l [0,0][23,39]; Utilization: 7 out of 12
RUN-1001 : ----------------------------------------------------------------------------------------------------------------------------------------------------------------------------------------------------------------------------------------------------------------------------------------------------------------------------------------
RUN-1001 :   Bank  |                                                   Leading Clock                                                    |       Type        |                                                                          Buffer                                                                           |  Regional Clock Fanouts  
RUN-1001 : ----------------------------------------------------------------------------------------------------------------------------------------------------------------------------------------------------------------------------------------------------------------------------------------------------------------------------------------
RUN-1001 :    1    |                  u_isp_top/u_rgb96_downscale_crop/u_scale_line_buffer/ram_f84573da5ab5_Inst/clkb                   |  (infered sclk)   |                           u_mipi_dphy_rx_ph1p_mipiio_wrapper/u_ph1p_mipiio_rx_wrapper/bufg_feedback_auto_created_sclk_s_0_l_bk1                           |           1343           
RUN-1001 :    2    |                 u_ph1p35_324_ddr_wrapper/u_ddr2/ph1p_ddrmc_wrapper/ph1p_ddrmc_top/u_alc_mc_top/clk                 |  (infered sclk)   |   u_ph1p35_324_ddr_wrapper/u_ddr2/ph1p_ddrmc_wrapper/ph1p_ddrmc_top/u_ddr_phy/u_ddrphy_top/u_ddrphy_clk/u_pll1/u_bufg_fbclk_auto_created_sclk_s_0_l_bk2   |           967            
RUN-1001 :    3    |                                                  I_sys_clk_syn_8                                                   |  (infered sclk)   |                                               I_sys_clk_dup_6_created_gclkinst_auto_created_sclk_s_0_l_bk3                                                |            82            
RUN-1001 :    4    |                                              S_hdmi_pixel_clk_syn_652                                              |  (infered sclk)   |                                               S_hdmi_pixel_clk_created_gclkinst_auto_created_sclk_s_0_l_bk4                                               |            79            
RUN-1001 :    5    |                                                  O_cam_24m_syn_3                                                   |  (infered sclk)   |                                               O_cam_24m_dup_1_created_gclkinst_auto_created_sclk_s_0_l_bk5                                                |            7             
RUN-1001 :    6    |  u_ph1p35_324_ddr_wrapper/u_ddr2/ph1p_ddrmc_wrapper/ph1p_ddrmc_top/u_ddr_phy/u_ddrphy_top/u_ddrphy/apb_pclk_syn_1  |  (infered sclk)   |  u_ph1p35_324_ddr_wrapper/u_ddr2/ph1p_ddrmc_wrapper/ph1p_ddrmc_top/u_ddr_phy/u_ddrphy_top/u_ddrphy/apb_pclk_created_gclkinst_auto_created_sclk_s_0_l_bk6  |            3             
RUN-1001 :    7    |                                           u_mcu_ui_apb_regs/I_clk_syn_1                                            |  (infered sclk)   |                                           u_mcu_ui_apb_regs/I_clk_created_gclkinst_auto_created_sclk_s_0_l_bk7                                            |            2             
RUN-1001 : ----------------------------------------------------------------------------------------------------------------------------------------------------------------------------------------------------------------------------------------------------------------------------------------------------------------------------------------
RUN-1001 : Clock Region s_0_r [24,0][47,39]; Utilization: 7 out of 12
RUN-1001 : ---------------------------------------------------------------------------------------------------------------------------------------------------------------------------------------------------------------------------------------------------------
RUN-1001 :   Bank  |                                     Leading Clock                                     |       Type        |                                                 Buffer                                                  |  Regional Clock Fanouts  
RUN-1001 : ---------------------------------------------------------------------------------------------------------------------------------------------------------------------------------------------------------------------------------------------------------
RUN-1001 :    1    |    u_isp_top/u_rgb96_downscale_crop/u_scale_line_buffer/ram_f84573da5ab5_Inst/clkb    |  (infered sclk)   |  u_mipi_dphy_rx_ph1p_mipiio_wrapper/u_ph1p_mipiio_rx_wrapper/bufg_feedback_auto_created_sclk_s_0_r_bk1  |           1511           
RUN-1001 :    2    |                               S_hdmi_pixel_clk_syn_652                                |  (infered sclk)   |                      S_hdmi_pixel_clk_created_gclkinst_auto_created_sclk_s_0_r_bk2                      |           108            
RUN-1001 :    3    |                                    O_cam_24m_syn_3                                    |  (infered sclk)   |                      O_cam_24m_dup_1_created_gclkinst_auto_created_sclk_s_0_r_bk3                       |            97            
RUN-1001 :    4    |                             u_mcu_ui_apb_regs/I_clk_syn_1                             |  (infered sclk)   |                  u_mcu_ui_apb_regs/I_clk_created_gclkinst_auto_created_sclk_s_0_r_bk4                   |            52            
RUN-1001 :    5    |                         u_uicfgcs500/uii2c_inst/scl_clk_syn_9                         |  (infered sclk)   |              u_uicfgcs500/uii2c_inst/scl_clk_created_gclkinst_auto_created_sclk_s_0_r_bk5               |            17            
RUN-1001 :    6    |  u_mipi_dphy_rx_ph1p_mipiio_wrapper/u_ph1p_mipiio_rx_wrapper/u_lane0_hs_detect/I_clk  |  (infered sclk)   |                             u_PLL/bufg_feedback_auto_created_sclk_s_0_r_bk6                             |            8             
RUN-1001 :    7    |                      u_mcu/MCU_521bd43d073e_Inst/core_clk_syn_1                       |  (infered sclk)   |            u_mcu/MCU_521bd43d073e_Inst/core_clk_created_gclkinst_auto_created_sclk_s_0_r_bk7            |            1             
RUN-1001 : ---------------------------------------------------------------------------------------------------------------------------------------------------------------------------------------------------------------------------------------------------------
RUN-1001 : Clock Region s_1_l [0,40][23,79]; Utilization: 4 out of 12
RUN-1001 : ----------------------------------------------------------------------------------------------------------------------------------------------------------------------------------------------------------------------------------------------------------------------------------------------------------------------------------------
RUN-1001 :   Bank  |                                                   Leading Clock                                                    |       Type        |                                                                          Buffer                                                                           |  Regional Clock Fanouts  
RUN-1001 : ----------------------------------------------------------------------------------------------------------------------------------------------------------------------------------------------------------------------------------------------------------------------------------------------------------------------------------------
RUN-1001 :    1    |                 u_ph1p35_324_ddr_wrapper/u_ddr2/ph1p_ddrmc_wrapper/ph1p_ddrmc_top/u_alc_mc_top/clk                 |  (infered sclk)   |   u_ph1p35_324_ddr_wrapper/u_ddr2/ph1p_ddrmc_wrapper/ph1p_ddrmc_top/u_ddr_phy/u_ddrphy_top/u_ddrphy_clk/u_pll1/u_bufg_fbclk_auto_created_sclk_s_1_l_bk1   |           1148           
RUN-1001 :    2    |                  u_isp_top/u_rgb96_downscale_crop/u_scale_line_buffer/ram_f84573da5ab5_Inst/clkb                   |  (infered sclk)   |                           u_mipi_dphy_rx_ph1p_mipiio_wrapper/u_ph1p_mipiio_rx_wrapper/bufg_feedback_auto_created_sclk_s_1_l_bk2                           |           1385           
RUN-1001 :    3    |                                              S_hdmi_pixel_clk_syn_652                                              |  (infered sclk)   |                                               S_hdmi_pixel_clk_created_gclkinst_auto_created_sclk_s_1_l_bk3                                               |            28            
RUN-1001 :    4    |  u_ph1p35_324_ddr_wrapper/u_ddr2/ph1p_ddrmc_wrapper/ph1p_ddrmc_top/u_ddr_phy/u_ddrphy_top/u_ddrphy/apb_pclk_syn_1  |  (infered sclk)   |  u_ph1p35_324_ddr_wrapper/u_ddr2/ph1p_ddrmc_wrapper/ph1p_ddrmc_top/u_ddr_phy/u_ddrphy_top/u_ddrphy/apb_pclk_created_gclkinst_auto_created_sclk_s_1_l_bk4  |            24            
RUN-1001 : ----------------------------------------------------------------------------------------------------------------------------------------------------------------------------------------------------------------------------------------------------------------------------------------------------------------------------------------
RUN-1001 : Clock Region s_1_r [24,40][43,79]; Utilization: 6 out of 12
RUN-1001 : ---------------------------------------------------------------------------------------------------------------------------------------------------------------------------------------------------------------------------------------------------------------------------------------------------------
RUN-1001 :   Bank  |                                     Leading Clock                                     |       Type        |                                                                         Buffer                                                                          |  Regional Clock Fanouts  
RUN-1001 : ---------------------------------------------------------------------------------------------------------------------------------------------------------------------------------------------------------------------------------------------------------------------------------------------------------
RUN-1001 :    1    |  u_mipi_dphy_rx_ph1p_mipiio_wrapper/u_ph1p_mipiio_rx_wrapper/u_lane0_hs_detect/I_clk  |  (infered sclk)   |                                                     u_PLL/bufg_feedback_auto_created_sclk_s_1_r_bk1                                                     |            1             
RUN-1001 :    2    |    u_isp_top/u_rgb96_downscale_crop/u_scale_line_buffer/ram_f84573da5ab5_Inst/clkb    |  (infered sclk)   |                          u_mipi_dphy_rx_ph1p_mipiio_wrapper/u_ph1p_mipiio_rx_wrapper/bufg_feedback_auto_created_sclk_s_1_r_bk2                          |           850            
RUN-1001 :    3    |                               S_hdmi_pixel_clk_syn_652                                |  (infered sclk)   |                                              S_hdmi_pixel_clk_created_gclkinst_auto_created_sclk_s_1_r_bk3                                              |           712            
RUN-1001 :    4    |  u_ph1p35_324_ddr_wrapper/u_ddr2/ph1p_ddrmc_wrapper/ph1p_ddrmc_top/u_alc_mc_top/clk   |  (infered sclk)   |  u_ph1p35_324_ddr_wrapper/u_ddr2/ph1p_ddrmc_wrapper/ph1p_ddrmc_top/u_ddr_phy/u_ddrphy_top/u_ddrphy_clk/u_pll1/u_bufg_fbclk_auto_created_sclk_s_1_r_bk4  |            60            
RUN-1001 :    5    |           u_hdmi_tx/u_hdmi2phy_wrapper/u0_lane_lvds_8_1/I_serial_clk_syn_1            |  (infered sclk)   |                         u_hdmi_tx/u_hdmi2phy_wrapper/u0_lane_lvds_8_1/I_serial_clk_created_gclkinst_auto_created_sclk_s_1_r_bk5                         |            39            
RUN-1001 :    6    |                             u_mcu_ui_apb_regs/I_clk_syn_1                             |  (infered sclk)   |                                          u_mcu_ui_apb_regs/I_clk_created_gclkinst_auto_created_sclk_s_1_r_bk6                                           |            26            
RUN-1001 : ---------------------------------------------------------------------------------------------------------------------------------------------------------------------------------------------------------------------------------------------------------------------------------------------------------
PHY-1001 : Populate physical database on model design_top_wrapper.
PHY-1001 : Route runs in 32 thread(s)
RUN-1001 : There are total 13790 instances
RUN-1001 : 408 mslices, 12859 lslices, 53 pads, 49 brams, 8 dsps
RUN-1001 : There are total 32314 nets
RUN-1001 : 20555 nets have 2 pins
RUN-1001 : 9230 nets have [3 - 5] pins
RUN-1001 : 1706 nets have [6 - 10] pins
RUN-1001 : 541 nets have [11 - 20] pins
RUN-1001 : 262 nets have [21 - 99] pins
RUN-1001 : 20 nets have 100+ pins
RUN-1002 : start command "start_timer"
RUN-1003 : finish command "start_timer" in  3.370390s wall, 3.359375s user + 0.000000s system = 3.359375s CPU (99.7%)

RUN-1004 : used memory is 1225 MB, reserved memory is 1310 MB, peak memory is 1225 MB
PHY-1001 : 408 mslices, 12859 lslices, 53 pads, 49 brams, 8 dsps

PHY-1001 : Stage 1 | Global Routing
PHY-1001 : Start global routing, caller is route ...
RUN-1001 : Generating global routing grids ...
PHY-1001 : Generate routing nets ...
RUN-1001 : Generate nets statistics:
RUN-1001 : ----------------------------
RUN-1001 :        Type       |  Nets   
RUN-1001 : ----------------------------
RUN-1001 :   TotalRouteNets  |  22722  
RUN-1001 :   DontRouteNets   |  4496   
RUN-1001 :     RouteNets     |  18226  
RUN-1001 :     RouteSinks    |  34216  
RUN-1001 : ----------------------------
PHY-1001 : Global iterations in 32 thread ...
PHY-1002 : len = 1.61514e+06, over cnt = 1872(2%), over = 4227, worst = 9
PHY-1002 : len = 1.68304e+06, over cnt = 1054(1%), over = 1755, worst = 9
PHY-1002 : len = 1.71718e+06, over cnt = 391(0%), over = 585, worst = 6
PHY-1002 : len = 1.73229e+06, over cnt = 0(0%), over = 0, worst = 0
PHY-1001 : End global iterations;  2.444574s wall, 3.062500s user + 0.203125s system = 3.265625s CPU (133.6%)

PHY-1001 : Congestion index:
PHY-1001 : top1  = 75.05(S 62.07, N 63.53, E 67.55, W 68.77, I 69.05, O 78.37)
PHY-1001 : top5  = 63.82(S 52.07, N 53.11, E 52.30, W 53.87, I 52.26, O 59.44)
PHY-1001 : top10 = 58.52(S 45.70, N 46.78, E 45.29, W 46.71, I 45.81, O 53.15)
PHY-1001 : top15 = 54.95(S 41.23, N 42.38, E 40.94, W 42.07, I 41.62, O 49.02)
PHY-1001 : End global routing;  2.889736s wall, 3.500000s user + 0.203125s system = 3.703125s CPU (128.1%)

PHY-1001 : End Stage 1 | Global Routing; Time: 2.889807s wall, 3.500000s user + 0.203125s system = 3.703125s CPU (128.1%); Memory(MB): used = 1245, reserved = 1310, peak = 1245;

PHY-1001 : Stage 2 | Detail Routing
PHY-1001 : Stage 2.1 | Build Routing Design
PHY-1001 : Routing in high effort: false
PHY-1001 : Routing Mode: normal
PHY-1001 : Generate detailed routing grids ...
RUN-1001 : Constructing routing connections ...
PHY-1001 : End build routing graph; 3.424689s wall, 24.109375s user + 0.375000s system = 24.484375s CPU (714.9%)

PHY-1001 : Generate nets ...
RUN-1001 : Generate nets statistics:
RUN-1001 : ------------------------------
RUN-1001 :         Type        |  Nets   
RUN-1001 : ------------------------------
RUN-1001 :        Route        |  23024  
RUN-1001 :      DontRoute      |  9290   
RUN-1001 :      RouteSinks     |  69893  
RUN-1001 :   RouteEntitySinks  |    0    
RUN-1001 :       Lut2Dff       |    0    
RUN-1001 :       Ram2Dff       |    0    
RUN-1001 :      Carry2Dff      |    0    
RUN-1001 : ------------------------------
RUN-1001 : DR clock net summary:
RUN-1001 : ---------------------------------------------------------------------------------------------------------------------------------------------------
RUN-1001 :   Net Idx  |                                                        Net Name                                                        |  Clock Type  
RUN-1001 : ---------------------------------------------------------------------------------------------------------------------------------------------------
RUN-1001 :      1     |                                                    I_sys_clk_dup_6                                                     |    Normal    
RUN-1001 :      2     |                                                    I_sys_clk_syn_8                                                     |    Normal    
RUN-1001 :      3     |                                                    O_cam_24m_dup_1                                                     |    Normal    
RUN-1001 :      4     |                                                    O_cam_24m_syn_3                                                     |    Normal    
RUN-1001 :      5     |                                                    S_hdmi_pixel_clk                                                    |    Normal    
RUN-1001 :      6     |                                                S_hdmi_pixel_clk_syn_652                                                |    Normal    
RUN-1001 :      7     |                                                     u_PLL/clk0_buf                                                     |    Normal    
RUN-1001 :      8     |                               u_hdmi_tx/u_hdmi2phy_wrapper/u0_lane_lvds_8_1/I_serial_clk                               |    Normal    
RUN-1001 :      9     |                            u_hdmi_tx/u_hdmi2phy_wrapper/u0_lane_lvds_8_1/I_serial_clk_syn_1                            |    Normal    
RUN-1001 :     10     |                    u_isp_top/u_rgb96_downscale_crop/u_scale_line_buffer/ram_f84573da5ab5_Inst/clkb                     |    Normal    
RUN-1001 :     11     |                                          u_mcu/MCU_521bd43d073e_Inst/core_clk                                          |    Normal    
RUN-1001 :     12     |                                       u_mcu/MCU_521bd43d073e_Inst/core_clk_syn_1                                       |    Normal    
RUN-1001 :     13     |                                                u_mcu_ui_apb_regs/I_clk                                                 |    Normal    
RUN-1001 :     14     |                                             u_mcu_ui_apb_regs/I_clk_syn_1                                              |    Normal    
RUN-1001 :     15     |                     u_mipi_dphy_rx_ph1p_mipiio_wrapper/u_ph1p_mipiio_rx_wrapper/S_mipiio_hs_rx_clk                     |    Normal    
RUN-1001 :     16     |                  u_mipi_dphy_rx_ph1p_mipiio_wrapper/u_ph1p_mipiio_rx_wrapper/u_lane0_hs_detect/I_clk                   |    Normal    
RUN-1001 :     17     |                   u_ph1p35_324_ddr_wrapper/u_ddr2/ph1p_ddrmc_wrapper/ph1p_ddrmc_top/u_alc_mc_top/clk                   |    Normal    
RUN-1001 :     18     |       u_ph1p35_324_ddr_wrapper/u_ddr2/ph1p_ddrmc_wrapper/ph1p_ddrmc_top/u_ddr_phy/u_ddrphy_top/u_ddrphy/apb_pclk       |    Normal    
RUN-1001 :     19     |    u_ph1p35_324_ddr_wrapper/u_ddr2/ph1p_ddrmc_wrapper/ph1p_ddrmc_top/u_ddr_phy/u_ddrphy_top/u_ddrphy/apb_pclk_syn_1    |    Normal    
RUN-1001 :     20     |      u_ph1p35_324_ddr_wrapper/u_ddr2/ph1p_ddrmc_wrapper/ph1p_ddrmc_top/u_ddr_phy/u_ddrphy_top/u_ddrphy/ctl_clk[0]      |    Normal    
RUN-1001 :     21     |      u_ph1p35_324_ddr_wrapper/u_ddr2/ph1p_ddrmc_wrapper/ph1p_ddrmc_top/u_ddr_phy/u_ddrphy_top/u_ddrphy/ctl_clk[1]      |    Normal    
RUN-1001 :     22     |      u_ph1p35_324_ddr_wrapper/u_ddr2/ph1p_ddrmc_wrapper/ph1p_ddrmc_top/u_ddr_phy/u_ddrphy_top/u_ddrphy/ddr_clk[0]      |    Normal    
RUN-1001 :     23     |      u_ph1p35_324_ddr_wrapper/u_ddr2/ph1p_ddrmc_wrapper/ph1p_ddrmc_top/u_ddr_phy/u_ddrphy_top/u_ddrphy/ddr_clk[1]      |    Normal    
RUN-1001 :     24     |    u_ph1p35_324_ddr_wrapper/u_ddr2/ph1p_ddrmc_wrapper/ph1p_ddrmc_top/u_ddr_phy/u_ddrphy_top/u_ddrphy_clk/pll0_clk_1    |    Normal    
RUN-1001 :     25     |    u_ph1p35_324_ddr_wrapper/u_ddr2/ph1p_ddrmc_wrapper/ph1p_ddrmc_top/u_ddr_phy/u_ddrphy_top/u_ddrphy_clk/pll0_clk_2    |    Normal    
RUN-1001 :     26     |   u_ph1p35_324_ddr_wrapper/u_ddr2/ph1p_ddrmc_wrapper/ph1p_ddrmc_top/u_ddr_phy/u_ddrphy_top/u_ddrphy_clk/pll0_mlclk_1   |    Normal    
RUN-1001 :     27     |   u_ph1p35_324_ddr_wrapper/u_ddr2/ph1p_ddrmc_wrapper/ph1p_ddrmc_top/u_ddr_phy/u_ddrphy_top/u_ddrphy_clk/pll0_mlclk_2   |    Normal    
RUN-1001 :     28     |  u_ph1p35_324_ddr_wrapper/u_ddr2/ph1p_ddrmc_wrapper/ph1p_ddrmc_top/u_ddr_phy/u_ddrphy_top/u_ddrphy_clk/u_pll1/clkc[0]  |    Normal    
RUN-1001 :     29     |  u_ph1p35_324_ddr_wrapper/u_ddr2/ph1p_ddrmc_wrapper/ph1p_ddrmc_top/u_ddr_phy/u_ddrphy_top/u_ddrphy_clk/u_pll1/refclk   |    Normal    
RUN-1001 :     30     |                                            u_uicfgcs500/uii2c_inst/scl_clk                                             |    Normal    
RUN-1001 :     31     |                                         u_uicfgcs500/uii2c_inst/scl_clk_syn_9                                          |    Normal    
RUN-1001 : ---------------------------------------------------------------------------------------------------------------------------------------------------
RUN-1001 : DR clock buffer summary:
RUN-1001 : -------------------------------------------------------------------------------------------------------------------------------------------------------------------
RUN-1001 :   Idx  |                                                                           Name                                                                            
RUN-1001 : -------------------------------------------------------------------------------------------------------------------------------------------------------------------
RUN-1001 :    1   |                           u_mipi_dphy_rx_ph1p_mipiio_wrapper/u_ph1p_mipiio_rx_wrapper/bufg_feedback_auto_created_sclk_s_0_l_bk1                           
RUN-1001 :    2   |   u_ph1p35_324_ddr_wrapper/u_ddr2/ph1p_ddrmc_wrapper/ph1p_ddrmc_top/u_ddr_phy/u_ddrphy_top/u_ddrphy_clk/u_pll1/u_bufg_fbclk_auto_created_sclk_s_0_l_bk2   
RUN-1001 :    3   |                                               I_sys_clk_dup_6_created_gclkinst_auto_created_sclk_s_0_l_bk3                                                
RUN-1001 :    4   |                                               S_hdmi_pixel_clk_created_gclkinst_auto_created_sclk_s_0_l_bk4                                               
RUN-1001 :    5   |                                               O_cam_24m_dup_1_created_gclkinst_auto_created_sclk_s_0_l_bk5                                                
RUN-1001 :    6   |  u_ph1p35_324_ddr_wrapper/u_ddr2/ph1p_ddrmc_wrapper/ph1p_ddrmc_top/u_ddr_phy/u_ddrphy_top/u_ddrphy/apb_pclk_created_gclkinst_auto_created_sclk_s_0_l_bk6  
RUN-1001 :    7   |                                           u_mcu_ui_apb_regs/I_clk_created_gclkinst_auto_created_sclk_s_0_l_bk7                                            
RUN-1001 :    8   |                           u_mipi_dphy_rx_ph1p_mipiio_wrapper/u_ph1p_mipiio_rx_wrapper/bufg_feedback_auto_created_sclk_s_0_r_bk1                           
RUN-1001 :    9   |                                               S_hdmi_pixel_clk_created_gclkinst_auto_created_sclk_s_0_r_bk2                                               
RUN-1001 :   10   |                                               O_cam_24m_dup_1_created_gclkinst_auto_created_sclk_s_0_r_bk3                                                
RUN-1001 :   11   |                                           u_mcu_ui_apb_regs/I_clk_created_gclkinst_auto_created_sclk_s_0_r_bk4                                            
RUN-1001 :   12   |                                       u_uicfgcs500/uii2c_inst/scl_clk_created_gclkinst_auto_created_sclk_s_0_r_bk5                                        
RUN-1001 :   13   |                                                      u_PLL/bufg_feedback_auto_created_sclk_s_0_r_bk6                                                      
RUN-1001 :   14   |                                     u_mcu/MCU_521bd43d073e_Inst/core_clk_created_gclkinst_auto_created_sclk_s_0_r_bk7                                     
RUN-1001 :   15   |   u_ph1p35_324_ddr_wrapper/u_ddr2/ph1p_ddrmc_wrapper/ph1p_ddrmc_top/u_ddr_phy/u_ddrphy_top/u_ddrphy_clk/u_pll1/u_bufg_fbclk_auto_created_sclk_s_1_l_bk1   
RUN-1001 :   16   |                           u_mipi_dphy_rx_ph1p_mipiio_wrapper/u_ph1p_mipiio_rx_wrapper/bufg_feedback_auto_created_sclk_s_1_l_bk2                           
RUN-1001 :   17   |                                               S_hdmi_pixel_clk_created_gclkinst_auto_created_sclk_s_1_l_bk3                                               
RUN-1001 :   18   |  u_ph1p35_324_ddr_wrapper/u_ddr2/ph1p_ddrmc_wrapper/ph1p_ddrmc_top/u_ddr_phy/u_ddrphy_top/u_ddrphy/apb_pclk_created_gclkinst_auto_created_sclk_s_1_l_bk4  
RUN-1001 :   19   |                                                      u_PLL/bufg_feedback_auto_created_sclk_s_1_r_bk1                                                      
RUN-1001 :   20   |                           u_mipi_dphy_rx_ph1p_mipiio_wrapper/u_ph1p_mipiio_rx_wrapper/bufg_feedback_auto_created_sclk_s_1_r_bk2                           
RUN-1001 :   21   |                                               S_hdmi_pixel_clk_created_gclkinst_auto_created_sclk_s_1_r_bk3                                               
RUN-1001 :   22   |   u_ph1p35_324_ddr_wrapper/u_ddr2/ph1p_ddrmc_wrapper/ph1p_ddrmc_top/u_ddr_phy/u_ddrphy_top/u_ddrphy_clk/u_pll1/u_bufg_fbclk_auto_created_sclk_s_1_r_bk4   
RUN-1001 :   23   |                          u_hdmi_tx/u_hdmi2phy_wrapper/u0_lane_lvds_8_1/I_serial_clk_created_gclkinst_auto_created_sclk_s_1_r_bk5                          
RUN-1001 :   24   |                                           u_mcu_ui_apb_regs/I_clk_created_gclkinst_auto_created_sclk_s_1_r_bk6                                            
RUN-1001 : -------------------------------------------------------------------------------------------------------------------------------------------------------------------
PHY-1001 : End Stage 2.1 | Build Routing Design; Time: 4.002802s wall, 24.656250s user + 0.390625s system = 25.046875s CPU (625.7%); Memory(MB): used = 1569, reserved = 1562, peak = 1569;

RUN-1001 : Top Percentage Crit. Net Stat.
RUN-1001 : -------------------------------------------------------
RUN-1001 :   Top %  |  Net Count  |  Avg. Fanout  |  Avg. Slack   
RUN-1001 : -------------------------------------------------------
RUN-1001 :     1    |     323     |   2.699690    |  2639.730650  
RUN-1001 :     2    |     646     |   3.467492    |  3646.410217  
RUN-1001 :     3    |     969     |   3.367389    |  4093.394221  
RUN-1001 :     4    |    1292     |   3.205882    |  4355.448916  
RUN-1001 :     5    |    1615     |   3.164706    |  4537.548607  
RUN-1001 :     6    |    1938     |   3.058308    |  4676.019608  
RUN-1001 :     7    |    2261     |   2.960637    |  4789.591774  
RUN-1001 :     8    |    2585     |   2.910251    |  4887.493617  
RUN-1001 :     9    |    2908     |   2.881018    |  4973.013755  
RUN-1001 :    10    |    3231     |   2.844940    |  5049.916125  
RUN-1001 : -------------------------------------------------------
PHY-1001 : Stage 2.2 | Tile Base Routing
PHY-1001 : 193 nets need to preroute.
PHY-1001 : len = 0, over cnt = 0(0%), over = 0, worst = 0, crit = 0
PHY-1001 : End Stage 2.2 | Tile Base Routing; Time: 0.322588s wall, 7.218750s user + 0.046875s system = 7.265625s CPU (2252.3%); Memory(MB): used = 1576, reserved = 1569, peak = 1576;

PHY-1001 : Stage 2.3 | Clock Nets Routing
PHY-1001 : Routed 0% nets.
PHY-1001 : len = 410560, over cnt = 0(0%), over = 0, worst = 0, crit = 0
PHY-1001 : End Stage 2.3 | Clock Nets Routing; Time: 1.520263s wall, 1.734375s user + 0.125000s system = 1.859375s CPU (122.3%); Memory(MB): used = 1614, reserved = 1608, peak = 1614;

PHY-1001 : Stage 2.4 | Routing Initialization
PHY-1001 : Mark 1% net(place mode slack < 4117ps) as critical nets.
PHY-1001 : Stage 2.4.1 | Normal Nets Routing
PHY-1001 : Routed 71% nets.
PHY-1001 : len = 2.76118e+06, over cnt = 13153(0%), over = 14136, worst = 4, crit = 0
PHY-1001 : End Stage 2.4.1 | Normal Nets Routing; Time: 10.458228s wall, 21.671875s user + 0.390625s system = 22.062500s CPU (211.0%); Memory(MB): used = 1655, reserved = 1649, peak = 1655;

PHY-1001 : Stage 2.4.2 | Update Timing
RUN-1002 : start command "start_timer"
USR-1002 : Derived clock:  create_generated_clock -name {u_PLL/ph1p_phy_pll_wrapper_25a56e5ce2f9_Inst/u_PH1P_PHY_PLL.clkc[0]} -source [get_ports {I_sys_clk}] -master_clock {sys_clk_50m} -multiply_by 2.0000 -duty_cycle 50.0000 [get_pins {u_PLL/ph1p_phy_pll_wrapper_25a56e5ce2f9_Inst/u_PH1P_PHY_PLL.clkc[0]}]
USR-1002 : Derived clock:  create_generated_clock -name {u_PLL/ph1p_phy_pll_wrapper_25a56e5ce2f9_Inst/u_PH1P_PHY_PLL.clkc[1]} -source [get_ports {I_sys_clk}] -master_clock {sys_clk_50m} -divide_by 2.1000 -duty_cycle 50.0000 [get_pins {u_PLL/ph1p_phy_pll_wrapper_25a56e5ce2f9_Inst/u_PH1P_PHY_PLL.clkc[1]}]
USR-1002 : Derived clock:  create_generated_clock -name {u_PLL/ph1p_phy_pll_wrapper_25a56e5ce2f9_Inst/u_PH1P_PHY_PLL.clkc[2]} -source [get_ports {I_sys_clk}] -master_clock {sys_clk_50m} -multiply_by 1.0000 -duty_cycle 50.0000 [get_pins {u_PLL/ph1p_phy_pll_wrapper_25a56e5ce2f9_Inst/u_PH1P_PHY_PLL.clkc[2]}]
USR-1002 : Derived clock:  create_generated_clock -name {u_PLL/ph1p_phy_pll_wrapper_25a56e5ce2f9_Inst/u_PH1P_PHY_PLL.clkc[3]} -source [get_ports {I_sys_clk}] -master_clock {sys_clk_50m} -multiply_by 6.0000 -duty_cycle 50.0000 [get_pins {u_PLL/ph1p_phy_pll_wrapper_25a56e5ce2f9_Inst/u_PH1P_PHY_PLL.clkc[3]}]
USR-1002 : Derived clock:  create_generated_clock -name {u_PLL/ph1p_phy_pll_wrapper_25a56e5ce2f9_Inst/u_PH1P_PHY_PLL.clkc[4]} -source [get_ports {I_sys_clk}] -master_clock {sys_clk_50m} -multiply_by 1.5000 -duty_cycle 50.0000 [get_pins {u_PLL/ph1p_phy_pll_wrapper_25a56e5ce2f9_Inst/u_PH1P_PHY_PLL.clkc[4]}]
USR-1002 : Derived clock:  create_generated_clock -name {u_PLL/ph1p_phy_pll_wrapper_25a56e5ce2f9_Inst/u_PH1P_PHY_PLL.clkc[5]} -source [get_ports {I_sys_clk}] -master_clock {sys_clk_50m} -multiply_by 7.5000 -duty_cycle 50.0000 [get_pins {u_PLL/ph1p_phy_pll_wrapper_25a56e5ce2f9_Inst/u_PH1P_PHY_PLL.clkc[5]}]
USR-1002 : Derived clock:  create_generated_clock -name {u_ph1p35_324_ddr_wrapper/u_ddr2/ph1p_ddrmc_wrapper/ph1p_ddrmc_top/u_ddr_phy/u_ddrphy_top/u_ddrphy_clk/u_pll0/u_pll_inst.clkc[0]} -source [get_ports {I_sys_clk}] -master_clock {sys_clk_50m} -multiply_by 1.3333 -duty_cycle 50.0000 [get_pins {u_ph1p35_324_ddr_wrapper/u_ddr2/ph1p_ddrmc_wrapper/ph1p_ddrmc_top/u_ddr_phy/u_ddrphy_top/u_ddrphy_clk/u_pll0/u_pll_inst.clkc[0]}]
USR-1002 : Derived clock:  create_generated_clock -name {u_ph1p35_324_ddr_wrapper/u_ddr2/ph1p_ddrmc_wrapper/ph1p_ddrmc_top/u_ddr_phy/u_ddrphy_top/u_ddrphy_clk/u_pll0/u_pll_inst.clkc[1]} -source [get_ports {I_sys_clk}] -master_clock {sys_clk_50m} -multiply_by 1.3333 -duty_cycle 50.0000 [get_pins {u_ph1p35_324_ddr_wrapper/u_ddr2/ph1p_ddrmc_wrapper/ph1p_ddrmc_top/u_ddr_phy/u_ddrphy_top/u_ddrphy_clk/u_pll0/u_pll_inst.clkc[1]}]
USR-1002 : Derived clock:  create_generated_clock -name {u_ph1p35_324_ddr_wrapper/u_ddr2/ph1p_ddrmc_wrapper/ph1p_ddrmc_top/u_ddr_phy/u_ddrphy_top/u_ddrphy_clk/u_pll0/u_pll_inst.clkc[2]} -source [get_ports {I_sys_clk}] -master_clock {sys_clk_50m} -multiply_by 5.3333 -duty_cycle 50.0000 [get_pins {u_ph1p35_324_ddr_wrapper/u_ddr2/ph1p_ddrmc_wrapper/ph1p_ddrmc_top/u_ddr_phy/u_ddrphy_top/u_ddrphy_clk/u_pll0/u_pll_inst.clkc[2]}]
USR-1002 : Derived clock:  create_generated_clock -name {u_ph1p35_324_ddr_wrapper/u_ddr2/ph1p_ddrmc_wrapper/ph1p_ddrmc_top/u_ddr_phy/u_ddrphy_top/u_ddrphy_clk/u_pll0/u_pll_inst.clkc[3]} -source [get_ports {I_sys_clk}] -master_clock {sys_clk_50m} -divide_by 1.9687 -duty_cycle 50.0000 [get_pins {u_ph1p35_324_ddr_wrapper/u_ddr2/ph1p_ddrmc_wrapper/ph1p_ddrmc_top/u_ddr_phy/u_ddrphy_top/u_ddrphy_clk/u_pll0/u_pll_inst.clkc[3]}]
USR-1002 : Derived clock:  create_generated_clock -name {u_ph1p35_324_ddr_wrapper/u_ddr2/ph1p_ddrmc_wrapper/ph1p_ddrmc_top/u_ddr_phy/u_ddrphy_top/u_ddrphy_clk/u_pll1/u_pll_inst.clkc[0]} -source [get_pins {u_ph1p35_324_ddr_wrapper/u_ddr2/ph1p_ddrmc_wrapper/ph1p_ddrmc_top/u_ddr_phy/u_ddrphy_top/u_ddrphy_clk/u_pll0/u_pll_inst.clkc[0]}] -master_clock {u_ph1p35_324_ddr_wrapper/u_ddr2/ph1p_ddrmc_wrapper/ph1p_ddrmc_top/u_ddr_phy/u_ddrphy_top/u_ddrphy_clk/u_pll0/u_pll_inst.clkc[0]} -multiply_by 1.0000 -duty_cycle 50.0000 [get_pins {u_ph1p35_324_ddr_wrapper/u_ddr2/ph1p_ddrmc_wrapper/ph1p_ddrmc_top/u_ddr_phy/u_ddrphy_top/u_ddrphy_clk/u_pll1/u_pll_inst.clkc[0]}]
8.888000
15.000000
15.000000
13.333000
RUN-1003 : finish command "start_timer" in  2.240222s wall, 2.234375s user + 0.000000s system = 2.234375s CPU (99.7%)

RUN-1004 : used memory is 1656 MB, reserved memory is 1649 MB, peak memory is 1656 MB
TMR-2502 : Net delay update with mode: Routed
PHY-1001 : 0/22722(0%) critical/total net(s).
PHY-1001 : Setup: WNS(ns) = 0.874, TNS(ns) = 0.000, FEP = 0 | Hold: WNS(ns) = -0.202, TNS(ns) = -7.662, FEP = 179.
PHY-1001 : End Stage 2.4.2 | Update Timing; Time: 6.690728s wall, 6.656250s user + 0.015625s system = 6.671875s CPU (99.7%); Memory(MB): used = 1769, reserved = 1763, peak = 1769;

PHY-1001 : Stage 2.4.3 | Deskew Clock Tree
RUN-1001 : Deskew Summary
RUN-1001 : ---------------------------------------------------------------------------------------------------------------------------------
RUN-1001 :                                                 Clock                                                 |  Pre-Skew  |  Post-Skew  
RUN-1001 : ---------------------------------------------------------------------------------------------------------------------------------
RUN-1001 :                                             mipi_rx_ck_pad                                            |     32     |     32      
RUN-1001 :   u_mipi_dphy_rx_ph1p_mipiio_wrapper/u_ph1p_mipiio_rx_wrapper/u_PH1P_LOGIC_DPHY_MIPI_RX.io_clk_pad_p  |     32     |     32      
RUN-1001 :                                            MIPI_RX_BYTE_CLK                                           |     32     |     32      
RUN-1001 :                                              pll_clk_100m                                             |     9      |      9      
RUN-1001 :                                             HDMI_PIXEL_CLK                                            |     15     |     15      
RUN-1001 :                                u_ph1p35_324_ddr_wrapper/u_ddr2/usr_clk                                |     12     |     12      
RUN-1001 :                  u_PLL/ph1p_phy_pll_wrapper_25a56e5ce2f9_Inst/u_PH1P_PHY_PLL.clkc[2]                  |     14     |     14      
RUN-1001 :                                u_ph1p35_324_ddr_wrapper/u_ddr2/mcu_clk                                |     17     |     17      
RUN-1001 :                                              pll_clk_24m                                              |     4      |      4      
RUN-1001 : ---------------------------------------------------------------------------------------------------------------------------------
PHY-1001 : 0/22722(0%) critical/total net(s).
PHY-1001 : Setup: WNS(ns) = 0.874, TNS(ns) = 0.000, FEP = 0 | Hold: WNS(ns) = -0.202, TNS(ns) = -7.662, FEP = 179.
PHY-1001 : End Stage 2.4.3 | Deskew Clock Tree; Time: 4.535504s wall, 4.531250s user + 0.000000s system = 4.531250s CPU (99.9%); Memory(MB): used = 1802, reserved = 1794, peak = 1802;

PHY-1001 : End Stage 2.4 | Routing Initialization; Time: 21.802638s wall, 32.968750s user + 0.406250s system = 33.375000s CPU (153.1%); Memory(MB): used = 1802, reserved = 1794, peak = 1802;

PHY-1001 : Stage 2.5 | Routing Optimization
PHY-1001 : Build lut bridge;  0.173535s wall, 0.171875s user + 0.000000s system = 0.171875s CPU (99.0%)

PHY-1001 : Stage 2.5.1 | Phase 1
PHY-1001 : Stage 2.5.1.1 | Hold TimeOptimization
PHY-1001 : Iter 0; Processed 275 pins with HWNS -0.202ns HTNS -4.655ns FEP 99 took 0.553285 seconds.
PHY-1001 : Iter 1; Processed 386 pins with HWNS -0.035ns HTNS -0.035ns FEP 1 took 1.0018 seconds.
PHY-1001 : len = 2.78379e+06, over cnt = 13094(0%), over = 14079, worst = 4, crit = 0
PHY-1001 : End Stage 2.5.1.1 | Hold TimeOptimization; Time: 1.663069s wall, 1.593750s user + 0.031250s system = 1.625000s CPU (97.7%); Memory(MB): used = 1804, reserved = 1796, peak = 1804;

PHY-1001 : Stage 2.5.1.2 | High Fanout Nets Optimization
PHY-1001 : High fanout net optimize summary:
PHY-1001 : Process 0 nets and 0 pins with SWNS 0.874ns STNS 0.000ns FEP 0.
PHY-1001 : len = 2.78379e+06, over cnt = 13094(0%), over = 14079, worst = 4, crit = 0
PHY-1001 : End Stage 2.5.1.2 | High Fanout Nets Optimization; Time: 0.259378s wall, 0.265625s user + 0.000000s system = 0.265625s CPU (102.4%); Memory(MB): used = 1804, reserved = 1796, peak = 1804;

PHY-1001 : Stage 2.5.1.3 | Setup TimeOptimization
PHY-1001 : len = 2.78379e+06, over cnt = 13094(0%), over = 14079, worst = 4, crit = 0
PHY-1001 : End Stage 2.5.1.3 | Setup TimeOptimization; Time: 0.289884s wall, 0.250000s user + 0.046875s system = 0.296875s CPU (102.4%); Memory(MB): used = 1804, reserved = 1796, peak = 1804;

PHY-1001 : Stage 2.5.1.4 | Rip-up And ReRoute
PHY-0007 : Congestion: {76.31, 67.22, 62.63, 59.69}; Timing: {0.874ns, 0.000ns, 0}
PHY-1001 : Iter 1: len = 2.87891e+06, over cnt = 6303(0%), over = 6545, worst = 3, crit = 0, time(s) = 6.15
PHY-1001 : Iter 2: len = 2.91003e+06, over cnt = 3408(0%), over = 3443, worst = 2, crit = 0, time(s) = 3.26
PHY-1001 : Iter 3: len = 2.91901e+06, over cnt = 2610(0%), over = 2626, worst = 2, crit = 0, time(s) = 2.41
PHY-1001 : Iter 4: len = 2.95373e+06, over cnt = 1332(0%), over = 1335, worst = 2, crit = 0, time(s) = 2.12
PHY-1001 : Iter 5: len = 2.96403e+06, over cnt = 890(0%), over = 893, worst = 2, crit = 0, time(s) = 1.19
PHY-1001 : Iter 6: len = 2.96954e+06, over cnt = 703(0%), over = 705, worst = 2, crit = 0, time(s) = 0.73
PHY-1001 : Iter 7: len = 2.97051e+06, over cnt = 654(0%), over = 656, worst = 2, crit = 0, time(s) = 0.56
PHY-1001 : Marking 11 (0.29%) hot zones with cutoff utilization 81.25.
PHY-1001 : Iter 8: len = 3.00154e+06, over cnt = 134(0%), over = 134, worst = 1, crit = 0, time(s) = 0.66
PHY-1001 : Iter 9: len = 3.00579e+06, over cnt = 67(0%), over = 67, worst = 1, crit = 0, time(s) = 0.27
PHY-1001 : Iter 10: len = 3.0105e+06, over cnt = 21(0%), over = 21, worst = 1, crit = 0, time(s) = 0.15
PHY-1001 : Iter 11: len = 3.01123e+06, over cnt = 7(0%), over = 7, worst = 1, crit = 0, time(s) = 0.08
PHY-1001 : Iter 12: len = 3.01174e+06, over cnt = 1(0%), over = 1, worst = 1, crit = 0, time(s) = 0.09
PHY-1001 : Marking 11 (0.29%) hot zones with cutoff utilization 81.25.
PHY-1001 : Iter 13: len = 3.01192e+06, over cnt = 0(0%), over = 0, worst = 0, crit = 0, time(s) = 0.05
PHY-1001 : Marking 11 (0.29%) hot zones with cutoff utilization 81.25.
PHY-1001 : Update congestion ...
PHY-1001 : Marking 11 (0.29%) hot zones with cutoff utilization 81.25.
PHY-1001 : Congestion index:
PHY-1001 : top1  = 80.67(S 67.00, N 68.02, E 71.44, W 80.34, I 69.05, O 78.37)
PHY-1001 : top5  = 72.52(S 58.55, N 59.61, E 62.32, W 68.79, I 52.26, O 59.44)
PHY-1001 : top10 = 67.71(S 53.76, N 54.96, E 56.93, W 62.18, I 45.81, O 53.15)
PHY-1001 : top15 = 64.49(S 50.32, N 51.73, E 52.82, W 58.01, I 41.62, O 49.02)
PHY-1001 : End update congestion; 0.026433s wall, 0.031250s user + 0.000000s system = 0.031250s CPU (118.2%)

PHY-1001 : End Stage 2.5.1.4 | Rip-up And ReRoute; Time: 17.976977s wall, 41.281250s user + 0.562500s system = 41.843750s CPU (232.8%); Memory(MB): used = 1806, reserved = 1799, peak = 1806;

PHY-1001 : Stage 2.5.1.5 | Update Timing
PHY-1001 : 0/22722(0%) critical/total net(s).
PHY-1001 : Setup: WNS(ns) = 0.874, TNS(ns) = 0.000, FEP = 0 | Hold: WNS(ns) = -0.122, TNS(ns) = -0.834, FEP = 27.
PHY-1001 : End Stage 2.5.1.5 | Update Timing; Time: 2.980322s wall, 2.484375s user + 0.125000s system = 2.609375s CPU (87.6%); Memory(MB): used = 1820, reserved = 1812, peak = 1820;

PHY-1001 : Stage 2.5.1.6 | Commit Data
PHY-1001 : Commit better result to database ...
PHY-1001 : End Stage 2.5.1.6 | Commit Data; Time: 0.158536s wall, 0.140625s user + 0.015625s system = 0.156250s CPU (98.6%); Memory(MB): used = 1841, reserved = 1833, peak = 1841;

PHY-1001 : End Stage 2.5.1 | Phase 1; Time: 23.972677s wall, 47.046875s user + 0.828125s system = 47.875000s CPU (199.7%); Memory(MB): used = 1841, reserved = 1833, peak = 1841;

PHY-1001 : End Stage 2.5 | Routing Optimization; Time: 28.762352s wall, 51.796875s user + 0.859375s system = 52.656250s CPU (183.1%); Memory(MB): used = 1841, reserved = 1833, peak = 1841;

PHY-1001 : Stage 2.6 | Multi-try route Optimization
PHY-1001 : End Stage 2.6 | Multi-try route Optimization; Time: 0.082887s wall, 0.078125s user + 0.000000s system = 0.078125s CPU (94.3%); Memory(MB): used = 1841, reserved = 1833, peak = 1841;

PHY-1003 : Routed, final wirelength = 3.01192e+06
RUN-1001 : Clock region assignment statistics:
RUN-1001 : Clock Region s_0_l [0,0][23,39]; Utilization: 7 out of 12
RUN-1001 : -----------------------------------------------------------------------------------------------------------------------------------------------------------------------------------------------------------------------------------------------------------------------------------------------------------------------------------------------------------------------------------------------------------------------------------------------------
RUN-1001 :   Bank  |                                                   Assigned Clock                                                   |                                                    Route Clock                                                     |  Marking  |                                                                          Buffer                                                                           |  Regional Clock Fanouts  
RUN-1001 : -----------------------------------------------------------------------------------------------------------------------------------------------------------------------------------------------------------------------------------------------------------------------------------------------------------------------------------------------------------------------------------------------------------------------------------------------------
RUN-1001 :    1    |                  u_isp_top/u_rgb96_downscale_crop/u_scale_line_buffer/ram_f84573da5ab5_Inst/clkb                   |                  u_isp_top/u_rgb96_downscale_crop/u_scale_line_buffer/ram_f84573da5ab5_Inst/clkb                   |           |                           u_mipi_dphy_rx_ph1p_mipiio_wrapper/u_ph1p_mipiio_rx_wrapper/bufg_feedback_auto_created_sclk_s_0_l_bk1                           |           1343           
RUN-1001 :    2    |                 u_ph1p35_324_ddr_wrapper/u_ddr2/ph1p_ddrmc_wrapper/ph1p_ddrmc_top/u_alc_mc_top/clk                 |                 u_ph1p35_324_ddr_wrapper/u_ddr2/ph1p_ddrmc_wrapper/ph1p_ddrmc_top/u_alc_mc_top/clk                 |           |   u_ph1p35_324_ddr_wrapper/u_ddr2/ph1p_ddrmc_wrapper/ph1p_ddrmc_top/u_ddr_phy/u_ddrphy_top/u_ddrphy_clk/u_pll1/u_bufg_fbclk_auto_created_sclk_s_0_l_bk2   |           967            
RUN-1001 :    3    |                                                  I_sys_clk_syn_8                                                   |                                                  I_sys_clk_syn_8                                                   |           |                                               I_sys_clk_dup_6_created_gclkinst_auto_created_sclk_s_0_l_bk3                                                |            82            
RUN-1001 :    4    |                                              S_hdmi_pixel_clk_syn_652                                              |                                              S_hdmi_pixel_clk_syn_652                                              |           |                                               S_hdmi_pixel_clk_created_gclkinst_auto_created_sclk_s_0_l_bk4                                               |            79            
RUN-1001 :    5    |                                                  O_cam_24m_syn_3                                                   |                                                  O_cam_24m_syn_3                                                   |           |                                               O_cam_24m_dup_1_created_gclkinst_auto_created_sclk_s_0_l_bk5                                                |            7             
RUN-1001 :    6    |  u_ph1p35_324_ddr_wrapper/u_ddr2/ph1p_ddrmc_wrapper/ph1p_ddrmc_top/u_ddr_phy/u_ddrphy_top/u_ddrphy/apb_pclk_syn_1  |  u_ph1p35_324_ddr_wrapper/u_ddr2/ph1p_ddrmc_wrapper/ph1p_ddrmc_top/u_ddr_phy/u_ddrphy_top/u_ddrphy/apb_pclk_syn_1  |           |  u_ph1p35_324_ddr_wrapper/u_ddr2/ph1p_ddrmc_wrapper/ph1p_ddrmc_top/u_ddr_phy/u_ddrphy_top/u_ddrphy/apb_pclk_created_gclkinst_auto_created_sclk_s_0_l_bk6  |            3             
RUN-1001 :    7    |                                           u_mcu_ui_apb_regs/I_clk_syn_1                                            |                                           u_mcu_ui_apb_regs/I_clk_syn_1                                            |           |                                           u_mcu_ui_apb_regs/I_clk_created_gclkinst_auto_created_sclk_s_0_l_bk7                                            |            2             
RUN-1001 : -----------------------------------------------------------------------------------------------------------------------------------------------------------------------------------------------------------------------------------------------------------------------------------------------------------------------------------------------------------------------------------------------------------------------------------------------------
RUN-1001 : Clock Region s_0_r [24,0][47,39]; Utilization: 7 out of 12
RUN-1001 : -----------------------------------------------------------------------------------------------------------------------------------------------------------------------------------------------------------------------------------------------------------------------------------------------------------------------------------------
RUN-1001 :   Bank  |                                    Assigned Clock                                     |                                      Route Clock                                      |  Marking  |                                                 Buffer                                                  |  Regional Clock Fanouts  
RUN-1001 : -----------------------------------------------------------------------------------------------------------------------------------------------------------------------------------------------------------------------------------------------------------------------------------------------------------------------------------------
RUN-1001 :    1    |    u_isp_top/u_rgb96_downscale_crop/u_scale_line_buffer/ram_f84573da5ab5_Inst/clkb    |    u_isp_top/u_rgb96_downscale_crop/u_scale_line_buffer/ram_f84573da5ab5_Inst/clkb    |           |  u_mipi_dphy_rx_ph1p_mipiio_wrapper/u_ph1p_mipiio_rx_wrapper/bufg_feedback_auto_created_sclk_s_0_r_bk1  |           1511           
RUN-1001 :    2    |                               S_hdmi_pixel_clk_syn_652                                |                               S_hdmi_pixel_clk_syn_652                                |           |                      S_hdmi_pixel_clk_created_gclkinst_auto_created_sclk_s_0_r_bk2                      |           108            
RUN-1001 :    3    |                                    O_cam_24m_syn_3                                    |                                    O_cam_24m_syn_3                                    |           |                      O_cam_24m_dup_1_created_gclkinst_auto_created_sclk_s_0_r_bk3                       |            97            
RUN-1001 :    4    |                             u_mcu_ui_apb_regs/I_clk_syn_1                             |                             u_mcu_ui_apb_regs/I_clk_syn_1                             |           |                  u_mcu_ui_apb_regs/I_clk_created_gclkinst_auto_created_sclk_s_0_r_bk4                   |            52            
RUN-1001 :    5    |                         u_uicfgcs500/uii2c_inst/scl_clk_syn_9                         |                         u_uicfgcs500/uii2c_inst/scl_clk_syn_9                         |           |              u_uicfgcs500/uii2c_inst/scl_clk_created_gclkinst_auto_created_sclk_s_0_r_bk5               |            17            
RUN-1001 :    6    |  u_mipi_dphy_rx_ph1p_mipiio_wrapper/u_ph1p_mipiio_rx_wrapper/u_lane0_hs_detect/I_clk  |  u_mipi_dphy_rx_ph1p_mipiio_wrapper/u_ph1p_mipiio_rx_wrapper/u_lane0_hs_detect/I_clk  |           |                             u_PLL/bufg_feedback_auto_created_sclk_s_0_r_bk6                             |            8             
RUN-1001 :    7    |                      u_mcu/MCU_521bd43d073e_Inst/core_clk_syn_1                       |                      u_mcu/MCU_521bd43d073e_Inst/core_clk_syn_1                       |           |            u_mcu/MCU_521bd43d073e_Inst/core_clk_created_gclkinst_auto_created_sclk_s_0_r_bk7            |            1             
RUN-1001 : -----------------------------------------------------------------------------------------------------------------------------------------------------------------------------------------------------------------------------------------------------------------------------------------------------------------------------------------
RUN-1001 : Clock Region s_1_l [0,40][23,79]; Utilization: 4 out of 12
RUN-1001 : -----------------------------------------------------------------------------------------------------------------------------------------------------------------------------------------------------------------------------------------------------------------------------------------------------------------------------------------------------------------------------------------------------------------------------------------------------
RUN-1001 :   Bank  |                                                   Assigned Clock                                                   |                                                    Route Clock                                                     |  Marking  |                                                                          Buffer                                                                           |  Regional Clock Fanouts  
RUN-1001 : -----------------------------------------------------------------------------------------------------------------------------------------------------------------------------------------------------------------------------------------------------------------------------------------------------------------------------------------------------------------------------------------------------------------------------------------------------
RUN-1001 :    1    |                 u_ph1p35_324_ddr_wrapper/u_ddr2/ph1p_ddrmc_wrapper/ph1p_ddrmc_top/u_alc_mc_top/clk                 |                 u_ph1p35_324_ddr_wrapper/u_ddr2/ph1p_ddrmc_wrapper/ph1p_ddrmc_top/u_alc_mc_top/clk                 |           |   u_ph1p35_324_ddr_wrapper/u_ddr2/ph1p_ddrmc_wrapper/ph1p_ddrmc_top/u_ddr_phy/u_ddrphy_top/u_ddrphy_clk/u_pll1/u_bufg_fbclk_auto_created_sclk_s_1_l_bk1   |           1148           
RUN-1001 :    2    |                  u_isp_top/u_rgb96_downscale_crop/u_scale_line_buffer/ram_f84573da5ab5_Inst/clkb                   |                  u_isp_top/u_rgb96_downscale_crop/u_scale_line_buffer/ram_f84573da5ab5_Inst/clkb                   |           |                           u_mipi_dphy_rx_ph1p_mipiio_wrapper/u_ph1p_mipiio_rx_wrapper/bufg_feedback_auto_created_sclk_s_1_l_bk2                           |           1385           
RUN-1001 :    3    |                                              S_hdmi_pixel_clk_syn_652                                              |                                              S_hdmi_pixel_clk_syn_652                                              |           |                                               S_hdmi_pixel_clk_created_gclkinst_auto_created_sclk_s_1_l_bk3                                               |            28            
RUN-1001 :    4    |  u_ph1p35_324_ddr_wrapper/u_ddr2/ph1p_ddrmc_wrapper/ph1p_ddrmc_top/u_ddr_phy/u_ddrphy_top/u_ddrphy/apb_pclk_syn_1  |  u_ph1p35_324_ddr_wrapper/u_ddr2/ph1p_ddrmc_wrapper/ph1p_ddrmc_top/u_ddr_phy/u_ddrphy_top/u_ddrphy/apb_pclk_syn_1  |           |  u_ph1p35_324_ddr_wrapper/u_ddr2/ph1p_ddrmc_wrapper/ph1p_ddrmc_top/u_ddr_phy/u_ddrphy_top/u_ddrphy/apb_pclk_created_gclkinst_auto_created_sclk_s_1_l_bk4  |            24            
RUN-1001 : -----------------------------------------------------------------------------------------------------------------------------------------------------------------------------------------------------------------------------------------------------------------------------------------------------------------------------------------------------------------------------------------------------------------------------------------------------
RUN-1001 : Clock Region s_1_r [24,40][43,79]; Utilization: 6 out of 12
RUN-1001 : -----------------------------------------------------------------------------------------------------------------------------------------------------------------------------------------------------------------------------------------------------------------------------------------------------------------------------------------------------------------------------------------
RUN-1001 :   Bank  |                                    Assigned Clock                                     |                                      Route Clock                                      |  Marking  |                                                                         Buffer                                                                          |  Regional Clock Fanouts  
RUN-1001 : -----------------------------------------------------------------------------------------------------------------------------------------------------------------------------------------------------------------------------------------------------------------------------------------------------------------------------------------------------------------------------------------
RUN-1001 :    1    |  u_mipi_dphy_rx_ph1p_mipiio_wrapper/u_ph1p_mipiio_rx_wrapper/u_lane0_hs_detect/I_clk  |  u_mipi_dphy_rx_ph1p_mipiio_wrapper/u_ph1p_mipiio_rx_wrapper/u_lane0_hs_detect/I_clk  |           |                                                     u_PLL/bufg_feedback_auto_created_sclk_s_1_r_bk1                                                     |            1             
RUN-1001 :    2    |    u_isp_top/u_rgb96_downscale_crop/u_scale_line_buffer/ram_f84573da5ab5_Inst/clkb    |    u_isp_top/u_rgb96_downscale_crop/u_scale_line_buffer/ram_f84573da5ab5_Inst/clkb    |           |                          u_mipi_dphy_rx_ph1p_mipiio_wrapper/u_ph1p_mipiio_rx_wrapper/bufg_feedback_auto_created_sclk_s_1_r_bk2                          |           850            
RUN-1001 :    3    |                               S_hdmi_pixel_clk_syn_652                                |                               S_hdmi_pixel_clk_syn_652                                |           |                                              S_hdmi_pixel_clk_created_gclkinst_auto_created_sclk_s_1_r_bk3                                              |           712            
RUN-1001 :    4    |  u_ph1p35_324_ddr_wrapper/u_ddr2/ph1p_ddrmc_wrapper/ph1p_ddrmc_top/u_alc_mc_top/clk   |  u_ph1p35_324_ddr_wrapper/u_ddr2/ph1p_ddrmc_wrapper/ph1p_ddrmc_top/u_alc_mc_top/clk   |           |  u_ph1p35_324_ddr_wrapper/u_ddr2/ph1p_ddrmc_wrapper/ph1p_ddrmc_top/u_ddr_phy/u_ddrphy_top/u_ddrphy_clk/u_pll1/u_bufg_fbclk_auto_created_sclk_s_1_r_bk4  |            60            
RUN-1001 :    5    |           u_hdmi_tx/u_hdmi2phy_wrapper/u0_lane_lvds_8_1/I_serial_clk_syn_1            |           u_hdmi_tx/u_hdmi2phy_wrapper/u0_lane_lvds_8_1/I_serial_clk_syn_1            |           |                         u_hdmi_tx/u_hdmi2phy_wrapper/u0_lane_lvds_8_1/I_serial_clk_created_gclkinst_auto_created_sclk_s_1_r_bk5                         |            39            
RUN-1001 :    6    |                             u_mcu_ui_apb_regs/I_clk_syn_1                             |                             u_mcu_ui_apb_regs/I_clk_syn_1                             |           |                                          u_mcu_ui_apb_regs/I_clk_created_gclkinst_auto_created_sclk_s_1_r_bk6                                           |            26            
RUN-1001 : -----------------------------------------------------------------------------------------------------------------------------------------------------------------------------------------------------------------------------------------------------------------------------------------------------------------------------------------------------------------------------------------
RUN-1002 : start command "export_db camera_to_dsi_display_pr.db"
RUN-1001 : Exported flow parameters
RUN-1001 : Exported /
RUN-1001 : Exported libs
RUN-1001 : Exported entities
RUN-1001 : Exported ports
RUN-1001 : Exported pins
RUN-1001 : Exported instances
RUN-1001 : Exported nets
RUN-1001 : Exported buses
RUN-1001 : Exported models
RUN-1001 : Exported phy database
RUN-1001 : Exported packer
RUN-1001 : Exported congestions
RUN-1001 : Exported violations
RUN-1001 : Exported ATMR Setting
RUN-1001 : Exported timing constraints
RUN-1001 : Exported IO constraints
RUN-1001 : Exported Inst constraints
RUN-1001 : Exported ChipWatcher
RUN-1003 : finish command "export_db camera_to_dsi_display_pr.db" in  1.379395s wall, 1.953125s user + 0.015625s system = 1.968750s CPU (142.7%)

RUN-1004 : used memory is 1913 MB, reserved memory is 2020 MB, peak memory is 1913 MB
PHY-1001 : Current memory(MB): used = 1913, reserved = 2020, peak = 1913.
PHY-1001 : End export database. 1.453901s wall, 2.015625s user + 0.015625s system = 2.031250s CPU (139.7%)

PHY-1001 : End detail routing;  60.081293s wall, 122.531250s user + 1.875000s system = 124.406250s CPU (207.1%)

PHY-1001 : End Stage 2 | Detail Routing; Time: 60.086264s wall, 122.531250s user + 1.875000s system = 124.406250s CPU (207.0%); Memory(MB): used = 1913, reserved = 2020, peak = 1913;

RUN-1002 : start command "fix_hold"

PHY-1001 : Stage 3 | Hold Fix
PHY-1001 : Stage 3.1 | Load Design Data
PHY-1034 : Refresh detailed routing grids ...
PHY-1001 : Generate nets ...
PHY-1001 : eco open net = 0
PHY-1001 : End Stage 3.1 | Load Design Data; Time: 0.473596s wall, 0.812500s user + 0.000000s system = 0.812500s CPU (171.6%); Memory(MB): used = 1913, reserved = 2020, peak = 1913;

PHY-1001 : Stage 3.2 | Hold Fix Optimization
RUN-1002 : start command "start_timer"
RUN-1003 : finish command "start_timer" in  2.065132s wall, 2.046875s user + 0.000000s system = 2.046875s CPU (99.1%)

RUN-1004 : used memory is 1912 MB, reserved memory is 2019 MB, peak memory is 1913 MB
PHY-1001 : Timing info: SWNS 0.874ns | STNS 0.000ns | HWNS -0.122ns | HTNS -0.834ns.
PHY-1001 : Processing hold violation on 57 end-point, worst slack = -122ps, best slack = 19ps.
PHY-1001 : End timing refresh.  6.338915s wall, 6.281250s user + 0.000000s system = 6.281250s CPU (99.1%)

PHY-1001 : Stage 3.2.1 | Phase 1
PHY-1001 : Stage 3.2.1.1 | Hold Fix By LutBridge
PHY-1001 : len = 3.01544e+06, over cnt = 0(0%), over = 0, worst = 0, crit = 0
PHY-1001 : Bridge count = 15; unresolved count = 0.
PHY-1001 : 1 out of 57 ((1.75)%) EP fixed by LB.
PHY-1001 : End Stage 3.2.1.1 | Hold Fix By LutBridge; Time: 1.872275s wall, 1.812500s user + 0.062500s system = 1.875000s CPU (100.1%); Memory(MB): used = 1913, reserved = 2019, peak = 1913;

PHY-1001 : Timing info: SWNS 0.874ns | STNS 0.000ns | HWNS -0.060ns | HTNS -0.217ns.
PHY-1001 : Processing hold violation on 15 end-point, worst slack = -60ps, best slack = 17ps.
PHY-1001 : End timing refresh.  0.121411s wall, 0.125000s user + 0.000000s system = 0.125000s CPU (103.0%)

PHY-1001 : Stage 3.2.1.2 | Hold Fix By Pin
PHY-1001 : len = 3.01602e+06, over cnt = 0(0%), over = 0, worst = 0, crit = 0
PHY-1001 : 14 out of 15 ((93.33)%) EP fixed by pin delay.
PHY-1001 : End Stage 3.2.1.2 | Hold Fix By Pin; Time: 0.619975s wall, 0.546875s user + 0.046875s system = 0.593750s CPU (95.8%); Memory(MB): used = 1913, reserved = 2019, peak = 1913;

PHY-1001 : Timing info: SWNS 0.874ns | STNS 0.000ns | HWNS 0.018ns | HTNS 0.000ns.
PHY-1001 : Processing hold violation on 1 end-point, worst slack = 18ps, best slack = 18ps.
PHY-1001 : End timing refresh.  0.110351s wall, 0.109375s user + 0.000000s system = 0.109375s CPU (99.1%)

PHY-1001 : Stage 3.2.1.3 | Hold Fix By Net
PHY-1001 : len = 3.01624e+06, over cnt = 0(0%), over = 0, worst = 0, crit = 0
PHY-1001 : 1 out of 1 ((100.00)%) EP fixed by net delay.
PHY-1001 : End Stage 3.2.1.3 | Hold Fix By Net; Time: 0.107648s wall, 0.109375s user + 0.000000s system = 0.109375s CPU (101.6%); Memory(MB): used = 1913, reserved = 2019, peak = 1913;

PHY-1001 : Timing info: SWNS 0.874ns | STNS 0.000ns | HWNS 0.020ns | HTNS 0.000ns.
PHY-1001 : End timing refresh.  0.110647s wall, 0.109375s user + 0.000000s system = 0.109375s CPU (98.9%)

PHY-1001 : End Stage 3.2.1 | Phase 1; Time: 2.982805s wall, 2.828125s user + 0.125000s system = 2.953125s CPU (99.0%); Memory(MB): used = 1913, reserved = 2019, peak = 1913;

PHY-1001 : End Stage 3.2 | Hold Fix Optimization; Time: 9.327429s wall, 9.109375s user + 0.125000s system = 9.234375s CPU (99.0%); Memory(MB): used = 1913, reserved = 2019, peak = 1913;

PHY-1001 : End Stage 3 | Hold Fix; Time: 9.996996s wall, 10.109375s user + 0.125000s system = 10.234375s CPU (102.4%); Memory(MB): used = 1913, reserved = 2019, peak = 1913;

RUN-1003 : finish command "fix_hold" in  10.033975s wall, 10.140625s user + 0.125000s system = 10.265625s CPU (102.3%)

RUN-1004 : used memory is 1913 MB, reserved memory is 2019 MB, peak memory is 1913 MB
PHY-1001 : Stage 4 | Report Route Qor
RUN-1002 : start command "report_qor -step route -file route.qor"
RUN-1002 : start command "start_timer"
RUN-1003 : finish command "start_timer" in  2.269544s wall, 2.000000s user + 0.062500s system = 2.062500s CPU (90.9%)

RUN-1004 : used memory is 1913 MB, reserved memory is 2019 MB, peak memory is 1913 MB
-----------------------------------------------------------
| QoR metrics               |         value               |
-----------------------------------------------------------
| Timing                    |                             |
|     Setup WNS             |          874                |
|     Setup TNS             |            0                |
|     Num of violated S-EP  |            0                |
|     Hold WNS              |           20                |
|     Hold TNS              |            0                |
|     Num of violated H-EP  |            0                |
-----------------------------------------------------------
| Routing Resource          |                             |
|     Wire length           |      3016240                |
-----------------------------------------------------------
| Utilization               |                             |
|     #slices               |        13267                |
|     slices percentage     |       62.53%                |
|     #RAMs                 |           49                |
|     #DSPs                 |            8                |
|     #DRAMHARDCON          |           37                |
-----------------------------------------------------------
Report route stage QoR done.

RUN-1003 : finish command "report_qor -step route -file route.qor" in  6.677378s wall, 6.281250s user + 0.093750s system = 6.375000s CPU (95.5%)

RUN-1004 : used memory is 1913 MB, reserved memory is 2019 MB, peak memory is 1913 MB
RUN-1002 : start command "update_timing -mode final"
RUN-1002 : start command "start_timer"
RUN-1003 : finish command "start_timer" in  2.057892s wall, 2.062500s user + 0.000000s system = 2.062500s CPU (100.2%)

RUN-1004 : used memory is 1913 MB, reserved memory is 2019 MB, peak memory is 1913 MB
RUN-1003 : finish command "update_timing -mode final" in  6.340045s wall, 6.328125s user + 0.000000s system = 6.328125s CPU (99.8%)

RUN-1004 : used memory is 1913 MB, reserved memory is 2019 MB, peak memory is 1913 MB
RUN-1002 : start command "report_timing_summary -file final_timing.rpt"
OPT-1001 : QoR tracer report on route step:
    SWNS [   incr ]    STNS [   incr ]  S-FEPS [   incr ]    HWNS [   incr ]      HTNS [     incr ]    H-FEPS [     incr ]    CELL [   incr ]       WL [    incr ]   RT(s) [   incr ]   MEM(mb) [     incr ]
     874 [      0 ]       0 [      0 ]       0 [      0 ]    -202 [      0 ]     -7662 [        0 ]       179 [        0 ]   13790 [      0 ]  2761184 [       0 ]      37 [      0 ]      1802 [        0 ] : dr_initialization
     874 [      0 ]       0 [      0 ]       0 [      0 ]     -35 [    167 ]       -35 [     7627 ]         1 [     -178 ]   13790 [      0 ]  2783792 [   22608 ]      45 [      8 ]      1804 [        2 ] : dr_timing_opt_phase1
     874 [      0 ]       0 [      0 ]       0 [      0 ]    -122 [    -87 ]      -834 [     -799 ]        27 [       26 ]   13790 [      0 ]  3011920 [  228128 ]      66 [     21 ]      1841 [       37 ] : dr_opt_phase1
     874 [      0 ]       0 [      0 ]       0 [      0 ]    -122 [      0 ]      -834 [        0 ]        27 [        0 ]   13790 [      0 ]  3011920 [       0 ]      66 [      0 ]      1841 [        0 ] : multi_try_opt
     874 [      0 ]       0 [      0 ]       0 [      0 ]      20 [    142 ]         0 [      834 ]         0 [      -27 ]   13790 [      0 ]  3016240 [    4320 ]      78 [     12 ]      1913 [       72 ] : fix_hold_opt

PHY-1001 : End Stage 4 | Report Route Qor; Time: 13.216626s wall, 12.812500s user + 0.093750s system = 12.906250s CPU (97.7%); Memory(MB): used = 1913, reserved = 2020, peak = 1913;

PHY-1001 : Stage 5 | Routing DRC
PHY-1001 : Stage 5.1 | Check And Add Lut-bridge
PHY-1001 : End Stage 5.1 | Check And Add Lut-bridge; Time: 0.109310s wall, 0.109375s user + 0.000000s system = 0.109375s CPU (100.1%); Memory(MB): used = 1913, reserved = 2020, peak = 1913;

PHY-1001 : Stage 5.2 | Lut Bridge Check
PHY-1001 : End Stage 5.2 | Lut Bridge Check; Time: 0.249356s wall, 0.250000s user + 0.000000s system = 0.250000s CPU (100.3%); Memory(MB): used = 1913, reserved = 2020, peak = 1913;

PHY-1001 : Stage 5.3 | Physical Net Status Check
PHY-1001 : End Stage 5.3 | Physical Net Status Check; Time: 0.066099s wall, 0.062500s user + 0.000000s system = 0.062500s CPU (94.6%); Memory(MB): used = 1914, reserved = 2020, peak = 1914;

PHY-1001 : Start multi-drive drc check......
PHY-1001 : No multi-drive.
PHY-1001 : Stage 5.4 | Clock Net Status Check
PHY-1001 : 2 clock net(s) utilize local routing resource.
PHY-5079 CRITICAL-WARNING: Marked 1 clock net(s) utilize the local routing resources. Please check log message and the sinks of clock nets.
RUN-1001 : CTS Local Wire Summary
RUN-1001 : ------------------------------------------------------------------------------------------------------------------------------------------------------------
RUN-1001 :    ClockName    |   DriverType    |  Clock/Fanout  |  LocalWireNum  |                                  NetName                                   |  Marked  
RUN-1001 : ------------------------------------------------------------------------------------------------------------------------------------------------------------
RUN-1001 :        -        |  AL_PHY_LSLICE  |      1/3       |       16       |                      u_uicfgcs500/uii2c_inst/scl_clk                       |    -     
RUN-1001 :   pll_clk_24m   |   AL_PHY_SCLK   |      6/7       |       3        |  O_cam_24m_dup_1_created_gclkinst_auto_created_sclk_s_0_l_bk5_sclk_outnet  |   true   
RUN-1001 : ------------------------------------------------------------------------------------------------------------------------------------------------------------
PHY-5088 WARNING: Clock_Analyzer: Detected 1 buffer(s) clkin net because they drive non-clock sinks. Run "analyze_clock -detail" for more infomation.
PHY-5088 WARNING: Clock_Analyzer: Detected 1 buffer(s) clkout net because they drive non-clock sinks. Run "analyze_clock -detail" for more infomation.
PHY-5088 WARNING: Clock_Analyzer: 2 clock-net(s) because they drive other clock net, may cause clock skew. Run "analyze_clock -detail" for more infomation.
PHY-1001 : End Stage 5.4 | Clock Net Status Check; Time: 0.085090s wall, 0.093750s user + 0.000000s system = 0.093750s CPU (110.2%); Memory(MB): used = 1914, reserved = 2020, peak = 1914;

PHY-1001 : Stage 5.5 | Abnormal Timing Path check
PHY-1001 : No abnormal timing path.
PHY-1001 : End Stage 5.5 | Abnormal Timing Path check; Time: 0.269095s wall, 0.265625s user + 0.000000s system = 0.265625s CPU (98.7%); Memory(MB): used = 1914, reserved = 2020, peak = 1914;

PHY-1001 : Stage 5.6 | Bound Check
PHY-1001 : Check Pass.
PHY-1001 : End Stage 5.6 | Bound Check; Time: 0.004187s wall, 0.000000s user + 0.000000s system = 0.000000s CPU (n/a%); Memory(MB): used = 1914, reserved = 2020, peak = 1914;

PHY-1001 : End Stage 5 | Routing DRC; Time: 0.845939s wall, 0.843750s user + 0.000000s system = 0.843750s CPU (99.7%); Memory(MB): used = 1914, reserved = 2020, peak = 1914;

RUN-1003 : finish command "route" in  92.558784s wall, 155.281250s user + 2.312500s system = 157.593750s CPU (170.3%)

RUN-1004 : used memory is 1914 MB, reserved memory is 2020 MB, peak memory is 1914 MB
RUN-1002 : start command "report_area -io_info -file camera_to_dsi_display_phy.area"
SYN-4034 : The count of slices with lut is 7215.
SYN-4035 : The count of slices with lut+ripple is 3254.
RUN-1001 : standard
***Report Model: design_top_wrapper Device: PH1P35MDG324***

Design Statistics
#IO                        62   out of    160   38.75%
  #input                    7
  #output                  32
  #inout                   23
#lut6                   10877   out of  21216   51.27%
#reg                    14106
  #slice reg            14106   out of  42432   33.24%
  #pad reg                  0

Utilization Statistics
#slice                  13267   out of  21216   62.53%
  #used ram               408
    #dram lut             296
    #shifter lut          112
  #used logic           12859
    #with luts           7215
    #with adder          3254
    #reg only            2390
#feedthrough             2351
#f7mux                      0   out of  10608    0.00%
#f8mux                      0   out of   5304    0.00%
#eram                      49   out of    108   45.37%
  #eram20k                 49
  #fifo20k                  0
#dsp                        8   out of     40   20.00%
#mcu                        1   out of      1  100.00%
#ddr_byte                   6   out of     12   50.00%
#mipi_tx                    0   out of      2    0.00%
#mipi_rx                    1   out of      2   50.00%
#pad                       21   out of    160   13.12%
#pll                        3   out of      6   50.00%
#gclk                      11   out of     32   34.38%
#lclk                       0   out of     12    0.00%
#sclk                      24   out of     48   50.00%
#mlclk                      2   out of      6   33.33%
#ioclk                      4   out of     18   22.22%


DataNet Average Fanout:

   Index     Fanout     Nets   
    #1          1       20378  
    #2          2       7428   
    #3          3       1046   
    #4          4        665   
    #5        5-10      1703   
    #6        11-50      451   
    #7       51-100      37    
    #8       101-500      4    
  Average     2.03             

RUN-1002 : start command "update_timing -mode final"
RUN-1002 : start command "start_timer"
RUN-1003 : finish command "start_timer" in  2.044354s wall, 2.046875s user + 0.000000s system = 2.046875s CPU (100.1%)

RUN-1004 : used memory is 1914 MB, reserved memory is 2020 MB, peak memory is 1914 MB
RUN-1003 : finish command "update_timing -mode final" in  6.259978s wall, 6.234375s user + 0.000000s system = 6.234375s CPU (99.6%)

RUN-1004 : used memory is 1914 MB, reserved memory is 2020 MB, peak memory is 1914 MB
RUN-1002 : start command "report_timing_status -file camera_to_dsi_display_phy.ts"
RUN-1002 : start command "report_timing_summary -file camera_to_dsi_display_pr.timing"
RUN-1002 : start command "report_timing_exception -file camera_to_dsi_display_exception.timing"
RUN-1002 : start command "flow_status -file route_flow.status"
Location         : D:\2026fpga\lab_hd_1_mipi_hdmi\td_project\camera_to_dsi_display_Runs\phy_1
Running with     : Tang Dynasty v6.2.168116
                   Copyright (c) 2012-2025 Anlogic Inc.
Top Model        : design_top_wrapper
Device           : PH1P35MDG324
Speed            : 3

Timing Mode      : final
Setup            : WNS   874ps  TNS        0ps  NUM_FEPS     0
Hold             : WNS    20ps  TNS        0ps  NUM_FEPS     0

Flow Statistics  :
RUN-1001 : Flow Statistics:
RUN-1001 : ---------------------------------------------------------------------------------------------------
RUN-1001 :      command     |  #calls  |  wall time   |  cpu time(s)  |  used memory(mb)  |  peak memory(mb)  
RUN-1001 : ---------------------------------------------------------------------------------------------------
RUN-1001 :       place      |    1     |  2m15s(58%)  |   438(73%)    |       1203        |       1203        
RUN-1001 :       route      |    1     |  1m22s(35%)  |   147(24%)    |       1914        |       1914        
RUN-1001 :     fix_hold     |    1     |   10s(4%)    |    10(1%)     |       1913        |       1913        
RUN-1001 :   import_device  |    1     |    2s(0%)    |     2(0%)     |        325        |        325        
RUN-1001 :     import_db    |    1     |    1s(0%)    |     0(0%)     |        535        |        535        
RUN-1001 : ---------------------------------------------------------------------------------------------------
RUN-1001 :       total      |    5     |    3m50s     |      597      |       1914        |       1914        
RUN-1001 : ---------------------------------------------------------------------------------------------------
RUN-1002 : start command "report_clock_utilization -file route_clock_utilization.txt"
RUN-1002 : start command "export_db camera_to_dsi_display_pr.db"
RUN-1001 : Exported flow parameters
RUN-1001 : Exported /
RUN-1001 : Exported libs
RUN-1001 : Exported entities
RUN-1001 : Exported ports
RUN-1001 : Exported pins
RUN-1001 : Exported instances
RUN-1001 : Exported nets
RUN-1001 : Exported buses
RUN-1001 : Exported models
RUN-1001 : Exported phy database
RUN-1001 : Exported packer
RUN-1001 : Exported congestions
RUN-1001 : Exported violations
RUN-1001 : Exported ATMR Setting
RUN-1001 : Exported timing constraints
RUN-1001 : Exported IO constraints
RUN-1001 : Exported Inst constraints
RUN-1001 : Exported ChipWatcher
RUN-1003 : finish command "export_db camera_to_dsi_display_pr.db" in  1.540215s wall, 1.859375s user + 0.062500s system = 1.921875s CPU (124.8%)

RUN-1004 : used memory is 1914 MB, reserved memory is 2019 MB, peak memory is 1916 MB
RUN-1002 : start command "commit_param -step bitgen"
RUN-1001 : Print Global Property
RUN-1001 : -------------------------------------------------------------
RUN-1001 :     Parameters    |   Settings   |  Default Values  |  Note  
RUN-1001 : -------------------------------------------------------------
RUN-1001 :    enable_seed    |     off      |       off        |        
RUN-1001 :    hfn_to_clock   |  1000000000  |    1000000000    |        
RUN-1001 :      message      |   standard   |     standard     |        
RUN-1001 :    qor_monitor    |      on      |        on        |        
RUN-1001 :   speedup_effort  |      0       |        0         |        
RUN-1001 :    syn_ip_flow    |     off      |       off        |        
RUN-1001 :       thread      |     auto     |       auto       |        
RUN-1001 : -------------------------------------------------------------
RUN-1002 : start command "set_param bitgen compress on"
RUN-1001 : Print Bitgen Property
RUN-1001 : -------------------------------------------------------------
RUN-1001 :      Parameters     |  Settings  |  Default Values  |  Note  
RUN-1001 : -------------------------------------------------------------
RUN-1001 :         bin         |    off     |       off        |        
RUN-1001 :       compress      |     on     |       off        |   *    
RUN-1001 :       gen_mask      |    off     |       off        |        
RUN-1001 :      max_stream     |     on     |        on        |        
RUN-1001 :      time_info      |     on     |        on        |        
RUN-1001 :   unused_io_status  |   pullup   |      pullup      |        
RUN-1001 :       version       |    0x00    |       0x00       |        
RUN-1001 : -------------------------------------------------------------
RUN-1002 : start command "bitgen -bit camera_to_dsi_display.bit"
RUN-1002 : start command "export_bid camera_to_dsi_display_inst.bid"
BIT-1003 : Start to generate bitstream. 
BIT-1002 : Bitgen processed 3 pll_pd instances.
BIT-1002 : Init instances with 32 threads.
BIT-1002 : Init instances completely, inst num: 13791
BIT-1002 : Init pips with 32 threads.
BIT-1002 : Init pips completely, net num: 23024, pip num: 216059
BIT-1002 : Init feedthrough with 32 threads.
BIT-1002 : Init feedthrough completely, num: 2351
BIT-1003 : Multithreading accelaration with 32 threads.
BIT-1003 : Generate bitstream completely, there are 728585 bits set as '1'.
PRG-1501 : Bit compressed, frame number changed from 3481 to 3461, ratio 0.57%
BIT-1004 : Generate file camera_to_dsi_display_compress.bit.
BIT-1004 : Generate file camera_to_dsi_display.bit.
RUN-1003 : finish command "bitgen -bit camera_to_dsi_display.bit" in  4.766556s wall, 54.765625s user + 2.218750s system = 56.984375s CPU (1195.5%)

RUN-1004 : used memory is 1916 MB, reserved memory is 2020 MB, peak memory is 1917 MB
RUN-1002 : start command "setup_debugger"
RUN-1002 : start command "export_bitgen_param -file .bitgen_param.f"
RUN-1002 : start command "export_flow_status -s opt_place -e bitgen"
RUN-1002 : start command "flow_status"

Location         : D:\2026fpga\lab_hd_1_mipi_hdmi\td_project\camera_to_dsi_display_Runs\phy_1
Running with     : Tang Dynasty v6.2.168116
                   Copyright (c) 2012-2025 Anlogic Inc.
Top Model        : design_top_wrapper
Device           : PH1P35MDG324
Speed            : 3

Timing Mode      : final
Setup            : WNS   874ps  TNS        0ps  NUM_FEPS     0
Hold             : WNS    20ps  TNS        0ps  NUM_FEPS     0

RUN-1001 : Flow Statistics:
RUN-1001 : ---------------------------------------------------------------------------------------------------
RUN-1001 :      command     |  #calls  |  wall time   |  cpu time(s)  |  used memory(mb)  |  peak memory(mb)  
RUN-1001 : ---------------------------------------------------------------------------------------------------
RUN-1001 :       place      |    1     |  2m15s(57%)  |   438(67%)    |       1203        |       1203        
RUN-1001 :       route      |    1     |  1m22s(35%)  |   147(22%)    |       1914        |       1914        
RUN-1001 :     fix_hold     |    1     |   10s(4%)    |    10(1%)     |       1913        |       1913        
RUN-1001 :      bitgen      |    1     |    4s(1%)    |    56(8%)     |       1916        |       1917        
RUN-1001 :   import_device  |    1     |    2s(0%)    |     2(0%)     |        325        |        325        
RUN-1001 :     import_db    |    1     |    1s(0%)    |     0(0%)     |        535        |        535        
RUN-1001 : ---------------------------------------------------------------------------------------------------
RUN-1001 :       total      |    6     |    3m54s     |      653      |       1916        |       1917        
RUN-1001 : ---------------------------------------------------------------------------------------------------

